obs_id,truck_id,route,origin,destination,loaded,payload_t,total_distance_km,max_gradient_pct,surface_factor,shift_hour,congestion_level,failure_active,travel_time_min
1,T08,CR_S1,CR,S1,0,0.0,8.767,0.8,1.15,11.39,3,0,22.34
2,T02,S2_CR,S2,CR,1,192.6,8.334,1.39,1.15,10.91,2,0,25.8
3,T05,D2_S3,D2,S3,0,0.0,6.362,1.39,1.35,5.4,7,0,26.44
4,T08,CR_S4,CR,S4,0,0.0,9.692,1.49,1.15,4.28,2,0,21.4
5,T05,S4_D2,S4,D2,1,204.2,6.638,1.49,1.35,2.39,7,0,34.02
6,T03,S2_CR,S2,CR,1,178.1,8.334,1.39,1.15,7.1,6,0,30.95
7,T03,S4_CR,S4,CR,1,180.5,9.692,1.49,1.15,5.7,4,0,29.44
8,T04,CR_S3,CR,S3,0,0.0,8.135,1.57,1.15,10.57,2,0,18.15
9,T03,S4_D2,S4,D2,1,183.4,6.638,1.49,1.35,4.28,3,0,27.45
10,T08,S4_CR,S4,CR,1,196.9,9.692,1.49,1.15,5.82,3,0,26.27
11,T01,S3_D2,S3,D2,1,185.1,6.362,1.39,1.35,3.05,3,0,27.9
12,T10,CR_S1,CR,S1,0,0.0,8.767,0.8,1.15,6.03,1,0,21.43
13,T04,CR_S3,CR,S3,0,0.0,8.135,1.57,1.15,2.9,3,0,17.84
14,T03,CR_S1,CR,S1,0,0.0,8.767,0.8,1.15,7.6,2,0,25.35
15,T02,D2_S3,D2,S3,0,0.0,6.362,1.39,1.35,6.15,3,0,24.13
16,T10,CR_S4,CR,S4,0,0.0,9.692,1.49,1.15,1.65,1,0,21.05
17,T06,S3_D2,S3,D2,1,203.3,6.362,1.39,1.35,6.2,6,0,30.74
18,T09,CR_S4,CR,S4,0,0.0,9.692,1.49,1.15,10.65,5,0,24.86
19,T04,CR_S1,CR,S1,0,0.0,8.767,0.8,1.15,1.93,3,0,22.72
20,T07,CR_S4,CR,S4,0,0.0,9.692,1.49,1.15,7.8,3,0,21.54
21,T03,CR_S3,CR,S3,0,0.0,8.135,1.57,1.15,2.93,5,0,18.23
22,T05,CR_S2,CR,S2,0,0.0,8.334,1.39,1.15,0.29,1,0,21.78
23,T03,CR_S3,CR,S3,0,0.0,8.135,1.57,1.15,4.44,0,0,16.36
24,T03,D2_S4,D2,S4,0,0.0,6.638,1.49,1.35,10.24,1,0,21.2
25,T02,CR_S1,CR,S1,0,0.0,8.767,0.8,1.15,6.68,4,0,24.68
26,T03,D2_S3,D2,S3,0,0.0,6.362,1.39,1.35,8.89,3,0,21.36
27,T07,CR_S1,CR,S1,0,0.0,8.767,0.8,1.15,10.4,4,0,24.94
28,T06,D2_S4,D2,S4,0,0.0,6.638,1.49,1.35,6.95,3,0,23.13
29,T08,D2_S3,D2,S3,0,0.0,6.362,1.39,1.35,10.32,1,0,18.78
30,T02,S3_CR,S3,CR,1,201.4,8.135,1.57,1.15,3.26,3,0,21.35
31,T03,D2_S4,D2,S4,0,0.0,6.638,1.49,1.35,8.58,0,0,21.01
32,T01,D2_S4,D2,S4,0,0.0,6.638,1.49,1.35,8.93,1,0,23.56
33,T09,D2_S3,D2,S3,0,0.0,6.362,1.39,1.35,10.98,1,0,20.46
34,T03,CR_S4,CR,S4,0,0.0,9.692,1.49,1.15,11.22,3,0,23.23
35,T04,S3_CR,S3,CR,1,186.1,8.135,1.57,1.15,1.44,1,0,21.65
36,T04,S1_CR,S1,CR,1,204.0,8.767,0.8,1.15,5.58,4,1,49.69
37,T05,CR_S4,CR,S4,0,0.0,9.692,1.49,1.15,11.33,6,0,25.63
38,T08,D2_S4,D2,S4,0,0.0,6.638,1.49,1.35,4.63,3,0,22.22
39,T02,D2_S3,D2,S3,0,0.0,6.362,1.39,1.35,8.18,2,0,22.41
40,T03,S4_D2,S4,D2,1,200.4,6.638,1.49,1.35,9.64,1,0,27.38
41,T07,S1_CR,S1,CR,1,185.8,8.767,0.8,1.15,3.0,3,0,30.03
42,T03,S3_D2,S3,D2,1,185.6,6.362,1.39,1.35,6.41,3,1,35.96
43,T05,D2_S4,D2,S4,0,0.0,6.638,1.49,1.35,4.26,4,0,25.29
44,T10,CR_S2,CR,S2,0,0.0,8.334,1.39,1.15,11.35,1,0,24.63
45,T10,S4_CR,S4,CR,1,199.9,9.692,1.49,1.15,8.47,6,0,33.89
46,T04,CR_S1,CR,S1,0,0.0,8.767,0.8,1.15,0.98,0,0,19.53
47,T10,S1_CR,S1,CR,1,173.9,8.767,0.8,1.15,11.37,3,0,25.76
48,T01,S2_CR,S2,CR,1,218.6,8.334,1.39,1.15,1.33,1,0,27.76
49,T05,S2_CR,S2,CR,1,182.6,8.334,1.39,1.15,7.0,4,0,30.03
50,T08,CR_S2,CR,S2,0,0.0,8.334,1.39,1.15,6.65,8,0,27.44
51,T09,CR_S3,CR,S3,0,0.0,8.135,1.57,1.15,5.47,3,0,17.47
52,T03,CR_S2,CR,S2,0,0.0,8.334,1.39,1.15,11.83,2,0,22.82
53,T09,CR_S3,CR,S3,0,0.0,8.135,1.57,1.15,11.4,5,1,25.21
54,T05,CR_S3,CR,S3,0,0.0,8.135,1.57,1.15,9.95,1,1,18.47
55,T01,S4_CR,S4,CR,1,198.9,9.692,1.49,1.15,12.0,5,0,30.54
56,T07,S2_CR,S2,CR,1,181.9,8.334,1.39,1.15,10.54,1,0,26.13
57,T07,D2_S3,D2,S3,0,0.0,6.362,1.39,1.35,5.98,5,0,23.7
58,T03,S3_CR,S3,CR,1,220.0,8.135,1.57,1.15,7.44,2,1,23.93
59,T10,CR_S1,CR,S1,0,0.0,8.767,0.8,1.15,4.18,6,0,28.46
60,T03,S1_CR,S1,CR,1,190.8,8.767,0.8,1.15,11.76,2,0,25.7
61,T02,S3_D2,S3,D2,1,220.0,6.362,1.39,1.35,4.8,4,0,27.03
62,T02,D2_S3,D2,S3,0,0.0,6.362,1.39,1.35,2.69,2,1,24.82
63,T01,S1_CR,S1,CR,1,202.7,8.767,0.8,1.15,6.04,3,0,29.15
64,T06,CR_S4,CR,S4,0,0.0,9.692,1.49,1.15,8.98,1,0,21.22
65,T07,D2_S3,D2,S3,0,0.0,6.362,1.39,1.35,9.12,2,0,22.66
66,T09,S4_D2,S4,D2,1,183.2,6.638,1.49,1.35,6.39,3,0,27.75
67,T03,S1_CR,S1,CR,1,194.3,8.767,0.8,1.15,2.54,1,0,30.56
68,T10,S3_D2,S3,D2,1,208.2,6.362,1.39,1.35,5.98,4,0,27.42
69,T06,CR_S1,CR,S1,0,0.0,8.767,0.8,1.15,2.93,3,0,21.82
70,T03,S4_CR,S4,CR,1,212.8,9.692,1.49,1.15,1.05,1,0,26.73
71,T05,S2_CR,S2,CR,1,207.0,8.334,1.39,1.15,0.06,5,0,30.7
72,T06,CR_S3,CR,S3,0,0.0,8.135,1.57,1.15,11.62,2,0,18.54
73,T04,S3_CR,S3,CR,1,206.5,8.135,1.57,1.15,6.07,5,0,24.88
74,T03,S1_CR,S1,CR,1,179.8,8.767,0.8,1.15,1.67,0,0,30.82
75,T08,S1_CR,S1,CR,1,185.9,8.767,0.8,1.15,10.21,4,0,30.48
76,T10,S4_D2,S4,D2,1,200.3,6.638,1.49,1.35,9.54,1,0,27.32
77,T01,CR_S2,CR,S2,0,0.0,8.334,1.39,1.15,3.79,5,0,26.57
78,T06,S3_D2,S3,D2,1,176.8,6.362,1.39,1.35,6.38,1,0,23.97
79,T07,CR_S3,CR,S3,0,0.0,8.135,1.57,1.15,3.99,4,0,20.06
80,T08,S1_CR,S1,CR,1,210.1,8.767,0.8,1.15,0.4,3,0,28.88
81,T05,S3_CR,S3,CR,1,180.3,8.135,1.57,1.15,5.84,2,0,23.79
82,T10,CR_S2,CR,S2,0,0.0,8.334,1.39,1.15,2.18,3,0,24.15
83,T04,CR_S4,CR,S4,0,0.0,9.692,1.49,1.15,6.07,1,0,21.65
84,T08,S3_CR,S3,CR,1,205.9,8.135,1.57,1.15,11.07,1,0,19.1
85,T05,S3_D2,S3,D2,1,220.0,6.362,1.39,1.35,11.11,1,0,30.59
86,T06,S3_D2,S3,D2,1,202.9,6.362,1.39,1.35,8.93,2,0,29.07
87,T06,CR_S1,CR,S1,0,0.0,8.767,0.8,1.15,5.59,3,0,23.44
88,T10,CR_S4,CR,S4,0,0.0,9.692,1.49,1.15,6.93,1,0,20.58
89,T08,D2_S4,D2,S4,0,0.0,6.638,1.49,1.35,2.55,4,0,24.98
90,T03,S1_CR,S1,CR,1,179.1,8.767,0.8,1.15,4.77,5,0,28.87
91,T07,CR_S1,CR,S1,0,0.0,8.767,0.8,1.15,3.53,4,0,24.15
92,T03,S4_CR,S4,CR,1,184.3,9.692,1.49,1.15,9.04,3,0,30.48
93,T03,CR_S4,CR,S4,0,0.0,9.692,1.49,1.15,2.35,2,0,19.4
94,T07,S1_CR,S1,CR,1,220.0,8.767,0.8,1.15,9.66,5,0,31.77
95,T02,CR_S1,CR,S1,0,0.0,8.767,0.8,1.15,0.16,0,0,19.25
96,T05,S1_CR,S1,CR,1,220.0,8.767,0.8,1.15,9.81,1,0,25.16
97,T01,S3_CR,S3,CR,1,204.1,8.135,1.57,1.15,4.91,5,0,25.37
98,T06,CR_S1,CR,S1,0,0.0,8.767,0.8,1.15,0.27,2,0,22.95
99,T06,CR_S3,CR,S3,0,0.0,8.135,1.57,1.15,10.02,2,0,17.71
100,T09,CR_S1,CR,S1,0,0.0,8.767,0.8,1.15,6.65,3,0,22.4
101,T10,CR_S3,CR,S3,0,0.0,8.135,1.57,1.15,8.79,2,0,17.17
102,T10,CR_S1,CR,S1,0,0.0,8.767,0.8,1.15,2.0,1,0,23.72
103,T10,S3_CR,S3,CR,1,191.6,8.135,1.57,1.15,10.99,5,0,25.71
104,T08,CR_S2,CR,S2,0,0.0,8.334,1.39,1.15,6.48,4,0,21.14
105,T01,S1_CR,S1,CR,1,189.7,8.767,0.8,1.15,4.95,3,0,31.09
106,T05,S1_CR,S1,CR,1,186.1,8.767,0.8,1.15,11.4,1,0,28.38
107,T07,S1_CR,S1,CR,1,204.2,8.767,0.8,1.15,7.91,4,0,30.93
108,T08,D2_S3,D2,S3,0,0.0,6.362,1.39,1.35,6.82,2,0,22.41
109,T08,CR_S1,CR,S1,0,0.0,8.767,0.8,1.15,5.06,3,0,25.72
110,T02,S2_CR,S2,CR,1,214.5,8.334,1.39,1.15,6.73,5,0,34.16
111,T03,S1_CR,S1,CR,1,202.3,8.767,0.8,1.15,10.63,2,0,29.77
112,T09,S4_D2,S4,D2,1,195.7,6.638,1.49,1.35,11.98,2,0,28.76
113,T08,D2_S3,D2,S3,0,0.0,6.362,1.39,1.35,1.1,2,1,28.56
114,T08,CR_S1,CR,S1,0,0.0,8.767,0.8,1.15,3.56,1,1,27.41
115,T08,CR_S2,CR,S2,0,0.0,8.334,1.39,1.15,2.62,2,0,20.98
116,T02,CR_S4,CR,S4,0,0.0,9.692,1.49,1.15,5.61,5,0,22.38
117,T01,S3_D2,S3,D2,1,196.1,6.362,1.39,1.35,2.65,2,1,41.31
118,T05,CR_S4,CR,S4,0,0.0,9.692,1.49,1.15,10.77,3,0,22.31
119,T09,CR_S1,CR,S1,0,0.0,8.767,0.8,1.15,5.49,3,0,23.69
120,T05,S3_CR,S3,CR,1,192.2,8.135,1.57,1.15,8.82,1,1,27.58
121,T03,D2_S4,D2,S4,0,0.0,6.638,1.49,1.35,1.31,2,0,21.25
122,T09,D2_S3,D2,S3,0,0.0,6.362,1.39,1.35,6.86,6,0,24.62
123,T07,S3_CR,S3,CR,1,180.7,8.135,1.57,1.15,8.16,3,0,21.88
124,T01,CR_S1,CR,S1,0,0.0,8.767,0.8,1.15,9.82,2,0,21.84
125,T10,S3_D2,S3,D2,1,174.6,6.362,1.39,1.35,7.61,2,0,28.57
126,T01,S3_D2,S3,D2,1,193.6,6.362,1.39,1.35,7.59,4,0,29.43
127,T07,D2_S4,D2,S4,0,0.0,6.638,1.49,1.35,0.81,2,1,29.2
128,T03,S4_D2,S4,D2,1,200.7,6.638,1.49,1.35,9.86,2,1,33.75
129,T03,S3_D2,S3,D2,1,194.3,6.362,1.39,1.35,1.96,2,0,29.18
130,T10,S1_CR,S1,CR,1,214.7,8.767,0.8,1.15,11.56,0,0,23.96
131,T08,D2_S4,D2,S4,0,0.0,6.638,1.49,1.35,8.69,3,0,22.11
132,T09,D2_S4,D2,S4,0,0.0,6.638,1.49,1.35,2.23,6,1,37.52
133,T05,S4_CR,S4,CR,1,202.4,9.692,1.49,1.15,1.5,2,0,27.81
134,T02,CR_S1,CR,S1,0,0.0,8.767,0.8,1.15,9.57,2,0,22.05
135,T09,CR_S3,CR,S3,0,0.0,8.135,1.57,1.15,3.5,3,0,18.02
136,T02,CR_S3,CR,S3,0,0.0,8.135,1.57,1.15,7.42,2,0,17.08
137,T02,S1_CR,S1,CR,1,191.3,8.767,0.8,1.15,0.4,0,0,25.85
138,T06,CR_S3,CR,S3,0,0.0,8.135,1.57,1.15,6.81,3,0,19.84
139,T02,S3_D2,S3,D2,1,208.9,6.362,1.39,1.35,11.23,0,0,26.82
140,T04,D2_S4,D2,S4,0,0.0,6.638,1.49,1.35,9.62,2,0,22.61
141,T07,CR_S3,CR,S3,0,0.0,8.135,1.57,1.15,9.81,3,0,17.17
142,T10,S3_CR,S3,CR,1,187.1,8.135,1.57,1.15,7.9,3,0,22.43
143,T10,S2_CR,S2,CR,1,196.8,8.334,1.39,1.15,8.16,0,1,34.2
144,T09,CR_S4,CR,S4,0,0.0,9.692,1.49,1.15,5.11,3,0,22.95
145,T02,CR_S2,CR,S2,0,0.0,8.334,1.39,1.15,0.35,3,0,21.63
146,T10,CR_S4,CR,S4,0,0.0,9.692,1.49,1.15,10.03,2,0,20.23
147,T08,D2_S4,D2,S4,0,0.0,6.638,1.49,1.35,4.47,2,0,21.82
148,T01,S4_CR,S4,CR,1,182.3,9.692,1.49,1.15,4.31,2,0,28.93
149,T06,CR_S4,CR,S4,0,0.0,9.692,1.49,1.15,7.18,2,0,20.64
150,T05,D2_S3,D2,S3,0,0.0,6.362,1.39,1.35,5.39,5,0,26.6
151,T02,D2_S4,D2,S4,0,0.0,6.638,1.49,1.35,5.7,5,0,22.13
152,T05,S3_D2,S3,D2,1,205.9,6.362,1.39,1.35,0.47,0,0,25.82
153,T02,S4_D2,S4,D2,1,196.2,6.638,1.49,1.35,0.5,3,0,24.7
154,T02,S3_D2,S3,D2,1,171.8,6.362,1.39,1.35,6.26,3,0,28.99
155,T06,D2_S3,D2,S3,0,0.0,6.362,1.39,1.35,8.79,1,0,20.74
156,T10,CR_S1,CR,S1,0,0.0,8.767,0.8,1.15,7.94,2,0,22.17
157,T05,CR_S4,CR,S4,0,0.0,9.692,1.49,1.15,10.38,1,0,21.74
158,T04,S3_CR,S3,CR,1,206.3,8.135,1.57,1.15,6.93,3,0,22.02
159,T09,CR_S1,CR,S1,0,0.0,8.767,0.8,1.15,4.85,7,0,26.17
160,T06,S3_CR,S3,CR,1,178.6,8.135,1.57,1.15,4.75,3,0,20.44
161,T04,D2_S3,D2,S3,0,0.0,6.362,1.39,1.35,7.04,4,0,23.86
162,T03,S4_D2,S4,D2,1,177.3,6.638,1.49,1.35,9.18,3,0,27.63
163,T05,CR_S2,CR,S2,0,0.0,8.334,1.39,1.15,11.21,1,0,22.33
164,T10,CR_S2,CR,S2,0,0.0,8.334,1.39,1.15,8.04,3,0,23.87
165,T08,S3_D2,S3,D2,1,194.0,6.362,1.39,1.35,6.27,3,0,27.19
166,T07,CR_S2,CR,S2,0,0.0,8.334,1.39,1.15,5.09,2,0,23.34
167,T08,CR_S3,CR,S3,0,0.0,8.135,1.57,1.15,9.83,2,0,18.71
168,T07,CR_S4,CR,S4,0,0.0,9.692,1.49,1.15,4.24,2,0,21.9
169,T02,D2_S3,D2,S3,0,0.0,6.362,1.39,1.35,9.71,1,0,20.76
170,T10,S1_CR,S1,CR,1,186.2,8.767,0.8,1.15,2.6,0,1,37.36
171,T01,S3_D2,S3,D2,1,220.0,6.362,1.39,1.35,4.69,4,0,31.86
172,T07,S4_D2,S4,D2,1,186.7,6.638,1.49,1.35,11.9,0,0,26.54
173,T09,CR_S2,CR,S2,0,0.0,8.334,1.39,1.15,1.03,2,0,24.83
174,T02,S4_CR,S4,CR,1,195.5,9.692,1.49,1.15,0.81,2,0,26.32
175,T04,S2_CR,S2,CR,1,165.1,8.334,1.39,1.15,4.0,6,0,31.93
176,T01,S3_CR,S3,CR,1,203.1,8.135,1.57,1.15,2.41,1,0,19.63
177,T05,D2_S4,D2,S4,0,0.0,6.638,1.49,1.35,11.77,2,0,21.09
178,T06,CR_S2,CR,S2,0,0.0,8.334,1.39,1.15,7.48,2,0,23.69
179,T05,CR_S2,CR,S2,0,0.0,8.334,1.39,1.15,8.5,0,0,20.03
180,T04,CR_S1,CR,S1,0,0.0,8.767,0.8,1.15,11.24,2,0,21.16
181,T06,CR_S1,CR,S1,0,0.0,8.767,0.8,1.15,6.19,6,0,27.64
182,T02,S2_CR,S2,CR,1,190.6,8.334,1.39,1.15,9.48,1,0,28.11
183,T04,CR_S2,CR,S2,0,0.0,8.334,1.39,1.15,6.88,5,0,23.67
184,T04,S2_CR,S2,CR,1,183.0,8.334,1.39,1.15,5.74,2,0,28.62
185,T05,CR_S1,CR,S1,0,0.0,8.767,0.8,1.15,3.33,1,1,26.59
186,T07,S2_CR,S2,CR,1,171.6,8.334,1.39,1.15,2.3,1,0,24.79
187,T01,S2_CR,S2,CR,1,208.2,8.334,1.39,1.15,2.05,0,0,25.21
188,T04,CR_S2,CR,S2,0,0.0,8.334,1.39,1.15,7.6,2,0,21.86
189,T06,D2_S4,D2,S4,0,0.0,6.638,1.49,1.35,10.18,4,0,21.82
190,T07,S3_CR,S3,CR,1,193.9,8.135,1.57,1.15,0.13,2,0,20.87
191,T03,S3_CR,S3,CR,1,200.9,8.135,1.57,1.15,2.58,0,0,19.96
192,T08,S1_CR,S1,CR,1,203.7,8.767,0.8,1.15,6.58,3,0,31.41
193,T10,S2_CR,S2,CR,1,182.1,8.334,1.39,1.15,4.51,6,0,28.23
194,T07,CR_S1,CR,S1,0,0.0,8.767,0.8,1.15,0.46,5,0,24.77
195,T08,CR_S4,CR,S4,0,0.0,9.692,1.49,1.15,10.59,0,0,19.95
196,T04,S3_D2,S3,D2,1,193.9,6.362,1.39,1.35,8.95,2,1,33.31
197,T01,S4_D2,S4,D2,1,160.9,6.638,1.49,1.35,11.65,3,0,26.72
198,T04,CR_S4,CR,S4,0,0.0,9.692,1.49,1.15,9.23,2,0,22.11
199,T02,S3_D2,S3,D2,1,201.8,6.362,1.39,1.35,0.5,4,0,32.7
200,T04,S4_D2,S4,D2,1,182.6,6.638,1.49,1.35,4.51,2,0,27.59
201,T05,S3_CR,S3,CR,1,194.3,8.135,1.57,1.15,0.15,4,0,26.02
202,T02,S3_CR,S3,CR,1,175.6,8.135,1.57,1.15,0.65,2,0,21.88
203,T05,CR_S1,CR,S1,0,0.0,8.767,0.8,1.15,1.58,2,0,23.68
204,T10,S1_CR,S1,CR,1,205.9,8.767,0.8,1.15,6.1,6,0,31.35
205,T09,CR_S1,CR,S1,0,0.0,8.767,0.8,1.15,2.45,3,0,22.58
206,T03,CR_S2,CR,S2,0,0.0,8.334,1.39,1.15,6.29,3,0,24.51
207,T06,S4_CR,S4,CR,1,211.8,9.692,1.49,1.15,5.64,3,0,27.62
208,T01,S3_CR,S3,CR,1,189.6,8.135,1.57,1.15,0.02,1,0,20.26
209,T08,S4_CR,S4,CR,1,177.3,9.692,1.49,1.15,10.49,2,0,27.19
210,T03,CR_S1,CR,S1,0,0.0,8.767,0.8,1.15,7.19,1,0,22.34
211,T01,CR_S3,CR,S3,0,0.0,8.135,1.57,1.15,8.34,4,0,19.52
212,T06,CR_S1,CR,S1,0,0.0,8.767,0.8,1.15,4.46,2,0,22.19
213,T07,S1_CR,S1,CR,1,220.0,8.767,0.8,1.15,9.43,0,0,25.21
214,T10,S3_D2,S3,D2,1,200.3,6.362,1.39,1.35,1.98,5,1,40.66
215,T03,S2_CR,S2,CR,1,184.6,8.334,1.39,1.15,5.77,4,0,25.68
216,T10,S1_CR,S1,CR,1,190.9,8.767,0.8,1.15,11.07,1,0,26.09
217,T06,CR_S3,CR,S3,0,0.0,8.135,1.57,1.15,3.14,2,0,17.19
218,T09,D2_S4,D2,S4,0,0.0,6.638,1.49,1.35,1.88,1,0,23.29
219,T04,S3_CR,S3,CR,1,158.6,8.135,1.57,1.15,4.17,1,0,21.88
220,T10,CR_S4,CR,S4,0,0.0,9.692,1.49,1.15,6.72,2,0,23.37
221,T07,S3_CR,S3,CR,1,176.2,8.135,1.57,1.15,6.78,4,0,22.15
222,T01,CR_S3,CR,S3,0,0.0,8.135,1.57,1.15,6.73,4,0,18.18
223,T02,CR_S1,CR,S1,0,0.0,8.767,0.8,1.15,0.98,2,0,23.6
224,T03,S2_CR,S2,CR,1,208.6,8.334,1.39,1.15,7.81,1,0,26.93
225,T08,S1_CR,S1,CR,1,215.6,8.767,0.8,1.15,2.42,1,0,27.96
226,T10,CR_S4,CR,S4,0,0.0,9.692,1.49,1.15,10.53,3,0,25.36
227,T03,S1_CR,S1,CR,1,208.2,8.767,0.8,1.15,6.46,4,0,30.01
228,T10,S4_D2,S4,D2,1,196.7,6.638,1.49,1.35,3.45,5,0,27.1
229,T08,D2_S4,D2,S4,0,0.0,6.638,1.49,1.35,8.35,4,0,23.21
230,T02,S3_CR,S3,CR,1,188.9,8.135,1.57,1.15,8.79,5,0,22.45
231,T03,CR_S2,CR,S2,0,0.0,8.334,1.39,1.15,11.96,2,0,22.57
232,T06,S1_CR,S1,CR,1,187.1,8.767,0.8,1.15,11.68,1,0,25.66
233,T10,S2_CR,S2,CR,1,199.2,8.334,1.39,1.15,3.77,4,0,30.93
234,T03,S1_CR,S1,CR,1,186.5,8.767,0.8,1.15,4.18,4,0,29.41
235,T09,S1_CR,S1,CR,1,200.6,8.767,0.8,1.15,3.9,1,0,26.44
236,T03,CR_S2,CR,S2,0,0.0,8.334,1.39,1.15,2.73,3,0,22.01
237,T02,S3_D2,S3,D2,1,184.8,6.362,1.39,1.35,3.65,6,0,31.78
238,T04,CR_S4,CR,S4,0,0.0,9.692,1.49,1.15,4.55,2,0,24.85
239,T09,S1_CR,S1,CR,1,191.7,8.767,0.8,1.15,10.3,4,0,30.91
240,T01,S4_D2,S4,D2,1,203.5,6.638,1.49,1.35,7.62,2,0,30.91
241,T04,S3_D2,S3,D2,1,194.7,6.362,1.39,1.35,3.62,2,0,26.85
242,T01,S4_D2,S4,D2,1,209.3,6.638,1.49,1.35,10.71,1,0,29.18
243,T09,D2_S4,D2,S4,0,0.0,6.638,1.49,1.35,6.99,3,0,21.62
244,T10,S3_D2,S3,D2,1,198.6,6.362,1.39,1.35,8.03,5,0,30.66
245,T06,CR_S2,CR,S2,0,0.0,8.334,1.39,1.15,5.32,5,0,27.08
246,T10,D2_S4,D2,S4,0,0.0,6.638,1.49,1.35,5.85,6,0,24.62
247,T04,S4_D2,S4,D2,1,161.9,6.638,1.49,1.35,1.68,2,0,28.0
248,T04,CR_S4,CR,S4,0,0.0,9.692,1.49,1.15,7.09,2,0,20.65
249,T01,D2_S4,D2,S4,0,0.0,6.638,1.49,1.35,3.42,2,0,21.32
250,T03,CR_S4,CR,S4,0,0.0,9.692,1.49,1.15,6.38,2,0,23.45
251,T07,S4_D2,S4,D2,1,189.0,6.638,1.49,1.35,4.73,5,0,28.5
252,T02,D2_S4,D2,S4,0,0.0,6.638,1.49,1.35,9.85,0,0,20.67
253,T08,CR_S1,CR,S1,0,0.0,8.767,0.8,1.15,1.37,2,0,22.15
254,T10,CR_S2,CR,S2,0,0.0,8.334,1.39,1.15,10.8,1,0,24.15
255,T07,CR_S1,CR,S1,0,0.0,8.767,0.8,1.15,10.66,2,0,21.52
256,T10,D2_S4,D2,S4,0,0.0,6.638,1.49,1.35,2.06,6,0,24.02
257,T03,S3_CR,S3,CR,1,193.5,8.135,1.57,1.15,1.48,3,0,21.51
258,T10,S4_CR,S4,CR,1,220.0,9.692,1.49,1.15,6.51,4,0,28.57
259,T10,S4_D2,S4,D2,1,198.5,6.638,1.49,1.35,7.21,3,0,26.44
260,T01,D2_S4,D2,S4,0,0.0,6.638,1.49,1.35,4.55,0,0,19.96
261,T08,S1_CR,S1,CR,1,209.5,8.767,0.8,1.15,4.38,4,0,33.07
262,T10,CR_S4,CR,S4,0,0.0,9.692,1.49,1.15,6.07,2,1,27.38
263,T04,S3_CR,S3,CR,1,219.0,8.135,1.57,1.15,10.03,2,0,21.59
264,T07,S1_CR,S1,CR,1,197.3,8.767,0.8,1.15,4.63,2,0,31.25
265,T01,S2_CR,S2,CR,1,198.8,8.334,1.39,1.15,4.27,4,0,29.93
266,T03,D2_S4,D2,S4,0,0.0,6.638,1.49,1.35,7.0,3,0,24.62
267,T05,D2_S4,D2,S4,0,0.0,6.638,1.49,1.35,3.61,4,0,24.43
268,T05,CR_S1,CR,S1,0,0.0,8.767,0.8,1.15,8.67,2,0,23.37
269,T06,S1_CR,S1,CR,1,189.6,8.767,0.8,1.15,0.41,3,0,32.82
270,T03,S4_CR,S4,CR,1,173.3,9.692,1.49,1.15,2.44,3,0,26.96
271,T04,S3_CR,S3,CR,1,194.2,8.135,1.57,1.15,9.93,3,0,22.76
272,T07,S1_CR,S1,CR,1,174.2,8.767,0.8,1.15,2.88,1,1,40.89
273,T08,CR_S1,CR,S1,0,0.0,8.767,0.8,1.15,5.72,4,0,23.67
274,T05,S3_D2,S3,D2,1,207.9,6.362,1.39,1.35,9.52,3,1,35.05
275,T02,CR_S4,CR,S4,0,0.0,9.692,1.49,1.15,11.25,4,0,21.84
276,T08,CR_S2,CR,S2,0,0.0,8.334,1.39,1.15,4.89,1,0,19.34
277,T07,S1_CR,S1,CR,1,198.2,8.767,0.8,1.15,6.01,3,0,27.59
278,T05,S2_CR,S2,CR,1,183.5,8.334,1.39,1.15,9.64,3,0,29.93
279,T04,S3_CR,S3,CR,1,176.4,8.135,1.57,1.15,2.58,2,0,21.4
280,T04,CR_S4,CR,S4,0,0.0,9.692,1.49,1.15,6.66,4,0,25.47
281,T09,S4_D2,S4,D2,1,183.9,6.638,1.49,1.35,5.96,3,0,29.56
282,T09,S1_CR,S1,CR,1,185.6,8.767,0.8,1.15,3.31,1,0,27.78
283,T04,CR_S3,CR,S3,0,0.0,8.135,1.57,1.15,2.96,2,0,18.27
284,T07,CR_S2,CR,S2,0,0.0,8.334,1.39,1.15,10.89,4,0,23.51
285,T01,D2_S3,D2,S3,0,0.0,6.362,1.39,1.35,6.78,4,0,22.9
286,T05,CR_S2,CR,S2,0,0.0,8.334,1.39,1.15,8.43,1,0,20.73
287,T09,D2_S3,D2,S3,0,0.0,6.362,1.39,1.35,1.26,3,0,24.68
288,T02,D2_S4,D2,S4,0,0.0,6.638,1.49,1.35,10.31,1,0,22.09
289,T08,S3_D2,S3,D2,1,189.4,6.362,1.39,1.35,10.56,2,0,30.8
290,T03,CR_S4,CR,S4,0,0.0,9.692,1.49,1.15,7.82,4,0,23.43
291,T02,S3_D2,S3,D2,1,204.0,6.362,1.39,1.35,9.88,2,0,27.82
292,T06,CR_S3,CR,S3,0,0.0,8.135,1.57,1.15,8.51,1,0,16.52
293,T01,S1_CR,S1,CR,1,191.2,8.767,0.8,1.15,8.7,1,0,28.49
294,T09,CR_S2,CR,S2,0,0.0,8.334,1.39,1.15,5.46,2,0,21.58
295,T07,CR_S1,CR,S1,0,0.0,8.767,0.8,1.15,2.18,2,0,23.18
296,T06,CR_S2,CR,S2,0,0.0,8.334,1.39,1.15,7.7,6,0,23.42
297,T07,S4_D2,S4,D2,1,206.8,6.638,1.49,1.35,3.63,0,0,25.5
298,T10,D2_S4,D2,S4,0,0.0,6.638,1.49,1.35,0.69,6,0,22.8
299,T01,D2_S4,D2,S4,0,0.0,6.638,1.49,1.35,7.44,5,0,25.13
300,T02,S1_CR,S1,CR,1,179.5,8.767,0.8,1.15,11.37,2,0,30.46
301,T10,S3_CR,S3,CR,1,211.7,8.135,1.57,1.15,5.97,1,0,22.07
302,T08,S3_CR,S3,CR,1,183.2,8.135,1.57,1.15,11.55,4,0,24.69
303,T02,D2_S4,D2,S4,0,0.0,6.638,1.49,1.35,10.77,1,0,21.52
304,T09,S4_D2,S4,D2,1,219.2,6.638,1.49,1.35,1.31,2,0,25.46
305,T07,D2_S4,D2,S4,0,0.0,6.638,1.49,1.35,3.11,2,0,22.65
306,T07,CR_S4,CR,S4,0,0.0,9.692,1.49,1.15,1.94,2,0,22.33
307,T10,S1_CR,S1,CR,1,198.5,8.767,0.8,1.15,9.26,1,1,31.91
308,T10,S4_D2,S4,D2,1,195.9,6.638,1.49,1.35,9.7,1,0,24.36
309,T05,CR_S2,CR,S2,0,0.0,8.334,1.39,1.15,3.47,3,0,21.53
310,T01,S2_CR,S2,CR,1,171.0,8.334,1.39,1.15,0.69,1,0,24.22
311,T09,CR_S1,CR,S1,0,0.0,8.767,0.8,1.15,10.83,2,0,25.21
312,T03,S3_D2,S3,D2,1,201.6,6.362,1.39,1.35,2.7,3,0,26.68
313,T08,S2_CR,S2,CR,1,191.7,8.334,1.39,1.15,10.85,5,0,28.4
314,T01,S3_D2,S3,D2,1,206.2,6.362,1.39,1.35,0.39,2,0,24.68
315,T05,S2_CR,S2,CR,1,185.2,8.334,1.39,1.15,9.9,2,0,30.07
316,T03,S3_CR,S3,CR,1,205.4,8.135,1.57,1.15,0.66,2,0,18.26
317,T09,S2_CR,S2,CR,1,211.6,8.334,1.39,1.15,7.69,5,0,28.77
318,T09,S4_D2,S4,D2,1,205.6,6.638,1.49,1.35,6.51,3,1,32.62
319,T09,S1_CR,S1,CR,1,204.8,8.767,0.8,1.15,3.56,2,0,25.98
320,T01,S2_CR,S2,CR,1,204.1,8.334,1.39,1.15,9.93,5,0,30.1
321,T07,CR_S1,CR,S1,0,0.0,8.767,0.8,1.15,9.68,1,0,23.6
322,T01,S1_CR,S1,CR,1,209.1,8.767,0.8,1.15,3.74,4,0,30.61
323,T06,CR_S1,CR,S1,0,0.0,8.767,0.8,1.15,5.25,5,0,24.9
324,T07,CR_S4,CR,S4,0,0.0,9.692,1.49,1.15,2.15,3,0,22.44
325,T07,CR_S1,CR,S1,0,0.0,8.767,0.8,1.15,10.46,3,0,22.56
326,T05,S2_CR,S2,CR,1,174.8,8.334,1.39,1.15,1.95,1,0,28.35
327,T06,S4_D2,S4,D2,1,205.1,6.638,1.49,1.35,5.17,4,0,28.62
328,T06,S3_CR,S3,CR,1,197.5,8.135,1.57,1.15,9.42,1,0,20.73
329,T09,CR_S4,CR,S4,0,0.0,9.692,1.49,1.15,11.88,3,0,23.64
330,T02,S3_CR,S3,CR,1,195.6,8.135,1.57,1.15,2.28,1,0,20.99
331,T04,S3_D2,S3,D2,1,184.5,6.362,1.39,1.35,8.88,3,0,27.95
332,T09,D2_S4,D2,S4,0,0.0,6.638,1.49,1.35,5.5,4,0,22.66
333,T03,S1_CR,S1,CR,1,207.8,8.767,0.8,1.15,6.31,1,0,30.69
334,T01,D2_S3,D2,S3,0,0.0,6.362,1.39,1.35,5.39,3,0,20.94
335,T06,S1_CR,S1,CR,1,216.5,8.767,0.8,1.15,4.63,6,0,31.7
336,T09,CR_S1,CR,S1,0,0.0,8.767,0.8,1.15,1.11,3,0,26.8
337,T07,S4_D2,S4,D2,1,195.2,6.638,1.49,1.35,7.36,3,0,27.91
338,T10,CR_S2,CR,S2,0,0.0,8.334,1.39,1.15,0.16,1,0,24.05
339,T10,S1_CR,S1,CR,1,190.5,8.767,0.8,1.15,8.07,2,0,26.15
340,T09,CR_S3,CR,S3,0,0.0,8.135,1.57,1.15,8.91,2,0,17.72
341,T06,CR_S3,CR,S3,0,0.0,8.135,1.57,1.15,9.6,4,0,20.25
342,T10,D2_S3,D2,S3,0,0.0,6.362,1.39,1.35,5.99,4,0,23.39
343,T01,S3_D2,S3,D2,1,200.9,6.362,1.39,1.35,4.89,1,0,24.45
344,T01,S4_CR,S4,CR,1,206.1,9.692,1.49,1.15,1.34,6,0,30.5
345,T07,CR_S2,CR,S2,0,0.0,8.334,1.39,1.15,11.09,2,0,21.95
346,T06,S3_CR,S3,CR,1,203.5,8.135,1.57,1.15,3.92,4,0,23.42
347,T04,S3_D2,S3,D2,1,220.0,6.362,1.39,1.35,10.31,5,0,27.98
348,T10,S4_CR,S4,CR,1,203.0,9.692,1.49,1.15,5.16,6,0,31.86
349,T07,D2_S3,D2,S3,0,0.0,6.362,1.39,1.35,7.62,2,0,22.59
350,T02,S4_CR,S4,CR,1,182.8,9.692,1.49,1.15,4.03,7,0,29.89
351,T10,CR_S1,CR,S1,0,0.0,8.767,0.8,1.15,4.94,4,0,23.27
352,T01,S1_CR,S1,CR,1,188.9,8.767,0.8,1.15,2.48,2,0,28.04
353,T09,S4_D2,S4,D2,1,194.2,6.638,1.49,1.35,0.83,3,0,30.16
354,T03,CR_S3,CR,S3,0,0.0,8.135,1.57,1.15,10.12,2,0,17.65
355,T09,S2_CR,S2,CR,1,183.0,8.334,1.39,1.15,4.65,3,0,28.72
356,T06,CR_S4,CR,S4,0,0.0,9.692,1.49,1.15,11.62,0,0,20.46
357,T08,CR_S2,CR,S2,0,0.0,8.334,1.39,1.15,11.97,2,0,21.72
358,T02,S4_D2,S4,D2,1,181.7,6.638,1.49,1.35,4.43,0,0,27.9
359,T09,S1_CR,S1,CR,1,216.7,8.767,0.8,1.15,1.14,0,1,32.0
360,T09,D2_S3,D2,S3,0,0.0,6.362,1.39,1.35,6.58,4,0,22.59
361,T10,D2_S4,D2,S4,0,0.0,6.638,1.49,1.35,4.69,2,0,24.09
362,T08,CR_S2,CR,S2,0,0.0,8.334,1.39,1.15,10.23,2,0,21.53
363,T01,S4_D2,S4,D2,1,217.6,6.638,1.49,1.35,2.22,6,0,27.14
364,T07,CR_S3,CR,S3,0,0.0,8.135,1.57,1.15,6.4,6,0,18.13
365,T06,CR_S3,CR,S3,0,0.0,8.135,1.57,1.15,0.76,6,0,20.47
366,T07,CR_S3,CR,S3,0,0.0,8.135,1.57,1.15,4.98,6,0,18.86
367,T03,CR_S4,CR,S4,0,0.0,9.692,1.49,1.15,8.0,2,0,23.11
368,T05,S4_D2,S4,D2,1,210.6,6.638,1.49,1.35,2.9,0,0,27.53
369,T07,S2_CR,S2,CR,1,186.0,8.334,1.39,1.15,0.19,0,0,24.79
370,T02,S4_D2,S4,D2,1,211.7,6.638,1.49,1.35,0.06,3,0,30.33
371,T05,D2_S3,D2,S3,0,0.0,6.362,1.39,1.35,1.66,3,0,24.03
372,T05,S4_D2,S4,D2,1,157.2,6.638,1.49,1.35,5.93,8,0,29.45
373,T04,S4_CR,S4,CR,1,211.7,9.692,1.49,1.15,7.78,1,0,28.53
374,T07,S1_CR,S1,CR,1,203.4,8.767,0.8,1.15,5.46,3,0,27.8
375,T05,S4_D2,S4,D2,1,207.7,6.638,1.49,1.35,9.63,3,0,28.9
376,T01,S1_CR,S1,CR,1,200.8,8.767,0.8,1.15,7.0,2,1,35.42
377,T05,CR_S2,CR,S2,0,0.0,8.334,1.39,1.15,10.57,2,0,22.39
378,T08,S4_CR,S4,CR,1,198.2,9.692,1.49,1.15,3.44,2,0,28.08
379,T03,S3_CR,S3,CR,1,196.1,8.135,1.57,1.15,0.75,1,0,21.2
380,T04,S4_D2,S4,D2,1,199.6,6.638,1.49,1.35,9.47,1,0,26.28
381,T08,S2_CR,S2,CR,1,183.4,8.334,1.39,1.15,11.82,1,1,33.43
382,T04,D2_S4,D2,S4,0,0.0,6.638,1.49,1.35,9.92,1,0,19.73
383,T07,S3_CR,S3,CR,1,207.8,8.135,1.57,1.15,1.87,2,0,23.52
384,T02,S1_CR,S1,CR,1,199.7,8.767,0.8,1.15,4.75,3,0,29.28
385,T09,S2_CR,S2,CR,1,197.6,8.334,1.39,1.15,9.18,1,0,25.53
386,T01,D2_S4,D2,S4,0,0.0,6.638,1.49,1.35,5.8,5,0,24.13
387,T06,S1_CR,S1,CR,1,190.5,8.767,0.8,1.15,2.11,3,0,25.66
388,T06,CR_S3,CR,S3,0,0.0,8.135,1.57,1.15,10.26,2,0,18.41
389,T01,CR_S3,CR,S3,0,0.0,8.135,1.57,1.15,11.64,1,0,16.17
390,T07,S4_D2,S4,D2,1,212.9,6.638,1.49,1.35,10.14,2,0,27.93
391,T01,CR_S3,CR,S3,0,0.0,8.135,1.57,1.15,9.02,2,0,17.18
392,T07,CR_S3,CR,S3,0,0.0,8.135,1.57,1.15,3.18,2,0,18.24
393,T02,S3_CR,S3,CR,1,197.7,8.135,1.57,1.15,5.6,4,0,22.44
394,T10,S4_D2,S4,D2,1,215.8,6.638,1.49,1.35,0.37,1,0,27.68
395,T04,D2_S4,D2,S4,0,0.0,6.638,1.49,1.35,6.02,1,0,21.56
396,T09,S3_D2,S3,D2,1,190.7,6.362,1.39,1.35,0.3,1,1,35.94
397,T01,S3_D2,S3,D2,1,208.2,6.362,1.39,1.35,2.4,0,0,28.15
398,T06,S1_CR,S1,CR,1,206.3,8.767,0.8,1.15,6.79,2,1,36.14
399,T01,CR_S4,CR,S4,0,0.0,9.692,1.49,1.15,9.3,1,1,30.81
400,T10,CR_S3,CR,S3,0,0.0,8.135,1.57,1.15,8.14,5,0,20.14
401,T01,CR_S2,CR,S2,0,0.0,8.334,1.39,1.15,8.14,3,0,22.82
402,T09,D2_S3,D2,S3,0,0.0,6.362,1.39,1.35,4.12,3,0,21.8
403,T08,CR_S4,CR,S4,0,0.0,9.692,1.49,1.15,7.14,4,0,25.64
404,T01,D2_S3,D2,S3,0,0.0,6.362,1.39,1.35,2.13,1,0,22.33
405,T03,S2_CR,S2,CR,1,204.5,8.334,1.39,1.15,4.93,6,0,29.14
406,T08,D2_S3,D2,S3,0,0.0,6.362,1.39,1.35,7.25,4,0,24.83
407,T05,S3_D2,S3,D2,1,215.6,6.362,1.39,1.35,4.68,1,0,26.61
408,T08,D2_S4,D2,S4,0,0.0,6.638,1.49,1.35,10.48,3,0,22.54
409,T06,S4_CR,S4,CR,1,207.2,9.692,1.49,1.15,1.18,0,0,24.88
410,T07,S3_CR,S3,CR,1,197.2,8.135,1.57,1.15,8.87,0,0,19.16
411,T02,D2_S3,D2,S3,0,0.0,6.362,1.39,1.35,9.47,2,0,21.2
412,T10,S4_CR,S4,CR,1,206.4,9.692,1.49,1.15,1.39,0,0,24.32
413,T08,CR_S3,CR,S3,0,0.0,8.135,1.57,1.15,10.77,1,0,16.93
414,T06,S1_CR,S1,CR,1,178.8,8.767,0.8,1.15,1.02,3,0,28.23
415,T10,S4_D2,S4,D2,1,184.3,6.638,1.49,1.35,2.45,0,0,27.04
416,T02,S1_CR,S1,CR,1,220.0,8.767,0.8,1.15,11.25,1,0,25.37
417,T04,CR_S1,CR,S1,0,0.0,8.767,0.8,1.15,3.99,3,0,25.27
418,T01,CR_S2,CR,S2,0,0.0,8.334,1.39,1.15,8.18,1,0,23.58
419,T04,S4_CR,S4,CR,1,188.0,9.692,1.49,1.15,4.26,3,0,27.91
420,T08,CR_S4,CR,S4,0,0.0,9.692,1.49,1.15,1.88,1,0,19.55
421,T03,S4_D2,S4,D2,1,199.8,6.638,1.49,1.35,3.15,2,0,24.78
422,T07,D2_S3,D2,S3,0,0.0,6.362,1.39,1.35,3.78,0,0,19.3
423,T07,D2_S4,D2,S4,0,0.0,6.638,1.49,1.35,5.33,2,0,21.56
424,T08,CR_S3,CR,S3,0,0.0,8.135,1.57,1.15,3.01,3,0,18.02
425,T06,S4_D2,S4,D2,1,213.8,6.638,1.49,1.35,8.55,2,0,27.63
426,T07,CR_S4,CR,S4,0,0.0,9.692,1.49,1.15,9.67,3,0,23.21
427,T07,S1_CR,S1,CR,1,190.0,8.767,0.8,1.15,5.17,2,0,28.37
428,T09,S3_D2,S3,D2,1,154.4,6.362,1.39,1.35,1.92,1,0,25.21
429,T09,S3_D2,S3,D2,1,191.6,6.362,1.39,1.35,7.94,2,1,38.25
430,T10,D2_S3,D2,S3,0,0.0,6.362,1.39,1.35,11.12,1,1,28.48
431,T06,CR_S3,CR,S3,0,0.0,8.135,1.57,1.15,9.38,1,0,17.67
432,T08,CR_S1,CR,S1,0,0.0,8.767,0.8,1.15,0.74,3,0,20.99
433,T05,D2_S4,D2,S4,0,0.0,6.638,1.49,1.35,5.11,5,0,21.57
434,T04,S4_CR,S4,CR,1,185.8,9.692,1.49,1.15,2.53,1,0,23.69
435,T06,CR_S2,CR,S2,0,0.0,8.334,1.39,1.15,1.94,3,0,22.47
436,T02,CR_S2,CR,S2,0,0.0,8.334,1.39,1.15,4.89,1,0,19.5
437,T09,S4_D2,S4,D2,1,208.9,6.638,1.49,1.35,7.7,4,0,30.18
438,T05,CR_S2,CR,S2,0,0.0,8.334,1.39,1.15,8.08,2,0,21.07
439,T03,CR_S3,CR,S3,0,0.0,8.135,1.57,1.15,8.06,1,0,17.6
440,T08,S3_CR,S3,CR,1,220.0,8.135,1.57,1.15,9.22,3,0,22.21
441,T01,S1_CR,S1,CR,1,195.6,8.767,0.8,1.15,1.55,0,0,24.25
442,T01,S1_CR,S1,CR,1,197.4,8.767,0.8,1.15,5.91,6,0,33.05
443,T06,CR_S4,CR,S4,0,0.0,9.692,1.49,1.15,8.96,1,0,21.43
444,T02,S3_D2,S3,D2,1,182.3,6.362,1.39,1.35,5.74,3,0,30.25
445,T05,CR_S2,CR,S2,0,0.0,8.334,1.39,1.15,5.79,8,0,27.33
446,T04,CR_S1,CR,S1,0,0.0,8.767,0.8,1.15,1.53,2,0,22.72
447,T08,CR_S3,CR,S3,0,0.0,8.135,1.57,1.15,6.31,7,0,22.35
448,T07,S2_CR,S2,CR,1,177.9,8.334,1.39,1.15,7.12,0,0,28.28
449,T07,D2_S4,D2,S4,0,0.0,6.638,1.49,1.35,11.09,2,0,20.44
450,T07,CR_S4,CR,S4,0,0.0,9.692,1.49,1.15,3.46,2,0,20.76
451,T05,CR_S4,CR,S4,0,0.0,9.692,1.49,1.15,10.73,4,0,24.16
452,T03,D2_S4,D2,S4,0,0.0,6.638,1.49,1.35,2.71,2,0,21.03
453,T03,CR_S2,CR,S2,0,0.0,8.334,1.39,1.15,6.99,4,0,23.95
454,T04,S1_CR,S1,CR,1,181.2,8.767,0.8,1.15,6.94,7,1,40.53
455,T09,S3_CR,S3,CR,1,185.5,8.135,1.57,1.15,2.71,2,0,22.49
456,T03,CR_S2,CR,S2,0,0.0,8.334,1.39,1.15,7.82,3,1,28.73
457,T08,CR_S3,CR,S3,0,0.0,8.135,1.57,1.15,3.03,4,0,19.97
458,T09,S4_CR,S4,CR,1,187.2,9.692,1.49,1.15,2.28,4,0,32.99
459,T09,S3_D2,S3,D2,1,187.3,6.362,1.39,1.35,11.6,3,0,29.61
460,T03,S4_CR,S4,CR,1,185.2,9.692,1.49,1.15,6.96,3,0,30.17
461,T10,D2_S4,D2,S4,0,0.0,6.638,1.49,1.35,11.97,2,0,21.81
462,T02,S4_D2,S4,D2,1,209.4,6.638,1.49,1.35,7.92,2,0,27.54
463,T02,S1_CR,S1,CR,1,202.7,8.767,0.8,1.15,1.82,3,0,28.86
464,T02,CR_S2,CR,S2,0,0.0,8.334,1.39,1.15,8.81,1,0,20.56
465,T03,S3_D2,S3,D2,1,182.2,6.362,1.39,1.35,6.36,3,0,26.41
466,T04,S4_D2,S4,D2,1,220.0,6.638,1.49,1.35,0.97,4,0,26.46
467,T08,CR_S1,CR,S1,0,0.0,8.767,0.8,1.15,3.68,2,0,21.64
468,T05,CR_S4,CR,S4,0,0.0,9.692,1.49,1.15,4.87,7,0,23.75
469,T06,D2_S4,D2,S4,0,0.0,6.638,1.49,1.35,9.77,1,0,19.67
470,T04,CR_S1,CR,S1,0,0.0,8.767,0.8,1.15,7.19,3,1,35.2
471,T07,S4_D2,S4,D2,1,168.4,6.638,1.49,1.35,9.6,5,0,31.55
472,T05,D2_S4,D2,S4,0,0.0,6.638,1.49,1.35,4.98,0,0,21.1
473,T03,S4_D2,S4,D2,1,203.5,6.638,1.49,1.35,2.72,1,0,25.84
474,T03,CR_S3,CR,S3,0,0.0,8.135,1.57,1.15,4.62,4,0,18.63
475,T07,S3_CR,S3,CR,1,195.7,8.135,1.57,1.15,6.25,3,0,21.8
476,T02,CR_S3,CR,S3,0,0.0,8.135,1.57,1.15,9.87,3,0,16.04
477,T05,D2_S4,D2,S4,0,0.0,6.638,1.49,1.35,11.81,3,1,26.73
478,T09,S4_D2,S4,D2,1,191.1,6.638,1.49,1.35,8.07,1,0,25.66
479,T07,CR_S4,CR,S4,0,0.0,9.692,1.49,1.15,7.84,1,0,22.19
480,T02,S3_CR,S3,CR,1,195.9,8.135,1.57,1.15,1.16,2,0,22.63
481,T03,S3_D2,S3,D2,1,194.3,6.362,1.39,1.35,7.77,6,0,30.23
482,T04,CR_S1,CR,S1,0,0.0,8.767,0.8,1.15,9.73,2,0,23.05
483,T03,S1_CR,S1,CR,1,186.7,8.767,0.8,1.15,8.11,2,0,32.11
484,T05,D2_S4,D2,S4,0,0.0,6.638,1.49,1.35,11.93,0,0,18.36
485,T07,S3_D2,S3,D2,1,220.0,6.362,1.39,1.35,4.91,5,0,31.07
486,T04,S4_CR,S4,CR,1,176.7,9.692,1.49,1.15,3.78,1,0,26.5
487,T01,S4_D2,S4,D2,1,170.0,6.638,1.49,1.35,3.13,5,0,28.71
488,T09,D2_S4,D2,S4,0,0.0,6.638,1.49,1.35,6.16,1,0,19.29
489,T03,CR_S3,CR,S3,0,0.0,8.135,1.57,1.15,1.1,1,0,16.03
490,T01,CR_S1,CR,S1,0,0.0,8.767,0.8,1.15,8.57,1,0,22.34
491,T07,CR_S2,CR,S2,0,0.0,8.334,1.39,1.15,3.31,1,0,23.16
492,T02,S2_CR,S2,CR,1,172.8,8.334,1.39,1.15,7.34,2,0,28.9
493,T07,CR_S1,CR,S1,0,0.0,8.767,0.8,1.15,5.23,2,0,22.21
494,T08,D2_S3,D2,S3,0,0.0,6.362,1.39,1.35,9.27,2,0,20.02
495,T05,S3_D2,S3,D2,1,217.2,6.362,1.39,1.35,3.71,1,0,29.36
496,T09,CR_S2,CR,S2,0,0.0,8.334,1.39,1.15,9.69,2,0,23.29
497,T08,CR_S4,CR,S4,0,0.0,9.692,1.49,1.15,7.66,1,0,19.17
498,T10,S3_D2,S3,D2,1,179.1,6.362,1.39,1.35,9.12,2,0,28.26
499,T10,S2_CR,S2,CR,1,197.8,8.334,1.39,1.15,10.64,1,0,27.11
500,T08,S4_CR,S4,CR,1,202.3,9.692,1.49,1.15,6.05,4,0,27.74
501,T08,S3_D2,S3,D2,1,185.4,6.362,1.39,1.35,4.44,5,0,29.7
502,T09,S2_CR,S2,CR,1,184.1,8.334,1.39,1.15,2.98,3,0,29.54
503,T03,CR_S3,CR,S3,0,0.0,8.135,1.57,1.15,8.28,4,0,19.74
504,T07,CR_S1,CR,S1,0,0.0,8.767,0.8,1.15,0.76,1,0,22.53
505,T04,S4_D2,S4,D2,1,186.5,6.638,1.49,1.35,9.74,3,0,29.48
506,T07,S2_CR,S2,CR,1,212.3,8.334,1.39,1.15,10.48,1,0,29.18
507,T03,S3_D2,S3,D2,1,193.7,6.362,1.39,1.35,9.85,3,0,30.6
508,T01,CR_S2,CR,S2,0,0.0,8.334,1.39,1.15,11.21,2,0,22.47
509,T08,D2_S4,D2,S4,0,0.0,6.638,1.49,1.35,8.7,1,0,22.65
510,T02,S2_CR,S2,CR,1,216.8,8.334,1.39,1.15,7.56,6,1,34.98
511,T08,CR_S3,CR,S3,0,0.0,8.135,1.57,1.15,5.55,1,0,16.82
512,T10,S4_D2,S4,D2,1,192.3,6.638,1.49,1.35,7.96,4,0,28.68
513,T03,S1_CR,S1,CR,1,188.7,8.767,0.8,1.15,0.55,4,0,28.92
514,T06,S3_D2,S3,D2,1,183.0,6.362,1.39,1.35,10.34,0,0,29.83
515,T01,CR_S3,CR,S3,0,0.0,8.135,1.57,1.15,8.91,1,0,17.03
516,T04,S1_CR,S1,CR,1,197.5,8.767,0.8,1.15,1.43,2,0,27.55
517,T08,D2_S4,D2,S4,0,0.0,6.638,1.49,1.35,11.93,1,0,21.71
518,T10,S1_CR,S1,CR,1,213.8,8.767,0.8,1.15,4.09,5,0,30.12
519,T09,CR_S2,CR,S2,0,0.0,8.334,1.39,1.15,11.87,3,0,23.83
520,T06,S4_D2,S4,D2,1,186.6,6.638,1.49,1.35,3.91,2,0,25.07
521,T01,S3_D2,S3,D2,1,197.4,6.362,1.39,1.35,3.5,4,0,28.68
522,T03,CR_S3,CR,S3,0,0.0,8.135,1.57,1.15,3.84,2,0,17.16
523,T06,S3_D2,S3,D2,1,202.3,6.362,1.39,1.35,6.54,2,0,26.58
524,T07,CR_S4,CR,S4,0,0.0,9.692,1.49,1.15,2.55,0,0,20.28
525,T07,S4_CR,S4,CR,1,195.0,9.692,1.49,1.15,2.39,1,0,28.3
526,T05,S2_CR,S2,CR,1,161.5,8.334,1.39,1.15,8.41,2,0,30.97
527,T07,D2_S3,D2,S3,0,0.0,6.362,1.39,1.35,1.05,2,0,20.87
528,T07,D2_S4,D2,S4,0,0.0,6.638,1.49,1.35,11.64,3,0,24.66
529,T09,CR_S3,CR,S3,0,0.0,8.135,1.57,1.15,4.58,3,0,18.32
530,T07,S3_D2,S3,D2,1,212.7,6.362,1.39,1.35,0.83,1,0,27.31
531,T08,D2_S3,D2,S3,0,0.0,6.362,1.39,1.35,1.78,3,0,21.86
532,T06,S3_D2,S3,D2,1,179.6,6.362,1.39,1.35,6.31,5,0,27.4
533,T05,D2_S3,D2,S3,0,0.0,6.362,1.39,1.35,3.79,0,0,20.06
534,T09,CR_S3,CR,S3,0,0.0,8.135,1.57,1.15,2.43,1,0,17.27
535,T08,D2_S4,D2,S4,0,0.0,6.638,1.49,1.35,1.48,2,0,21.51
536,T09,D2_S3,D2,S3,0,0.0,6.362,1.39,1.35,8.9,4,0,23.38
537,T09,S1_CR,S1,CR,1,203.9,8.767,0.8,1.15,1.38,0,0,29.65
538,T01,S4_D2,S4,D2,1,220.0,6.638,1.49,1.35,5.58,6,0,31.74
539,T04,D2_S4,D2,S4,0,0.0,6.638,1.49,1.35,9.15,3,0,22.54
540,T07,CR_S2,CR,S2,0,0.0,8.334,1.39,1.15,11.29,4,1,29.28
541,T01,D2_S4,D2,S4,0,0.0,6.638,1.49,1.35,7.43,3,0,25.55
542,T01,D2_S3,D2,S3,0,0.0,6.362,1.39,1.35,0.32,1,0,23.37
543,T08,D2_S4,D2,S4,0,0.0,6.638,1.49,1.35,11.55,4,0,21.6
544,T04,CR_S1,CR,S1,0,0.0,8.767,0.8,1.15,0.27,1,0,22.75
545,T04,S4_D2,S4,D2,1,185.5,6.638,1.49,1.35,11.26,3,0,28.1
546,T03,CR_S3,CR,S3,0,0.0,8.135,1.57,1.15,1.3,3,0,19.11
547,T03,CR_S3,CR,S3,0,0.0,8.135,1.57,1.15,2.48,1,0,15.55
548,T06,D2_S3,D2,S3,0,0.0,6.362,1.39,1.35,8.88,1,0,22.51
549,T06,S1_CR,S1,CR,1,220.0,8.767,0.8,1.15,10.04,4,0,30.37
550,T07,D2_S4,D2,S4,0,0.0,6.638,1.49,1.35,1.11,2,0,21.99
551,T10,CR_S2,CR,S2,0,0.0,8.334,1.39,1.15,2.1,4,0,26.21
552,T05,CR_S1,CR,S1,0,0.0,8.767,0.8,1.15,2.21,2,0,20.81
553,T06,CR_S2,CR,S2,0,0.0,8.334,1.39,1.15,2.37,2,0,21.72
554,T07,CR_S1,CR,S1,0,0.0,8.767,0.8,1.15,3.32,4,0,21.53
555,T08,D2_S3,D2,S3,0,0.0,6.362,1.39,1.35,0.6,1,0,20.92
556,T09,CR_S4,CR,S4,0,0.0,9.692,1.49,1.15,4.05,1,0,23.44
557,T04,CR_S2,CR,S2,0,0.0,8.334,1.39,1.15,10.05,1,0,21.65
558,T05,D2_S3,D2,S3,0,0.0,6.362,1.39,1.35,0.74,1,1,24.69
559,T02,CR_S1,CR,S1,0,0.0,8.767,0.8,1.15,3.15,1,0,21.42
560,T08,CR_S3,CR,S3,0,0.0,8.135,1.57,1.15,7.85,3,0,19.08
561,T05,S3_D2,S3,D2,1,220.0,6.362,1.39,1.35,3.42,4,0,30.46
562,T02,D2_S3,D2,S3,0,0.0,6.362,1.39,1.35,6.56,4,0,23.69
563,T09,S3_CR,S3,CR,1,183.9,8.135,1.57,1.15,8.2,2,0,21.81
564,T08,S3_CR,S3,CR,1,174.4,8.135,1.57,1.15,8.63,1,0,20.98
565,T10,S4_CR,S4,CR,1,206.5,9.692,1.49,1.15,3.61,2,0,29.46
566,T04,S3_CR,S3,CR,1,194.8,8.135,1.57,1.15,3.03,2,0,21.74
567,T09,CR_S4,CR,S4,0,0.0,9.692,1.49,1.15,6.78,0,1,26.24
568,T10,D2_S4,D2,S4,0,0.0,6.638,1.49,1.35,4.84,4,0,23.78
569,T03,S4_D2,S4,D2,1,193.3,6.638,1.49,1.35,3.99,5,0,30.05
570,T02,CR_S3,CR,S3,0,0.0,8.135,1.57,1.15,3.39,5,0,21.17
571,T02,S4_D2,S4,D2,1,192.2,6.638,1.49,1.35,11.37,1,0,28.93
572,T10,D2_S4,D2,S4,0,0.0,6.638,1.49,1.35,2.74,0,0,18.61
573,T07,S1_CR,S1,CR,1,188.2,8.767,0.8,1.15,4.8,1,0,26.02
574,T08,D2_S3,D2,S3,0,0.0,6.362,1.39,1.35,7.17,5,0,24.12
575,T02,S2_CR,S2,CR,1,196.5,8.334,1.39,1.15,6.17,7,0,33.56
576,T06,S3_D2,S3,D2,1,211.2,6.362,1.39,1.35,11.96,1,1,34.68
577,T02,S3_CR,S3,CR,1,201.3,8.135,1.57,1.15,0.75,2,0,22.15
578,T04,CR_S2,CR,S2,0,0.0,8.334,1.39,1.15,3.57,2,0,23.97
579,T10,S4_D2,S4,D2,1,192.4,6.638,1.49,1.35,11.86,1,0,27.24
580,T05,D2_S3,D2,S3,0,0.0,6.362,1.39,1.35,8.52,1,0,20.09
581,T03,S3_CR,S3,CR,1,209.7,8.135,1.57,1.15,0.95,0,1,24.88
582,T09,CR_S2,CR,S2,0,0.0,8.334,1.39,1.15,6.74,5,0,24.82
583,T04,S1_CR,S1,CR,1,194.0,8.767,0.8,1.15,11.34,0,0,29.37
584,T08,CR_S2,CR,S2,0,0.0,8.334,1.39,1.15,6.57,6,0,25.2
585,T06,S2_CR,S2,CR,1,212.8,8.334,1.39,1.15,8.76,1,0,30.21
586,T04,S2_CR,S2,CR,1,191.4,8.334,1.39,1.15,3.1,5,0,30.49
587,T08,S2_CR,S2,CR,1,188.5,8.334,1.39,1.15,8.8,3,0,28.82
588,T08,S3_D2,S3,D2,1,212.7,6.362,1.39,1.35,3.26,1,0,25.2
589,T06,S4_D2,S4,D2,1,200.8,6.638,1.49,1.35,2.05,2,0,29.64
590,T02,S4_D2,S4,D2,1,193.8,6.638,1.49,1.35,4.1,2,0,27.53
591,T06,S4_D2,S4,D2,1,220.0,6.638,1.49,1.35,8.48,3,0,26.19
592,T02,S4_D2,S4,D2,1,218.9,6.638,1.49,1.35,4.73,5,0,29.55
593,T10,S4_D2,S4,D2,1,202.4,6.638,1.49,1.35,2.08,1,0,27.12
594,T10,S3_CR,S3,CR,1,186.0,8.135,1.57,1.15,8.53,0,0,21.8
595,T10,S1_CR,S1,CR,1,196.2,8.767,0.8,1.15,2.9,3,0,29.61
596,T06,S2_CR,S2,CR,1,185.1,8.334,1.39,1.15,2.53,1,0,24.81
597,T01,CR_S3,CR,S3,0,0.0,8.135,1.57,1.15,11.44,0,0,15.71
598,T05,S4_CR,S4,CR,1,203.1,9.692,1.49,1.15,1.07,3,1,35.51
599,T09,CR_S4,CR,S4,0,0.0,9.692,1.49,1.15,10.39,3,0,21.26
600,T04,CR_S4,CR,S4,0,0.0,9.692,1.49,1.15,1.1,1,0,20.46
601,T07,CR_S4,CR,S4,0,0.0,9.692,1.49,1.15,2.79,3,0,22.88
602,T01,S2_CR,S2,CR,1,211.2,8.334,1.39,1.15,3.53,4,0,30.97
603,T08,S3_D2,S3,D2,1,198.0,6.362,1.39,1.35,9.02,2,0,28.89
604,T07,D2_S3,D2,S3,0,0.0,6.362,1.39,1.35,7.58,1,0,21.58
605,T07,CR_S1,CR,S1,0,0.0,8.767,0.8,1.15,11.16,0,0,21.29
606,T09,S4_CR,S4,CR,1,185.4,9.692,1.49,1.15,11.13,2,0,28.58
607,T05,D2_S4,D2,S4,0,0.0,6.638,1.49,1.35,0.47,2,0,22.99
608,T06,S4_CR,S4,CR,1,195.0,9.692,1.49,1.15,3.56,3,0,30.3
609,T10,S2_CR,S2,CR,1,220.0,8.334,1.39,1.15,8.0,3,0,26.3
610,T02,S4_D2,S4,D2,1,190.7,6.638,1.49,1.35,10.79,0,0,23.4
611,T04,S3_CR,S3,CR,1,202.7,8.135,1.57,1.15,1.35,2,0,22.64
612,T06,S2_CR,S2,CR,1,202.0,8.334,1.39,1.15,7.85,2,0,30.25
613,T03,CR_S1,CR,S1,0,0.0,8.767,0.8,1.15,0.78,3,0,23.02
614,T06,CR_S1,CR,S1,0,0.0,8.767,0.8,1.15,9.92,2,0,22.89
615,T10,D2_S3,D2,S3,0,0.0,6.362,1.39,1.35,3.3,5,0,25.76
616,T08,CR_S4,CR,S4,0,0.0,9.692,1.49,1.15,4.12,2,0,23.7
617,T08,S4_CR,S4,CR,1,211.5,9.692,1.49,1.15,8.84,2,0,27.57
618,T02,CR_S4,CR,S4,0,0.0,9.692,1.49,1.15,5.35,4,0,27.44
619,T06,S3_D2,S3,D2,1,199.9,6.362,1.39,1.35,6.32,6,0,28.77
620,T08,D2_S4,D2,S4,0,0.0,6.638,1.49,1.35,1.31,2,0,21.74
621,T01,D2_S3,D2,S3,0,0.0,6.362,1.39,1.35,5.29,6,0,26.93
622,T02,S4_CR,S4,CR,1,183.1,9.692,1.49,1.15,7.54,1,0,29.8
623,T07,D2_S3,D2,S3,0,0.0,6.362,1.39,1.35,8.44,1,0,22.92
624,T08,CR_S4,CR,S4,0,0.0,9.692,1.49,1.15,3.43,3,0,23.83
625,T08,CR_S3,CR,S3,0,0.0,8.135,1.57,1.15,7.45,1,1,21.93
626,T01,D2_S4,D2,S4,0,0.0,6.638,1.49,1.35,2.67,2,0,19.6
627,T10,D2_S3,D2,S3,0,0.0,6.362,1.39,1.35,3.71,3,0,24.21
628,T04,CR_S1,CR,S1,0,0.0,8.767,0.8,1.15,6.78,4,0,24.52
629,T10,D2_S4,D2,S4,0,0.0,6.638,1.49,1.35,6.25,3,0,23.56
630,T04,S2_CR,S2,CR,1,188.7,8.334,1.39,1.15,1.56,1,0,27.79
631,T07,CR_S2,CR,S2,0,0.0,8.334,1.39,1.15,11.08,3,0,24.87
632,T01,CR_S3,CR,S3,0,0.0,8.135,1.57,1.15,2.07,2,0,19.05
633,T09,S3_CR,S3,CR,1,220.0,8.135,1.57,1.15,2.72,1,0,20.35
634,T10,S2_CR,S2,CR,1,199.3,8.334,1.39,1.15,5.38,2,0,28.57
635,T10,D2_S3,D2,S3,0,0.0,6.362,1.39,1.35,5.39,6,1,27.74
636,T03,CR_S2,CR,S2,0,0.0,8.334,1.39,1.15,7.52,2,0,21.14
637,T09,CR_S1,CR,S1,0,0.0,8.767,0.8,1.15,7.15,1,0,23.25
638,T03,S3_D2,S3,D2,1,186.4,6.362,1.39,1.35,2.54,4,0,27.91
639,T04,D2_S3,D2,S3,0,0.0,6.362,1.39,1.35,4.54,1,0,20.95
640,T02,S3_D2,S3,D2,1,203.0,6.362,1.39,1.35,1.65,0,1,31.03
641,T06,CR_S1,CR,S1,0,0.0,8.767,0.8,1.15,3.67,1,0,22.19
642,T10,CR_S3,CR,S3,0,0.0,8.135,1.57,1.15,6.42,8,0,24.52
643,T08,CR_S1,CR,S1,0,0.0,8.767,0.8,1.15,1.73,0,1,27.99
644,T10,CR_S1,CR,S1,0,0.0,8.767,0.8,1.15,1.95,5,1,28.15
645,T07,S4_D2,S4,D2,1,212.2,6.638,1.49,1.35,0.09,2,0,22.62
646,T01,S4_CR,S4,CR,1,174.7,9.692,1.49,1.15,2.84,3,0,29.1
647,T06,S4_D2,S4,D2,1,184.8,6.638,1.49,1.35,2.45,3,0,23.15
648,T06,CR_S1,CR,S1,0,0.0,8.767,0.8,1.15,11.0,4,0,22.21
649,T05,CR_S3,CR,S3,0,0.0,8.135,1.57,1.15,5.56,5,0,19.63
650,T10,S3_D2,S3,D2,1,186.5,6.362,1.39,1.35,0.61,4,0,27.36
651,T01,CR_S4,CR,S4,0,0.0,9.692,1.49,1.15,10.26,3,0,22.86
652,T08,S4_D2,S4,D2,1,167.3,6.638,1.49,1.35,0.06,1,0,26.35
653,T01,S2_CR,S2,CR,1,189.8,8.334,1.39,1.15,6.4,4,0,29.27
654,T03,S2_CR,S2,CR,1,204.7,8.334,1.39,1.15,4.06,0,0,25.96
655,T10,D2_S3,D2,S3,0,0.0,6.362,1.39,1.35,9.48,1,0,21.68
656,T06,CR_S1,CR,S1,0,0.0,8.767,0.8,1.15,4.42,6,0,25.24
657,T05,S4_CR,S4,CR,1,203.9,9.692,1.49,1.15,10.2,2,0,31.55
658,T03,S2_CR,S2,CR,1,212.8,8.334,1.39,1.15,11.52,0,0,26.49
659,T04,CR_S1,CR,S1,0,0.0,8.767,0.8,1.15,7.99,1,0,21.83
660,T05,CR_S3,CR,S3,0,0.0,8.135,1.57,1.15,8.01,2,0,17.67
661,T03,S2_CR,S2,CR,1,214.8,8.334,1.39,1.15,7.36,3,0,30.16
662,T02,D2_S4,D2,S4,0,0.0,6.638,1.49,1.35,11.75,3,0,22.03
663,T02,CR_S2,CR,S2,0,0.0,8.334,1.39,1.15,5.02,3,0,22.67
664,T02,CR_S2,CR,S2,0,0.0,8.334,1.39,1.15,1.16,1,0,22.21
665,T07,S1_CR,S1,CR,1,175.4,8.767,0.8,1.15,0.53,1,0,24.7
666,T07,S3_CR,S3,CR,1,195.2,8.135,1.57,1.15,9.78,4,0,21.82
667,T04,CR_S4,CR,S4,0,0.0,9.692,1.49,1.15,5.66,6,0,25.4
668,T07,S3_D2,S3,D2,1,216.8,6.362,1.39,1.35,1.28,2,0,24.24
669,T02,S2_CR,S2,CR,1,189.2,8.334,1.39,1.15,6.53,5,0,33.32
670,T01,S3_D2,S3,D2,1,191.1,6.362,1.39,1.35,8.51,0,0,24.7
671,T10,S3_CR,S3,CR,1,212.3,8.135,1.57,1.15,2.46,1,0,21.16
672,T04,CR_S4,CR,S4,0,0.0,9.692,1.49,1.15,2.27,1,0,21.19
673,T03,D2_S3,D2,S3,0,0.0,6.362,1.39,1.35,2.35,5,0,25.81
674,T05,S3_CR,S3,CR,1,177.2,8.135,1.57,1.15,1.32,4,0,25.6
675,T06,CR_S1,CR,S1,0,0.0,8.767,0.8,1.15,2.34,2,0,24.26
676,T09,S4_CR,S4,CR,1,196.7,9.692,1.49,1.15,5.66,4,1,39.12
677,T03,S2_CR,S2,CR,1,202.8,8.334,1.39,1.15,2.08,3,0,27.14
678,T03,CR_S3,CR,S3,0,0.0,8.135,1.57,1.15,5.92,1,0,15.29
679,T07,S3_CR,S3,CR,1,191.4,8.135,1.57,1.15,7.79,2,0,19.19
680,T08,S1_CR,S1,CR,1,206.8,8.767,0.8,1.15,5.99,2,1,34.93
681,T10,S3_CR,S3,CR,1,189.4,8.135,1.57,1.15,1.21,2,0,21.65
682,T04,S2_CR,S2,CR,1,209.6,8.334,1.39,1.15,9.21,3,0,29.41
683,T10,S4_D2,S4,D2,1,205.1,6.638,1.49,1.35,11.18,0,0,29.81
684,T06,S3_D2,S3,D2,1,207.4,6.362,1.39,1.35,9.37,2,0,27.42
685,T08,D2_S4,D2,S4,0,0.0,6.638,1.49,1.35,0.05,3,0,19.83
686,T09,S2_CR,S2,CR,1,219.1,8.334,1.39,1.15,2.59,2,0,26.25
687,T08,D2_S3,D2,S3,0,0.0,6.362,1.39,1.35,0.13,0,0,20.13
688,T03,D2_S3,D2,S3,0,0.0,6.362,1.39,1.35,4.8,5,0,25.41
689,T02,S3_CR,S3,CR,1,200.8,8.135,1.57,1.15,1.17,2,0,21.58
690,T08,S1_CR,S1,CR,1,203.7,8.767,0.8,1.15,7.28,4,0,32.51
691,T07,S3_CR,S3,CR,1,196.3,8.135,1.57,1.15,1.02,5,0,22.62
692,T06,CR_S4,CR,S4,0,0.0,9.692,1.49,1.15,4.46,0,0,20.76
693,T04,CR_S4,CR,S4,0,0.0,9.692,1.49,1.15,5.32,4,0,23.66
694,T09,CR_S3,CR,S3,0,0.0,8.135,1.57,1.15,3.23,4,1,29.43
695,T06,CR_S4,CR,S4,0,0.0,9.692,1.49,1.15,2.32,3,1,31.87
696,T04,CR_S2,CR,S2,0,0.0,8.334,1.39,1.15,6.1,3,0,22.04
697,T08,CR_S3,CR,S3,0,0.0,8.135,1.57,1.15,9.89,1,0,15.87
698,T02,S1_CR,S1,CR,1,201.2,8.767,0.8,1.15,5.36,5,0,29.97
699,T09,CR_S1,CR,S1,0,0.0,8.767,0.8,1.15,6.99,3,0,24.52
700,T03,S4_CR,S4,CR,1,192.2,9.692,1.49,1.15,8.9,5,0,33.93
701,T10,S4_CR,S4,CR,1,184.7,9.692,1.49,1.15,3.36,1,0,28.13
702,T01,D2_S4,D2,S4,0,0.0,6.638,1.49,1.35,3.33,2,0,23.51
703,T09,S4_D2,S4,D2,1,200.6,6.638,1.49,1.35,11.52,2,0,29.45
704,T09,CR_S2,CR,S2,0,0.0,8.334,1.39,1.15,0.57,2,0,20.04
705,T02,S4_CR,S4,CR,1,176.3,9.692,1.49,1.15,9.14,3,0,26.39
706,T10,CR_S4,CR,S4,0,0.0,9.692,1.49,1.15,9.41,1,0,21.22
707,T06,CR_S4,CR,S4,0,0.0,9.692,1.49,1.15,5.89,3,0,23.64
708,T02,CR_S4,CR,S4,0,0.0,9.692,1.49,1.15,8.67,0,0,21.56
709,T08,CR_S1,CR,S1,0,0.0,8.767,0.8,1.15,11.63,1,0,19.77
710,T10,S4_CR,S4,CR,1,184.4,9.692,1.49,1.15,0.75,2,0,28.76
711,T10,S2_CR,S2,CR,1,200.3,8.334,1.39,1.15,9.74,0,0,27.55
712,T02,S4_D2,S4,D2,1,212.9,6.638,1.49,1.35,7.77,4,0,29.29
713,T07,S3_CR,S3,CR,1,180.1,8.135,1.57,1.15,7.47,0,0,20.75
714,T05,S1_CR,S1,CR,1,194.8,8.767,0.8,1.15,3.32,0,0,26.0
715,T07,S3_CR,S3,CR,1,174.3,8.135,1.57,1.15,10.7,1,0,20.9
716,T04,D2_S3,D2,S3,0,0.0,6.362,1.39,1.35,10.09,0,0,21.07
717,T02,CR_S2,CR,S2,0,0.0,8.334,1.39,1.15,6.72,3,0,23.93
718,T05,S4_CR,S4,CR,1,209.9,9.692,1.49,1.15,11.77,1,0,25.87
719,T08,S1_CR,S1,CR,1,203.0,8.767,0.8,1.15,8.76,1,0,27.09
720,T06,CR_S3,CR,S3,0,0.0,8.135,1.57,1.15,0.11,0,0,16.42
721,T01,S4_D2,S4,D2,1,193.5,6.638,1.49,1.35,7.28,4,0,30.57
722,T09,S2_CR,S2,CR,1,207.0,8.334,1.39,1.15,9.0,2,0,26.6
723,T06,S4_D2,S4,D2,1,204.4,6.638,1.49,1.35,7.12,4,0,28.24
724,T08,S3_CR,S3,CR,1,213.4,8.135,1.57,1.15,6.6,5,0,22.84
725,T03,CR_S4,CR,S4,0,0.0,9.692,1.49,1.15,6.04,7,0,24.61
726,T01,S2_CR,S2,CR,1,187.8,8.334,1.39,1.15,10.25,2,0,28.28
727,T07,S3_CR,S3,CR,1,206.6,8.135,1.57,1.15,7.16,3,0,23.35
728,T09,S4_CR,S4,CR,1,195.9,9.692,1.49,1.15,1.04,1,0,30.12
729,T01,D2_S3,D2,S3,0,0.0,6.362,1.39,1.35,2.41,2,0,22.64
730,T04,D2_S4,D2,S4,0,0.0,6.638,1.49,1.35,11.67,1,0,20.77
731,T10,CR_S2,CR,S2,0,0.0,8.334,1.39,1.15,6.59,4,0,26.56
732,T06,D2_S4,D2,S4,0,0.0,6.638,1.49,1.35,8.13,3,0,24.12
733,T08,S3_D2,S3,D2,1,180.8,6.362,1.39,1.35,10.31,0,0,24.25
734,T02,CR_S2,CR,S2,0,0.0,8.334,1.39,1.15,5.02,2,0,21.89
735,T05,CR_S4,CR,S4,0,0.0,9.692,1.49,1.15,5.3,6,0,27.18
736,T10,S4_D2,S4,D2,1,186.8,6.638,1.49,1.35,0.76,0,0,23.6
737,T03,CR_S1,CR,S1,0,0.0,8.767,0.8,1.15,6.33,5,0,26.5
738,T01,CR_S2,CR,S2,0,0.0,8.334,1.39,1.15,9.59,2,0,25.07
739,T06,CR_S4,CR,S4,0,0.0,9.692,1.49,1.15,7.32,2,1,26.68
740,T06,CR_S1,CR,S1,0,0.0,8.767,0.8,1.15,10.22,2,0,22.96
741,T07,CR_S1,CR,S1,0,0.0,8.767,0.8,1.15,9.88,2,0,20.05
742,T06,S3_CR,S3,CR,1,209.0,8.135,1.57,1.15,10.67,1,0,21.05
743,T04,CR_S4,CR,S4,0,0.0,9.692,1.49,1.15,1.08,3,0,21.74
744,T07,S3_D2,S3,D2,1,188.2,6.362,1.39,1.35,2.13,2,0,28.29
745,T09,D2_S3,D2,S3,0,0.0,6.362,1.39,1.35,11.93,1,0,22.86
746,T09,S3_CR,S3,CR,1,202.1,8.135,1.57,1.15,3.65,1,0,18.6
747,T10,CR_S3,CR,S3,0,0.0,8.135,1.57,1.15,6.87,3,0,19.31
748,T06,CR_S2,CR,S2,0,0.0,8.334,1.39,1.15,2.79,2,0,21.71
749,T04,D2_S4,D2,S4,0,0.0,6.638,1.49,1.35,5.16,4,0,24.57
750,T01,D2_S4,D2,S4,0,0.0,6.638,1.49,1.35,8.75,6,0,19.85
751,T10,S3_CR,S3,CR,1,167.9,8.135,1.57,1.15,11.54,1,0,20.43
752,T01,S2_CR,S2,CR,1,216.9,8.334,1.39,1.15,9.82,3,0,29.14
753,T10,S4_D2,S4,D2,1,193.3,6.638,1.49,1.35,1.57,4,0,31.36
754,T05,CR_S3,CR,S3,0,0.0,8.135,1.57,1.15,2.58,2,0,18.23
755,T05,D2_S4,D2,S4,0,0.0,6.638,1.49,1.35,11.02,2,0,21.89
756,T01,S4_D2,S4,D2,1,189.7,6.638,1.49,1.35,5.39,2,0,25.13
757,T03,S2_CR,S2,CR,1,211.4,8.334,1.39,1.15,3.3,2,0,25.55
758,T09,D2_S3,D2,S3,0,0.0,6.362,1.39,1.35,2.81,2,0,21.51
759,T05,S3_CR,S3,CR,1,184.7,8.135,1.57,1.15,4.04,2,0,24.02
760,T09,S3_D2,S3,D2,1,193.0,6.362,1.39,1.35,0.12,0,0,25.65
761,T03,S2_CR,S2,CR,1,213.4,8.334,1.39,1.15,5.72,4,0,26.55
762,T01,CR_S4,CR,S4,0,0.0,9.692,1.49,1.15,0.45,2,0,26.01
763,T05,S2_CR,S2,CR,1,206.9,8.334,1.39,1.15,0.84,0,0,26.05
764,T04,S4_D2,S4,D2,1,206.7,6.638,1.49,1.35,6.37,3,0,30.0
765,T03,S4_D2,S4,D2,1,193.5,6.638,1.49,1.35,7.79,3,0,27.25
766,T01,CR_S4,CR,S4,0,0.0,9.692,1.49,1.15,11.37,2,0,23.59
767,T02,CR_S2,CR,S2,0,0.0,8.334,1.39,1.15,0.87,2,0,21.83
768,T01,S1_CR,S1,CR,1,155.7,8.767,0.8,1.15,0.09,3,0,27.08
769,T06,S2_CR,S2,CR,1,220.0,8.334,1.39,1.15,10.83,2,0,26.83
770,T03,CR_S4,CR,S4,0,0.0,9.692,1.49,1.15,10.2,1,0,20.35
771,T06,CR_S1,CR,S1,0,0.0,8.767,0.8,1.15,6.1,5,0,24.85
772,T10,CR_S2,CR,S2,0,0.0,8.334,1.39,1.15,9.63,2,0,21.19
773,T03,S1_CR,S1,CR,1,161.0,8.767,0.8,1.15,9.85,2,0,26.97
774,T05,S3_CR,S3,CR,1,218.3,8.135,1.57,1.15,1.22,2,0,23.58
775,T02,S3_D2,S3,D2,1,206.9,6.362,1.39,1.35,10.83,0,0,26.9
776,T09,S2_CR,S2,CR,1,182.3,8.334,1.39,1.15,9.51,2,0,26.26
777,T09,D2_S3,D2,S3,0,0.0,6.362,1.39,1.35,3.11,5,0,24.01
778,T01,D2_S4,D2,S4,0,0.0,6.638,1.49,1.35,7.09,1,0,21.58
779,T01,S1_CR,S1,CR,1,187.3,8.767,0.8,1.15,1.63,2,0,28.07
780,T03,CR_S1,CR,S1,0,0.0,8.767,0.8,1.15,2.96,6,0,23.46
781,T10,CR_S4,CR,S4,0,0.0,9.692,1.49,1.15,5.97,2,0,21.41
782,T02,S1_CR,S1,CR,1,197.9,8.767,0.8,1.15,0.7,3,0,27.6
783,T09,D2_S4,D2,S4,0,0.0,6.638,1.49,1.35,0.4,2,1,26.59
784,T06,CR_S2,CR,S2,0,0.0,8.334,1.39,1.15,9.07,1,0,23.01
785,T04,S4_CR,S4,CR,1,187.7,9.692,1.49,1.15,10.68,0,0,26.17
786,T05,S4_CR,S4,CR,1,201.9,9.692,1.49,1.15,0.34,2,0,27.32
787,T07,CR_S2,CR,S2,0,0.0,8.334,1.39,1.15,9.45,1,1,30.25
788,T07,CR_S4,CR,S4,0,0.0,9.692,1.49,1.15,6.41,3,0,23.65
789,T03,CR_S1,CR,S1,0,0.0,8.767,0.8,1.15,5.53,6,0,25.95
790,T04,S2_CR,S2,CR,1,200.3,8.334,1.39,1.15,3.18,4,0,28.8
791,T02,S2_CR,S2,CR,1,190.2,8.334,1.39,1.15,9.87,2,0,28.94
792,T08,CR_S3,CR,S3,0,0.0,8.135,1.57,1.15,4.93,3,0,16.46
793,T01,S4_D2,S4,D2,1,190.6,6.638,1.49,1.35,10.64,2,0,27.27
794,T10,CR_S2,CR,S2,0,0.0,8.334,1.39,1.15,4.91,5,0,22.8
795,T10,CR_S4,CR,S4,0,0.0,9.692,1.49,1.15,6.72,4,0,23.69
796,T08,S4_CR,S4,CR,1,202.6,9.692,1.49,1.15,6.22,3,0,30.54
797,T05,CR_S1,CR,S1,0,0.0,8.767,0.8,1.15,2.05,2,0,22.31
798,T01,S3_D2,S3,D2,1,201.6,6.362,1.39,1.35,5.26,6,0,30.63
799,T07,S4_CR,S4,CR,1,195.9,9.692,1.49,1.15,4.06,5,0,28.91
800,T08,CR_S2,CR,S2,0,0.0,8.334,1.39,1.15,6.38,1,0,21.65
801,T04,CR_S2,CR,S2,0,0.0,8.334,1.39,1.15,10.24,3,0,23.62
802,T10,CR_S4,CR,S4,0,0.0,9.692,1.49,1.15,0.53,2,0,21.71
803,T01,S3_CR,S3,CR,1,176.8,8.135,1.57,1.15,1.51,0,0,19.01
804,T09,S1_CR,S1,CR,1,220.0,8.767,0.8,1.15,7.27,1,0,25.68
805,T03,S1_CR,S1,CR,1,202.8,8.767,0.8,1.15,11.13,4,0,32.13
806,T02,S1_CR,S1,CR,1,220.0,8.767,0.8,1.15,7.84,4,0,29.19
807,T04,S2_CR,S2,CR,1,198.2,8.334,1.39,1.15,8.57,2,0,26.76
808,T01,CR_S3,CR,S3,0,0.0,8.135,1.57,1.15,8.02,3,0,19.26
809,T09,S3_D2,S3,D2,1,175.2,6.362,1.39,1.35,9.76,2,0,26.62
810,T07,S4_D2,S4,D2,1,195.4,6.638,1.49,1.35,4.23,1,0,27.57
811,T03,S3_D2,S3,D2,1,205.2,6.362,1.39,1.35,4.76,4,0,29.03
812,T08,S4_D2,S4,D2,1,190.7,6.638,1.49,1.35,5.96,5,0,29.47
813,T10,D2_S4,D2,S4,0,0.0,6.638,1.49,1.35,5.45,6,0,26.96
814,T06,S3_D2,S3,D2,1,216.6,6.362,1.39,1.35,3.16,1,0,28.37
815,T01,CR_S4,CR,S4,0,0.0,9.692,1.49,1.15,9.34,3,0,24.69
816,T10,S4_CR,S4,CR,1,193.4,9.692,1.49,1.15,9.72,2,0,27.65
817,T04,CR_S3,CR,S3,0,0.0,8.135,1.57,1.15,8.28,2,0,20.3
818,T05,S2_CR,S2,CR,1,197.1,8.334,1.39,1.15,11.65,1,0,24.58
819,T10,S2_CR,S2,CR,1,189.7,8.334,1.39,1.15,5.82,3,0,29.89
820,T10,D2_S4,D2,S4,0,0.0,6.638,1.49,1.35,4.99,2,0,20.79
821,T03,CR_S4,CR,S4,0,0.0,9.692,1.49,1.15,8.44,1,0,22.0
822,T02,S3_CR,S3,CR,1,200.3,8.135,1.57,1.15,10.33,0,1,27.08
823,T10,S4_D2,S4,D2,1,217.5,6.638,1.49,1.35,11.47,3,0,28.26
824,T01,S2_CR,S2,CR,1,193.6,8.334,1.39,1.15,8.12,1,0,27.8
825,T09,CR_S3,CR,S3,0,0.0,8.135,1.57,1.15,10.04,3,1,26.66
826,T03,S1_CR,S1,CR,1,220.0,8.767,0.8,1.15,0.15,2,0,28.49
827,T08,S4_CR,S4,CR,1,180.4,9.692,1.49,1.15,10.53,6,0,32.35
828,T10,S3_CR,S3,CR,1,204.7,8.135,1.57,1.15,6.51,2,0,20.15
829,T07,S1_CR,S1,CR,1,168.7,8.767,0.8,1.15,7.28,3,0,27.84
830,T09,CR_S1,CR,S1,0,0.0,8.767,0.8,1.15,9.85,1,0,21.98
831,T03,D2_S3,D2,S3,0,0.0,6.362,1.39,1.35,6.72,6,0,24.52
832,T09,S3_D2,S3,D2,1,195.0,6.362,1.39,1.35,10.09,3,0,25.54
833,T06,S1_CR,S1,CR,1,197.0,8.767,0.8,1.15,11.87,1,0,26.67
834,T04,CR_S2,CR,S2,0,0.0,8.334,1.39,1.15,9.96,4,0,22.27
835,T07,CR_S3,CR,S3,0,0.0,8.135,1.57,1.15,6.88,1,0,16.49
836,T08,S1_CR,S1,CR,1,183.0,8.767,0.8,1.15,4.1,3,0,26.62
837,T01,S1_CR,S1,CR,1,199.4,8.767,0.8,1.15,8.57,4,0,27.98
838,T02,D2_S4,D2,S4,0,0.0,6.638,1.49,1.35,8.1,3,0,23.57
839,T02,S1_CR,S1,CR,1,206.3,8.767,0.8,1.15,1.41,2,0,30.16
840,T07,CR_S1,CR,S1,0,0.0,8.767,0.8,1.15,6.96,4,0,22.79
841,T01,S4_D2,S4,D2,1,204.6,6.638,1.49,1.35,10.09,1,0,25.93
842,T09,S3_CR,S3,CR,1,194.1,8.135,1.57,1.15,10.33,1,0,21.33
843,T02,CR_S3,CR,S3,0,0.0,8.135,1.57,1.15,7.81,6,0,20.31
844,T06,S4_CR,S4,CR,1,196.7,9.692,1.49,1.15,6.68,3,0,29.6
845,T08,CR_S2,CR,S2,0,0.0,8.334,1.39,1.15,5.8,2,0,24.37
846,T07,S4_D2,S4,D2,1,187.2,6.638,1.49,1.35,1.32,1,0,27.28
847,T08,CR_S4,CR,S4,0,0.0,9.692,1.49,1.15,10.1,1,0,21.12
848,T03,S4_D2,S4,D2,1,212.6,6.638,1.49,1.35,11.84,3,0,30.53
849,T03,S4_CR,S4,CR,1,220.0,9.692,1.49,1.15,3.27,2,0,26.53
850,T05,CR_S2,CR,S2,0,0.0,8.334,1.39,1.15,6.99,4,0,24.84
851,T09,S3_CR,S3,CR,1,196.0,8.135,1.57,1.15,8.34,2,0,20.94
852,T06,S3_CR,S3,CR,1,184.8,8.135,1.57,1.15,3.35,1,0,18.44
853,T06,D2_S3,D2,S3,0,0.0,6.362,1.39,1.35,1.71,1,0,22.29
854,T05,S4_CR,S4,CR,1,196.8,9.692,1.49,1.15,5.09,4,0,29.61
855,T05,D2_S3,D2,S3,0,0.0,6.362,1.39,1.35,2.5,1,0,20.41
856,T01,CR_S4,CR,S4,0,0.0,9.692,1.49,1.15,8.83,2,0,21.14
857,T01,CR_S2,CR,S2,0,0.0,8.334,1.39,1.15,1.9,1,0,23.21
858,T09,D2_S3,D2,S3,0,0.0,6.362,1.39,1.35,8.98,3,0,22.65
859,T01,S4_CR,S4,CR,1,183.4,9.692,1.49,1.15,7.5,2,0,30.69
860,T10,S3_CR,S3,CR,1,195.5,8.135,1.57,1.15,4.01,0,0,20.01
861,T06,CR_S1,CR,S1,0,0.0,8.767,0.8,1.15,7.59,3,0,23.82
862,T07,S3_CR,S3,CR,1,214.9,8.135,1.57,1.15,2.63,3,0,25.34
863,T05,S3_D2,S3,D2,1,183.4,6.362,1.39,1.35,0.45,0,0,24.4
864,T02,S3_CR,S3,CR,1,213.3,8.135,1.57,1.15,2.87,3,0,22.41
865,T04,S1_CR,S1,CR,1,186.4,8.767,0.8,1.15,7.57,6,0,32.14
866,T01,S3_D2,S3,D2,1,180.2,6.362,1.39,1.35,9.76,0,0,25.36
867,T03,S2_CR,S2,CR,1,218.9,8.334,1.39,1.15,4.6,3,0,30.35
868,T08,CR_S3,CR,S3,0,0.0,8.135,1.57,1.15,5.93,1,0,17.69
869,T09,S2_CR,S2,CR,1,205.0,8.334,1.39,1.15,5.95,3,0,27.88
870,T06,S4_CR,S4,CR,1,178.5,9.692,1.49,1.15,7.2,5,0,29.03
871,T03,CR_S3,CR,S3,0,0.0,8.135,1.57,1.15,8.96,0,0,14.63
872,T06,CR_S3,CR,S3,0,0.0,8.135,1.57,1.15,8.78,3,0,17.92
873,T07,S2_CR,S2,CR,1,192.2,8.334,1.39,1.15,10.19,2,0,25.63
874,T07,S4_CR,S4,CR,1,200.9,9.692,1.49,1.15,9.64,0,0,26.45
875,T10,D2_S4,D2,S4,0,0.0,6.638,1.49,1.35,5.91,3,1,27.12
876,T01,S4_CR,S4,CR,1,220.0,9.692,1.49,1.15,1.3,2,0,26.91
877,T08,CR_S2,CR,S2,0,0.0,8.334,1.39,1.15,7.6,2,0,21.39
878,T06,CR_S3,CR,S3,0,0.0,8.135,1.57,1.15,5.34,4,0,20.46
879,T08,S3_D2,S3,D2,1,188.2,6.362,1.39,1.35,10.85,5,0,29.08
880,T04,CR_S3,CR,S3,0,0.0,8.135,1.57,1.15,10.73,3,1,23.91
881,T10,D2_S4,D2,S4,0,0.0,6.638,1.49,1.35,0.37,1,0,20.8
882,T08,S3_CR,S3,CR,1,176.9,8.135,1.57,1.15,11.06,3,0,22.45
883,T02,CR_S2,CR,S2,0,0.0,8.334,1.39,1.15,5.79,4,0,24.51
884,T01,S3_D2,S3,D2,1,206.5,6.362,1.39,1.35,11.53,2,0,25.87
885,T02,D2_S3,D2,S3,0,0.0,6.362,1.39,1.35,1.22,1,0,22.7
886,T06,CR_S4,CR,S4,0,0.0,9.692,1.49,1.15,8.09,0,0,20.3
887,T09,S4_CR,S4,CR,1,211.7,9.692,1.49,1.15,3.61,3,0,30.02
888,T07,CR_S2,CR,S2,0,0.0,8.334,1.39,1.15,8.94,1,0,19.54
889,T07,CR_S3,CR,S3,0,0.0,8.135,1.57,1.15,0.71,5,0,20.08
890,T03,S1_CR,S1,CR,1,215.4,8.767,0.8,1.15,5.48,5,0,30.02
891,T04,S3_D2,S3,D2,1,220.0,6.362,1.39,1.35,8.47,4,0,30.43
892,T01,CR_S2,CR,S2,0,0.0,8.334,1.39,1.15,5.2,3,0,22.85
893,T09,CR_S2,CR,S2,0,0.0,8.334,1.39,1.15,6.85,5,0,22.31
894,T04,S4_CR,S4,CR,1,212.7,9.692,1.49,1.15,4.34,6,0,29.6
895,T01,CR_S3,CR,S3,0,0.0,8.135,1.57,1.15,1.61,2,0,16.11
896,T10,CR_S2,CR,S2,0,0.0,8.334,1.39,1.15,9.79,2,0,20.9
897,T03,CR_S2,CR,S2,0,0.0,8.334,1.39,1.15,8.91,4,0,24.86
898,T07,CR_S1,CR,S1,0,0.0,8.767,0.8,1.15,8.77,1,0,23.37
899,T06,S3_D2,S3,D2,1,173.5,6.362,1.39,1.35,0.35,1,0,30.82
900,T03,S3_CR,S3,CR,1,207.1,8.135,1.57,1.15,5.7,4,0,22.86
901,T08,D2_S3,D2,S3,0,0.0,6.362,1.39,1.35,4.49,1,0,22.61
902,T04,S4_D2,S4,D2,1,177.9,6.638,1.49,1.35,6.41,4,0,27.44
903,T03,CR_S3,CR,S3,0,0.0,8.135,1.57,1.15,4.83,4,0,18.54
904,T01,S2_CR,S2,CR,1,192.8,8.334,1.39,1.15,11.84,2,0,29.16
905,T09,CR_S4,CR,S4,0,0.0,9.692,1.49,1.15,2.38,1,0,21.84
906,T10,S4_D2,S4,D2,1,183.5,6.638,1.49,1.35,2.89,4,0,28.06
907,T05,S1_CR,S1,CR,1,213.7,8.767,0.8,1.15,6.99,3,0,28.08
908,T08,D2_S3,D2,S3,0,0.0,6.362,1.39,1.35,7.97,1,1,25.65
909,T01,S3_CR,S3,CR,1,189.9,8.135,1.57,1.15,10.78,2,0,20.93
910,T05,D2_S3,D2,S3,0,0.0,6.362,1.39,1.35,6.62,3,0,22.01
911,T02,S4_CR,S4,CR,1,201.0,9.692,1.49,1.15,1.16,4,0,31.51
912,T04,CR_S4,CR,S4,0,0.0,9.692,1.49,1.15,0.29,2,0,23.37
913,T08,S4_CR,S4,CR,1,197.6,9.692,1.49,1.15,11.06,1,0,28.51
914,T09,S1_CR,S1,CR,1,191.1,8.767,0.8,1.15,11.77,2,0,26.46
915,T08,S4_CR,S4,CR,1,216.4,9.692,1.49,1.15,0.75,2,0,25.92
916,T10,S1_CR,S1,CR,1,201.7,8.767,0.8,1.15,4.78,0,0,28.4
917,T10,D2_S3,D2,S3,0,0.0,6.362,1.39,1.35,0.89,3,0,20.54
918,T06,S2_CR,S2,CR,1,195.9,8.334,1.39,1.15,2.49,0,0,26.64
919,T10,S3_CR,S3,CR,1,187.3,8.135,1.57,1.15,5.02,3,0,21.0
920,T05,D2_S4,D2,S4,0,0.0,6.638,1.49,1.35,3.58,4,0,23.29
921,T10,S2_CR,S2,CR,1,174.0,8.334,1.39,1.15,8.07,3,0,27.05
922,T10,CR_S1,CR,S1,0,0.0,8.767,0.8,1.15,4.78,2,0,22.72
923,T03,S4_D2,S4,D2,1,204.3,6.638,1.49,1.35,1.18,4,0,29.53
924,T04,S4_D2,S4,D2,1,193.9,6.638,1.49,1.35,6.33,3,0,29.71
925,T02,CR_S1,CR,S1,0,0.0,8.767,0.8,1.15,7.81,3,0,25.08
926,T07,S2_CR,S2,CR,1,218.8,8.334,1.39,1.15,5.63,3,0,30.31
927,T07,D2_S4,D2,S4,0,0.0,6.638,1.49,1.35,9.96,3,0,20.51
928,T08,CR_S3,CR,S3,0,0.0,8.135,1.57,1.15,11.63,1,0,14.84
929,T01,S3_CR,S3,CR,1,210.3,8.135,1.57,1.15,5.99,5,0,20.55
930,T09,CR_S2,CR,S2,0,0.0,8.334,1.39,1.15,11.77,2,1,30.75
931,T06,S2_CR,S2,CR,1,187.4,8.334,1.39,1.15,7.56,5,0,26.23
932,T09,S4_D2,S4,D2,1,154.4,6.638,1.49,1.35,2.3,3,0,27.9
933,T03,D2_S4,D2,S4,0,0.0,6.638,1.49,1.35,4.99,4,0,22.62
934,T08,S4_CR,S4,CR,1,200.1,9.692,1.49,1.15,11.02,2,0,28.68
935,T06,S1_CR,S1,CR,1,183.0,8.767,0.8,1.15,6.39,3,0,31.01
936,T04,S1_CR,S1,CR,1,212.6,8.767,0.8,1.15,9.38,1,0,27.43
937,T04,S4_D2,S4,D2,1,181.0,6.638,1.49,1.35,9.19,0,0,24.65
938,T01,CR_S4,CR,S4,0,0.0,9.692,1.49,1.15,10.78,3,0,22.34
939,T08,S4_CR,S4,CR,1,220.0,9.692,1.49,1.15,11.12,3,0,30.2
940,T02,S1_CR,S1,CR,1,202.8,8.767,0.8,1.15,8.55,2,0,26.7
941,T04,S2_CR,S2,CR,1,212.9,8.334,1.39,1.15,5.43,3,1,36.04
942,T09,S3_CR,S3,CR,1,211.1,8.135,1.57,1.15,10.91,0,0,21.69
943,T07,S3_CR,S3,CR,1,165.6,8.135,1.57,1.15,1.64,5,0,24.64
944,T05,CR_S2,CR,S2,0,0.0,8.334,1.39,1.15,6.16,3,0,23.78
945,T07,D2_S3,D2,S3,0,0.0,6.362,1.39,1.35,8.15,0,0,19.67
946,T02,S3_D2,S3,D2,1,207.2,6.362,1.39,1.35,5.82,6,0,31.15
947,T04,S2_CR,S2,CR,1,212.8,8.334,1.39,1.15,3.53,1,0,25.15
948,T08,S1_CR,S1,CR,1,189.6,8.767,0.8,1.15,9.31,3,0,29.88
949,T10,S4_D2,S4,D2,1,192.3,6.638,1.49,1.35,4.83,0,0,24.74
950,T07,S4_CR,S4,CR,1,196.3,9.692,1.49,1.15,5.85,3,0,28.52
951,T09,S3_CR,S3,CR,1,220.0,8.135,1.57,1.15,10.83,4,0,20.64
952,T01,S2_CR,S2,CR,1,172.1,8.334,1.39,1.15,10.35,2,0,29.23
953,T09,CR_S3,CR,S3,0,0.0,8.135,1.57,1.15,4.91,6,0,19.53
954,T02,S1_CR,S1,CR,1,181.4,8.767,0.8,1.15,5.39,3,0,26.84
955,T03,CR_S1,CR,S1,0,0.0,8.767,0.8,1.15,5.29,6,0,25.48
956,T03,CR_S4,CR,S4,0,0.0,9.692,1.49,1.15,11.53,0,0,20.59
957,T10,D2_S4,D2,S4,0,0.0,6.638,1.49,1.35,2.65,2,0,22.13
958,T01,S2_CR,S2,CR,1,199.4,8.334,1.39,1.15,1.73,0,0,29.33
959,T09,CR_S3,CR,S3,0,0.0,8.135,1.57,1.15,8.24,3,0,17.08
960,T02,D2_S3,D2,S3,0,0.0,6.362,1.39,1.35,7.53,6,0,21.78
961,T01,D2_S3,D2,S3,0,0.0,6.362,1.39,1.35,10.0,2,1,28.74
962,T08,D2_S4,D2,S4,0,0.0,6.638,1.49,1.35,9.99,2,0,23.48
963,T03,D2_S3,D2,S3,0,0.0,6.362,1.39,1.35,3.02,3,0,23.18
964,T09,S4_CR,S4,CR,1,182.8,9.692,1.49,1.15,3.39,2,0,27.4
965,T08,S2_CR,S2,CR,1,219.1,8.334,1.39,1.15,7.32,2,0,27.34
966,T05,S3_D2,S3,D2,1,203.1,6.362,1.39,1.35,5.01,3,0,26.95
967,T05,S3_CR,S3,CR,1,197.2,8.135,1.57,1.15,4.78,2,0,22.34
968,T04,D2_S3,D2,S3,0,0.0,6.362,1.39,1.35,1.33,2,0,21.97
969,T10,D2_S3,D2,S3,0,0.0,6.362,1.39,1.35,1.96,2,0,22.02
970,T02,S3_CR,S3,CR,1,194.0,8.135,1.57,1.15,11.58,2,0,21.58
971,T04,S1_CR,S1,CR,1,188.5,8.767,0.8,1.15,1.89,2,0,31.28
972,T07,CR_S3,CR,S3,0,0.0,8.135,1.57,1.15,2.63,1,0,17.04
973,T06,S4_CR,S4,CR,1,188.6,9.692,1.49,1.15,7.86,4,0,30.89
974,T06,CR_S3,CR,S3,0,0.0,8.135,1.57,1.15,1.53,0,0,16.87
975,T07,CR_S4,CR,S4,0,0.0,9.692,1.49,1.15,3.15,2,0,20.52
976,T09,S4_CR,S4,CR,1,208.9,9.692,1.49,1.15,9.4,1,0,25.76
977,T09,CR_S1,CR,S1,0,0.0,8.767,0.8,1.15,0.23,4,0,23.89
978,T09,CR_S4,CR,S4,0,0.0,9.692,1.49,1.15,5.78,2,0,22.26
979,T07,S4_CR,S4,CR,1,204.5,9.692,1.49,1.15,9.41,3,0,27.56
980,T01,CR_S1,CR,S1,0,0.0,8.767,0.8,1.15,11.01,0,0,19.95
981,T09,D2_S3,D2,S3,0,0.0,6.362,1.39,1.35,11.26,3,0,20.88
982,T07,CR_S2,CR,S2,0,0.0,8.334,1.39,1.15,1.2,3,1,29.06
983,T09,S3_CR,S3,CR,1,168.3,8.135,1.57,1.15,11.32,4,0,25.05
984,T01,CR_S3,CR,S3,0,0.0,8.135,1.57,1.15,11.84,3,0,19.89
985,T09,S3_D2,S3,D2,1,196.1,6.362,1.39,1.35,8.82,1,0,27.07
986,T04,S3_D2,S3,D2,1,199.7,6.362,1.39,1.35,7.12,1,0,24.75
987,T04,S4_CR,S4,CR,1,202.5,9.692,1.49,1.15,7.31,3,0,26.72
988,T07,D2_S4,D2,S4,0,0.0,6.638,1.49,1.35,1.37,2,0,19.82
989,T02,CR_S4,CR,S4,0,0.0,9.692,1.49,1.15,9.14,2,0,22.89
990,T07,D2_S3,D2,S3,0,0.0,6.362,1.39,1.35,10.24,2,1,30.21
991,T04,CR_S3,CR,S3,0,0.0,8.135,1.57,1.15,5.11,4,0,21.09
992,T02,D2_S4,D2,S4,0,0.0,6.638,1.49,1.35,8.65,4,0,24.48
993,T05,S3_CR,S3,CR,1,192.7,8.135,1.57,1.15,7.05,2,0,21.76
994,T06,S1_CR,S1,CR,1,166.7,8.767,0.8,1.15,4.49,1,1,35.33
995,T03,S1_CR,S1,CR,1,201.7,8.767,0.8,1.15,6.39,2,0,28.42
996,T03,S1_CR,S1,CR,1,206.6,8.767,0.8,1.15,10.97,0,0,29.22
997,T08,S4_CR,S4,CR,1,220.0,9.692,1.49,1.15,8.21,2,0,27.63
998,T10,CR_S3,CR,S3,0,0.0,8.135,1.57,1.15,4.42,1,0,17.79
999,T06,CR_S3,CR,S3,0,0.0,8.135,1.57,1.15,6.72,0,0,17.18
1000,T02,D2_S4,D2,S4,0,0.0,6.638,1.49,1.35,2.54,1,0,18.89
1001,T06,D2_S4,D2,S4,0,0.0,6.638,1.49,1.35,7.97,5,0,23.11
1002,T09,S4_CR,S4,CR,1,174.5,9.692,1.49,1.15,2.64,4,0,26.3
1003,T08,CR_S1,CR,S1,0,0.0,8.767,0.8,1.15,3.19,1,0,21.88
1004,T09,S4_CR,S4,CR,1,197.9,9.692,1.49,1.15,0.54,5,0,33.24
1005,T05,CR_S3,CR,S3,0,0.0,8.135,1.57,1.15,11.76,2,0,19.5
1006,T01,S3_D2,S3,D2,1,193.3,6.362,1.39,1.35,5.41,6,0,31.6
1007,T08,CR_S3,CR,S3,0,0.0,8.135,1.57,1.15,2.67,4,0,18.88
1008,T08,D2_S4,D2,S4,0,0.0,6.638,1.49,1.35,11.83,6,0,27.98
1009,T10,S4_CR,S4,CR,1,172.8,9.692,1.49,1.15,11.41,2,0,28.06
1010,T03,S4_CR,S4,CR,1,217.3,9.692,1.49,1.15,3.87,3,0,31.36
1011,T10,CR_S4,CR,S4,0,0.0,9.692,1.49,1.15,4.26,3,0,23.22
1012,T02,CR_S2,CR,S2,0,0.0,8.334,1.39,1.15,5.95,3,0,24.56
1013,T04,S2_CR,S2,CR,1,192.1,8.334,1.39,1.15,4.0,2,0,26.54
1014,T03,S4_CR,S4,CR,1,189.5,9.692,1.49,1.15,5.26,1,0,28.43
1015,T09,CR_S4,CR,S4,0,0.0,9.692,1.49,1.15,0.1,0,0,23.48
1016,T10,CR_S3,CR,S3,0,0.0,8.135,1.57,1.15,2.17,3,0,21.08
1017,T10,D2_S4,D2,S4,0,0.0,6.638,1.49,1.35,5.77,3,0,20.97
1018,T01,S4_CR,S4,CR,1,156.8,9.692,1.49,1.15,1.94,3,0,28.95
1019,T04,S2_CR,S2,CR,1,213.8,8.334,1.39,1.15,3.82,3,0,31.78
1020,T04,S1_CR,S1,CR,1,207.9,8.767,0.8,1.15,5.42,4,0,29.14
1021,T05,D2_S4,D2,S4,0,0.0,6.638,1.49,1.35,2.68,0,0,20.95
1022,T09,D2_S4,D2,S4,0,0.0,6.638,1.49,1.35,4.02,6,0,23.71
1023,T03,S4_D2,S4,D2,1,196.8,6.638,1.49,1.35,2.98,2,0,26.57
1024,T05,S4_D2,S4,D2,1,188.1,6.638,1.49,1.35,5.45,4,0,29.45
1025,T08,S3_CR,S3,CR,1,188.2,8.135,1.57,1.15,3.72,4,0,22.13
1026,T04,S1_CR,S1,CR,1,204.5,8.767,0.8,1.15,8.66,0,0,26.76
1027,T05,CR_S2,CR,S2,0,0.0,8.334,1.39,1.15,9.84,1,0,24.16
1028,T05,CR_S3,CR,S3,0,0.0,8.135,1.57,1.15,10.83,3,0,20.8
1029,T01,S4_D2,S4,D2,1,187.3,6.638,1.49,1.35,2.15,4,0,28.54
1030,T06,S3_D2,S3,D2,1,198.1,6.362,1.39,1.35,5.92,7,0,32.9
1031,T05,S2_CR,S2,CR,1,185.7,8.334,1.39,1.15,9.72,4,0,27.66
1032,T05,CR_S3,CR,S3,0,0.0,8.135,1.57,1.15,3.73,5,0,20.59
1033,T07,CR_S3,CR,S3,0,0.0,8.135,1.57,1.15,10.28,0,0,16.29
1034,T09,S1_CR,S1,CR,1,210.7,8.767,0.8,1.15,6.16,3,0,27.52
1035,T05,CR_S3,CR,S3,0,0.0,8.135,1.57,1.15,8.51,0,0,16.43
1036,T08,D2_S3,D2,S3,0,0.0,6.362,1.39,1.35,6.98,2,0,22.84
1037,T07,D2_S3,D2,S3,0,0.0,6.362,1.39,1.35,6.77,3,0,22.24
1038,T07,CR_S4,CR,S4,0,0.0,9.692,1.49,1.15,9.75,2,0,22.48
1039,T08,S3_D2,S3,D2,1,183.4,6.362,1.39,1.35,0.1,0,0,27.96
1040,T05,S4_CR,S4,CR,1,202.7,9.692,1.49,1.15,3.61,1,0,23.96
1041,T03,CR_S2,CR,S2,0,0.0,8.334,1.39,1.15,2.39,1,0,21.23
1042,T09,CR_S1,CR,S1,0,0.0,8.767,0.8,1.15,3.17,4,0,25.03
1043,T04,S3_CR,S3,CR,1,184.8,8.135,1.57,1.15,3.28,4,0,23.3
1044,T04,D2_S4,D2,S4,0,0.0,6.638,1.49,1.35,0.01,1,0,20.5
1045,T08,D2_S4,D2,S4,0,0.0,6.638,1.49,1.35,11.65,2,0,20.3
1046,T02,CR_S3,CR,S3,0,0.0,8.135,1.57,1.15,1.76,2,0,17.89
1047,T04,D2_S3,D2,S3,0,0.0,6.362,1.39,1.35,7.94,3,0,24.08
1048,T08,S3_CR,S3,CR,1,161.3,8.135,1.57,1.15,5.58,8,0,26.69
1049,T04,D2_S4,D2,S4,0,0.0,6.638,1.49,1.35,7.37,3,0,22.53
1050,T06,CR_S4,CR,S4,0,0.0,9.692,1.49,1.15,8.53,2,0,21.27
1051,T06,CR_S1,CR,S1,0,0.0,8.767,0.8,1.15,0.89,2,0,23.04
1052,T01,S4_CR,S4,CR,1,200.6,9.692,1.49,1.15,0.31,0,0,25.32
1053,T07,S1_CR,S1,CR,1,183.1,8.767,0.8,1.15,2.62,2,0,28.44
1054,T01,S4_D2,S4,D2,1,169.8,6.638,1.49,1.35,3.42,3,0,27.31
1055,T02,S2_CR,S2,CR,1,186.5,8.334,1.39,1.15,7.25,2,0,26.89
1056,T08,D2_S4,D2,S4,0,0.0,6.638,1.49,1.35,1.29,1,0,20.09
1057,T05,S2_CR,S2,CR,1,206.9,8.334,1.39,1.15,7.74,2,0,30.3
1058,T10,D2_S3,D2,S3,0,0.0,6.362,1.39,1.35,9.99,0,0,17.74
1059,T10,S1_CR,S1,CR,1,204.6,8.767,0.8,1.15,5.27,4,0,28.22
1060,T06,CR_S1,CR,S1,0,0.0,8.767,0.8,1.15,1.89,1,0,23.99
1061,T01,S2_CR,S2,CR,1,189.6,8.334,1.39,1.15,4.27,2,0,25.97
1062,T07,CR_S3,CR,S3,0,0.0,8.135,1.57,1.15,3.16,2,0,17.24
1063,T05,CR_S4,CR,S4,0,0.0,9.692,1.49,1.15,2.05,0,0,20.64
1064,T07,CR_S1,CR,S1,0,0.0,8.767,0.8,1.15,0.27,1,0,19.0
1065,T03,S4_D2,S4,D2,1,182.8,6.638,1.49,1.35,11.66,3,0,25.29
1066,T03,S3_D2,S3,D2,1,186.4,6.362,1.39,1.35,8.9,2,0,27.13
1067,T08,S3_CR,S3,CR,1,187.4,8.135,1.57,1.15,8.26,2,0,21.82
1068,T02,CR_S1,CR,S1,0,0.0,8.767,0.8,1.15,9.5,2,0,24.03
1069,T10,S3_CR,S3,CR,1,212.8,8.135,1.57,1.15,11.85,2,0,21.19
1070,T03,S3_CR,S3,CR,1,191.9,8.135,1.57,1.15,10.83,3,0,23.29
1071,T06,S3_D2,S3,D2,1,180.9,6.362,1.39,1.35,0.68,2,0,27.75
1072,T07,S2_CR,S2,CR,1,178.5,8.334,1.39,1.15,4.78,3,0,28.21
1073,T03,S1_CR,S1,CR,1,159.5,8.767,0.8,1.15,3.08,0,0,25.3
1074,T06,S2_CR,S2,CR,1,211.3,8.334,1.39,1.15,5.12,6,0,30.61
1075,T05,D2_S4,D2,S4,0,0.0,6.638,1.49,1.35,5.41,4,0,23.38
1076,T05,S2_CR,S2,CR,1,141.0,8.334,1.39,1.15,3.26,2,0,29.7
1077,T03,D2_S3,D2,S3,0,0.0,6.362,1.39,1.35,4.04,2,0,23.33
1078,T09,D2_S4,D2,S4,0,0.0,6.638,1.49,1.35,3.76,5,0,22.56
1079,T03,S3_CR,S3,CR,1,160.4,8.135,1.57,1.15,3.18,3,0,21.35
1080,T01,D2_S3,D2,S3,0,0.0,6.362,1.39,1.35,9.22,1,0,20.95
1081,T07,S1_CR,S1,CR,1,200.0,8.767,0.8,1.15,11.1,3,0,27.0
1082,T07,CR_S3,CR,S3,0,0.0,8.135,1.57,1.15,9.07,2,0,18.1
1083,T04,CR_S1,CR,S1,0,0.0,8.767,0.8,1.15,6.45,7,0,25.41
1084,T04,S3_CR,S3,CR,1,195.2,8.135,1.57,1.15,0.24,1,1,23.02
1085,T09,CR_S3,CR,S3,0,0.0,8.135,1.57,1.15,10.43,2,0,15.51
1086,T08,D2_S3,D2,S3,0,0.0,6.362,1.39,1.35,3.66,2,0,21.69
1087,T06,CR_S1,CR,S1,0,0.0,8.767,0.8,1.15,3.02,5,0,27.4
1088,T06,S2_CR,S2,CR,1,205.7,8.334,1.39,1.15,11.76,3,1,36.48
1089,T10,S3_CR,S3,CR,1,218.1,8.135,1.57,1.15,0.6,1,0,20.24
1090,T07,S3_CR,S3,CR,1,215.3,8.135,1.57,1.15,8.17,2,0,21.66
1091,T09,CR_S3,CR,S3,0,0.0,8.135,1.57,1.15,10.43,2,0,18.47
1092,T10,S1_CR,S1,CR,1,220.0,8.767,0.8,1.15,11.74,3,0,30.57
1093,T08,CR_S1,CR,S1,0,0.0,8.767,0.8,1.15,8.55,2,0,24.95
1094,T07,CR_S1,CR,S1,0,0.0,8.767,0.8,1.15,6.89,5,0,24.76
1095,T04,S4_CR,S4,CR,1,185.5,9.692,1.49,1.15,11.89,5,0,28.92
1096,T04,S3_D2,S3,D2,1,179.8,6.362,1.39,1.35,6.7,3,0,27.52
1097,T06,CR_S4,CR,S4,0,0.0,9.692,1.49,1.15,0.22,0,0,19.23
1098,T05,D2_S4,D2,S4,0,0.0,6.638,1.49,1.35,2.54,0,0,20.37
1099,T07,S1_CR,S1,CR,1,218.9,8.767,0.8,1.15,6.38,6,0,34.54
1100,T01,D2_S4,D2,S4,0,0.0,6.638,1.49,1.35,3.64,1,0,21.75
1101,T08,D2_S4,D2,S4,0,0.0,6.638,1.49,1.35,0.65,0,0,21.15
1102,T10,CR_S2,CR,S2,0,0.0,8.334,1.39,1.15,3.04,1,0,22.59
1103,T04,S2_CR,S2,CR,1,152.4,8.334,1.39,1.15,4.65,2,0,29.31
1104,T04,S2_CR,S2,CR,1,212.6,8.334,1.39,1.15,7.06,6,0,31.06
1105,T07,CR_S1,CR,S1,0,0.0,8.767,0.8,1.15,5.82,8,0,26.64
1106,T04,S3_D2,S3,D2,1,204.0,6.362,1.39,1.35,5.82,5,0,29.94
1107,T06,CR_S1,CR,S1,0,0.0,8.767,0.8,1.15,2.11,3,0,24.9
1108,T08,CR_S2,CR,S2,0,0.0,8.334,1.39,1.15,7.17,1,0,22.85
1109,T06,CR_S3,CR,S3,0,0.0,8.135,1.57,1.15,6.72,6,1,28.42
1110,T08,S3_D2,S3,D2,1,170.5,6.362,1.39,1.35,6.06,8,0,31.05
1111,T06,S2_CR,S2,CR,1,220.0,8.334,1.39,1.15,0.31,5,0,28.49
1112,T06,CR_S1,CR,S1,0,0.0,8.767,0.8,1.15,10.98,2,0,22.25
1113,T07,CR_S2,CR,S2,0,0.0,8.334,1.39,1.15,9.03,5,0,23.73
1114,T06,S2_CR,S2,CR,1,185.2,8.334,1.39,1.15,3.11,1,0,28.77
1115,T04,CR_S3,CR,S3,0,0.0,8.135,1.57,1.15,8.59,2,0,18.32
1116,T07,D2_S4,D2,S4,0,0.0,6.638,1.49,1.35,5.84,5,0,24.11
1117,T03,S3_D2,S3,D2,1,220.0,6.362,1.39,1.35,2.54,2,0,26.34
1118,T08,S4_CR,S4,CR,1,220.0,9.692,1.49,1.15,0.29,2,0,29.39
1119,T04,CR_S1,CR,S1,0,0.0,8.767,0.8,1.15,10.16,3,0,25.76
1120,T07,S3_D2,S3,D2,1,199.9,6.362,1.39,1.35,6.81,1,0,25.21
1121,T04,S3_CR,S3,CR,1,219.7,8.135,1.57,1.15,9.36,5,0,22.04
1122,T03,CR_S4,CR,S4,0,0.0,9.692,1.49,1.15,9.55,1,0,24.24
1123,T01,CR_S3,CR,S3,0,0.0,8.135,1.57,1.15,10.99,0,0,16.84
1124,T08,CR_S1,CR,S1,0,0.0,8.767,0.8,1.15,5.98,3,0,23.2
1125,T04,CR_S3,CR,S3,0,0.0,8.135,1.57,1.15,8.73,3,0,19.96
1126,T05,S2_CR,S2,CR,1,192.0,8.334,1.39,1.15,7.56,1,0,26.93
1127,T08,S4_D2,S4,D2,1,177.4,6.638,1.49,1.35,8.6,3,0,29.36
1128,T07,S4_D2,S4,D2,1,214.9,6.638,1.49,1.35,5.74,8,0,33.67
1129,T01,D2_S3,D2,S3,0,0.0,6.362,1.39,1.35,8.7,2,0,23.39
1130,T08,D2_S4,D2,S4,0,0.0,6.638,1.49,1.35,4.56,5,0,25.48
1131,T09,S1_CR,S1,CR,1,195.7,8.767,0.8,1.15,4.04,2,0,25.5
1132,T07,CR_S1,CR,S1,0,0.0,8.767,0.8,1.15,8.39,1,0,22.25
1133,T10,S4_D2,S4,D2,1,220.0,6.638,1.49,1.35,3.25,4,0,30.8
1134,T10,S2_CR,S2,CR,1,187.5,8.334,1.39,1.15,11.75,0,0,30.12
1135,T06,S3_CR,S3,CR,1,189.4,8.135,1.57,1.15,4.33,5,0,22.7
1136,T03,S4_CR,S4,CR,1,192.6,9.692,1.49,1.15,6.27,0,0,25.71
1137,T02,S4_CR,S4,CR,1,220.0,9.692,1.49,1.15,10.49,1,0,28.21
1138,T08,S2_CR,S2,CR,1,180.8,8.334,1.39,1.15,2.83,3,0,29.0
1139,T01,CR_S1,CR,S1,0,0.0,8.767,0.8,1.15,6.66,3,0,23.49
1140,T10,CR_S3,CR,S3,0,0.0,8.135,1.57,1.15,2.4,1,0,17.79
1141,T09,CR_S4,CR,S4,0,0.0,9.692,1.49,1.15,4.0,0,0,20.67
1142,T04,CR_S1,CR,S1,0,0.0,8.767,0.8,1.15,11.98,2,0,22.93
1143,T06,S1_CR,S1,CR,1,202.3,8.767,0.8,1.15,5.22,6,0,30.32
1144,T09,CR_S3,CR,S3,0,0.0,8.135,1.57,1.15,4.52,5,1,24.62
1145,T04,D2_S4,D2,S4,0,0.0,6.638,1.49,1.35,4.4,5,0,22.54
1146,T10,D2_S3,D2,S3,0,0.0,6.362,1.39,1.35,9.55,0,0,20.5
1147,T02,CR_S3,CR,S3,0,0.0,8.135,1.57,1.15,10.35,2,0,17.62
1148,T01,S3_CR,S3,CR,1,210.0,8.135,1.57,1.15,6.54,2,0,16.61
1149,T02,CR_S3,CR,S3,0,0.0,8.135,1.57,1.15,3.34,1,0,17.95
1150,T04,S4_CR,S4,CR,1,186.8,9.692,1.49,1.15,2.12,3,0,28.54
1151,T05,CR_S2,CR,S2,0,0.0,8.334,1.39,1.15,6.65,3,0,25.78
1152,T07,S3_D2,S3,D2,1,192.9,6.362,1.39,1.35,3.51,3,0,30.25
1153,T09,D2_S3,D2,S3,0,0.0,6.362,1.39,1.35,5.47,7,0,27.47
1154,T09,S3_D2,S3,D2,1,204.5,6.362,1.39,1.35,3.93,2,0,26.75
1155,T01,S3_CR,S3,CR,1,201.8,8.135,1.57,1.15,10.94,1,0,20.81
1156,T04,S4_CR,S4,CR,1,193.7,9.692,1.49,1.15,7.48,5,0,28.87
1157,T10,S3_D2,S3,D2,1,207.5,6.362,1.39,1.35,9.23,1,0,24.84
1158,T10,CR_S4,CR,S4,0,0.0,9.692,1.49,1.15,11.25,2,1,27.47
1159,T09,CR_S1,CR,S1,0,0.0,8.767,0.8,1.15,7.08,1,1,24.12
1160,T09,S3_D2,S3,D2,1,210.4,6.362,1.39,1.35,5.18,4,0,27.85
1161,T02,S4_CR,S4,CR,1,176.7,9.692,1.49,1.15,6.69,5,0,27.9
1162,T06,S2_CR,S2,CR,1,184.2,8.334,1.39,1.15,10.71,0,0,26.65
1163,T03,CR_S4,CR,S4,0,0.0,9.692,1.49,1.15,11.44,0,0,18.42
1164,T01,CR_S1,CR,S1,0,0.0,8.767,0.8,1.15,6.75,3,0,22.67
1165,T07,D2_S3,D2,S3,0,0.0,6.362,1.39,1.35,4.91,4,0,26.3
1166,T10,CR_S2,CR,S2,0,0.0,8.334,1.39,1.15,6.12,4,0,26.61
1167,T04,CR_S3,CR,S3,0,0.0,8.135,1.57,1.15,6.25,5,0,18.27
1168,T02,S3_CR,S3,CR,1,192.3,8.135,1.57,1.15,3.26,3,0,23.5
1169,T04,S1_CR,S1,CR,1,191.1,8.767,0.8,1.15,8.13,2,0,28.46
1170,T10,S2_CR,S2,CR,1,210.8,8.334,1.39,1.15,7.12,2,0,28.97
1171,T06,CR_S2,CR,S2,0,0.0,8.334,1.39,1.15,6.77,3,0,22.04
1172,T04,S4_CR,S4,CR,1,219.4,9.692,1.49,1.15,1.68,2,0,27.99
1173,T07,CR_S2,CR,S2,0,0.0,8.334,1.39,1.15,1.61,1,0,22.88
1174,T08,D2_S3,D2,S3,0,0.0,6.362,1.39,1.35,3.64,1,0,21.63
1175,T01,S3_CR,S3,CR,1,211.2,8.135,1.57,1.15,10.17,4,0,21.57
1176,T02,CR_S4,CR,S4,0,0.0,9.692,1.49,1.15,3.08,2,0,22.76
1177,T10,S4_CR,S4,CR,1,194.6,9.692,1.49,1.15,9.92,4,0,32.79
1178,T09,D2_S3,D2,S3,0,0.0,6.362,1.39,1.35,0.58,3,1,24.93
1179,T07,CR_S3,CR,S3,0,0.0,8.135,1.57,1.15,1.19,2,0,17.81
1180,T06,CR_S4,CR,S4,0,0.0,9.692,1.49,1.15,3.42,3,0,24.41
1181,T05,CR_S1,CR,S1,0,0.0,8.767,0.8,1.15,5.47,2,0,23.29
1182,T02,CR_S4,CR,S4,0,0.0,9.692,1.49,1.15,11.61,2,0,22.08
1183,T09,S2_CR,S2,CR,1,197.8,8.334,1.39,1.15,7.52,2,0,26.6
1184,T02,CR_S3,CR,S3,0,0.0,8.135,1.57,1.15,1.64,2,0,15.55
1185,T01,D2_S3,D2,S3,0,0.0,6.362,1.39,1.35,2.77,4,0,25.28
1186,T08,CR_S2,CR,S2,0,0.0,8.334,1.39,1.15,6.63,1,0,22.36
1187,T06,S4_D2,S4,D2,1,200.2,6.638,1.49,1.35,1.74,2,1,36.97
1188,T10,D2_S4,D2,S4,0,0.0,6.638,1.49,1.35,9.98,1,0,20.5
1189,T08,D2_S3,D2,S3,0,0.0,6.362,1.39,1.35,6.69,3,0,24.67
1190,T06,S3_CR,S3,CR,1,180.4,8.135,1.57,1.15,4.89,5,0,22.99
1191,T10,S3_CR,S3,CR,1,220.0,8.135,1.57,1.15,5.2,2,0,22.59
1192,T06,CR_S1,CR,S1,0,0.0,8.767,0.8,1.15,6.03,4,1,33.98
1193,T07,S3_D2,S3,D2,1,210.5,6.362,1.39,1.35,1.57,1,0,25.71
1194,T06,D2_S4,D2,S4,0,0.0,6.638,1.49,1.35,9.16,0,0,20.17
1195,T04,S2_CR,S2,CR,1,187.4,8.334,1.39,1.15,7.15,5,0,28.69
1196,T06,D2_S3,D2,S3,0,0.0,6.362,1.39,1.35,5.93,2,0,22.98
1197,T09,S3_D2,S3,D2,1,196.2,6.362,1.39,1.35,2.75,1,0,28.42
1198,T07,S4_CR,S4,CR,1,199.6,9.692,1.49,1.15,5.7,4,0,30.58
1199,T06,S4_CR,S4,CR,1,195.0,9.692,1.49,1.15,4.5,5,0,28.78
1200,T02,CR_S1,CR,S1,0,0.0,8.767,0.8,1.15,5.52,4,0,26.05
1201,T03,D2_S3,D2,S3,0,0.0,6.362,1.39,1.35,8.72,6,0,25.96
1202,T02,CR_S1,CR,S1,0,0.0,8.767,0.8,1.15,0.97,2,0,22.86
1203,T06,D2_S3,D2,S3,0,0.0,6.362,1.39,1.35,10.27,0,0,20.29
1204,T08,CR_S4,CR,S4,0,0.0,9.692,1.49,1.15,7.35,1,0,21.01
1205,T08,S3_D2,S3,D2,1,183.6,6.362,1.39,1.35,6.46,3,0,27.7
1206,T02,S3_D2,S3,D2,1,175.8,6.362,1.39,1.35,10.68,1,0,30.47
1207,T01,CR_S1,CR,S1,0,0.0,8.767,0.8,1.15,0.12,2,0,22.84
1208,T07,CR_S3,CR,S3,0,0.0,8.135,1.57,1.15,2.76,1,0,15.05
1209,T09,CR_S1,CR,S1,0,0.0,8.767,0.8,1.15,10.85,1,1,32.05
1210,T04,S4_D2,S4,D2,1,205.8,6.638,1.49,1.35,11.78,1,0,26.04
1211,T05,D2_S4,D2,S4,0,0.0,6.638,1.49,1.35,0.39,3,0,21.42
1212,T06,CR_S2,CR,S2,0,0.0,8.334,1.39,1.15,10.76,2,0,24.84
1213,T04,S4_CR,S4,CR,1,184.5,9.692,1.49,1.15,4.67,3,0,29.13
1214,T05,CR_S2,CR,S2,0,0.0,8.334,1.39,1.15,5.5,6,1,30.66
1215,T10,S2_CR,S2,CR,1,207.0,8.334,1.39,1.15,7.38,6,0,29.12
1216,T03,S2_CR,S2,CR,1,196.5,8.334,1.39,1.15,3.78,0,0,27.81
1217,T10,CR_S1,CR,S1,0,0.0,8.767,0.8,1.15,4.28,6,0,26.71
1218,T07,S4_CR,S4,CR,1,194.5,9.692,1.49,1.15,5.52,4,0,30.78
1219,T04,S2_CR,S2,CR,1,218.9,8.334,1.39,1.15,9.59,4,0,28.59
1220,T01,CR_S4,CR,S4,0,0.0,9.692,1.49,1.15,11.31,2,0,22.98
1221,T06,S3_CR,S3,CR,1,185.7,8.135,1.57,1.15,9.63,4,0,22.75
1222,T02,CR_S3,CR,S3,0,0.0,8.135,1.57,1.15,0.58,2,0,17.71
1223,T07,S4_D2,S4,D2,1,164.2,6.638,1.49,1.35,11.59,3,0,29.32
1224,T01,S4_D2,S4,D2,1,199.8,6.638,1.49,1.35,4.57,3,0,23.16
1225,T03,S4_CR,S4,CR,1,189.6,9.692,1.49,1.15,3.77,7,0,27.72
1226,T09,S4_D2,S4,D2,1,167.4,6.638,1.49,1.35,7.87,2,0,27.73
1227,T05,D2_S4,D2,S4,0,0.0,6.638,1.49,1.35,10.52,4,0,25.73
1228,T04,S4_D2,S4,D2,1,174.3,6.638,1.49,1.35,8.67,5,0,30.83
1229,T06,S3_CR,S3,CR,1,220.0,8.135,1.57,1.15,3.72,6,1,28.51
1230,T05,S4_CR,S4,CR,1,188.6,9.692,1.49,1.15,9.75,1,0,27.81
1231,T03,S4_D2,S4,D2,1,174.8,6.638,1.49,1.35,9.08,0,0,25.87
1232,T10,D2_S3,D2,S3,0,0.0,6.362,1.39,1.35,3.95,1,0,20.39
1233,T09,S1_CR,S1,CR,1,197.9,8.767,0.8,1.15,8.32,5,0,31.13
1234,T10,CR_S2,CR,S2,0,0.0,8.334,1.39,1.15,9.55,3,0,24.66
1235,T04,D2_S4,D2,S4,0,0.0,6.638,1.49,1.35,4.22,1,0,19.54
1236,T06,S3_CR,S3,CR,1,192.9,8.135,1.57,1.15,11.29,1,0,18.22
1237,T02,CR_S1,CR,S1,0,0.0,8.767,0.8,1.15,10.82,3,0,24.41
1238,T01,S4_CR,S4,CR,1,183.9,9.692,1.49,1.15,0.53,2,0,24.84
1239,T08,CR_S1,CR,S1,0,0.0,8.767,0.8,1.15,1.22,2,0,20.23
1240,T06,S2_CR,S2,CR,1,171.5,8.334,1.39,1.15,7.89,2,0,26.64
1241,T06,CR_S1,CR,S1,0,0.0,8.767,0.8,1.15,8.05,0,0,19.13
1242,T09,S4_D2,S4,D2,1,209.9,6.638,1.49,1.35,11.55,1,0,26.71
1243,T04,S4_D2,S4,D2,1,208.4,6.638,1.49,1.35,10.75,1,0,24.68
1244,T07,S4_CR,S4,CR,1,220.0,9.692,1.49,1.15,2.5,3,0,29.65
1245,T06,S4_CR,S4,CR,1,212.6,9.692,1.49,1.15,10.4,1,0,27.52
1246,T02,CR_S4,CR,S4,0,0.0,9.692,1.49,1.15,2.67,0,0,19.69
1247,T09,CR_S2,CR,S2,0,0.0,8.334,1.39,1.15,8.49,3,1,25.24
1248,T02,CR_S3,CR,S3,0,0.0,8.135,1.57,1.15,2.57,1,0,16.58
1249,T05,S2_CR,S2,CR,1,189.5,8.334,1.39,1.15,1.3,5,0,30.75
1250,T02,S4_D2,S4,D2,1,197.0,6.638,1.49,1.35,6.95,1,0,27.37
1251,T04,S2_CR,S2,CR,1,180.2,8.334,1.39,1.15,10.04,0,0,26.2
1252,T08,S1_CR,S1,CR,1,198.6,8.767,0.8,1.15,3.75,2,0,26.48
1253,T08,D2_S4,D2,S4,0,0.0,6.638,1.49,1.35,4.6,5,0,25.47
1254,T08,D2_S4,D2,S4,0,0.0,6.638,1.49,1.35,1.6,0,0,18.59
1255,T05,D2_S3,D2,S3,0,0.0,6.362,1.39,1.35,9.23,3,0,23.35
1256,T04,S1_CR,S1,CR,1,194.2,8.767,0.8,1.15,11.06,3,0,32.23
1257,T04,CR_S1,CR,S1,0,0.0,8.767,0.8,1.15,2.39,4,0,24.1
1258,T03,S3_D2,S3,D2,1,193.1,6.362,1.39,1.35,2.04,3,0,28.1
1259,T09,S4_CR,S4,CR,1,202.5,9.692,1.49,1.15,1.77,4,0,25.79
1260,T01,S4_CR,S4,CR,1,187.8,9.692,1.49,1.15,9.5,0,0,27.26
1261,T06,S1_CR,S1,CR,1,198.9,8.767,0.8,1.15,6.97,4,0,29.09
1262,T02,CR_S1,CR,S1,0,0.0,8.767,0.8,1.15,0.96,3,0,25.27
1263,T08,S1_CR,S1,CR,1,186.4,8.767,0.8,1.15,9.81,5,0,30.39
1264,T09,CR_S4,CR,S4,0,0.0,9.692,1.49,1.15,8.46,4,0,21.78
1265,T09,S3_CR,S3,CR,1,220.0,8.135,1.57,1.15,4.37,3,0,21.17
1266,T09,S3_D2,S3,D2,1,199.7,6.362,1.39,1.35,8.2,3,0,27.87
1267,T05,D2_S4,D2,S4,0,0.0,6.638,1.49,1.35,8.44,2,0,22.57
1268,T02,S4_D2,S4,D2,1,212.4,6.638,1.49,1.35,6.51,8,0,32.04
1269,T10,CR_S3,CR,S3,0,0.0,8.135,1.57,1.15,11.99,3,0,18.9
1270,T04,CR_S3,CR,S3,0,0.0,8.135,1.57,1.15,1.92,1,1,21.27
1271,T08,D2_S4,D2,S4,0,0.0,6.638,1.49,1.35,4.54,8,0,28.54
1272,T08,CR_S4,CR,S4,0,0.0,9.692,1.49,1.15,6.67,4,0,27.6
1273,T02,S4_CR,S4,CR,1,197.6,9.692,1.49,1.15,9.99,0,0,21.62
1274,T05,S3_D2,S3,D2,1,179.1,6.362,1.39,1.35,6.11,8,0,31.88
1275,T07,S3_D2,S3,D2,1,196.7,6.362,1.39,1.35,4.05,1,1,33.2
1276,T03,S3_CR,S3,CR,1,169.2,8.135,1.57,1.15,9.7,3,0,20.01
1277,T02,D2_S4,D2,S4,0,0.0,6.638,1.49,1.35,6.02,1,0,22.12
1278,T10,CR_S2,CR,S2,0,0.0,8.334,1.39,1.15,4.02,5,0,23.81
1279,T04,S1_CR,S1,CR,1,208.3,8.767,0.8,1.15,8.41,2,0,28.76
1280,T09,S4_D2,S4,D2,1,191.0,6.638,1.49,1.35,7.63,2,0,27.64
1281,T09,S2_CR,S2,CR,1,198.7,8.334,1.39,1.15,2.61,2,0,29.51
1282,T02,CR_S2,CR,S2,0,0.0,8.334,1.39,1.15,9.49,3,0,22.62
1283,T01,CR_S4,CR,S4,0,0.0,9.692,1.49,1.15,10.93,3,0,22.63
1284,T02,S1_CR,S1,CR,1,220.0,8.767,0.8,1.15,11.83,3,0,27.38
1285,T05,S4_D2,S4,D2,1,169.4,6.638,1.49,1.35,3.03,4,1,37.17
1286,T09,D2_S4,D2,S4,0,0.0,6.638,1.49,1.35,7.56,6,0,25.0
1287,T02,S4_D2,S4,D2,1,199.3,6.638,1.49,1.35,0.44,1,0,26.16
1288,T09,CR_S4,CR,S4,0,0.0,9.692,1.49,1.15,2.62,1,0,20.61
1289,T05,S3_D2,S3,D2,1,194.1,6.362,1.39,1.35,3.95,5,0,31.14
1290,T02,D2_S4,D2,S4,0,0.0,6.638,1.49,1.35,5.62,6,0,25.19
1291,T05,CR_S2,CR,S2,0,0.0,8.334,1.39,1.15,0.19,2,0,21.41
1292,T05,S3_CR,S3,CR,1,200.6,8.135,1.57,1.15,3.74,2,0,19.08
1293,T05,S4_D2,S4,D2,1,217.4,6.638,1.49,1.35,8.94,1,0,25.41
1294,T01,CR_S1,CR,S1,0,0.0,8.767,0.8,1.15,5.39,5,0,23.87
1295,T04,CR_S3,CR,S3,0,0.0,8.135,1.57,1.15,11.82,1,1,18.85
1296,T02,D2_S4,D2,S4,0,0.0,6.638,1.49,1.35,10.3,2,0,21.68
1297,T03,CR_S3,CR,S3,0,0.0,8.135,1.57,1.15,10.07,3,0,17.84
1298,T07,S1_CR,S1,CR,1,171.6,8.767,0.8,1.15,8.48,5,1,41.37
1299,T09,S3_D2,S3,D2,1,178.7,6.362,1.39,1.35,11.7,2,0,28.7
1300,T10,S1_CR,S1,CR,1,213.5,8.767,0.8,1.15,0.07,2,0,28.33
1301,T04,CR_S2,CR,S2,0,0.0,8.334,1.39,1.15,9.36,1,0,19.81
1302,T08,CR_S3,CR,S3,0,0.0,8.135,1.57,1.15,1.38,1,1,19.12
1303,T05,S4_CR,S4,CR,1,188.9,9.692,1.49,1.15,6.19,5,0,31.03
1304,T10,D2_S3,D2,S3,0,0.0,6.362,1.39,1.35,2.91,2,0,22.82
1305,T09,CR_S1,CR,S1,0,0.0,8.767,0.8,1.15,11.03,1,0,21.93
1306,T03,CR_S4,CR,S4,0,0.0,9.692,1.49,1.15,0.15,4,0,24.1
1307,T08,CR_S3,CR,S3,0,0.0,8.135,1.57,1.15,3.77,6,0,22.17
1308,T10,S3_D2,S3,D2,1,186.3,6.362,1.39,1.35,10.93,0,0,25.81
1309,T01,CR_S2,CR,S2,0,0.0,8.334,1.39,1.15,5.45,2,0,22.39
1310,T07,S1_CR,S1,CR,1,220.0,8.767,0.8,1.15,10.28,1,0,26.02
1311,T05,S4_D2,S4,D2,1,193.9,6.638,1.49,1.35,7.73,3,0,28.99
1312,T08,D2_S4,D2,S4,0,0.0,6.638,1.49,1.35,5.53,6,0,23.94
1313,T05,D2_S4,D2,S4,0,0.0,6.638,1.49,1.35,10.28,3,0,23.92
1314,T08,D2_S4,D2,S4,0,0.0,6.638,1.49,1.35,2.91,3,0,22.41
1315,T10,CR_S4,CR,S4,0,0.0,9.692,1.49,1.15,7.12,6,0,28.05
1316,T08,D2_S3,D2,S3,0,0.0,6.362,1.39,1.35,1.09,0,0,19.91
1317,T06,S3_CR,S3,CR,1,209.9,8.135,1.57,1.15,1.88,1,0,21.06
1318,T05,S3_CR,S3,CR,1,198.4,8.135,1.57,1.15,1.06,2,0,21.91
1319,T09,CR_S4,CR,S4,0,0.0,9.692,1.49,1.15,6.56,4,0,22.4
1320,T07,CR_S2,CR,S2,0,0.0,8.334,1.39,1.15,10.1,2,0,23.39
1321,T03,CR_S4,CR,S4,0,0.0,9.692,1.49,1.15,1.24,2,0,23.73
1322,T07,S3_CR,S3,CR,1,190.6,8.135,1.57,1.15,0.41,4,0,23.1
1323,T09,CR_S1,CR,S1,0,0.0,8.767,0.8,1.15,11.26,2,0,23.22
1324,T05,S3_D2,S3,D2,1,218.1,6.362,1.39,1.35,5.15,7,0,34.04
1325,T01,D2_S4,D2,S4,0,0.0,6.638,1.49,1.35,5.27,3,0,20.33
1326,T02,CR_S4,CR,S4,0,0.0,9.692,1.49,1.15,9.08,3,0,21.15
1327,T08,S3_CR,S3,CR,1,199.1,8.135,1.57,1.15,5.5,1,0,19.4
1328,T06,CR_S1,CR,S1,0,0.0,8.767,0.8,1.15,6.28,5,1,34.3
1329,T03,S3_CR,S3,CR,1,189.6,8.135,1.57,1.15,2.28,0,0,19.64
1330,T04,CR_S1,CR,S1,0,0.0,8.767,0.8,1.15,6.74,3,0,24.97
1331,T01,CR_S4,CR,S4,0,0.0,9.692,1.49,1.15,7.94,2,0,22.24
1332,T05,S4_CR,S4,CR,1,178.1,9.692,1.49,1.15,9.69,0,0,25.1
1333,T01,D2_S3,D2,S3,0,0.0,6.362,1.39,1.35,3.03,4,0,21.89
1334,T02,CR_S2,CR,S2,0,0.0,8.334,1.39,1.15,0.6,1,1,23.78
1335,T08,S2_CR,S2,CR,1,178.0,8.334,1.39,1.15,10.2,7,0,33.96
1336,T02,S4_D2,S4,D2,1,212.8,6.638,1.49,1.35,10.53,2,0,26.83
1337,T06,S2_CR,S2,CR,1,201.3,8.334,1.39,1.15,6.94,4,0,27.07
1338,T09,S4_D2,S4,D2,1,202.0,6.638,1.49,1.35,1.21,3,0,30.12
1339,T02,D2_S3,D2,S3,0,0.0,6.362,1.39,1.35,11.49,5,0,23.55
1340,T06,S4_CR,S4,CR,1,178.8,9.692,1.49,1.15,9.39,4,0,26.48
1341,T03,S3_CR,S3,CR,1,216.2,8.135,1.57,1.15,5.36,2,0,23.0
1342,T03,D2_S3,D2,S3,0,0.0,6.362,1.39,1.35,7.27,2,0,22.63
1343,T01,S3_CR,S3,CR,1,184.1,8.135,1.57,1.15,8.57,4,0,22.97
1344,T01,CR_S3,CR,S3,0,0.0,8.135,1.57,1.15,7.07,3,0,17.02
1345,T04,S3_CR,S3,CR,1,212.0,8.135,1.57,1.15,9.15,0,1,24.45
1346,T03,S1_CR,S1,CR,1,210.0,8.767,0.8,1.15,7.4,7,0,32.42
1347,T04,S1_CR,S1,CR,1,173.9,8.767,0.8,1.15,5.83,2,0,29.0
1348,T07,S3_CR,S3,CR,1,196.0,8.135,1.57,1.15,2.55,4,0,24.74
1349,T01,S3_CR,S3,CR,1,205.2,8.135,1.57,1.15,6.42,7,0,25.86
1350,T08,S1_CR,S1,CR,1,190.9,8.767,0.8,1.15,2.02,3,0,30.13
1351,T03,S4_CR,S4,CR,1,212.7,9.692,1.49,1.15,7.76,4,0,28.04
1352,T08,S1_CR,S1,CR,1,212.2,8.767,0.8,1.15,5.13,5,0,30.52
1353,T08,S4_D2,S4,D2,1,183.0,6.638,1.49,1.35,7.07,4,0,29.8
1354,T10,CR_S3,CR,S3,0,0.0,8.135,1.57,1.15,8.16,3,0,17.42
1355,T02,S3_CR,S3,CR,1,192.8,8.135,1.57,1.15,6.94,2,0,21.22
1356,T09,CR_S3,CR,S3,0,0.0,8.135,1.57,1.15,11.48,1,0,18.17
1357,T09,CR_S4,CR,S4,0,0.0,9.692,1.49,1.15,3.88,4,0,23.91
1358,T10,D2_S4,D2,S4,0,0.0,6.638,1.49,1.35,2.33,3,0,23.7
1359,T09,S3_D2,S3,D2,1,186.7,6.362,1.39,1.35,5.73,4,0,29.52
1360,T10,CR_S4,CR,S4,0,0.0,9.692,1.49,1.15,11.45,3,0,22.59
1361,T01,CR_S2,CR,S2,0,0.0,8.334,1.39,1.15,8.58,3,0,19.18
1362,T09,D2_S4,D2,S4,0,0.0,6.638,1.49,1.35,9.07,3,0,21.9
1363,T03,D2_S3,D2,S3,0,0.0,6.362,1.39,1.35,10.46,3,0,23.97
1364,T04,S4_CR,S4,CR,1,182.4,9.692,1.49,1.15,4.93,2,1,34.88
1365,T01,D2_S4,D2,S4,0,0.0,6.638,1.49,1.35,1.71,0,0,20.9
1366,T07,S1_CR,S1,CR,1,201.9,8.767,0.8,1.15,8.41,4,0,33.55
1367,T04,D2_S3,D2,S3,0,0.0,6.362,1.39,1.35,10.31,1,0,20.98
1368,T10,D2_S4,D2,S4,0,0.0,6.638,1.49,1.35,3.98,1,0,21.23
1369,T06,CR_S2,CR,S2,0,0.0,8.334,1.39,1.15,10.96,1,1,29.09
1370,T03,CR_S3,CR,S3,0,0.0,8.135,1.57,1.15,6.81,3,0,17.9
1371,T04,S4_D2,S4,D2,1,184.2,6.638,1.49,1.35,2.94,1,0,28.02
1372,T06,S4_CR,S4,CR,1,210.4,9.692,1.49,1.15,3.51,2,0,29.53
1373,T03,CR_S4,CR,S4,0,0.0,9.692,1.49,1.15,1.06,3,0,22.44
1374,T07,D2_S3,D2,S3,0,0.0,6.362,1.39,1.35,2.72,3,0,21.13
1375,T07,CR_S2,CR,S2,0,0.0,8.334,1.39,1.15,11.91,5,0,23.22
1376,T07,S4_D2,S4,D2,1,217.5,6.638,1.49,1.35,11.48,2,0,27.36
1377,T02,S4_D2,S4,D2,1,176.6,6.638,1.49,1.35,5.19,4,0,26.94
1378,T07,D2_S4,D2,S4,0,0.0,6.638,1.49,1.35,0.15,0,0,22.59
1379,T05,S3_D2,S3,D2,1,203.2,6.362,1.39,1.35,0.64,1,0,24.8
1380,T06,CR_S4,CR,S4,0,0.0,9.692,1.49,1.15,8.65,1,0,22.31
1381,T03,D2_S3,D2,S3,0,0.0,6.362,1.39,1.35,1.21,4,0,23.58
1382,T04,CR_S2,CR,S2,0,0.0,8.334,1.39,1.15,7.36,6,0,25.46
1383,T08,D2_S3,D2,S3,0,0.0,6.362,1.39,1.35,3.42,2,0,23.21
1384,T05,CR_S4,CR,S4,0,0.0,9.692,1.49,1.15,1.46,2,0,21.19
1385,T08,S3_D2,S3,D2,1,191.5,6.362,1.39,1.35,4.58,3,0,31.58
1386,T01,S2_CR,S2,CR,1,201.2,8.334,1.39,1.15,7.66,2,1,41.0
1387,T01,CR_S4,CR,S4,0,0.0,9.692,1.49,1.15,5.61,3,0,20.25
1388,T06,S1_CR,S1,CR,1,190.5,8.767,0.8,1.15,1.21,5,0,30.36
1389,T03,D2_S3,D2,S3,0,0.0,6.362,1.39,1.35,6.78,3,0,21.91
1390,T10,CR_S4,CR,S4,0,0.0,9.692,1.49,1.15,3.86,2,0,22.54
1391,T08,S3_D2,S3,D2,1,189.6,6.362,1.39,1.35,8.96,4,0,31.15
1392,T03,CR_S1,CR,S1,0,0.0,8.767,0.8,1.15,2.45,3,0,21.22
1393,T04,D2_S4,D2,S4,0,0.0,6.638,1.49,1.35,8.83,0,0,20.01
1394,T01,CR_S1,CR,S1,0,0.0,8.767,0.8,1.15,3.19,4,0,23.45
1395,T03,S3_CR,S3,CR,1,211.8,8.135,1.57,1.15,7.24,5,0,23.28
1396,T03,S4_CR,S4,CR,1,186.3,9.692,1.49,1.15,10.65,1,0,29.03
1397,T10,CR_S3,CR,S3,0,0.0,8.135,1.57,1.15,8.81,4,0,19.85
1398,T02,D2_S4,D2,S4,0,0.0,6.638,1.49,1.35,1.64,1,0,20.39
1399,T10,S2_CR,S2,CR,1,201.5,8.334,1.39,1.15,9.57,2,0,29.07
1400,T10,CR_S3,CR,S3,0,0.0,8.135,1.57,1.15,1.35,0,0,17.8
1401,T07,D2_S4,D2,S4,0,0.0,6.638,1.49,1.35,6.72,7,0,25.04
1402,T01,CR_S1,CR,S1,0,0.0,8.767,0.8,1.15,11.57,4,1,26.59
1403,T03,D2_S3,D2,S3,0,0.0,6.362,1.39,1.35,4.4,2,0,22.73
1404,T04,S4_CR,S4,CR,1,201.4,9.692,1.49,1.15,8.72,5,0,30.7
1405,T07,CR_S4,CR,S4,0,0.0,9.692,1.49,1.15,11.7,1,0,19.13
1406,T07,S1_CR,S1,CR,1,177.4,8.767,0.8,1.15,4.51,2,0,29.25
1407,T01,S4_CR,S4,CR,1,220.0,9.692,1.49,1.15,10.77,1,0,26.46
1408,T03,S2_CR,S2,CR,1,185.5,8.334,1.39,1.15,8.29,3,0,31.89
1409,T06,CR_S3,CR,S3,0,0.0,8.135,1.57,1.15,9.89,3,1,23.47
1410,T06,S4_D2,S4,D2,1,204.9,6.638,1.49,1.35,5.78,4,1,34.88
1411,T10,S4_CR,S4,CR,1,154.2,9.692,1.49,1.15,2.56,3,0,29.16
1412,T03,S4_CR,S4,CR,1,214.6,9.692,1.49,1.15,11.36,0,0,28.4
1413,T04,CR_S1,CR,S1,0,0.0,8.767,0.8,1.15,11.52,2,0,20.14
1414,T01,S2_CR,S2,CR,1,169.0,8.334,1.39,1.15,11.32,1,0,26.59
1415,T06,S4_D2,S4,D2,1,209.8,6.638,1.49,1.35,6.33,4,0,28.46
1416,T05,CR_S4,CR,S4,0,0.0,9.692,1.49,1.15,11.67,1,0,23.47
1417,T04,S2_CR,S2,CR,1,185.1,8.334,1.39,1.15,9.94,1,0,31.48
1418,T09,D2_S4,D2,S4,0,0.0,6.638,1.49,1.35,7.5,3,0,24.69
1419,T06,CR_S1,CR,S1,0,0.0,8.767,0.8,1.15,0.86,1,0,19.49
1420,T10,D2_S4,D2,S4,0,0.0,6.638,1.49,1.35,5.1,4,0,25.7
1421,T09,CR_S4,CR,S4,0,0.0,9.692,1.49,1.15,10.9,3,0,24.18
1422,T06,D2_S3,D2,S3,0,0.0,6.362,1.39,1.35,4.83,4,0,21.15
1423,T02,S3_CR,S3,CR,1,205.0,8.135,1.57,1.15,5.14,5,0,23.82
1424,T09,S4_D2,S4,D2,1,214.1,6.638,1.49,1.35,6.7,1,0,27.93
1425,T04,D2_S4,D2,S4,0,0.0,6.638,1.49,1.35,0.22,2,0,22.54
1426,T08,CR_S3,CR,S3,0,0.0,8.135,1.57,1.15,10.19,2,0,17.24
1427,T02,S1_CR,S1,CR,1,190.5,8.767,0.8,1.15,11.98,0,1,38.2
1428,T01,CR_S2,CR,S2,0,0.0,8.334,1.39,1.15,0.73,1,0,20.08
1429,T04,S3_D2,S3,D2,1,204.5,6.362,1.39,1.35,11.11,4,1,32.83
1430,T03,S4_CR,S4,CR,1,203.8,9.692,1.49,1.15,1.12,4,0,27.79
1431,T05,S1_CR,S1,CR,1,195.5,8.767,0.8,1.15,4.6,4,0,30.63
1432,T10,S2_CR,S2,CR,1,175.7,8.334,1.39,1.15,8.87,3,0,29.43
1433,T02,CR_S1,CR,S1,0,0.0,8.767,0.8,1.15,11.44,2,1,27.49
1434,T05,S4_CR,S4,CR,1,182.2,9.692,1.49,1.15,4.32,1,1,33.06
1435,T05,CR_S2,CR,S2,0,0.0,8.334,1.39,1.15,8.72,4,0,23.84
1436,T07,D2_S3,D2,S3,0,0.0,6.362,1.39,1.35,11.08,2,0,22.46
1437,T10,S4_D2,S4,D2,1,186.5,6.638,1.49,1.35,9.56,1,0,27.75
1438,T02,S3_CR,S3,CR,1,219.2,8.135,1.57,1.15,6.73,5,0,26.12
1439,T03,CR_S1,CR,S1,0,0.0,8.767,0.8,1.15,7.84,3,0,22.36
1440,T03,CR_S1,CR,S1,0,0.0,8.767,0.8,1.15,11.63,2,0,24.02
1441,T05,CR_S4,CR,S4,0,0.0,9.692,1.49,1.15,9.06,2,0,23.98
1442,T08,S1_CR,S1,CR,1,190.9,8.767,0.8,1.15,8.55,4,0,28.54
1443,T07,S1_CR,S1,CR,1,195.8,8.767,0.8,1.15,6.98,4,0,28.44
1444,T10,CR_S2,CR,S2,0,0.0,8.334,1.39,1.15,2.06,2,0,22.79
1445,T04,CR_S4,CR,S4,0,0.0,9.692,1.49,1.15,7.36,4,0,22.76
1446,T06,CR_S1,CR,S1,0,0.0,8.767,0.8,1.15,11.33,3,1,24.95
1447,T08,D2_S3,D2,S3,0,0.0,6.362,1.39,1.35,1.23,2,0,20.73
1448,T03,S4_CR,S4,CR,1,211.0,9.692,1.49,1.15,2.47,4,0,32.58
1449,T07,CR_S4,CR,S4,0,0.0,9.692,1.49,1.15,9.48,1,0,22.46
1450,T05,S3_CR,S3,CR,1,181.5,8.135,1.57,1.15,0.55,0,0,19.9
1451,T04,CR_S3,CR,S3,0,0.0,8.135,1.57,1.15,2.83,5,0,21.29
1452,T07,CR_S1,CR,S1,0,0.0,8.767,0.8,1.15,1.84,3,0,24.07
1453,T10,D2_S3,D2,S3,0,0.0,6.362,1.39,1.35,2.78,2,0,22.65
1454,T02,CR_S3,CR,S3,0,0.0,8.135,1.57,1.15,5.84,5,0,21.14
1455,T04,D2_S3,D2,S3,0,0.0,6.362,1.39,1.35,0.07,1,0,20.27
1456,T08,CR_S3,CR,S3,0,0.0,8.135,1.57,1.15,7.24,2,0,16.36
1457,T02,S1_CR,S1,CR,1,183.9,8.767,0.8,1.15,8.81,2,0,26.05
1458,T07,CR_S4,CR,S4,0,0.0,9.692,1.49,1.15,4.07,2,0,19.64
1459,T04,S4_D2,S4,D2,1,196.2,6.638,1.49,1.35,3.52,1,0,25.99
1460,T09,S3_D2,S3,D2,1,193.5,6.362,1.39,1.35,8.96,3,0,27.3
1461,T09,CR_S4,CR,S4,0,0.0,9.692,1.49,1.15,5.02,5,0,23.29
1462,T03,D2_S3,D2,S3,0,0.0,6.362,1.39,1.35,5.37,3,0,22.44
1463,T08,CR_S4,CR,S4,0,0.0,9.692,1.49,1.15,9.89,1,0,23.58
1464,T04,S1_CR,S1,CR,1,211.3,8.767,0.8,1.15,3.76,4,0,29.45
1465,T05,CR_S2,CR,S2,0,0.0,8.334,1.39,1.15,2.13,1,0,23.31
1466,T09,CR_S2,CR,S2,0,0.0,8.334,1.39,1.15,2.73,0,0,22.06
1467,T06,S4_CR,S4,CR,1,219.8,9.692,1.49,1.15,8.2,3,0,27.64
1468,T10,S2_CR,S2,CR,1,206.1,8.334,1.39,1.15,9.99,3,0,26.68
1469,T01,CR_S4,CR,S4,0,0.0,9.692,1.49,1.15,9.37,2,0,19.91
1470,T04,CR_S2,CR,S2,0,0.0,8.334,1.39,1.15,6.02,4,0,24.92
1471,T06,S3_CR,S3,CR,1,179.4,8.135,1.57,1.15,4.58,3,0,21.21
1472,T01,D2_S3,D2,S3,0,0.0,6.362,1.39,1.35,9.75,2,1,32.86
1473,T01,S4_CR,S4,CR,1,173.4,9.692,1.49,1.15,11.64,2,0,26.8
1474,T03,S4_D2,S4,D2,1,219.4,6.638,1.49,1.35,10.47,4,0,30.07
1475,T07,S3_D2,S3,D2,1,196.3,6.362,1.39,1.35,6.58,2,0,25.36
1476,T05,S1_CR,S1,CR,1,216.4,8.767,0.8,1.15,3.2,3,0,28.86
1477,T05,S1_CR,S1,CR,1,189.4,8.767,0.8,1.15,1.69,2,0,29.13
1478,T09,CR_S1,CR,S1,0,0.0,8.767,0.8,1.15,3.32,3,0,24.51
1479,T09,D2_S3,D2,S3,0,0.0,6.362,1.39,1.35,1.29,3,0,24.49
1480,T10,S2_CR,S2,CR,1,184.9,8.334,1.39,1.15,8.75,1,1,38.99
1481,T07,D2_S3,D2,S3,0,0.0,6.362,1.39,1.35,2.26,3,0,23.55
1482,T05,CR_S3,CR,S3,0,0.0,8.135,1.57,1.15,0.23,0,0,15.44
1483,T09,CR_S4,CR,S4,0,0.0,9.692,1.49,1.15,6.97,4,0,22.31
1484,T03,S4_CR,S4,CR,1,196.2,9.692,1.49,1.15,2.28,2,0,23.56
1485,T03,CR_S1,CR,S1,0,0.0,8.767,0.8,1.15,10.38,1,0,20.94
1486,T06,S3_D2,S3,D2,1,182.9,6.362,1.39,1.35,10.27,1,0,25.19
1487,T02,CR_S1,CR,S1,0,0.0,8.767,0.8,1.15,9.78,3,1,33.93
1488,T07,CR_S1,CR,S1,0,0.0,8.767,0.8,1.15,11.16,2,0,22.37
1489,T10,S3_D2,S3,D2,1,188.9,6.362,1.39,1.35,6.6,4,0,30.86
1490,T04,CR_S2,CR,S2,0,0.0,8.334,1.39,1.15,3.38,1,0,22.05
1491,T02,S3_D2,S3,D2,1,171.3,6.362,1.39,1.35,5.53,4,0,27.47
1492,T05,CR_S1,CR,S1,0,0.0,8.767,0.8,1.15,11.09,3,0,23.39
1493,T08,S1_CR,S1,CR,1,206.1,8.767,0.8,1.15,8.45,2,0,31.42
1494,T07,D2_S3,D2,S3,0,0.0,6.362,1.39,1.35,0.77,2,0,23.96
1495,T07,S1_CR,S1,CR,1,191.3,8.767,0.8,1.15,11.44,1,1,34.89
1496,T02,D2_S4,D2,S4,0,0.0,6.638,1.49,1.35,9.37,3,0,22.47
1497,T03,CR_S1,CR,S1,0,0.0,8.767,0.8,1.15,4.31,3,0,23.25
1498,T09,D2_S4,D2,S4,0,0.0,6.638,1.49,1.35,11.04,3,0,22.18
1499,T03,CR_S3,CR,S3,0,0.0,8.135,1.57,1.15,5.9,1,0,16.17
1500,T10,CR_S1,CR,S1,0,0.0,8.767,0.8,1.15,3.71,8,0,28.25
1501,T06,S4_CR,S4,CR,1,211.4,9.692,1.49,1.15,9.47,2,0,30.06
1502,T06,S3_CR,S3,CR,1,164.4,8.135,1.57,1.15,11.23,4,0,22.2
1503,T05,S4_D2,S4,D2,1,199.6,6.638,1.49,1.35,4.58,2,0,27.33
1504,T07,D2_S3,D2,S3,0,0.0,6.362,1.39,1.35,3.41,4,0,23.75
1505,T05,S1_CR,S1,CR,1,196.4,8.767,0.8,1.15,6.46,1,0,25.3
1506,T02,S4_CR,S4,CR,1,164.2,9.692,1.49,1.15,10.66,3,0,30.01
1507,T10,S3_CR,S3,CR,1,183.3,8.135,1.57,1.15,0.01,3,0,20.34
1508,T01,CR_S1,CR,S1,0,0.0,8.767,0.8,1.15,1.03,2,0,23.13
1509,T04,S4_D2,S4,D2,1,198.0,6.638,1.49,1.35,5.99,3,0,27.4
1510,T10,S3_D2,S3,D2,1,215.0,6.362,1.39,1.35,2.27,1,0,25.65
1511,T09,S1_CR,S1,CR,1,191.2,8.767,0.8,1.15,8.98,1,0,26.89
1512,T06,CR_S4,CR,S4,0,0.0,9.692,1.49,1.15,11.1,2,0,22.99
1513,T01,CR_S2,CR,S2,0,0.0,8.334,1.39,1.15,1.63,1,0,22.15
1514,T01,S4_CR,S4,CR,1,216.8,9.692,1.49,1.15,1.14,4,0,27.55
1515,T09,S4_D2,S4,D2,1,182.4,6.638,1.49,1.35,2.31,3,0,28.04
1516,T05,CR_S1,CR,S1,0,0.0,8.767,0.8,1.15,11.73,2,0,22.54
1517,T03,D2_S4,D2,S4,0,0.0,6.638,1.49,1.35,2.29,6,0,26.3
1518,T01,CR_S3,CR,S3,0,0.0,8.135,1.57,1.15,0.16,1,0,17.69
1519,T02,S1_CR,S1,CR,1,187.8,8.767,0.8,1.15,8.9,2,0,28.97
1520,T09,S4_CR,S4,CR,1,196.2,9.692,1.49,1.15,10.9,2,0,28.38
1521,T02,D2_S3,D2,S3,0,0.0,6.362,1.39,1.35,10.68,1,0,21.91
1522,T04,S2_CR,S2,CR,1,191.2,8.334,1.39,1.15,2.09,2,0,26.63
1523,T07,S3_D2,S3,D2,1,200.0,6.362,1.39,1.35,7.66,2,0,26.85
1524,T09,CR_S2,CR,S2,0,0.0,8.334,1.39,1.15,4.78,4,0,23.72
1525,T07,S2_CR,S2,CR,1,190.8,8.334,1.39,1.15,8.73,2,0,27.91
1526,T04,S3_CR,S3,CR,1,198.7,8.135,1.57,1.15,1.16,2,0,21.63
1527,T10,S4_D2,S4,D2,1,203.7,6.638,1.49,1.35,10.96,2,0,28.44
1528,T06,D2_S3,D2,S3,0,0.0,6.362,1.39,1.35,10.85,0,0,21.39
1529,T03,CR_S3,CR,S3,0,0.0,8.135,1.57,1.15,6.33,3,0,21.27
1530,T09,D2_S4,D2,S4,0,0.0,6.638,1.49,1.35,1.67,4,0,21.42
1531,T02,CR_S2,CR,S2,0,0.0,8.334,1.39,1.15,6.64,4,0,23.66
1532,T06,S3_CR,S3,CR,1,209.5,8.135,1.57,1.15,5.41,3,0,23.8
1533,T02,S4_CR,S4,CR,1,219.2,9.692,1.49,1.15,4.02,3,0,28.66
1534,T09,D2_S3,D2,S3,0,0.0,6.362,1.39,1.35,4.99,4,0,24.69
1535,T02,S4_CR,S4,CR,1,180.2,9.692,1.49,1.15,10.48,2,0,26.43
1536,T03,S4_D2,S4,D2,1,206.6,6.638,1.49,1.35,4.29,2,0,25.49
1537,T07,S4_D2,S4,D2,1,186.9,6.638,1.49,1.35,11.65,3,0,25.82
1538,T03,S4_D2,S4,D2,1,214.6,6.638,1.49,1.35,6.93,2,0,27.46
1539,T05,S4_D2,S4,D2,1,219.0,6.638,1.49,1.35,4.06,5,0,29.27
1540,T01,CR_S4,CR,S4,0,0.0,9.692,1.49,1.15,3.42,2,0,21.18
1541,T09,S2_CR,S2,CR,1,190.6,8.334,1.39,1.15,4.26,0,0,26.18
1542,T06,D2_S3,D2,S3,0,0.0,6.362,1.39,1.35,3.44,3,0,23.09
1543,T05,S3_D2,S3,D2,1,198.3,6.362,1.39,1.35,3.19,2,0,27.85
1544,T09,S3_CR,S3,CR,1,189.9,8.135,1.57,1.15,4.21,2,0,21.35
1545,T05,S2_CR,S2,CR,1,181.8,8.334,1.39,1.15,10.66,2,0,29.14
1546,T06,S1_CR,S1,CR,1,157.5,8.767,0.8,1.15,0.31,1,0,26.83
1547,T07,CR_S2,CR,S2,0,0.0,8.334,1.39,1.15,7.61,3,0,21.93
1548,T08,CR_S3,CR,S3,0,0.0,8.135,1.57,1.15,10.17,4,0,15.73
1549,T02,S4_D2,S4,D2,1,219.1,6.638,1.49,1.35,3.6,1,0,23.66
1550,T01,S3_CR,S3,CR,1,198.3,8.135,1.57,1.15,0.0,2,0,20.4
1551,T01,CR_S4,CR,S4,0,0.0,9.692,1.49,1.15,1.76,3,0,25.94
1552,T02,S1_CR,S1,CR,1,166.6,8.767,0.8,1.15,1.52,4,0,31.12
1553,T05,CR_S2,CR,S2,0,0.0,8.334,1.39,1.15,1.88,2,0,21.11
1554,T10,D2_S4,D2,S4,0,0.0,6.638,1.49,1.35,5.83,3,0,23.58
1555,T04,S4_D2,S4,D2,1,177.5,6.638,1.49,1.35,7.75,4,0,31.41
1556,T06,CR_S3,CR,S3,0,0.0,8.135,1.57,1.15,0.35,2,0,16.35
1557,T06,CR_S3,CR,S3,0,0.0,8.135,1.57,1.15,1.83,3,0,17.05
1558,T10,S2_CR,S2,CR,1,206.8,8.334,1.39,1.15,0.12,1,0,27.13
1559,T08,S3_D2,S3,D2,1,198.9,6.362,1.39,1.35,10.33,0,0,27.19
1560,T04,S3_CR,S3,CR,1,189.6,8.135,1.57,1.15,5.96,4,0,23.42
1561,T07,S4_CR,S4,CR,1,188.0,9.692,1.49,1.15,6.25,5,0,29.33
1562,T10,S4_CR,S4,CR,1,185.2,9.692,1.49,1.15,11.16,1,0,27.94
1563,T06,D2_S3,D2,S3,0,0.0,6.362,1.39,1.35,5.53,4,0,23.0
1564,T07,S4_CR,S4,CR,1,188.9,9.692,1.49,1.15,2.84,1,0,29.4
1565,T03,CR_S1,CR,S1,0,0.0,8.767,0.8,1.15,11.5,2,0,21.93
1566,T05,S2_CR,S2,CR,1,209.8,8.334,1.39,1.15,6.61,8,0,33.53
1567,T06,CR_S1,CR,S1,0,0.0,8.767,0.8,1.15,4.2,3,0,21.72
1568,T03,D2_S4,D2,S4,0,0.0,6.638,1.49,1.35,2.93,0,0,20.28
1569,T06,S4_CR,S4,CR,1,154.4,9.692,1.49,1.15,10.69,3,0,29.21
1570,T01,D2_S4,D2,S4,0,0.0,6.638,1.49,1.35,3.33,1,0,21.41
1571,T06,S2_CR,S2,CR,1,208.8,8.334,1.39,1.15,2.51,1,0,27.23
1572,T08,D2_S4,D2,S4,0,0.0,6.638,1.49,1.35,4.3,1,0,18.81
1573,T03,D2_S3,D2,S3,0,0.0,6.362,1.39,1.35,6.83,6,0,24.24
1574,T05,S4_CR,S4,CR,1,206.8,9.692,1.49,1.15,0.15,1,0,27.94
1575,T08,S2_CR,S2,CR,1,203.7,8.334,1.39,1.15,6.01,3,0,32.52
1576,T08,S4_D2,S4,D2,1,190.0,6.638,1.49,1.35,2.22,1,0,29.07
1577,T04,S4_CR,S4,CR,1,178.2,9.692,1.49,1.15,8.63,1,0,26.88
1578,T03,S4_CR,S4,CR,1,192.0,9.692,1.49,1.15,11.84,3,0,27.89
1579,T04,CR_S3,CR,S3,0,0.0,8.135,1.57,1.15,9.43,1,0,16.26
1580,T06,S4_CR,S4,CR,1,191.3,9.692,1.49,1.15,2.24,1,0,24.98
1581,T01,S4_D2,S4,D2,1,203.0,6.638,1.49,1.35,5.32,0,1,31.56
1582,T05,CR_S2,CR,S2,0,0.0,8.334,1.39,1.15,11.33,1,0,21.19
1583,T10,S4_D2,S4,D2,1,215.8,6.638,1.49,1.35,9.13,5,1,36.94
1584,T03,CR_S4,CR,S4,0,0.0,9.692,1.49,1.15,7.16,7,0,27.43
1585,T06,D2_S4,D2,S4,0,0.0,6.638,1.49,1.35,11.12,0,0,19.64
1586,T09,D2_S4,D2,S4,0,0.0,6.638,1.49,1.35,6.35,1,0,21.15
1587,T09,CR_S2,CR,S2,0,0.0,8.334,1.39,1.15,7.32,1,0,22.98
1588,T08,D2_S3,D2,S3,0,0.0,6.362,1.39,1.35,1.19,3,0,25.75
1589,T03,CR_S1,CR,S1,0,0.0,8.767,0.8,1.15,10.77,0,0,21.1
1590,T05,S4_D2,S4,D2,1,204.7,6.638,1.49,1.35,7.86,2,0,26.49
1591,T05,S2_CR,S2,CR,1,210.4,8.334,1.39,1.15,10.73,4,0,29.49
1592,T06,CR_S2,CR,S2,0,0.0,8.334,1.39,1.15,2.34,0,0,21.4
1593,T05,CR_S4,CR,S4,0,0.0,9.692,1.49,1.15,9.28,1,0,19.85
1594,T02,S4_D2,S4,D2,1,178.7,6.638,1.49,1.35,0.43,2,0,30.45
1595,T02,CR_S1,CR,S1,0,0.0,8.767,0.8,1.15,11.68,1,0,22.4
1596,T06,CR_S1,CR,S1,0,0.0,8.767,0.8,1.15,0.58,4,0,23.84
1597,T07,CR_S4,CR,S4,0,0.0,9.692,1.49,1.15,2.93,4,0,22.32
1598,T07,CR_S1,CR,S1,0,0.0,8.767,0.8,1.15,10.83,0,0,21.35
1599,T01,S4_CR,S4,CR,1,187.3,9.692,1.49,1.15,0.31,3,0,30.1
1600,T05,S4_D2,S4,D2,1,189.9,6.638,1.49,1.35,5.66,7,0,33.28
1601,T09,CR_S2,CR,S2,0,0.0,8.334,1.39,1.15,5.28,5,0,24.33
1602,T01,S3_CR,S3,CR,1,175.6,8.135,1.57,1.15,5.68,5,0,25.26
1603,T09,CR_S1,CR,S1,0,0.0,8.767,0.8,1.15,9.13,2,0,25.85
1604,T09,CR_S4,CR,S4,0,0.0,9.692,1.49,1.15,8.66,0,0,21.24
1605,T06,CR_S4,CR,S4,0,0.0,9.692,1.49,1.15,1.79,4,0,25.59
1606,T06,CR_S4,CR,S4,0,0.0,9.692,1.49,1.15,2.02,1,0,21.64
1607,T01,S4_D2,S4,D2,1,211.3,6.638,1.49,1.35,1.62,6,0,30.04
1608,T07,CR_S4,CR,S4,0,0.0,9.692,1.49,1.15,11.89,1,0,22.67
1609,T04,CR_S3,CR,S3,0,0.0,8.135,1.57,1.15,11.57,2,0,16.7
1610,T03,CR_S2,CR,S2,0,0.0,8.334,1.39,1.15,10.62,1,0,23.13
1611,T07,CR_S1,CR,S1,0,0.0,8.767,0.8,1.15,6.19,3,0,23.77
1612,T08,CR_S4,CR,S4,0,0.0,9.692,1.49,1.15,8.33,2,0,23.61
1613,T09,S3_CR,S3,CR,1,215.9,8.135,1.57,1.15,9.22,4,0,23.44
1614,T08,CR_S3,CR,S3,0,0.0,8.135,1.57,1.15,4.16,2,1,24.14
1615,T06,D2_S4,D2,S4,0,0.0,6.638,1.49,1.35,10.1,3,0,23.12
1616,T07,S2_CR,S2,CR,1,177.9,8.334,1.39,1.15,4.68,4,1,34.36
1617,T06,S4_CR,S4,CR,1,216.4,9.692,1.49,1.15,6.3,1,0,25.93
1618,T05,D2_S4,D2,S4,0,0.0,6.638,1.49,1.35,8.11,3,0,23.53
1619,T09,CR_S4,CR,S4,0,0.0,9.692,1.49,1.15,3.23,1,0,21.86
1620,T06,CR_S3,CR,S3,0,0.0,8.135,1.57,1.15,4.23,3,0,16.95
1621,T02,S4_D2,S4,D2,1,196.1,6.638,1.49,1.35,3.69,1,0,25.44
1622,T04,CR_S4,CR,S4,0,0.0,9.692,1.49,1.15,4.12,1,0,21.9
1623,T08,S3_D2,S3,D2,1,192.3,6.362,1.39,1.35,6.24,4,0,28.31
1624,T10,S4_CR,S4,CR,1,195.5,9.692,1.49,1.15,2.26,0,0,27.93
1625,T04,D2_S3,D2,S3,0,0.0,6.362,1.39,1.35,2.97,7,0,24.11
1626,T06,CR_S3,CR,S3,0,0.0,8.135,1.57,1.15,1.69,3,0,18.39
1627,T07,S3_CR,S3,CR,1,187.2,8.135,1.57,1.15,11.73,3,0,23.28
1628,T04,D2_S4,D2,S4,0,0.0,6.638,1.49,1.35,10.03,2,0,22.16
1629,T09,CR_S1,CR,S1,0,0.0,8.767,0.8,1.15,11.63,2,0,26.62
1630,T09,S4_D2,S4,D2,1,220.0,6.638,1.49,1.35,5.45,4,0,30.22
1631,T06,S3_CR,S3,CR,1,191.9,8.135,1.57,1.15,9.71,2,0,22.67
1632,T07,CR_S4,CR,S4,0,0.0,9.692,1.49,1.15,3.06,2,0,21.58
1633,T04,D2_S4,D2,S4,0,0.0,6.638,1.49,1.35,5.36,1,0,19.88
1634,T04,CR_S2,CR,S2,0,0.0,8.334,1.39,1.15,5.79,6,0,24.34
1635,T03,S4_D2,S4,D2,1,196.9,6.638,1.49,1.35,6.77,6,0,30.88
1636,T07,S4_D2,S4,D2,1,184.8,6.638,1.49,1.35,8.57,4,0,29.12
1637,T02,S3_D2,S3,D2,1,189.8,6.362,1.39,1.35,4.69,2,0,28.06
1638,T03,S1_CR,S1,CR,1,180.1,8.767,0.8,1.15,5.04,3,0,28.95
1639,T05,CR_S2,CR,S2,0,0.0,8.334,1.39,1.15,4.96,0,0,18.87
1640,T03,CR_S2,CR,S2,0,0.0,8.334,1.39,1.15,0.88,2,0,24.05
1641,T08,CR_S2,CR,S2,0,0.0,8.334,1.39,1.15,11.05,2,0,20.96
1642,T07,CR_S3,CR,S3,0,0.0,8.135,1.57,1.15,4.73,1,0,16.84
1643,T07,CR_S4,CR,S4,0,0.0,9.692,1.49,1.15,0.35,2,0,22.88
1644,T08,CR_S1,CR,S1,0,0.0,8.767,0.8,1.15,9.38,2,0,22.7
1645,T06,CR_S3,CR,S3,0,0.0,8.135,1.57,1.15,10.89,3,0,17.14
1646,T01,S3_D2,S3,D2,1,193.2,6.362,1.39,1.35,10.91,5,0,28.37
1647,T09,CR_S3,CR,S3,0,0.0,8.135,1.57,1.15,10.61,3,0,17.52
1648,T08,CR_S2,CR,S2,0,0.0,8.334,1.39,1.15,9.41,4,0,24.32
1649,T05,CR_S4,CR,S4,0,0.0,9.692,1.49,1.15,10.53,0,0,17.66
1650,T05,CR_S3,CR,S3,0,0.0,8.135,1.57,1.15,5.18,5,0,19.99
1651,T04,CR_S3,CR,S3,0,0.0,8.135,1.57,1.15,1.75,2,0,16.92
1652,T05,S1_CR,S1,CR,1,190.3,8.767,0.8,1.15,3.79,5,0,31.56
1653,T04,S4_D2,S4,D2,1,186.5,6.638,1.49,1.35,9.56,1,0,26.59
1654,T01,CR_S2,CR,S2,0,0.0,8.334,1.39,1.15,5.3,8,0,28.14
1655,T01,S3_D2,S3,D2,1,211.1,6.362,1.39,1.35,8.38,1,0,26.71
1656,T07,D2_S3,D2,S3,0,0.0,6.362,1.39,1.35,7.85,4,0,22.38
1657,T03,S1_CR,S1,CR,1,188.1,8.767,0.8,1.15,5.66,3,0,31.49
1658,T06,CR_S3,CR,S3,0,0.0,8.135,1.57,1.15,8.27,0,0,17.03
1659,T02,S4_CR,S4,CR,1,205.8,9.692,1.49,1.15,7.56,1,0,28.56
1660,T08,S1_CR,S1,CR,1,192.8,8.767,0.8,1.15,0.15,0,0,24.84
1661,T05,D2_S3,D2,S3,0,0.0,6.362,1.39,1.35,9.04,3,0,23.4
1662,T09,D2_S4,D2,S4,0,0.0,6.638,1.49,1.35,0.34,2,0,21.85
1663,T04,CR_S4,CR,S4,0,0.0,9.692,1.49,1.15,4.6,1,0,20.58
1664,T05,CR_S3,CR,S3,0,0.0,8.135,1.57,1.15,5.37,3,0,17.07
1665,T03,S4_CR,S4,CR,1,194.5,9.692,1.49,1.15,0.32,1,0,28.53
1666,T01,CR_S1,CR,S1,0,0.0,8.767,0.8,1.15,1.54,2,0,23.24
1667,T05,S2_CR,S2,CR,1,169.5,8.334,1.39,1.15,11.06,2,0,27.66
1668,T07,D2_S3,D2,S3,0,0.0,6.362,1.39,1.35,0.43,2,0,21.48
1669,T02,S1_CR,S1,CR,1,220.0,8.767,0.8,1.15,4.11,3,0,27.69
1670,T08,CR_S1,CR,S1,0,0.0,8.767,0.8,1.15,1.37,0,0,20.21
1671,T10,CR_S4,CR,S4,0,0.0,9.692,1.49,1.15,2.72,0,1,26.01
1672,T02,S1_CR,S1,CR,1,183.9,8.767,0.8,1.15,4.48,4,0,28.06
1673,T07,CR_S1,CR,S1,0,0.0,8.767,0.8,1.15,5.7,6,0,27.98
1674,T09,D2_S3,D2,S3,0,0.0,6.362,1.39,1.35,8.57,2,0,22.23
1675,T09,S1_CR,S1,CR,1,218.2,8.767,0.8,1.15,8.08,2,0,26.9
1676,T04,S3_D2,S3,D2,1,182.8,6.362,1.39,1.35,10.7,2,0,25.03
1677,T01,S3_D2,S3,D2,1,187.8,6.362,1.39,1.35,9.55,1,0,26.67
1678,T09,D2_S3,D2,S3,0,0.0,6.362,1.39,1.35,6.32,3,0,24.15
1679,T03,S3_D2,S3,D2,1,210.4,6.362,1.39,1.35,10.71,1,0,25.79
1680,T07,CR_S4,CR,S4,0,0.0,9.692,1.49,1.15,1.24,2,0,20.21
1681,T05,S3_CR,S3,CR,1,220.0,8.135,1.57,1.15,9.7,2,1,28.63
1682,T04,CR_S1,CR,S1,0,0.0,8.767,0.8,1.15,8.05,3,0,22.75
1683,T06,CR_S2,CR,S2,0,0.0,8.334,1.39,1.15,10.06,2,0,23.73
1684,T09,D2_S3,D2,S3,0,0.0,6.362,1.39,1.35,4.75,5,0,25.5
1685,T07,D2_S3,D2,S3,0,0.0,6.362,1.39,1.35,3.54,3,0,22.08
1686,T09,S3_D2,S3,D2,1,217.6,6.362,1.39,1.35,11.97,4,0,28.65
1687,T02,CR_S2,CR,S2,0,0.0,8.334,1.39,1.15,2.74,2,0,22.95
1688,T10,D2_S3,D2,S3,0,0.0,6.362,1.39,1.35,10.2,0,0,19.48
1689,T01,S1_CR,S1,CR,1,202.5,8.767,0.8,1.15,3.47,1,0,27.07
1690,T09,CR_S2,CR,S2,0,0.0,8.334,1.39,1.15,4.44,3,0,19.83
1691,T08,CR_S1,CR,S1,0,0.0,8.767,0.8,1.15,5.86,4,0,23.4
1692,T08,D2_S3,D2,S3,0,0.0,6.362,1.39,1.35,4.72,1,0,21.26
1693,T06,S4_CR,S4,CR,1,182.8,9.692,1.49,1.15,0.95,1,0,30.21
1694,T09,CR_S3,CR,S3,0,0.0,8.135,1.57,1.15,7.17,4,0,18.98
1695,T10,CR_S4,CR,S4,0,0.0,9.692,1.49,1.15,2.24,3,0,23.09
1696,T06,S2_CR,S2,CR,1,207.0,8.334,1.39,1.15,2.41,2,0,28.93
1697,T08,S4_D2,S4,D2,1,203.1,6.638,1.49,1.35,0.39,2,0,28.59
1698,T02,D2_S3,D2,S3,0,0.0,6.362,1.39,1.35,6.64,3,0,22.45
1699,T06,S4_D2,S4,D2,1,191.1,6.638,1.49,1.35,9.53,2,0,27.47
1700,T06,S4_CR,S4,CR,1,175.3,9.692,1.49,1.15,1.49,0,0,25.42
1701,T08,S3_D2,S3,D2,1,193.1,6.362,1.39,1.35,1.56,3,0,26.29
1702,T09,CR_S2,CR,S2,0,0.0,8.334,1.39,1.15,10.37,3,0,23.97
1703,T04,CR_S4,CR,S4,0,0.0,9.692,1.49,1.15,0.72,1,0,21.57
1704,T10,S3_D2,S3,D2,1,176.6,6.362,1.39,1.35,3.91,2,0,27.34
1705,T04,CR_S3,CR,S3,0,0.0,8.135,1.57,1.15,2.0,2,0,17.74
1706,T02,CR_S2,CR,S2,0,0.0,8.334,1.39,1.15,2.03,2,0,23.68
1707,T06,S1_CR,S1,CR,1,199.1,8.767,0.8,1.15,8.89,1,0,26.65
1708,T09,S1_CR,S1,CR,1,197.6,8.767,0.8,1.15,0.99,3,0,30.25
1709,T03,CR_S3,CR,S3,0,0.0,8.135,1.57,1.15,8.67,2,0,16.16
1710,T01,S2_CR,S2,CR,1,174.2,8.334,1.39,1.15,6.63,4,1,40.4
1711,T09,S3_D2,S3,D2,1,197.3,6.362,1.39,1.35,10.63,2,0,26.16
1712,T09,CR_S3,CR,S3,0,0.0,8.135,1.57,1.15,3.5,4,1,27.04
1713,T06,S3_D2,S3,D2,1,183.6,6.362,1.39,1.35,11.88,3,0,28.55
1714,T06,CR_S3,CR,S3,0,0.0,8.135,1.57,1.15,1.05,2,0,19.44
1715,T08,CR_S2,CR,S2,0,0.0,8.334,1.39,1.15,6.56,7,0,28.24
1716,T01,D2_S3,D2,S3,0,0.0,6.362,1.39,1.35,5.89,2,0,23.22
1717,T03,CR_S2,CR,S2,0,0.0,8.334,1.39,1.15,8.87,2,0,21.3
1718,T08,S3_D2,S3,D2,1,198.5,6.362,1.39,1.35,11.45,2,0,30.56
1719,T01,S1_CR,S1,CR,1,184.6,8.767,0.8,1.15,1.2,1,0,28.33
1720,T09,S3_CR,S3,CR,1,191.9,8.135,1.57,1.15,7.61,4,1,29.87
1721,T10,CR_S1,CR,S1,0,0.0,8.767,0.8,1.15,5.1,2,0,22.14
1722,T09,S2_CR,S2,CR,1,196.3,8.334,1.39,1.15,9.61,1,0,27.94
1723,T01,S4_D2,S4,D2,1,220.0,6.638,1.49,1.35,8.83,1,0,29.18
1724,T09,D2_S4,D2,S4,0,0.0,6.638,1.49,1.35,6.56,8,0,26.61
1725,T06,CR_S3,CR,S3,0,0.0,8.135,1.57,1.15,11.73,2,0,16.52
1726,T09,S2_CR,S2,CR,1,202.6,8.334,1.39,1.15,5.53,6,0,32.49
1727,T01,S2_CR,S2,CR,1,188.6,8.334,1.39,1.15,2.42,0,0,27.18
1728,T02,CR_S4,CR,S4,0,0.0,9.692,1.49,1.15,3.61,1,0,22.7
1729,T09,S1_CR,S1,CR,1,203.5,8.767,0.8,1.15,7.43,1,0,28.62
1730,T03,S3_CR,S3,CR,1,187.6,8.135,1.57,1.15,9.76,3,0,23.43
1731,T10,CR_S4,CR,S4,0,0.0,9.692,1.49,1.15,3.47,3,0,24.18
1732,T03,S4_D2,S4,D2,1,220.0,6.638,1.49,1.35,1.46,1,0,28.77
1733,T08,CR_S1,CR,S1,0,0.0,8.767,0.8,1.15,0.87,3,0,23.66
1734,T04,S3_CR,S3,CR,1,180.3,8.135,1.57,1.15,2.79,0,0,20.42
1735,T08,S1_CR,S1,CR,1,220.0,8.767,0.8,1.15,9.09,2,0,31.61
1736,T02,CR_S2,CR,S2,0,0.0,8.334,1.39,1.15,9.11,4,0,23.98
1737,T04,CR_S1,CR,S1,0,0.0,8.767,0.8,1.15,5.14,7,0,26.91
1738,T04,S4_D2,S4,D2,1,186.8,6.638,1.49,1.35,3.76,4,0,29.63
1739,T10,CR_S3,CR,S3,0,0.0,8.135,1.57,1.15,10.76,3,0,16.34
1740,T10,D2_S3,D2,S3,0,0.0,6.362,1.39,1.35,2.72,5,0,24.96
1741,T09,S4_CR,S4,CR,1,185.3,9.692,1.49,1.15,4.7,3,0,26.01
1742,T05,S2_CR,S2,CR,1,192.1,8.334,1.39,1.15,7.38,6,0,32.65
1743,T09,CR_S1,CR,S1,0,0.0,8.767,0.8,1.15,4.13,6,0,23.48
1744,T04,CR_S1,CR,S1,0,0.0,8.767,0.8,1.15,7.8,4,0,23.97
1745,T03,D2_S3,D2,S3,0,0.0,6.362,1.39,1.35,5.98,5,0,23.93
1746,T01,CR_S2,CR,S2,0,0.0,8.334,1.39,1.15,2.61,2,0,22.95
1747,T09,CR_S1,CR,S1,0,0.0,8.767,0.8,1.15,4.92,2,0,20.54
1748,T06,CR_S4,CR,S4,0,0.0,9.692,1.49,1.15,11.94,2,0,21.49
1749,T08,S4_D2,S4,D2,1,195.1,6.638,1.49,1.35,3.91,0,0,22.17
1750,T04,D2_S3,D2,S3,0,0.0,6.362,1.39,1.35,2.01,0,0,22.93
1751,T01,S1_CR,S1,CR,1,187.6,8.767,0.8,1.15,3.46,2,0,30.68
1752,T08,S3_CR,S3,CR,1,195.0,8.135,1.57,1.15,10.25,2,0,20.85
1753,T07,S3_D2,S3,D2,1,216.0,6.362,1.39,1.35,5.88,1,0,24.23
1754,T08,S1_CR,S1,CR,1,187.8,8.767,0.8,1.15,4.08,2,0,28.48
1755,T07,CR_S2,CR,S2,0,0.0,8.334,1.39,1.15,9.34,3,1,32.1
1756,T09,S3_D2,S3,D2,1,194.9,6.362,1.39,1.35,4.42,0,0,25.1
1757,T02,S3_CR,S3,CR,1,193.7,8.135,1.57,1.15,2.07,2,0,20.19
1758,T05,CR_S3,CR,S3,0,0.0,8.135,1.57,1.15,1.64,0,0,16.16
1759,T04,S4_CR,S4,CR,1,191.3,9.692,1.49,1.15,3.37,2,0,27.23
1760,T01,CR_S1,CR,S1,0,0.0,8.767,0.8,1.15,11.76,3,0,25.96
1761,T10,D2_S4,D2,S4,0,0.0,6.638,1.49,1.35,3.73,3,1,28.07
1762,T06,S3_CR,S3,CR,1,179.8,8.135,1.57,1.15,0.79,3,0,20.79
1763,T03,S4_CR,S4,CR,1,212.0,9.692,1.49,1.15,6.38,5,0,28.49
1764,T05,S3_D2,S3,D2,1,201.0,6.362,1.39,1.35,0.05,0,0,26.12
1765,T01,S3_CR,S3,CR,1,185.6,8.135,1.57,1.15,10.28,2,0,22.94
1766,T03,S3_D2,S3,D2,1,220.0,6.362,1.39,1.35,1.33,3,0,27.97
1767,T04,S3_CR,S3,CR,1,193.2,8.135,1.57,1.15,10.46,4,1,26.34
1768,T10,S3_CR,S3,CR,1,215.4,8.135,1.57,1.15,11.07,1,0,19.07
1769,T08,CR_S3,CR,S3,0,0.0,8.135,1.57,1.15,4.1,1,0,16.26
1770,T03,D2_S3,D2,S3,0,0.0,6.362,1.39,1.35,11.59,4,0,25.36
1771,T08,D2_S4,D2,S4,0,0.0,6.638,1.49,1.35,2.6,0,0,20.09
1772,T05,CR_S3,CR,S3,0,0.0,8.135,1.57,1.15,4.98,3,0,19.22
1773,T09,S3_CR,S3,CR,1,194.1,8.135,1.57,1.15,8.51,5,0,22.31
1774,T01,S4_D2,S4,D2,1,185.9,6.638,1.49,1.35,10.23,1,0,22.71
1775,T07,S1_CR,S1,CR,1,184.7,8.767,0.8,1.15,5.66,2,0,30.45
1776,T08,S2_CR,S2,CR,1,192.2,8.334,1.39,1.15,3.56,3,0,29.71
1777,T10,CR_S2,CR,S2,0,0.0,8.334,1.39,1.15,6.64,3,0,22.04
1778,T02,S4_CR,S4,CR,1,193.2,9.692,1.49,1.15,1.78,3,0,28.61
1779,T07,S3_D2,S3,D2,1,176.7,6.362,1.39,1.35,1.88,2,0,26.38
1780,T09,D2_S3,D2,S3,0,0.0,6.362,1.39,1.35,2.37,3,0,22.74
1781,T10,S4_D2,S4,D2,1,199.6,6.638,1.49,1.35,5.28,2,0,27.24
1782,T10,S3_D2,S3,D2,1,220.0,6.362,1.39,1.35,10.32,2,0,28.41
1783,T09,D2_S4,D2,S4,0,0.0,6.638,1.49,1.35,9.5,3,0,22.25
1784,T02,S3_CR,S3,CR,1,210.2,8.135,1.57,1.15,11.88,4,0,24.6
1785,T03,CR_S4,CR,S4,0,0.0,9.692,1.49,1.15,11.7,1,0,21.8
1786,T08,S2_CR,S2,CR,1,178.7,8.334,1.39,1.15,11.61,0,0,28.44
1787,T08,D2_S4,D2,S4,0,0.0,6.638,1.49,1.35,0.47,1,0,21.41
1788,T10,CR_S3,CR,S3,0,0.0,8.135,1.57,1.15,6.9,3,0,18.54
1789,T04,D2_S4,D2,S4,0,0.0,6.638,1.49,1.35,11.26,4,0,24.42
1790,T05,D2_S3,D2,S3,0,0.0,6.362,1.39,1.35,10.55,2,0,21.02
1791,T06,CR_S4,CR,S4,0,0.0,9.692,1.49,1.15,11.78,1,0,22.65
1792,T09,S3_CR,S3,CR,1,170.2,8.135,1.57,1.15,1.16,1,0,20.29
1793,T05,S2_CR,S2,CR,1,198.3,8.334,1.39,1.15,3.77,4,0,28.39
1794,T10,D2_S3,D2,S3,0,0.0,6.362,1.39,1.35,9.9,3,0,23.07
1795,T01,CR_S4,CR,S4,0,0.0,9.692,1.49,1.15,6.28,8,0,28.52
1796,T07,CR_S2,CR,S2,0,0.0,8.334,1.39,1.15,2.83,4,0,25.32
1797,T07,S3_D2,S3,D2,1,212.8,6.362,1.39,1.35,3.52,1,0,29.34
1798,T04,S4_CR,S4,CR,1,184.1,9.692,1.49,1.15,6.03,8,0,31.21
1799,T08,S3_CR,S3,CR,1,214.8,8.135,1.57,1.15,11.13,3,0,23.36
1800,T01,CR_S4,CR,S4,0,0.0,9.692,1.49,1.15,0.02,4,0,23.96
1801,T10,CR_S1,CR,S1,0,0.0,8.767,0.8,1.15,7.99,3,0,23.35
1802,T02,S4_CR,S4,CR,1,187.8,9.692,1.49,1.15,9.52,1,0,26.36
1803,T08,S4_D2,S4,D2,1,219.1,6.638,1.49,1.35,3.05,1,0,24.65
1804,T05,S2_CR,S2,CR,1,170.6,8.334,1.39,1.15,1.06,1,0,24.34
1805,T10,CR_S1,CR,S1,0,0.0,8.767,0.8,1.15,11.39,0,0,23.63
1806,T09,CR_S2,CR,S2,0,0.0,8.334,1.39,1.15,2.47,0,0,24.61
1807,T06,D2_S3,D2,S3,0,0.0,6.362,1.39,1.35,0.21,1,0,20.92
1808,T08,CR_S4,CR,S4,0,0.0,9.692,1.49,1.15,5.51,4,0,22.18
1809,T10,S4_D2,S4,D2,1,196.3,6.638,1.49,1.35,4.37,2,0,29.06
1810,T06,D2_S3,D2,S3,0,0.0,6.362,1.39,1.35,7.29,6,0,21.34
1811,T09,CR_S2,CR,S2,0,0.0,8.334,1.39,1.15,8.2,2,0,22.6
1812,T05,S3_CR,S3,CR,1,208.2,8.135,1.57,1.15,3.12,3,0,23.21
1813,T03,CR_S2,CR,S2,0,0.0,8.334,1.39,1.15,0.85,3,0,21.7
1814,T04,S4_D2,S4,D2,1,192.1,6.638,1.49,1.35,10.16,1,0,28.28
1815,T03,S2_CR,S2,CR,1,206.9,8.334,1.39,1.15,1.8,3,0,29.21
1816,T01,D2_S4,D2,S4,0,0.0,6.638,1.49,1.35,4.8,2,1,31.87
1817,T04,CR_S3,CR,S3,0,0.0,8.135,1.57,1.15,10.7,3,0,17.56
1818,T08,S4_D2,S4,D2,1,201.9,6.638,1.49,1.35,0.9,3,0,30.3
1819,T04,D2_S3,D2,S3,0,0.0,6.362,1.39,1.35,10.64,2,0,23.67
1820,T03,CR_S2,CR,S2,0,0.0,8.334,1.39,1.15,6.54,3,0,23.21
1821,T06,S4_CR,S4,CR,1,172.8,9.692,1.49,1.15,6.56,4,0,29.49
1822,T02,D2_S4,D2,S4,0,0.0,6.638,1.49,1.35,6.64,7,1,39.05
1823,T07,S2_CR,S2,CR,1,171.8,8.334,1.39,1.15,5.09,4,0,26.85
1824,T07,S3_CR,S3,CR,1,199.1,8.135,1.57,1.15,1.37,0,0,17.56
1825,T02,S3_CR,S3,CR,1,189.9,8.135,1.57,1.15,4.83,0,0,20.19
1826,T06,S2_CR,S2,CR,1,202.2,8.334,1.39,1.15,11.04,0,0,25.33
1827,T06,S1_CR,S1,CR,1,199.2,8.767,0.8,1.15,1.27,3,0,30.15
1828,T04,S4_CR,S4,CR,1,210.3,9.692,1.49,1.15,4.49,2,1,35.35
1829,T06,S3_CR,S3,CR,1,199.6,8.135,1.57,1.15,7.3,4,1,31.42
1830,T08,S2_CR,S2,CR,1,174.3,8.334,1.39,1.15,7.57,1,0,26.56
1831,T09,CR_S3,CR,S3,0,0.0,8.135,1.57,1.15,5.62,4,0,20.32
1832,T03,S3_CR,S3,CR,1,213.1,8.135,1.57,1.15,9.78,3,0,23.0
1833,T04,D2_S4,D2,S4,0,0.0,6.638,1.49,1.35,1.75,2,0,24.26
1834,T07,CR_S3,CR,S3,0,0.0,8.135,1.57,1.15,9.92,0,0,16.37
1835,T01,D2_S4,D2,S4,0,0.0,6.638,1.49,1.35,10.14,4,0,25.2
1836,T02,S4_CR,S4,CR,1,196.6,9.692,1.49,1.15,6.02,5,1,41.83
1837,T01,D2_S3,D2,S3,0,0.0,6.362,1.39,1.35,7.43,5,0,26.72
1838,T01,D2_S4,D2,S4,0,0.0,6.638,1.49,1.35,7.37,3,0,24.11
1839,T01,CR_S2,CR,S2,0,0.0,8.334,1.39,1.15,7.52,2,0,23.5
1840,T06,CR_S1,CR,S1,0,0.0,8.767,0.8,1.15,6.92,2,0,20.64
1841,T10,S3_D2,S3,D2,1,179.8,6.362,1.39,1.35,2.47,2,0,25.67
1842,T09,CR_S3,CR,S3,0,0.0,8.135,1.57,1.15,4.49,3,0,16.83
1843,T05,CR_S1,CR,S1,0,0.0,8.767,0.8,1.15,5.46,5,0,27.12
1844,T06,CR_S3,CR,S3,0,0.0,8.135,1.57,1.15,0.39,0,0,18.25
1845,T03,S4_CR,S4,CR,1,210.6,9.692,1.49,1.15,2.75,2,0,26.59
1846,T06,S4_D2,S4,D2,1,206.2,6.638,1.49,1.35,8.94,1,0,26.19
1847,T10,CR_S4,CR,S4,0,0.0,9.692,1.49,1.15,7.93,3,0,25.56
1848,T07,S1_CR,S1,CR,1,166.9,8.767,0.8,1.15,2.46,1,0,29.6
1849,T06,S4_D2,S4,D2,1,205.6,6.638,1.49,1.35,5.0,3,0,28.49
1850,T07,S3_D2,S3,D2,1,212.0,6.362,1.39,1.35,6.17,3,0,28.4
1851,T01,D2_S3,D2,S3,0,0.0,6.362,1.39,1.35,3.45,0,0,23.8
1852,T10,S1_CR,S1,CR,1,198.1,8.767,0.8,1.15,7.82,4,0,30.2
1853,T03,CR_S3,CR,S3,0,0.0,8.135,1.57,1.15,9.08,3,0,19.05
1854,T05,S1_CR,S1,CR,1,197.0,8.767,0.8,1.15,2.45,0,0,24.61
1855,T06,CR_S4,CR,S4,0,0.0,9.692,1.49,1.15,1.46,1,0,22.2
1856,T09,CR_S2,CR,S2,0,0.0,8.334,1.39,1.15,2.57,1,0,21.43
1857,T07,CR_S1,CR,S1,0,0.0,8.767,0.8,1.15,8.89,0,0,21.15
1858,T09,CR_S4,CR,S4,0,0.0,9.692,1.49,1.15,10.62,3,0,22.21
1859,T02,CR_S1,CR,S1,0,0.0,8.767,0.8,1.15,5.06,3,0,25.11
1860,T07,CR_S1,CR,S1,0,0.0,8.767,0.8,1.15,4.55,3,0,23.4
1861,T07,S4_CR,S4,CR,1,196.0,9.692,1.49,1.15,7.46,1,0,28.69
1862,T10,S4_CR,S4,CR,1,201.3,9.692,1.49,1.15,9.08,1,0,29.2
1863,T07,D2_S3,D2,S3,0,0.0,6.362,1.39,1.35,11.64,4,0,26.28
1864,T02,CR_S3,CR,S3,0,0.0,8.135,1.57,1.15,10.16,1,0,18.13
1865,T10,CR_S1,CR,S1,0,0.0,8.767,0.8,1.15,8.19,2,0,23.62
1866,T02,S4_D2,S4,D2,1,197.5,6.638,1.49,1.35,0.85,2,0,27.66
1867,T04,S1_CR,S1,CR,1,197.8,8.767,0.8,1.15,5.1,3,0,26.7
1868,T02,CR_S3,CR,S3,0,0.0,8.135,1.57,1.15,0.48,1,0,17.7
1869,T07,S3_CR,S3,CR,1,180.3,8.135,1.57,1.15,11.67,2,0,22.02
1870,T03,S3_D2,S3,D2,1,196.6,6.362,1.39,1.35,9.42,3,0,28.8
1871,T06,S4_CR,S4,CR,1,184.5,9.692,1.49,1.15,5.97,4,0,29.55
1872,T07,D2_S4,D2,S4,0,0.0,6.638,1.49,1.35,8.93,3,0,23.51
1873,T02,S2_CR,S2,CR,1,179.7,8.334,1.39,1.15,3.83,2,0,30.0
1874,T01,D2_S3,D2,S3,0,0.0,6.362,1.39,1.35,2.08,1,0,21.93
1875,T07,S2_CR,S2,CR,1,200.4,8.334,1.39,1.15,4.04,3,0,29.04
1876,T07,S4_CR,S4,CR,1,196.2,9.692,1.49,1.15,6.28,4,0,28.8
1877,T01,D2_S3,D2,S3,0,0.0,6.362,1.39,1.35,8.05,4,0,22.93
1878,T01,CR_S4,CR,S4,0,0.0,9.692,1.49,1.15,7.23,5,0,23.16
1879,T03,CR_S3,CR,S3,0,0.0,8.135,1.57,1.15,2.87,4,0,18.26
1880,T09,S1_CR,S1,CR,1,204.8,8.767,0.8,1.15,1.09,1,0,26.94
1881,T07,CR_S1,CR,S1,0,0.0,8.767,0.8,1.15,6.8,0,0,25.15
1882,T09,CR_S4,CR,S4,0,0.0,9.692,1.49,1.15,7.08,1,0,21.54
1883,T04,CR_S3,CR,S3,0,0.0,8.135,1.57,1.15,10.2,2,0,17.31
1884,T09,D2_S4,D2,S4,0,0.0,6.638,1.49,1.35,1.72,3,0,24.87
1885,T03,CR_S2,CR,S2,0,0.0,8.334,1.39,1.15,3.08,2,0,23.1
1886,T04,S1_CR,S1,CR,1,216.1,8.767,0.8,1.15,5.7,4,0,30.42
1887,T09,S4_CR,S4,CR,1,207.4,9.692,1.49,1.15,10.95,4,0,30.82
1888,T06,S2_CR,S2,CR,1,183.6,8.334,1.39,1.15,3.49,2,0,27.72
1889,T05,CR_S2,CR,S2,0,0.0,8.334,1.39,1.15,9.6,2,0,24.36
1890,T04,CR_S4,CR,S4,0,0.0,9.692,1.49,1.15,0.73,1,0,21.02
1891,T05,CR_S3,CR,S3,0,0.0,8.135,1.57,1.15,0.61,1,0,17.44
1892,T02,S2_CR,S2,CR,1,193.5,8.334,1.39,1.15,2.81,1,0,27.37
1893,T10,CR_S4,CR,S4,0,0.0,9.692,1.49,1.15,9.44,3,0,23.1
1894,T01,S3_CR,S3,CR,1,212.7,8.135,1.57,1.15,10.98,5,0,26.53
1895,T03,S4_D2,S4,D2,1,168.4,6.638,1.49,1.35,9.14,4,0,27.64
1896,T10,S4_D2,S4,D2,1,204.0,6.638,1.49,1.35,4.23,2,0,25.85
1897,T05,CR_S2,CR,S2,0,0.0,8.334,1.39,1.15,1.18,4,0,26.79
1898,T03,S1_CR,S1,CR,1,220.0,8.767,0.8,1.15,8.89,2,0,28.95
1899,T02,CR_S1,CR,S1,0,0.0,8.767,0.8,1.15,1.59,3,0,23.07
1900,T08,CR_S4,CR,S4,0,0.0,9.692,1.49,1.15,11.66,1,0,20.36
1901,T02,S4_D2,S4,D2,1,195.8,6.638,1.49,1.35,8.44,1,0,27.02
1902,T03,CR_S1,CR,S1,0,0.0,8.767,0.8,1.15,6.31,2,0,22.17
1903,T06,CR_S1,CR,S1,0,0.0,8.767,0.8,1.15,3.05,3,0,23.39
1904,T02,CR_S1,CR,S1,0,0.0,8.767,0.8,1.15,8.79,1,0,21.28
1905,T08,S1_CR,S1,CR,1,194.9,8.767,0.8,1.15,7.83,3,0,31.57
1906,T09,CR_S4,CR,S4,0,0.0,9.692,1.49,1.15,10.28,2,0,24.55
1907,T04,D2_S3,D2,S3,0,0.0,6.362,1.39,1.35,8.99,1,0,21.47
1908,T04,CR_S2,CR,S2,0,0.0,8.334,1.39,1.15,6.02,6,0,29.0
1909,T07,S4_CR,S4,CR,1,212.2,9.692,1.49,1.15,9.81,3,0,29.47
1910,T03,CR_S3,CR,S3,0,0.0,8.135,1.57,1.15,9.33,3,0,16.52
1911,T08,CR_S3,CR,S3,0,0.0,8.135,1.57,1.15,4.82,1,0,16.71
1912,T05,S4_CR,S4,CR,1,187.6,9.692,1.49,1.15,6.6,5,0,31.63
1913,T10,S1_CR,S1,CR,1,211.4,8.767,0.8,1.15,8.25,3,0,27.42
1914,T01,S3_CR,S3,CR,1,202.3,8.135,1.57,1.15,5.4,6,0,21.8
1915,T10,S4_D2,S4,D2,1,192.7,6.638,1.49,1.35,0.9,0,0,24.59
1916,T07,CR_S2,CR,S2,0,0.0,8.334,1.39,1.15,8.18,3,0,21.54
1917,T07,CR_S3,CR,S3,0,0.0,8.135,1.57,1.15,0.64,1,0,17.36
1918,T02,S1_CR,S1,CR,1,185.8,8.767,0.8,1.15,2.82,6,0,33.7
1919,T05,S2_CR,S2,CR,1,207.3,8.334,1.39,1.15,9.3,2,0,25.31
1920,T04,S4_D2,S4,D2,1,192.3,6.638,1.49,1.35,1.95,1,0,22.69
1921,T09,CR_S1,CR,S1,0,0.0,8.767,0.8,1.15,2.14,2,1,28.44
1922,T03,D2_S4,D2,S4,0,0.0,6.638,1.49,1.35,0.84,2,0,22.9
1923,T08,CR_S4,CR,S4,0,0.0,9.692,1.49,1.15,5.84,7,0,27.49
1924,T10,S4_CR,S4,CR,1,197.2,9.692,1.49,1.15,1.19,3,0,26.34
1925,T03,D2_S4,D2,S4,0,0.0,6.638,1.49,1.35,6.02,2,0,22.64
1926,T08,CR_S3,CR,S3,0,0.0,8.135,1.57,1.15,9.34,2,0,17.39
1927,T06,D2_S4,D2,S4,0,0.0,6.638,1.49,1.35,4.32,4,0,23.08
1928,T02,S1_CR,S1,CR,1,167.3,8.767,0.8,1.15,10.21,2,0,23.8
1929,T08,S4_CR,S4,CR,1,220.0,9.692,1.49,1.15,5.75,4,0,29.3
1930,T03,S3_D2,S3,D2,1,220.0,6.362,1.39,1.35,1.23,3,0,25.93
1931,T01,S1_CR,S1,CR,1,163.8,8.767,0.8,1.15,1.66,2,0,30.24
1932,T06,S4_D2,S4,D2,1,204.9,6.638,1.49,1.35,10.85,3,0,28.57
1933,T02,S4_D2,S4,D2,1,161.5,6.638,1.49,1.35,1.07,2,0,25.36
1934,T05,CR_S3,CR,S3,0,0.0,8.135,1.57,1.15,4.59,1,0,15.25
1935,T04,CR_S1,CR,S1,0,0.0,8.767,0.8,1.15,9.95,5,0,26.29
1936,T02,S2_CR,S2,CR,1,210.1,8.334,1.39,1.15,10.77,0,0,24.99
1937,T05,CR_S4,CR,S4,0,0.0,9.692,1.49,1.15,11.63,1,0,21.36
1938,T07,S3_CR,S3,CR,1,207.4,8.135,1.57,1.15,6.71,4,0,21.4
1939,T10,S1_CR,S1,CR,1,181.8,8.767,0.8,1.15,1.39,4,0,31.19
1940,T01,S3_D2,S3,D2,1,184.5,6.362,1.39,1.35,5.7,2,0,27.05
1941,T10,S3_D2,S3,D2,1,216.2,6.362,1.39,1.35,4.43,3,1,34.75
1942,T02,S3_CR,S3,CR,1,194.9,8.135,1.57,1.15,5.62,8,0,26.83
1943,T02,D2_S3,D2,S3,0,0.0,6.362,1.39,1.35,0.59,2,0,21.09
1944,T05,D2_S4,D2,S4,0,0.0,6.638,1.49,1.35,0.55,1,0,19.58
1945,T02,S4_CR,S4,CR,1,200.9,9.692,1.49,1.15,10.02,2,0,25.08
1946,T09,D2_S3,D2,S3,0,0.0,6.362,1.39,1.35,5.89,5,0,28.56
1947,T05,D2_S3,D2,S3,0,0.0,6.362,1.39,1.35,8.53,1,0,22.06
1948,T04,S4_D2,S4,D2,1,198.3,6.638,1.49,1.35,3.37,3,0,26.84
1949,T04,CR_S2,CR,S2,0,0.0,8.334,1.39,1.15,1.88,3,0,23.06
1950,T07,CR_S3,CR,S3,0,0.0,8.135,1.57,1.15,7.21,5,0,20.79
1951,T06,S3_CR,S3,CR,1,201.0,8.135,1.57,1.15,8.83,0,0,19.89
1952,T08,CR_S1,CR,S1,0,0.0,8.767,0.8,1.15,1.69,3,0,21.95
1953,T05,D2_S3,D2,S3,0,0.0,6.362,1.39,1.35,1.14,1,0,19.83
1954,T01,S4_CR,S4,CR,1,212.7,9.692,1.49,1.15,7.7,1,0,26.87
1955,T01,S2_CR,S2,CR,1,186.6,8.334,1.39,1.15,4.12,6,0,33.94
1956,T09,S3_D2,S3,D2,1,186.1,6.362,1.39,1.35,4.44,4,0,28.29
1957,T04,CR_S3,CR,S3,0,0.0,8.135,1.57,1.15,7.52,0,0,16.6
1958,T03,D2_S3,D2,S3,0,0.0,6.362,1.39,1.35,6.8,5,0,25.31
1959,T01,D2_S3,D2,S3,0,0.0,6.362,1.39,1.35,2.22,3,0,22.54
1960,T04,S1_CR,S1,CR,1,197.4,8.767,0.8,1.15,5.15,0,0,25.97
1961,T10,S1_CR,S1,CR,1,190.0,8.767,0.8,1.15,3.33,5,0,28.02
1962,T10,S4_D2,S4,D2,1,209.5,6.638,1.49,1.35,11.32,1,0,24.17
1963,T09,S1_CR,S1,CR,1,191.9,8.767,0.8,1.15,8.06,6,0,33.8
1964,T08,S1_CR,S1,CR,1,202.8,8.767,0.8,1.15,6.16,4,0,29.9
1965,T07,S4_CR,S4,CR,1,201.9,9.692,1.49,1.15,2.2,0,0,23.67
1966,T04,S3_D2,S3,D2,1,189.0,6.362,1.39,1.35,5.15,3,0,27.82
1967,T06,S3_D2,S3,D2,1,170.1,6.362,1.39,1.35,4.27,5,0,32.99
1968,T02,CR_S2,CR,S2,0,0.0,8.334,1.39,1.15,11.3,3,0,24.08
1969,T09,S3_CR,S3,CR,1,156.7,8.135,1.57,1.15,0.54,4,0,23.71
1970,T10,CR_S2,CR,S2,0,0.0,8.334,1.39,1.15,5.89,5,0,25.45
1971,T06,S4_CR,S4,CR,1,165.3,9.692,1.49,1.15,9.23,4,0,25.01
1972,T06,D2_S4,D2,S4,0,0.0,6.638,1.49,1.35,4.57,1,0,21.73
1973,T07,S3_D2,S3,D2,1,220.0,6.362,1.39,1.35,5.56,1,0,23.87
1974,T01,S3_CR,S3,CR,1,192.3,8.135,1.57,1.15,4.44,3,0,22.04
1975,T10,S3_D2,S3,D2,1,176.9,6.362,1.39,1.35,9.38,1,0,28.84
1976,T05,D2_S3,D2,S3,0,0.0,6.362,1.39,1.35,9.84,2,1,30.53
1977,T01,S2_CR,S2,CR,1,209.7,8.334,1.39,1.15,7.73,3,0,31.41
1978,T04,CR_S1,CR,S1,0,0.0,8.767,0.8,1.15,11.58,4,0,21.82
1979,T07,D2_S4,D2,S4,0,0.0,6.638,1.49,1.35,1.38,1,0,17.2
1980,T07,S3_D2,S3,D2,1,182.4,6.362,1.39,1.35,3.14,2,1,30.61
1981,T06,S4_CR,S4,CR,1,216.4,9.692,1.49,1.15,6.47,4,0,30.24
1982,T07,S3_D2,S3,D2,1,183.3,6.362,1.39,1.35,5.44,2,0,30.16
1983,T08,S4_CR,S4,CR,1,200.1,9.692,1.49,1.15,9.13,4,0,30.34
1984,T04,D2_S3,D2,S3,0,0.0,6.362,1.39,1.35,4.1,5,0,25.08
1985,T05,S1_CR,S1,CR,1,204.0,8.767,0.8,1.15,3.66,1,0,27.24
1986,T04,S4_D2,S4,D2,1,202.4,6.638,1.49,1.35,10.02,4,0,29.21
1987,T04,CR_S3,CR,S3,0,0.0,8.135,1.57,1.15,5.79,5,0,19.61
1988,T04,D2_S4,D2,S4,0,0.0,6.638,1.49,1.35,9.65,3,0,22.04
1989,T10,CR_S4,CR,S4,0,0.0,9.692,1.49,1.15,0.71,1,0,20.99
1990,T03,S2_CR,S2,CR,1,186.5,8.334,1.39,1.15,2.64,5,0,29.13
1991,T09,S3_D2,S3,D2,1,220.0,6.362,1.39,1.35,0.76,3,0,27.51
1992,T05,CR_S3,CR,S3,0,0.0,8.135,1.57,1.15,1.8,3,0,16.09
1993,T09,S3_CR,S3,CR,1,179.5,8.135,1.57,1.15,4.23,2,0,21.84
1994,T03,S2_CR,S2,CR,1,179.0,8.334,1.39,1.15,0.5,2,0,28.43
1995,T02,S4_CR,S4,CR,1,195.3,9.692,1.49,1.15,1.02,0,0,24.06
1996,T02,CR_S1,CR,S1,0,0.0,8.767,0.8,1.15,1.14,7,0,27.9
1997,T08,CR_S2,CR,S2,0,0.0,8.334,1.39,1.15,9.73,3,0,22.08
1998,T03,S4_CR,S4,CR,1,190.9,9.692,1.49,1.15,1.37,4,0,28.01
1999,T01,CR_S4,CR,S4,0,0.0,9.692,1.49,1.15,10.77,1,0,23.71
2000,T08,S2_CR,S2,CR,1,186.9,8.334,1.39,1.15,3.79,6,0,28.67
2001,T06,CR_S2,CR,S2,0,0.0,8.334,1.39,1.15,8.32,2,0,23.05
2002,T05,D2_S3,D2,S3,0,0.0,6.362,1.39,1.35,3.32,2,0,21.24
2003,T08,S1_CR,S1,CR,1,181.2,8.767,0.8,1.15,2.13,2,0,29.43
2004,T04,S4_D2,S4,D2,1,183.8,6.638,1.49,1.35,6.73,8,0,35.26
2005,T09,S1_CR,S1,CR,1,203.1,8.767,0.8,1.15,9.43,1,1,33.51
2006,T01,CR_S3,CR,S3,0,0.0,8.135,1.57,1.15,0.63,0,0,17.05
2007,T07,S2_CR,S2,CR,1,209.4,8.334,1.39,1.15,10.23,1,0,28.04
2008,T04,S3_D2,S3,D2,1,184.9,6.362,1.39,1.35,2.31,3,0,29.34
2009,T02,S1_CR,S1,CR,1,190.2,8.767,0.8,1.15,11.93,1,0,29.15
2010,T04,S1_CR,S1,CR,1,203.7,8.767,0.8,1.15,4.02,1,0,29.0
2011,T09,S4_CR,S4,CR,1,188.6,9.692,1.49,1.15,9.97,0,0,29.12
2012,T06,S4_D2,S4,D2,1,183.2,6.638,1.49,1.35,3.62,0,0,23.1
2013,T06,S4_D2,S4,D2,1,179.4,6.638,1.49,1.35,11.4,1,0,26.73
2014,T10,S3_CR,S3,CR,1,184.4,8.135,1.57,1.15,0.73,2,0,22.47
2015,T03,D2_S3,D2,S3,0,0.0,6.362,1.39,1.35,1.64,1,0,21.09
2016,T09,CR_S3,CR,S3,0,0.0,8.135,1.57,1.15,2.67,0,0,15.14
2017,T03,CR_S4,CR,S4,0,0.0,9.692,1.49,1.15,5.53,4,0,22.28
2018,T01,S4_D2,S4,D2,1,202.4,6.638,1.49,1.35,10.44,3,0,26.56
2019,T06,S4_D2,S4,D2,1,174.2,6.638,1.49,1.35,5.62,3,0,26.62
2020,T04,S2_CR,S2,CR,1,202.4,8.334,1.39,1.15,8.31,2,0,26.05
2021,T07,CR_S2,CR,S2,0,0.0,8.334,1.39,1.15,8.15,3,0,23.92
2022,T06,S4_CR,S4,CR,1,191.5,9.692,1.49,1.15,9.01,4,1,35.39
2023,T09,S2_CR,S2,CR,1,171.0,8.334,1.39,1.15,0.71,2,0,27.33
2024,T09,S1_CR,S1,CR,1,183.1,8.767,0.8,1.15,3.87,2,0,28.07
2025,T06,S4_CR,S4,CR,1,215.0,9.692,1.49,1.15,7.63,6,1,39.18
2026,T06,S2_CR,S2,CR,1,161.1,8.334,1.39,1.15,9.14,1,0,28.27
2027,T02,CR_S1,CR,S1,0,0.0,8.767,0.8,1.15,11.06,2,1,29.79
2028,T04,CR_S4,CR,S4,0,0.0,9.692,1.49,1.15,9.58,3,1,29.53
2029,T06,S4_D2,S4,D2,1,191.8,6.638,1.49,1.35,11.61,5,0,33.91
2030,T09,S3_D2,S3,D2,1,182.7,6.362,1.39,1.35,7.17,4,0,29.19
2031,T03,S3_CR,S3,CR,1,214.8,8.135,1.57,1.15,5.43,4,0,20.93
2032,T03,S4_CR,S4,CR,1,174.8,9.692,1.49,1.15,5.4,3,0,27.97
2033,T05,S4_CR,S4,CR,1,198.3,9.692,1.49,1.15,3.95,4,0,29.37
2034,T09,CR_S1,CR,S1,0,0.0,8.767,0.8,1.15,11.64,1,0,22.41
2035,T01,CR_S2,CR,S2,0,0.0,8.334,1.39,1.15,10.86,2,0,23.55
2036,T05,CR_S2,CR,S2,0,0.0,8.334,1.39,1.15,4.76,5,0,24.64
2037,T07,CR_S1,CR,S1,0,0.0,8.767,0.8,1.15,6.1,5,0,27.7
2038,T09,S2_CR,S2,CR,1,203.6,8.334,1.39,1.15,10.32,1,0,28.45
2039,T04,CR_S2,CR,S2,0,0.0,8.334,1.39,1.15,6.55,7,0,26.29
2040,T01,S4_D2,S4,D2,1,187.0,6.638,1.49,1.35,11.47,2,0,30.6
2041,T03,D2_S3,D2,S3,0,0.0,6.362,1.39,1.35,2.65,2,0,22.43
2042,T07,S4_D2,S4,D2,1,210.4,6.638,1.49,1.35,9.36,3,0,26.51
2043,T08,CR_S3,CR,S3,0,0.0,8.135,1.57,1.15,5.25,4,0,19.35
2044,T09,D2_S4,D2,S4,0,0.0,6.638,1.49,1.35,9.36,1,0,20.11
2045,T09,S4_D2,S4,D2,1,188.5,6.638,1.49,1.35,4.8,5,0,31.51
2046,T08,S3_D2,S3,D2,1,220.0,6.362,1.39,1.35,8.59,4,0,31.02
2047,T08,CR_S2,CR,S2,0,0.0,8.334,1.39,1.15,4.57,1,0,22.26
2048,T01,S3_D2,S3,D2,1,220.0,6.362,1.39,1.35,2.59,2,0,30.09
2049,T02,S3_CR,S3,CR,1,205.4,8.135,1.57,1.15,5.46,0,0,21.81
2050,T07,S3_CR,S3,CR,1,220.0,8.135,1.57,1.15,4.85,5,0,22.54
2051,T10,S3_D2,S3,D2,1,220.0,6.362,1.39,1.35,11.51,1,0,26.15
2052,T01,S2_CR,S2,CR,1,202.9,8.334,1.39,1.15,6.61,8,0,30.56
2053,T04,CR_S3,CR,S3,0,0.0,8.135,1.57,1.15,8.53,2,0,17.53
2054,T01,S2_CR,S2,CR,1,193.0,8.334,1.39,1.15,6.34,6,0,32.36
2055,T03,S4_D2,S4,D2,1,203.0,6.638,1.49,1.35,11.36,2,0,27.27
2056,T04,S4_CR,S4,CR,1,199.8,9.692,1.49,1.15,1.7,2,0,26.68
2057,T10,CR_S3,CR,S3,0,0.0,8.135,1.57,1.15,5.57,5,0,21.35
2058,T10,S2_CR,S2,CR,1,179.5,8.334,1.39,1.15,4.63,8,0,32.14
2059,T07,S3_CR,S3,CR,1,195.4,8.135,1.57,1.15,11.06,4,0,23.2
2060,T05,CR_S2,CR,S2,0,0.0,8.334,1.39,1.15,7.48,4,0,22.02
2061,T05,S3_D2,S3,D2,1,219.3,6.362,1.39,1.35,11.12,2,0,27.02
2062,T09,D2_S3,D2,S3,0,0.0,6.362,1.39,1.35,2.02,1,0,20.4
2063,T03,CR_S3,CR,S3,0,0.0,8.135,1.57,1.15,6.27,5,0,19.42
2064,T08,S1_CR,S1,CR,1,186.3,8.767,0.8,1.15,9.53,3,0,27.44
2065,T10,S3_CR,S3,CR,1,202.6,8.135,1.57,1.15,5.67,1,0,21.37
2066,T02,S4_D2,S4,D2,1,194.5,6.638,1.49,1.35,7.14,5,0,30.06
2067,T05,D2_S4,D2,S4,0,0.0,6.638,1.49,1.35,11.74,3,0,23.5
2068,T06,S3_CR,S3,CR,1,212.6,8.135,1.57,1.15,3.03,0,0,19.72
2069,T04,D2_S4,D2,S4,0,0.0,6.638,1.49,1.35,11.11,2,0,21.6
2070,T06,S4_CR,S4,CR,1,217.5,9.692,1.49,1.15,9.95,4,0,30.7
2071,T07,S1_CR,S1,CR,1,208.2,8.767,0.8,1.15,0.19,1,0,26.2
2072,T04,S4_D2,S4,D2,1,208.3,6.638,1.49,1.35,9.31,4,0,29.47
2073,T02,S1_CR,S1,CR,1,180.5,8.767,0.8,1.15,11.37,1,0,29.17
2074,T01,CR_S3,CR,S3,0,0.0,8.135,1.57,1.15,8.76,3,0,15.92
2075,T02,CR_S3,CR,S3,0,0.0,8.135,1.57,1.15,1.08,2,0,18.72
2076,T10,CR_S3,CR,S3,0,0.0,8.135,1.57,1.15,1.01,0,0,14.51
2077,T06,CR_S4,CR,S4,0,0.0,9.692,1.49,1.15,8.6,3,0,24.68
2078,T10,S3_D2,S3,D2,1,220.0,6.362,1.39,1.35,4.46,7,0,32.1
2079,T07,S2_CR,S2,CR,1,186.4,8.334,1.39,1.15,5.17,5,0,31.74
2080,T01,CR_S4,CR,S4,0,0.0,9.692,1.49,1.15,1.04,3,0,23.65
2081,T01,S4_CR,S4,CR,1,175.9,9.692,1.49,1.15,1.66,2,0,24.99
2082,T03,S4_CR,S4,CR,1,182.9,9.692,1.49,1.15,10.79,4,0,29.2
2083,T04,S3_D2,S3,D2,1,194.3,6.362,1.39,1.35,0.68,4,0,27.05
2084,T05,S1_CR,S1,CR,1,208.0,8.767,0.8,1.15,5.15,4,0,29.49
2085,T06,S4_D2,S4,D2,1,175.8,6.638,1.49,1.35,11.03,3,0,26.52
2086,T07,CR_S4,CR,S4,0,0.0,9.692,1.49,1.15,10.99,2,0,21.21
2087,T05,CR_S1,CR,S1,0,0.0,8.767,0.8,1.15,4.49,4,0,24.38
2088,T02,CR_S1,CR,S1,0,0.0,8.767,0.8,1.15,9.72,5,0,25.34
2089,T05,S2_CR,S2,CR,1,178.4,8.334,1.39,1.15,0.89,2,0,26.0
2090,T05,CR_S1,CR,S1,0,0.0,8.767,0.8,1.15,3.46,0,0,20.12
2091,T04,CR_S2,CR,S2,0,0.0,8.334,1.39,1.15,7.03,4,0,23.91
2092,T08,D2_S3,D2,S3,0,0.0,6.362,1.39,1.35,11.34,3,1,28.33
2093,T05,D2_S3,D2,S3,0,0.0,6.362,1.39,1.35,9.28,5,0,23.62
2094,T07,CR_S3,CR,S3,0,0.0,8.135,1.57,1.15,0.09,4,0,18.08
2095,T04,S4_D2,S4,D2,1,207.8,6.638,1.49,1.35,0.72,0,0,24.89
2096,T10,S4_D2,S4,D2,1,195.1,6.638,1.49,1.35,6.19,5,0,25.28
2097,T04,D2_S4,D2,S4,0,0.0,6.638,1.49,1.35,5.26,5,0,24.05
2098,T05,CR_S3,CR,S3,0,0.0,8.135,1.57,1.15,10.74,2,0,17.12
2099,T09,CR_S2,CR,S2,0,0.0,8.334,1.39,1.15,3.66,4,0,23.52
2100,T03,D2_S4,D2,S4,0,0.0,6.638,1.49,1.35,6.04,4,0,22.93
2101,T02,CR_S1,CR,S1,0,0.0,8.767,0.8,1.15,3.81,3,0,25.91
2102,T03,S1_CR,S1,CR,1,202.5,8.767,0.8,1.15,10.76,1,0,29.04
2103,T02,CR_S4,CR,S4,0,0.0,9.692,1.49,1.15,8.7,4,0,22.86
2104,T04,S1_CR,S1,CR,1,173.3,8.767,0.8,1.15,8.6,2,0,29.6
2105,T02,S3_CR,S3,CR,1,190.1,8.135,1.57,1.15,6.27,4,0,22.73
2106,T03,CR_S4,CR,S4,0,0.0,9.692,1.49,1.15,7.71,2,0,21.95
2107,T05,S3_D2,S3,D2,1,194.1,6.362,1.39,1.35,0.83,3,0,27.74
2108,T02,S4_D2,S4,D2,1,186.8,6.638,1.49,1.35,4.03,4,0,32.07
2109,T03,S3_CR,S3,CR,1,175.4,8.135,1.57,1.15,8.12,4,0,23.61
2110,T05,CR_S1,CR,S1,0,0.0,8.767,0.8,1.15,2.04,0,0,23.33
2111,T06,D2_S4,D2,S4,0,0.0,6.638,1.49,1.35,11.83,2,0,21.55
2112,T04,D2_S3,D2,S3,0,0.0,6.362,1.39,1.35,6.09,4,0,23.75
2113,T06,D2_S4,D2,S4,0,0.0,6.638,1.49,1.35,2.1,2,0,20.41
2114,T05,D2_S4,D2,S4,0,0.0,6.638,1.49,1.35,11.7,5,0,24.69
2115,T09,S3_CR,S3,CR,1,200.8,8.135,1.57,1.15,3.92,2,0,20.88
2116,T04,S4_CR,S4,CR,1,220.0,9.692,1.49,1.15,0.51,4,0,28.98
2117,T06,D2_S3,D2,S3,0,0.0,6.362,1.39,1.35,1.19,1,0,20.77
2118,T06,S2_CR,S2,CR,1,186.8,8.334,1.39,1.15,5.4,3,0,26.41
2119,T02,S4_D2,S4,D2,1,220.0,6.638,1.49,1.35,8.56,4,0,30.99
2120,T02,S4_D2,S4,D2,1,220.0,6.638,1.49,1.35,3.95,6,0,30.32
2121,T10,S4_D2,S4,D2,1,220.0,6.638,1.49,1.35,11.73,2,0,26.53
2122,T09,S4_D2,S4,D2,1,179.3,6.638,1.49,1.35,4.64,2,0,27.56
2123,T08,S1_CR,S1,CR,1,207.8,8.767,0.8,1.15,8.26,5,0,31.31
2124,T02,S4_CR,S4,CR,1,177.7,9.692,1.49,1.15,6.41,5,0,29.43
2125,T04,D2_S4,D2,S4,0,0.0,6.638,1.49,1.35,3.49,3,0,24.26
2126,T05,CR_S1,CR,S1,0,0.0,8.767,0.8,1.15,4.98,1,0,22.48
2127,T08,S4_D2,S4,D2,1,213.2,6.638,1.49,1.35,8.49,3,0,26.5
2128,T09,CR_S3,CR,S3,0,0.0,8.135,1.57,1.15,0.15,5,0,21.04
2129,T07,CR_S4,CR,S4,0,0.0,9.692,1.49,1.15,1.52,5,0,24.53
2130,T02,D2_S3,D2,S3,0,0.0,6.362,1.39,1.35,7.79,2,0,22.23
2131,T04,CR_S3,CR,S3,0,0.0,8.135,1.57,1.15,3.15,1,0,17.77
2132,T03,CR_S1,CR,S1,0,0.0,8.767,0.8,1.15,10.76,5,0,26.19
2133,T10,S3_D2,S3,D2,1,201.0,6.362,1.39,1.35,10.01,1,0,24.9
2134,T06,S3_D2,S3,D2,1,199.2,6.362,1.39,1.35,5.32,1,0,30.76
2135,T08,CR_S1,CR,S1,0,0.0,8.767,0.8,1.15,2.65,1,0,22.8
2136,T05,S4_D2,S4,D2,1,185.8,6.638,1.49,1.35,4.61,4,0,27.46
2137,T05,D2_S4,D2,S4,0,0.0,6.638,1.49,1.35,0.72,3,0,23.51
2138,T08,S2_CR,S2,CR,1,206.5,8.334,1.39,1.15,4.81,3,0,27.94
2139,T02,CR_S1,CR,S1,0,0.0,8.767,0.8,1.15,0.54,2,0,22.69
2140,T02,CR_S2,CR,S2,0,0.0,8.334,1.39,1.15,11.96,1,0,21.88
2141,T06,S3_D2,S3,D2,1,175.1,6.362,1.39,1.35,6.73,4,0,26.8
2142,T02,D2_S3,D2,S3,0,0.0,6.362,1.39,1.35,10.46,2,0,24.09
2143,T04,CR_S4,CR,S4,0,0.0,9.692,1.49,1.15,3.72,2,1,27.07
2144,T08,D2_S3,D2,S3,0,0.0,6.362,1.39,1.35,10.74,2,0,22.71
2145,T07,D2_S4,D2,S4,0,0.0,6.638,1.49,1.35,7.28,4,0,19.52
2146,T07,S2_CR,S2,CR,1,220.0,8.334,1.39,1.15,5.13,3,0,27.92
2147,T04,D2_S3,D2,S3,0,0.0,6.362,1.39,1.35,2.78,2,0,21.93
2148,T02,CR_S4,CR,S4,0,0.0,9.692,1.49,1.15,11.18,2,0,20.67
2149,T10,S4_CR,S4,CR,1,175.0,9.692,1.49,1.15,1.76,1,0,29.04
2150,T10,CR_S3,CR,S3,0,0.0,8.135,1.57,1.15,7.09,5,0,18.93
2151,T04,CR_S1,CR,S1,0,0.0,8.767,0.8,1.15,4.18,4,0,25.68
2152,T09,CR_S3,CR,S3,0,0.0,8.135,1.57,1.15,6.86,3,0,18.88
2153,T08,S3_D2,S3,D2,1,219.8,6.362,1.39,1.35,8.32,1,0,25.74
2154,T02,S3_CR,S3,CR,1,206.7,8.135,1.57,1.15,4.58,2,0,21.22
2155,T08,CR_S3,CR,S3,0,0.0,8.135,1.57,1.15,4.45,3,0,18.99
2156,T10,CR_S3,CR,S3,0,0.0,8.135,1.57,1.15,3.41,2,0,18.21
2157,T02,S3_CR,S3,CR,1,180.1,8.135,1.57,1.15,1.2,3,0,24.79
2158,T04,S1_CR,S1,CR,1,189.2,8.767,0.8,1.15,3.66,2,0,29.89
2159,T07,CR_S1,CR,S1,0,0.0,8.767,0.8,1.15,9.68,3,0,21.55
2160,T10,CR_S4,CR,S4,0,0.0,9.692,1.49,1.15,0.48,3,0,24.95
2161,T06,S3_CR,S3,CR,1,210.3,8.135,1.57,1.15,7.08,2,0,21.54
2162,T01,CR_S1,CR,S1,0,0.0,8.767,0.8,1.15,7.85,1,0,20.8
2163,T07,S1_CR,S1,CR,1,184.4,8.767,0.8,1.15,7.4,3,0,28.66
2164,T07,CR_S2,CR,S2,0,0.0,8.334,1.39,1.15,2.04,4,0,25.82
2165,T05,CR_S1,CR,S1,0,0.0,8.767,0.8,1.15,8.22,4,0,23.41
2166,T10,CR_S3,CR,S3,0,0.0,8.135,1.57,1.15,6.14,6,0,20.62
2167,T08,CR_S1,CR,S1,0,0.0,8.767,0.8,1.15,8.23,3,0,23.04
2168,T03,D2_S4,D2,S4,0,0.0,6.638,1.49,1.35,9.57,2,0,21.2
2169,T05,S3_CR,S3,CR,1,220.0,8.135,1.57,1.15,8.53,2,0,21.95
2170,T05,CR_S4,CR,S4,0,0.0,9.692,1.49,1.15,1.43,0,0,19.91
2171,T06,S3_D2,S3,D2,1,191.0,6.362,1.39,1.35,5.01,3,0,26.45
2172,T07,S4_CR,S4,CR,1,176.9,9.692,1.49,1.15,1.2,4,0,29.51
2173,T03,D2_S3,D2,S3,0,0.0,6.362,1.39,1.35,6.22,3,0,25.47
2174,T06,S1_CR,S1,CR,1,198.6,8.767,0.8,1.15,7.77,3,0,27.02
2175,T09,CR_S1,CR,S1,0,0.0,8.767,0.8,1.15,7.28,5,0,29.24
2176,T08,S3_CR,S3,CR,1,189.6,8.135,1.57,1.15,9.26,1,0,19.02
2177,T02,CR_S1,CR,S1,0,0.0,8.767,0.8,1.15,5.25,2,0,22.94
2178,T06,CR_S3,CR,S3,0,0.0,8.135,1.57,1.15,4.34,1,0,17.02
2179,T04,CR_S2,CR,S2,0,0.0,8.334,1.39,1.15,7.93,3,0,24.39
2180,T03,S4_D2,S4,D2,1,181.5,6.638,1.49,1.35,6.13,7,1,36.11
2181,T09,CR_S3,CR,S3,0,0.0,8.135,1.57,1.15,9.11,1,0,16.29
2182,T01,S4_D2,S4,D2,1,189.8,6.638,1.49,1.35,6.95,3,0,29.34
2183,T05,S3_CR,S3,CR,1,210.1,8.135,1.57,1.15,1.02,4,0,23.0
2184,T01,S4_D2,S4,D2,1,220.0,6.638,1.49,1.35,8.57,1,0,26.29
2185,T05,CR_S1,CR,S1,0,0.0,8.767,0.8,1.15,8.97,2,1,30.74
2186,T04,S3_D2,S3,D2,1,195.2,6.362,1.39,1.35,3.26,2,0,25.59
2187,T08,S4_CR,S4,CR,1,193.5,9.692,1.49,1.15,4.05,1,0,27.51
2188,T02,S4_D2,S4,D2,1,191.4,6.638,1.49,1.35,1.03,1,0,25.82
2189,T04,CR_S2,CR,S2,0,0.0,8.334,1.39,1.15,2.1,2,0,24.79
2190,T06,S3_D2,S3,D2,1,170.0,6.362,1.39,1.35,4.83,4,0,27.78
2191,T09,D2_S3,D2,S3,0,0.0,6.362,1.39,1.35,6.87,3,0,23.36
2192,T10,CR_S2,CR,S2,0,0.0,8.334,1.39,1.15,8.31,2,0,21.61
2193,T08,S1_CR,S1,CR,1,201.2,8.767,0.8,1.15,9.59,4,0,27.11
2194,T01,S3_CR,S3,CR,1,200.7,8.135,1.57,1.15,11.04,1,0,19.34
2195,T10,S2_CR,S2,CR,1,200.4,8.334,1.39,1.15,11.14,1,0,27.42
2196,T04,CR_S2,CR,S2,0,0.0,8.334,1.39,1.15,9.1,4,0,22.47
2197,T06,S1_CR,S1,CR,1,194.8,8.767,0.8,1.15,10.81,1,0,26.27
2198,T01,CR_S2,CR,S2,0,0.0,8.334,1.39,1.15,8.76,1,0,24.06
2199,T07,CR_S3,CR,S3,0,0.0,8.135,1.57,1.15,1.4,2,1,20.57
2200,T01,CR_S4,CR,S4,0,0.0,9.692,1.49,1.15,9.53,2,1,31.36
2201,T08,CR_S1,CR,S1,0,0.0,8.767,0.8,1.15,4.09,1,1,26.5
2202,T06,S4_CR,S4,CR,1,166.1,9.692,1.49,1.15,6.78,3,0,28.56
2203,T09,CR_S2,CR,S2,0,0.0,8.334,1.39,1.15,2.42,3,0,22.03
2204,T04,S4_D2,S4,D2,1,185.9,6.638,1.49,1.35,10.92,0,0,22.89
2205,T03,D2_S3,D2,S3,0,0.0,6.362,1.39,1.35,2.75,2,0,24.45
2206,T02,CR_S1,CR,S1,0,0.0,8.767,0.8,1.15,3.82,2,0,21.7
2207,T09,CR_S3,CR,S3,0,0.0,8.135,1.57,1.15,8.29,2,0,17.69
2208,T10,CR_S3,CR,S3,0,0.0,8.135,1.57,1.15,7.2,4,1,24.73
2209,T09,CR_S1,CR,S1,0,0.0,8.767,0.8,1.15,8.73,3,0,20.95
2210,T04,S1_CR,S1,CR,1,193.0,8.767,0.8,1.15,3.46,1,0,27.23
2211,T07,S3_D2,S3,D2,1,184.7,6.362,1.39,1.35,8.78,2,0,26.76
2212,T01,CR_S4,CR,S4,0,0.0,9.692,1.49,1.15,11.38,3,0,24.69
2213,T04,S4_CR,S4,CR,1,163.9,9.692,1.49,1.15,11.31,3,0,28.48
2214,T03,S3_CR,S3,CR,1,208.7,8.135,1.57,1.15,11.81,6,0,24.26
2215,T06,CR_S1,CR,S1,0,0.0,8.767,0.8,1.15,7.68,4,0,24.22
2216,T02,S3_CR,S3,CR,1,211.4,8.135,1.57,1.15,10.94,3,0,23.72
2217,T08,CR_S1,CR,S1,0,0.0,8.767,0.8,1.15,5.57,5,0,24.66
2218,T08,CR_S4,CR,S4,0,0.0,9.692,1.49,1.15,2.22,5,0,24.83
2219,T07,S3_D2,S3,D2,1,203.2,6.362,1.39,1.35,6.36,1,0,27.75
2220,T03,S4_D2,S4,D2,1,201.1,6.638,1.49,1.35,2.9,6,0,31.44
2221,T07,D2_S4,D2,S4,0,0.0,6.638,1.49,1.35,7.18,2,0,23.42
2222,T08,S4_D2,S4,D2,1,188.0,6.638,1.49,1.35,9.06,3,0,30.01
2223,T05,CR_S2,CR,S2,0,0.0,8.334,1.39,1.15,5.09,1,0,22.4
2224,T06,S1_CR,S1,CR,1,202.8,8.767,0.8,1.15,3.38,0,0,27.97
2225,T08,CR_S4,CR,S4,0,0.0,9.692,1.49,1.15,10.04,1,0,19.68
2226,T09,S3_CR,S3,CR,1,203.7,8.135,1.57,1.15,2.8,3,0,21.45
2227,T10,S3_CR,S3,CR,1,166.2,8.135,1.57,1.15,0.84,5,0,21.52
2228,T05,S3_CR,S3,CR,1,212.0,8.135,1.57,1.15,3.94,5,0,25.33
2229,T09,D2_S3,D2,S3,0,0.0,6.362,1.39,1.35,7.68,1,0,20.75
2230,T05,S3_D2,S3,D2,1,202.3,6.362,1.39,1.35,7.27,4,0,30.52
2231,T03,S3_D2,S3,D2,1,189.6,6.362,1.39,1.35,11.89,3,0,32.1
2232,T09,S2_CR,S2,CR,1,207.2,8.334,1.39,1.15,9.03,1,0,26.74
2233,T07,CR_S2,CR,S2,0,0.0,8.334,1.39,1.15,6.04,4,0,23.24
2234,T09,S2_CR,S2,CR,1,166.6,8.334,1.39,1.15,9.19,2,0,28.12
2235,T02,CR_S1,CR,S1,0,0.0,8.767,0.8,1.15,10.99,2,0,22.3
2236,T08,S3_D2,S3,D2,1,190.3,6.362,1.39,1.35,0.05,2,0,26.88
2237,T04,CR_S3,CR,S3,0,0.0,8.135,1.57,1.15,10.28,3,0,17.13
2238,T07,CR_S2,CR,S2,0,0.0,8.334,1.39,1.15,10.19,2,0,21.01
2239,T04,CR_S3,CR,S3,0,0.0,8.135,1.57,1.15,8.08,1,0,18.92
2240,T09,CR_S3,CR,S3,0,0.0,8.135,1.57,1.15,3.7,3,0,16.6
2241,T08,D2_S3,D2,S3,0,0.0,6.362,1.39,1.35,2.15,3,0,22.02
2242,T01,D2_S4,D2,S4,0,0.0,6.638,1.49,1.35,5.23,4,0,23.47
2243,T07,CR_S4,CR,S4,0,0.0,9.692,1.49,1.15,9.4,1,0,23.31
2244,T08,CR_S3,CR,S3,0,0.0,8.135,1.57,1.15,7.88,3,0,16.97
2245,T02,S4_CR,S4,CR,1,170.0,9.692,1.49,1.15,5.34,5,0,26.58
2246,T10,D2_S4,D2,S4,0,0.0,6.638,1.49,1.35,10.38,0,0,19.17
2247,T08,CR_S2,CR,S2,0,0.0,8.334,1.39,1.15,3.56,2,0,20.48
2248,T08,CR_S4,CR,S4,0,0.0,9.692,1.49,1.15,3.39,3,0,24.25
2249,T10,CR_S1,CR,S1,0,0.0,8.767,0.8,1.15,11.63,4,0,24.62
2250,T10,CR_S3,CR,S3,0,0.0,8.135,1.57,1.15,6.28,2,0,17.15
2251,T01,S3_CR,S3,CR,1,186.9,8.135,1.57,1.15,1.63,1,0,20.67
2252,T05,S4_D2,S4,D2,1,185.6,6.638,1.49,1.35,7.28,3,0,30.17
2253,T09,CR_S3,CR,S3,0,0.0,8.135,1.57,1.15,1.01,0,0,15.85
2254,T07,CR_S3,CR,S3,0,0.0,8.135,1.57,1.15,1.58,5,1,27.41
2255,T10,D2_S3,D2,S3,0,0.0,6.362,1.39,1.35,10.56,1,0,20.41
2256,T07,S3_D2,S3,D2,1,203.7,6.362,1.39,1.35,11.63,2,0,26.91
2257,T04,S4_D2,S4,D2,1,204.5,6.638,1.49,1.35,6.38,2,0,27.68
2258,T06,D2_S4,D2,S4,0,0.0,6.638,1.49,1.35,5.08,2,1,28.56
2259,T10,S1_CR,S1,CR,1,197.7,8.767,0.8,1.15,0.27,3,0,29.56
2260,T03,S4_CR,S4,CR,1,207.1,9.692,1.49,1.15,0.54,3,0,30.83
2261,T01,D2_S4,D2,S4,0,0.0,6.638,1.49,1.35,6.9,3,0,23.16
2262,T06,S2_CR,S2,CR,1,204.2,8.334,1.39,1.15,7.31,5,0,30.68
2263,T09,S4_D2,S4,D2,1,190.2,6.638,1.49,1.35,4.49,6,0,31.92
2264,T02,S3_CR,S3,CR,1,173.5,8.135,1.57,1.15,10.41,1,0,20.16
2265,T06,S4_D2,S4,D2,1,188.7,6.638,1.49,1.35,3.03,1,0,25.87
2266,T02,CR_S1,CR,S1,0,0.0,8.767,0.8,1.15,11.23,3,0,24.71
2267,T07,D2_S4,D2,S4,0,0.0,6.638,1.49,1.35,10.61,3,0,20.89
2268,T09,S2_CR,S2,CR,1,203.5,8.334,1.39,1.15,10.13,1,0,28.81
2269,T07,D2_S3,D2,S3,0,0.0,6.362,1.39,1.35,6.67,4,0,23.5
2270,T02,CR_S3,CR,S3,0,0.0,8.135,1.57,1.15,8.76,5,1,23.89
2271,T09,S1_CR,S1,CR,1,191.4,8.767,0.8,1.15,1.67,1,0,27.42
2272,T04,S1_CR,S1,CR,1,220.0,8.767,0.8,1.15,0.89,2,0,29.01
2273,T04,S1_CR,S1,CR,1,181.5,8.767,0.8,1.15,4.86,1,0,27.22
2274,T06,D2_S4,D2,S4,0,0.0,6.638,1.49,1.35,6.52,4,0,24.26
2275,T09,CR_S2,CR,S2,0,0.0,8.334,1.39,1.15,11.79,2,0,22.42
2276,T07,S2_CR,S2,CR,1,188.6,8.334,1.39,1.15,9.51,0,0,24.88
2277,T07,S2_CR,S2,CR,1,193.9,8.334,1.39,1.15,6.93,4,0,28.78
2278,T06,S4_CR,S4,CR,1,178.6,9.692,1.49,1.15,6.36,4,0,32.96
2279,T03,CR_S2,CR,S2,0,0.0,8.334,1.39,1.15,8.71,2,0,23.91
2280,T05,S3_D2,S3,D2,1,214.5,6.362,1.39,1.35,10.82,2,0,28.81
2281,T09,CR_S4,CR,S4,0,0.0,9.692,1.49,1.15,4.23,2,0,22.43
2282,T03,CR_S3,CR,S3,0,0.0,8.135,1.57,1.15,10.39,2,0,15.89
2283,T09,S4_CR,S4,CR,1,220.0,9.692,1.49,1.15,3.92,0,0,25.61
2284,T05,CR_S2,CR,S2,0,0.0,8.334,1.39,1.15,10.73,0,0,21.04
2285,T09,S3_D2,S3,D2,1,218.3,6.362,1.39,1.35,1.24,2,0,27.4
2286,T08,CR_S2,CR,S2,0,0.0,8.334,1.39,1.15,5.88,4,0,25.51
2287,T10,S1_CR,S1,CR,1,203.8,8.767,0.8,1.15,10.89,3,0,30.09
2288,T10,CR_S2,CR,S2,0,0.0,8.334,1.39,1.15,3.62,3,0,22.3
2289,T01,CR_S2,CR,S2,0,0.0,8.334,1.39,1.15,11.02,3,1,28.15
2290,T05,S4_D2,S4,D2,1,177.2,6.638,1.49,1.35,10.2,1,0,24.67
2291,T04,S3_D2,S3,D2,1,203.7,6.362,1.39,1.35,7.85,4,0,29.14
2292,T08,S2_CR,S2,CR,1,199.7,8.334,1.39,1.15,11.63,3,0,26.89
2293,T01,D2_S4,D2,S4,0,0.0,6.638,1.49,1.35,5.15,2,0,23.35
2294,T02,S2_CR,S2,CR,1,195.5,8.334,1.39,1.15,7.92,1,0,29.01
2295,T06,S2_CR,S2,CR,1,202.3,8.334,1.39,1.15,3.65,2,0,27.7
2296,T01,S1_CR,S1,CR,1,191.4,8.767,0.8,1.15,9.99,1,0,29.3
2297,T09,S1_CR,S1,CR,1,205.7,8.767,0.8,1.15,1.27,1,0,26.79
2298,T08,S4_CR,S4,CR,1,204.4,9.692,1.49,1.15,5.2,4,0,31.24
2299,T02,S1_CR,S1,CR,1,201.8,8.767,0.8,1.15,2.68,3,0,32.37
2300,T02,CR_S2,CR,S2,0,0.0,8.334,1.39,1.15,4.86,1,0,23.37
2301,T07,S2_CR,S2,CR,1,220.0,8.334,1.39,1.15,8.61,0,0,24.84
2302,T02,S4_CR,S4,CR,1,188.9,9.692,1.49,1.15,7.69,7,0,32.27
2303,T10,S1_CR,S1,CR,1,220.0,8.767,0.8,1.15,1.74,1,0,29.14
2304,T03,D2_S3,D2,S3,0,0.0,6.362,1.39,1.35,5.46,2,0,21.84
2305,T05,CR_S2,CR,S2,0,0.0,8.334,1.39,1.15,11.67,2,0,24.97
2306,T02,S3_CR,S3,CR,1,202.8,8.135,1.57,1.15,0.8,1,1,25.68
2307,T05,S3_CR,S3,CR,1,181.5,8.135,1.57,1.15,5.91,2,1,27.76
2308,T05,CR_S2,CR,S2,0,0.0,8.334,1.39,1.15,4.5,4,0,23.75
2309,T08,CR_S4,CR,S4,0,0.0,9.692,1.49,1.15,4.05,5,0,21.85
2310,T09,S3_D2,S3,D2,1,192.3,6.362,1.39,1.35,8.6,1,1,38.72
2311,T05,S3_CR,S3,CR,1,188.4,8.135,1.57,1.15,3.71,2,0,21.62
2312,T07,S4_CR,S4,CR,1,174.2,9.692,1.49,1.15,9.16,2,0,26.6
2313,T07,S4_CR,S4,CR,1,215.7,9.692,1.49,1.15,11.48,0,0,26.46
2314,T01,CR_S1,CR,S1,0,0.0,8.767,0.8,1.15,10.44,3,0,21.72
2315,T01,D2_S3,D2,S3,0,0.0,6.362,1.39,1.35,11.7,1,0,21.87
2316,T05,CR_S4,CR,S4,0,0.0,9.692,1.49,1.15,8.52,1,0,21.39
2317,T10,CR_S2,CR,S2,0,0.0,8.334,1.39,1.15,9.31,1,0,22.66
2318,T02,S3_CR,S3,CR,1,175.2,8.135,1.57,1.15,11.27,2,0,20.64
2319,T01,CR_S1,CR,S1,0,0.0,8.767,0.8,1.15,1.74,0,0,21.56
2320,T05,S4_D2,S4,D2,1,203.7,6.638,1.49,1.35,2.51,4,0,31.33
2321,T04,S4_D2,S4,D2,1,220.0,6.638,1.49,1.35,2.89,3,0,30.52
2322,T01,S3_CR,S3,CR,1,186.4,8.135,1.57,1.15,7.41,1,0,19.72
2323,T04,CR_S1,CR,S1,0,0.0,8.767,0.8,1.15,9.57,4,0,27.52
2324,T03,S4_CR,S4,CR,1,183.0,9.692,1.49,1.15,2.11,2,1,41.36
2325,T07,S3_D2,S3,D2,1,215.5,6.362,1.39,1.35,8.59,0,0,27.5
2326,T08,CR_S2,CR,S2,0,0.0,8.334,1.39,1.15,8.17,2,0,20.64
2327,T02,S3_D2,S3,D2,1,197.4,6.362,1.39,1.35,1.64,2,0,26.88
2328,T04,CR_S1,CR,S1,0,0.0,8.767,0.8,1.15,7.03,3,0,22.77
2329,T05,S3_D2,S3,D2,1,219.8,6.362,1.39,1.35,8.5,4,0,27.64
2330,T02,S3_D2,S3,D2,1,208.6,6.362,1.39,1.35,8.92,2,0,26.27
2331,T08,S4_D2,S4,D2,1,196.4,6.638,1.49,1.35,1.43,2,1,35.2
2332,T02,S4_CR,S4,CR,1,200.2,9.692,1.49,1.15,6.3,4,0,29.1
2333,T01,CR_S4,CR,S4,0,0.0,9.692,1.49,1.15,3.04,1,0,22.23
2334,T10,S3_D2,S3,D2,1,191.8,6.362,1.39,1.35,7.91,2,0,26.97
2335,T07,CR_S1,CR,S1,0,0.0,8.767,0.8,1.15,2.43,1,0,23.72
2336,T06,S3_D2,S3,D2,1,189.8,6.362,1.39,1.35,0.14,4,0,29.73
2337,T06,S4_D2,S4,D2,1,187.1,6.638,1.49,1.35,1.53,1,0,24.32
2338,T03,CR_S2,CR,S2,0,0.0,8.334,1.39,1.15,1.74,4,0,23.0
2339,T02,CR_S2,CR,S2,0,0.0,8.334,1.39,1.15,6.45,5,0,23.03
2340,T03,S2_CR,S2,CR,1,201.5,8.334,1.39,1.15,8.54,5,0,28.43
2341,T08,CR_S4,CR,S4,0,0.0,9.692,1.49,1.15,3.96,3,0,21.41
2342,T05,S1_CR,S1,CR,1,193.5,8.767,0.8,1.15,9.6,0,0,27.07
2343,T03,CR_S2,CR,S2,0,0.0,8.334,1.39,1.15,0.53,6,0,26.71
2344,T04,S3_CR,S3,CR,1,195.0,8.135,1.57,1.15,7.0,4,0,23.35
2345,T08,D2_S3,D2,S3,0,0.0,6.362,1.39,1.35,7.95,3,1,30.23
2346,T05,S2_CR,S2,CR,1,207.3,8.334,1.39,1.15,7.03,6,0,35.14
2347,T10,S1_CR,S1,CR,1,214.2,8.767,0.8,1.15,1.79,1,0,31.1
2348,T09,S2_CR,S2,CR,1,195.5,8.334,1.39,1.15,6.21,5,0,30.19
2349,T10,S2_CR,S2,CR,1,210.9,8.334,1.39,1.15,3.4,3,0,28.41
2350,T03,S4_CR,S4,CR,1,198.7,9.692,1.49,1.15,6.97,4,0,28.58
2351,T07,CR_S1,CR,S1,0,0.0,8.767,0.8,1.15,5.15,4,0,23.66
2352,T08,CR_S4,CR,S4,0,0.0,9.692,1.49,1.15,2.96,6,0,22.78
2353,T09,S1_CR,S1,CR,1,208.7,8.767,0.8,1.15,0.22,1,0,29.25
2354,T04,CR_S3,CR,S3,0,0.0,8.135,1.57,1.15,1.77,1,0,16.22
2355,T10,S3_D2,S3,D2,1,189.0,6.362,1.39,1.35,1.38,6,0,32.02
2356,T03,S4_CR,S4,CR,1,192.6,9.692,1.49,1.15,0.83,3,0,29.93
2357,T01,CR_S4,CR,S4,0,0.0,9.692,1.49,1.15,1.25,2,0,21.92
2358,T05,S2_CR,S2,CR,1,213.2,8.334,1.39,1.15,8.64,3,0,30.21
2359,T04,S4_D2,S4,D2,1,205.3,6.638,1.49,1.35,4.14,7,0,29.76
2360,T02,S1_CR,S1,CR,1,203.5,8.767,0.8,1.15,11.24,1,0,28.27
2361,T08,CR_S3,CR,S3,0,0.0,8.135,1.57,1.15,9.06,2,0,15.86
2362,T01,CR_S4,CR,S4,0,0.0,9.692,1.49,1.15,10.06,1,0,20.76
2363,T09,CR_S2,CR,S2,0,0.0,8.334,1.39,1.15,8.3,2,0,22.04
2364,T05,D2_S3,D2,S3,0,0.0,6.362,1.39,1.35,5.79,2,0,20.67
2365,T01,S1_CR,S1,CR,1,201.3,8.767,0.8,1.15,0.42,2,0,27.59
2366,T09,S4_CR,S4,CR,1,199.8,9.692,1.49,1.15,6.12,7,0,32.07
2367,T05,CR_S4,CR,S4,0,0.0,9.692,1.49,1.15,10.29,3,0,22.06
2368,T01,CR_S3,CR,S3,0,0.0,8.135,1.57,1.15,3.09,2,0,16.05
2369,T07,D2_S3,D2,S3,0,0.0,6.362,1.39,1.35,2.1,1,0,23.18
2370,T08,S1_CR,S1,CR,1,218.7,8.767,0.8,1.15,5.69,2,0,27.46
2371,T02,CR_S4,CR,S4,0,0.0,9.692,1.49,1.15,11.97,0,0,23.63
2372,T09,CR_S1,CR,S1,0,0.0,8.767,0.8,1.15,10.23,2,0,23.66
2373,T02,CR_S4,CR,S4,0,0.0,9.692,1.49,1.15,7.31,8,1,35.79
2374,T03,CR_S1,CR,S1,0,0.0,8.767,0.8,1.15,4.68,3,0,22.44
2375,T09,S4_CR,S4,CR,1,185.0,9.692,1.49,1.15,10.76,1,0,27.52
2376,T10,CR_S2,CR,S2,0,0.0,8.334,1.39,1.15,3.57,2,1,28.49
2377,T08,CR_S4,CR,S4,0,0.0,9.692,1.49,1.15,8.78,1,0,19.66
2378,T06,S3_CR,S3,CR,1,202.9,8.135,1.57,1.15,3.83,1,0,19.21
2379,T07,CR_S1,CR,S1,0,0.0,8.767,0.8,1.15,7.48,4,0,27.69
2380,T01,CR_S2,CR,S2,0,0.0,8.334,1.39,1.15,9.0,2,0,23.16
2381,T07,S2_CR,S2,CR,1,189.5,8.334,1.39,1.15,8.49,3,0,28.32
2382,T10,CR_S4,CR,S4,0,0.0,9.692,1.49,1.15,9.99,2,0,21.63
2383,T05,CR_S4,CR,S4,0,0.0,9.692,1.49,1.15,2.02,1,0,20.86
2384,T09,S4_CR,S4,CR,1,210.5,9.692,1.49,1.15,11.65,4,0,28.78
2385,T09,CR_S2,CR,S2,0,0.0,8.334,1.39,1.15,9.03,4,0,25.26
2386,T04,S3_CR,S3,CR,1,201.7,8.135,1.57,1.15,10.57,1,0,20.74
2387,T06,S2_CR,S2,CR,1,190.1,8.334,1.39,1.15,8.16,4,0,32.76
2388,T08,S2_CR,S2,CR,1,194.8,8.334,1.39,1.15,11.64,2,0,28.51
2389,T06,CR_S2,CR,S2,0,0.0,8.334,1.39,1.15,1.26,0,0,22.38
2390,T09,S1_CR,S1,CR,1,162.6,8.767,0.8,1.15,11.81,1,0,30.39
2391,T05,CR_S3,CR,S3,0,0.0,8.135,1.57,1.15,4.41,0,0,16.27
2392,T08,S1_CR,S1,CR,1,201.6,8.767,0.8,1.15,10.8,1,0,24.6
2393,T05,CR_S1,CR,S1,0,0.0,8.767,0.8,1.15,11.97,3,0,23.17
2394,T04,S3_CR,S3,CR,1,220.0,8.135,1.57,1.15,8.97,3,0,23.38
2395,T01,S3_D2,S3,D2,1,180.0,6.362,1.39,1.35,10.93,2,0,27.81
2396,T03,S2_CR,S2,CR,1,188.8,8.334,1.39,1.15,2.0,0,0,29.26
2397,T07,S4_D2,S4,D2,1,214.1,6.638,1.49,1.35,2.87,4,0,31.14
2398,T07,S4_D2,S4,D2,1,181.5,6.638,1.49,1.35,7.27,5,1,39.98
2399,T09,S2_CR,S2,CR,1,202.6,8.334,1.39,1.15,6.28,4,0,26.61
2400,T05,CR_S3,CR,S3,0,0.0,8.135,1.57,1.15,2.34,4,0,17.45
2401,T03,CR_S2,CR,S2,0,0.0,8.334,1.39,1.15,0.54,0,0,22.37
2402,T07,S4_D2,S4,D2,1,182.0,6.638,1.49,1.35,8.69,1,0,27.01
2403,T03,CR_S3,CR,S3,0,0.0,8.135,1.57,1.15,11.02,2,0,20.06
2404,T01,D2_S3,D2,S3,0,0.0,6.362,1.39,1.35,8.38,6,0,26.61
2405,T05,CR_S4,CR,S4,0,0.0,9.692,1.49,1.15,3.75,2,0,23.29
2406,T05,D2_S3,D2,S3,0,0.0,6.362,1.39,1.35,11.81,3,1,27.11
2407,T05,S4_CR,S4,CR,1,182.2,9.692,1.49,1.15,10.32,3,0,30.3
2408,T01,S4_CR,S4,CR,1,186.1,9.692,1.49,1.15,3.04,1,0,29.47
2409,T01,S3_D2,S3,D2,1,188.4,6.362,1.39,1.35,9.0,1,0,25.28
2410,T01,S1_CR,S1,CR,1,193.9,8.767,0.8,1.15,3.5,0,0,24.03
2411,T06,S2_CR,S2,CR,1,192.9,8.334,1.39,1.15,10.96,3,0,26.29
2412,T02,CR_S1,CR,S1,0,0.0,8.767,0.8,1.15,9.26,2,0,25.15
2413,T01,CR_S3,CR,S3,0,0.0,8.135,1.57,1.15,7.44,6,0,22.15
2414,T06,D2_S3,D2,S3,0,0.0,6.362,1.39,1.35,7.91,3,0,24.39
2415,T03,CR_S2,CR,S2,0,0.0,8.334,1.39,1.15,7.55,1,0,20.29
2416,T01,CR_S4,CR,S4,0,0.0,9.692,1.49,1.15,1.62,1,0,23.93
2417,T10,S4_D2,S4,D2,1,220.0,6.638,1.49,1.35,5.91,6,0,30.63
2418,T03,CR_S3,CR,S3,0,0.0,8.135,1.57,1.15,8.9,3,0,18.9
2419,T10,D2_S4,D2,S4,0,0.0,6.638,1.49,1.35,7.74,6,0,27.13
2420,T07,CR_S1,CR,S1,0,0.0,8.767,0.8,1.15,9.57,2,0,22.36
2421,T01,S2_CR,S2,CR,1,155.3,8.334,1.39,1.15,1.16,4,0,29.84
2422,T10,CR_S1,CR,S1,0,0.0,8.767,0.8,1.15,6.91,6,0,26.58
2423,T10,D2_S4,D2,S4,0,0.0,6.638,1.49,1.35,9.14,1,0,20.86
2424,T05,CR_S2,CR,S2,0,0.0,8.334,1.39,1.15,7.25,3,0,25.9
2425,T07,CR_S1,CR,S1,0,0.0,8.767,0.8,1.15,11.04,2,0,22.68
2426,T03,CR_S1,CR,S1,0,0.0,8.767,0.8,1.15,0.04,2,0,23.65
2427,T01,D2_S3,D2,S3,0,0.0,6.362,1.39,1.35,4.05,4,0,24.96
2428,T03,S3_CR,S3,CR,1,193.3,8.135,1.57,1.15,11.06,3,0,22.75
2429,T07,D2_S3,D2,S3,0,0.0,6.362,1.39,1.35,3.76,0,0,20.98
2430,T02,S3_D2,S3,D2,1,194.4,6.362,1.39,1.35,8.55,3,0,32.3
2431,T09,S1_CR,S1,CR,1,178.2,8.767,0.8,1.15,9.78,3,1,37.82
2432,T03,CR_S2,CR,S2,0,0.0,8.334,1.39,1.15,2.25,2,0,20.8
2433,T08,CR_S1,CR,S1,0,0.0,8.767,0.8,1.15,4.92,1,0,20.83
2434,T07,CR_S1,CR,S1,0,0.0,8.767,0.8,1.15,1.52,3,0,24.89
2435,T05,S3_CR,S3,CR,1,173.0,8.135,1.57,1.15,4.92,3,0,20.88
2436,T05,D2_S4,D2,S4,0,0.0,6.638,1.49,1.35,4.44,2,0,22.65
2437,T02,S2_CR,S2,CR,1,193.4,8.334,1.39,1.15,2.7,0,0,23.34
2438,T07,D2_S3,D2,S3,0,0.0,6.362,1.39,1.35,1.96,4,0,24.5
2439,T10,D2_S3,D2,S3,0,0.0,6.362,1.39,1.35,9.52,1,0,21.69
2440,T03,D2_S3,D2,S3,0,0.0,6.362,1.39,1.35,2.76,1,0,22.7
2441,T05,S3_CR,S3,CR,1,192.5,8.135,1.57,1.15,0.25,2,0,22.35
2442,T09,CR_S2,CR,S2,0,0.0,8.334,1.39,1.15,9.35,2,0,22.53
2443,T08,S4_CR,S4,CR,1,207.7,9.692,1.49,1.15,0.66,4,0,27.68
2444,T02,CR_S4,CR,S4,0,0.0,9.692,1.49,1.15,4.33,2,0,21.58
2445,T01,D2_S3,D2,S3,0,0.0,6.362,1.39,1.35,3.32,3,0,23.61
2446,T02,S2_CR,S2,CR,1,168.3,8.334,1.39,1.15,11.99,1,0,26.01
2447,T09,S4_CR,S4,CR,1,199.0,9.692,1.49,1.15,10.19,1,1,34.67
2448,T01,S3_D2,S3,D2,1,202.8,6.362,1.39,1.35,7.95,5,0,30.36
2449,T05,S3_D2,S3,D2,1,197.2,6.362,1.39,1.35,9.65,2,0,27.35
2450,T01,S2_CR,S2,CR,1,194.2,8.334,1.39,1.15,9.05,2,0,30.33
2451,T06,S3_D2,S3,D2,1,211.7,6.362,1.39,1.35,3.9,4,0,30.47
2452,T05,D2_S4,D2,S4,0,0.0,6.638,1.49,1.35,4.58,2,0,20.92
2453,T06,CR_S2,CR,S2,0,0.0,8.334,1.39,1.15,1.47,2,0,25.24
2454,T06,S4_CR,S4,CR,1,192.8,9.692,1.49,1.15,11.76,1,0,24.49
2455,T01,S3_CR,S3,CR,1,195.7,8.135,1.57,1.15,0.2,2,0,24.71
2456,T02,CR_S3,CR,S3,0,0.0,8.135,1.57,1.15,3.24,3,0,16.84
2457,T05,S4_D2,S4,D2,1,208.5,6.638,1.49,1.35,4.29,1,0,25.93
2458,T02,S3_D2,S3,D2,1,190.2,6.362,1.39,1.35,11.01,3,0,29.67
2459,T06,S4_D2,S4,D2,1,168.5,6.638,1.49,1.35,2.22,1,0,22.67
2460,T09,S1_CR,S1,CR,1,156.6,8.767,0.8,1.15,0.48,5,0,26.73
2461,T03,S4_D2,S4,D2,1,171.2,6.638,1.49,1.35,11.62,1,0,20.84
2462,T09,S2_CR,S2,CR,1,216.7,8.334,1.39,1.15,4.94,1,0,25.54
2463,T05,CR_S4,CR,S4,0,0.0,9.692,1.49,1.15,10.99,1,0,21.98
2464,T03,S3_CR,S3,CR,1,195.6,8.135,1.57,1.15,0.17,4,0,23.2
2465,T03,S3_D2,S3,D2,1,186.4,6.362,1.39,1.35,5.2,6,0,29.96
2466,T10,D2_S3,D2,S3,0,0.0,6.362,1.39,1.35,6.38,1,0,22.23
2467,T10,S1_CR,S1,CR,1,189.5,8.767,0.8,1.15,5.44,4,0,29.04
2468,T07,CR_S3,CR,S3,0,0.0,8.135,1.57,1.15,10.23,2,0,15.77
2469,T03,S4_CR,S4,CR,1,196.1,9.692,1.49,1.15,9.85,3,0,29.12
2470,T05,D2_S3,D2,S3,0,0.0,6.362,1.39,1.35,7.78,6,0,23.81
2471,T05,S4_CR,S4,CR,1,203.5,9.692,1.49,1.15,1.57,5,0,30.28
2472,T07,D2_S4,D2,S4,0,0.0,6.638,1.49,1.35,8.97,5,0,24.86
2473,T10,S1_CR,S1,CR,1,202.4,8.767,0.8,1.15,4.33,4,0,29.56
2474,T02,D2_S3,D2,S3,0,0.0,6.362,1.39,1.35,11.79,3,0,23.9
2475,T04,S2_CR,S2,CR,1,184.2,8.334,1.39,1.15,1.29,1,0,27.58
2476,T09,S1_CR,S1,CR,1,186.5,8.767,0.8,1.15,7.85,4,0,28.61
2477,T09,S2_CR,S2,CR,1,213.1,8.334,1.39,1.15,10.99,0,0,26.06
2478,T09,S1_CR,S1,CR,1,172.8,8.767,0.8,1.15,9.83,3,0,29.33
2479,T06,CR_S3,CR,S3,0,0.0,8.135,1.57,1.15,9.7,4,0,19.21
2480,T08,CR_S2,CR,S2,0,0.0,8.334,1.39,1.15,10.63,3,1,24.92
2481,T07,D2_S4,D2,S4,0,0.0,6.638,1.49,1.35,6.51,3,0,22.4
2482,T07,S2_CR,S2,CR,1,220.0,8.334,1.39,1.15,9.23,0,0,27.21
2483,T08,S1_CR,S1,CR,1,176.7,8.767,0.8,1.15,4.91,5,0,33.17
2484,T03,S1_CR,S1,CR,1,205.9,8.767,0.8,1.15,6.96,8,0,36.34
2485,T08,CR_S1,CR,S1,0,0.0,8.767,0.8,1.15,9.29,0,0,22.01
2486,T03,D2_S4,D2,S4,0,0.0,6.638,1.49,1.35,8.31,1,0,20.86
2487,T07,CR_S4,CR,S4,0,0.0,9.692,1.49,1.15,7.7,2,0,22.06
2488,T01,D2_S3,D2,S3,0,0.0,6.362,1.39,1.35,8.95,1,0,22.04
2489,T10,S2_CR,S2,CR,1,173.4,8.334,1.39,1.15,0.32,1,0,27.65
2490,T10,S3_CR,S3,CR,1,189.9,8.135,1.57,1.15,4.2,2,0,22.26
2491,T06,S3_CR,S3,CR,1,184.1,8.135,1.57,1.15,7.68,1,0,19.79
2492,T05,CR_S1,CR,S1,0,0.0,8.767,0.8,1.15,1.81,2,0,22.96
2493,T05,CR_S3,CR,S3,0,0.0,8.135,1.57,1.15,6.96,5,0,21.97
2494,T05,S4_CR,S4,CR,1,183.7,9.692,1.49,1.15,5.22,6,0,33.07
2495,T05,S4_CR,S4,CR,1,193.4,9.692,1.49,1.15,3.82,1,0,25.93
2496,T06,CR_S3,CR,S3,0,0.0,8.135,1.57,1.15,6.96,3,0,18.32
2497,T06,S4_D2,S4,D2,1,216.4,6.638,1.49,1.35,10.95,0,0,24.4
2498,T03,S1_CR,S1,CR,1,182.3,8.767,0.8,1.15,4.66,5,0,30.49
2499,T07,S4_CR,S4,CR,1,187.4,9.692,1.49,1.15,8.7,1,0,27.19
2500,T05,S4_CR,S4,CR,1,220.0,9.692,1.49,1.15,10.43,1,0,25.89
2501,T10,S3_CR,S3,CR,1,220.0,8.135,1.57,1.15,1.87,4,0,23.21
2502,T01,CR_S4,CR,S4,0,0.0,9.692,1.49,1.15,5.55,3,0,21.51
2503,T04,CR_S4,CR,S4,0,0.0,9.692,1.49,1.15,8.41,3,0,25.24
2504,T04,D2_S3,D2,S3,0,0.0,6.362,1.39,1.35,9.13,2,0,22.12
2505,T06,CR_S3,CR,S3,0,0.0,8.135,1.57,1.15,5.08,4,0,19.97
2506,T09,S4_CR,S4,CR,1,201.1,9.692,1.49,1.15,2.29,3,0,27.95
2507,T08,S2_CR,S2,CR,1,217.4,8.334,1.39,1.15,7.42,3,0,28.26
2508,T09,S3_CR,S3,CR,1,189.5,8.135,1.57,1.15,5.58,5,0,26.12
2509,T06,S1_CR,S1,CR,1,203.4,8.767,0.8,1.15,11.3,2,0,27.71
2510,T03,S3_CR,S3,CR,1,215.2,8.135,1.57,1.15,8.83,0,0,19.14
2511,T02,S1_CR,S1,CR,1,199.3,8.767,0.8,1.15,7.52,4,0,33.3
2512,T07,CR_S3,CR,S3,0,0.0,8.135,1.57,1.15,3.49,4,0,19.65
2513,T07,S4_D2,S4,D2,1,176.2,6.638,1.49,1.35,3.92,1,0,26.16
2514,T10,S4_D2,S4,D2,1,213.5,6.638,1.49,1.35,1.53,3,0,28.54
2515,T06,S4_CR,S4,CR,1,220.0,9.692,1.49,1.15,11.21,1,0,26.23
2516,T08,S4_D2,S4,D2,1,194.4,6.638,1.49,1.35,1.31,3,0,26.34
2517,T01,S4_D2,S4,D2,1,177.8,6.638,1.49,1.35,0.11,1,0,28.1
2518,T02,S1_CR,S1,CR,1,187.1,8.767,0.8,1.15,10.81,1,0,29.6
2519,T05,D2_S4,D2,S4,0,0.0,6.638,1.49,1.35,9.42,5,0,24.21
2520,T03,S3_D2,S3,D2,1,188.8,6.362,1.39,1.35,7.96,2,0,27.61
2521,T08,CR_S1,CR,S1,0,0.0,8.767,0.8,1.15,9.57,0,0,22.16
2522,T08,CR_S4,CR,S4,0,0.0,9.692,1.49,1.15,7.03,5,0,24.19
2523,T09,S3_D2,S3,D2,1,211.0,6.362,1.39,1.35,2.97,4,0,29.88
2524,T02,S4_D2,S4,D2,1,204.6,6.638,1.49,1.35,9.45,0,0,26.36
2525,T04,S3_CR,S3,CR,1,212.5,8.135,1.57,1.15,6.46,5,0,25.39
2526,T02,D2_S3,D2,S3,0,0.0,6.362,1.39,1.35,9.84,1,0,22.33
2527,T05,S2_CR,S2,CR,1,192.9,8.334,1.39,1.15,9.84,0,0,25.45
2528,T03,D2_S3,D2,S3,0,0.0,6.362,1.39,1.35,10.1,1,0,20.79
2529,T03,CR_S1,CR,S1,0,0.0,8.767,0.8,1.15,5.03,5,0,25.83
2530,T09,S3_D2,S3,D2,1,167.6,6.362,1.39,1.35,9.49,1,0,26.91
2531,T09,S4_D2,S4,D2,1,214.3,6.638,1.49,1.35,1.5,1,0,27.79
2532,T05,S3_D2,S3,D2,1,205.4,6.362,1.39,1.35,8.5,2,0,30.28
2533,T06,CR_S4,CR,S4,0,0.0,9.692,1.49,1.15,4.43,3,0,21.86
2534,T04,S3_CR,S3,CR,1,199.4,8.135,1.57,1.15,6.15,6,0,24.99
2535,T08,S2_CR,S2,CR,1,208.1,8.334,1.39,1.15,6.57,2,0,26.84
2536,T05,S4_D2,S4,D2,1,196.1,6.638,1.49,1.35,1.71,2,0,30.18
2537,T05,CR_S4,CR,S4,0,0.0,9.692,1.49,1.15,10.11,0,0,20.7
2538,T09,D2_S4,D2,S4,0,0.0,6.638,1.49,1.35,3.39,2,0,21.51
2539,T05,CR_S2,CR,S2,0,0.0,8.334,1.39,1.15,3.19,0,0,21.19
2540,T01,CR_S1,CR,S1,0,0.0,8.767,0.8,1.15,2.03,3,0,23.77
2541,T03,S3_D2,S3,D2,1,190.3,6.362,1.39,1.35,2.6,3,0,30.39
2542,T07,S3_CR,S3,CR,1,209.1,8.135,1.57,1.15,9.24,1,0,20.44
2543,T07,S3_CR,S3,CR,1,185.7,8.135,1.57,1.15,10.73,2,0,21.64
2544,T04,D2_S4,D2,S4,0,0.0,6.638,1.49,1.35,10.09,2,0,22.7
2545,T05,CR_S2,CR,S2,0,0.0,8.334,1.39,1.15,1.43,2,0,20.67
2546,T04,CR_S3,CR,S3,0,0.0,8.135,1.57,1.15,6.38,6,0,19.96
2547,T05,CR_S3,CR,S3,0,0.0,8.135,1.57,1.15,9.61,5,0,19.01
2548,T01,S4_D2,S4,D2,1,208.4,6.638,1.49,1.35,11.07,3,0,28.62
2549,T08,S1_CR,S1,CR,1,194.2,8.767,0.8,1.15,0.25,0,0,25.82
2550,T09,CR_S1,CR,S1,0,0.0,8.767,0.8,1.15,2.78,1,0,22.84
2551,T09,D2_S3,D2,S3,0,0.0,6.362,1.39,1.35,7.33,2,0,23.48
2552,T08,CR_S1,CR,S1,0,0.0,8.767,0.8,1.15,6.93,2,0,21.69
2553,T09,S3_D2,S3,D2,1,189.7,6.362,1.39,1.35,1.44,2,0,26.56
2554,T01,CR_S2,CR,S2,0,0.0,8.334,1.39,1.15,11.06,1,0,24.17
2555,T03,CR_S1,CR,S1,0,0.0,8.767,0.8,1.15,2.24,3,0,23.02
2556,T10,S2_CR,S2,CR,1,215.9,8.334,1.39,1.15,7.94,5,0,29.85
2557,T09,S3_CR,S3,CR,1,202.2,8.135,1.57,1.15,6.02,4,0,21.35
2558,T03,D2_S3,D2,S3,0,0.0,6.362,1.39,1.35,1.6,3,0,23.74
2559,T10,CR_S2,CR,S2,0,0.0,8.334,1.39,1.15,7.23,5,0,27.27
2560,T04,S4_CR,S4,CR,1,204.3,9.692,1.49,1.15,11.67,2,0,25.55
2561,T03,S4_CR,S4,CR,1,204.3,9.692,1.49,1.15,1.34,1,1,39.18
2562,T03,D2_S3,D2,S3,0,0.0,6.362,1.39,1.35,0.04,1,0,20.12
2563,T01,CR_S2,CR,S2,0,0.0,8.334,1.39,1.15,8.02,2,0,21.03
2564,T01,S2_CR,S2,CR,1,196.4,8.334,1.39,1.15,1.2,1,0,26.92
2565,T10,CR_S4,CR,S4,0,0.0,9.692,1.49,1.15,0.8,0,0,24.47
2566,T05,S4_D2,S4,D2,1,184.4,6.638,1.49,1.35,6.51,4,0,28.37
2567,T09,CR_S1,CR,S1,0,0.0,8.767,0.8,1.15,11.63,4,1,32.26
2568,T10,S4_D2,S4,D2,1,178.0,6.638,1.49,1.35,4.77,1,0,27.35
2569,T06,S4_D2,S4,D2,1,187.8,6.638,1.49,1.35,0.77,1,0,25.33
2570,T06,S1_CR,S1,CR,1,172.3,8.767,0.8,1.15,0.17,0,0,27.57
2571,T05,S2_CR,S2,CR,1,183.2,8.334,1.39,1.15,6.48,3,0,29.66
2572,T08,D2_S4,D2,S4,0,0.0,6.638,1.49,1.35,11.91,1,0,22.05
2573,T02,S4_CR,S4,CR,1,193.4,9.692,1.49,1.15,8.73,3,0,26.22
2574,T10,CR_S4,CR,S4,0,0.0,9.692,1.49,1.15,6.13,6,0,25.45
2575,T01,S3_CR,S3,CR,1,205.1,8.135,1.57,1.15,10.94,5,0,23.6
2576,T07,D2_S4,D2,S4,0,0.0,6.638,1.49,1.35,5.07,4,0,23.74
2577,T09,S4_D2,S4,D2,1,194.6,6.638,1.49,1.35,0.77,2,0,27.57
2578,T05,CR_S2,CR,S2,0,0.0,8.334,1.39,1.15,9.92,5,0,24.21
2579,T05,D2_S3,D2,S3,0,0.0,6.362,1.39,1.35,5.51,3,0,22.58
2580,T08,CR_S3,CR,S3,0,0.0,8.135,1.57,1.15,1.62,2,0,18.41
2581,T05,S3_D2,S3,D2,1,208.3,6.362,1.39,1.35,3.03,4,0,28.46
2582,T01,CR_S3,CR,S3,0,0.0,8.135,1.57,1.15,6.17,8,0,21.72
2583,T04,S4_D2,S4,D2,1,219.9,6.638,1.49,1.35,0.62,3,0,28.13
2584,T09,CR_S4,CR,S4,0,0.0,9.692,1.49,1.15,7.54,6,0,24.49
2585,T02,S1_CR,S1,CR,1,203.9,8.767,0.8,1.15,9.1,3,0,28.9
2586,T03,CR_S2,CR,S2,0,0.0,8.334,1.39,1.15,6.86,8,0,27.08
2587,T02,S4_CR,S4,CR,1,187.1,9.692,1.49,1.15,6.32,6,0,34.36
2588,T10,CR_S2,CR,S2,0,0.0,8.334,1.39,1.15,4.81,3,0,22.65
2589,T06,S4_CR,S4,CR,1,182.2,9.692,1.49,1.15,3.57,1,0,25.75
2590,T08,S4_D2,S4,D2,1,214.3,6.638,1.49,1.35,11.6,2,0,25.29
2591,T09,S4_D2,S4,D2,1,194.4,6.638,1.49,1.35,11.25,2,0,27.89
2592,T10,CR_S4,CR,S4,0,0.0,9.692,1.49,1.15,1.15,4,0,24.48
2593,T10,S2_CR,S2,CR,1,164.0,8.334,1.39,1.15,0.78,2,0,27.03
2594,T09,S3_D2,S3,D2,1,177.8,6.362,1.39,1.35,3.53,2,0,27.56
2595,T05,S4_CR,S4,CR,1,202.2,9.692,1.49,1.15,2.22,0,0,28.68
2596,T01,S1_CR,S1,CR,1,192.2,8.767,0.8,1.15,2.33,2,0,29.79
2597,T10,S4_D2,S4,D2,1,193.7,6.638,1.49,1.35,6.59,3,0,27.59
2598,T06,S2_CR,S2,CR,1,195.9,8.334,1.39,1.15,10.01,7,0,30.42
2599,T09,S4_D2,S4,D2,1,212.1,6.638,1.49,1.35,5.5,5,0,28.97
2600,T05,S1_CR,S1,CR,1,193.8,8.767,0.8,1.15,8.48,1,0,27.15
2601,T05,S2_CR,S2,CR,1,214.9,8.334,1.39,1.15,9.39,4,0,26.65
2602,T04,S2_CR,S2,CR,1,209.6,8.334,1.39,1.15,3.32,0,0,26.59
2603,T10,D2_S4,D2,S4,0,0.0,6.638,1.49,1.35,4.06,2,0,21.82
2604,T09,CR_S3,CR,S3,0,0.0,8.135,1.57,1.15,6.14,4,0,19.4
2605,T07,S2_CR,S2,CR,1,196.4,8.334,1.39,1.15,3.21,0,0,26.93
2606,T03,S2_CR,S2,CR,1,196.2,8.334,1.39,1.15,9.4,1,0,25.46
2607,T07,S3_CR,S3,CR,1,202.4,8.135,1.57,1.15,10.66,2,0,20.06
2608,T07,S4_CR,S4,CR,1,168.8,9.692,1.49,1.15,3.89,6,0,27.47
2609,T07,S2_CR,S2,CR,1,196.1,8.334,1.39,1.15,2.69,1,0,29.11
2610,T02,S4_CR,S4,CR,1,199.4,9.692,1.49,1.15,6.08,1,0,26.67
2611,T06,D2_S4,D2,S4,0,0.0,6.638,1.49,1.35,10.97,0,0,20.25
2612,T08,S4_CR,S4,CR,1,193.2,9.692,1.49,1.15,1.07,1,0,27.25
2613,T02,S3_CR,S3,CR,1,177.9,8.135,1.57,1.15,8.41,3,0,23.38
2614,T07,D2_S3,D2,S3,0,0.0,6.362,1.39,1.35,8.66,3,0,21.21
2615,T09,S2_CR,S2,CR,1,196.9,8.334,1.39,1.15,2.49,5,0,32.49
2616,T10,D2_S3,D2,S3,0,0.0,6.362,1.39,1.35,6.96,2,0,18.88
2617,T05,D2_S4,D2,S4,0,0.0,6.638,1.49,1.35,2.27,2,0,21.45
2618,T10,CR_S4,CR,S4,0,0.0,9.692,1.49,1.15,2.21,4,0,25.63
2619,T03,S4_D2,S4,D2,1,194.2,6.638,1.49,1.35,7.04,5,0,29.46
2620,T10,CR_S4,CR,S4,0,0.0,9.692,1.49,1.15,3.86,3,0,21.65
2621,T02,S1_CR,S1,CR,1,199.0,8.767,0.8,1.15,1.91,4,1,37.54
2622,T03,S4_D2,S4,D2,1,202.2,6.638,1.49,1.35,3.59,1,0,25.27
2623,T09,S3_CR,S3,CR,1,174.3,8.135,1.57,1.15,5.31,7,0,25.07
2624,T06,S3_CR,S3,CR,1,207.0,8.135,1.57,1.15,4.51,4,0,25.44
2625,T03,S4_CR,S4,CR,1,211.6,9.692,1.49,1.15,8.09,0,0,25.05
2626,T09,CR_S4,CR,S4,0,0.0,9.692,1.49,1.15,6.23,5,0,23.16
2627,T05,CR_S3,CR,S3,0,0.0,8.135,1.57,1.15,6.54,4,0,19.17
2628,T07,D2_S3,D2,S3,0,0.0,6.362,1.39,1.35,8.58,3,0,24.3
2629,T01,CR_S3,CR,S3,0,0.0,8.135,1.57,1.15,0.47,2,0,18.41
2630,T09,S4_CR,S4,CR,1,185.2,9.692,1.49,1.15,4.18,0,1,37.88
2631,T07,S3_CR,S3,CR,1,199.0,8.135,1.57,1.15,10.89,3,0,25.68
2632,T05,CR_S3,CR,S3,0,0.0,8.135,1.57,1.15,9.42,4,0,19.16
2633,T08,S3_CR,S3,CR,1,206.5,8.135,1.57,1.15,3.5,6,0,20.63
2634,T04,S2_CR,S2,CR,1,195.9,8.334,1.39,1.15,10.68,1,1,34.21
2635,T09,S1_CR,S1,CR,1,207.6,8.767,0.8,1.15,2.28,3,0,29.75
2636,T08,CR_S1,CR,S1,0,0.0,8.767,0.8,1.15,8.92,1,0,20.6
2637,T04,D2_S3,D2,S3,0,0.0,6.362,1.39,1.35,5.17,3,0,23.89
2638,T08,CR_S1,CR,S1,0,0.0,8.767,0.8,1.15,6.99,3,0,23.12
2639,T09,CR_S1,CR,S1,0,0.0,8.767,0.8,1.15,8.65,3,0,22.09
2640,T10,CR_S4,CR,S4,0,0.0,9.692,1.49,1.15,11.49,1,0,21.69
2641,T01,S3_D2,S3,D2,1,188.7,6.362,1.39,1.35,0.7,3,0,24.33
2642,T05,S3_D2,S3,D2,1,203.7,6.362,1.39,1.35,2.34,2,0,27.49
2643,T08,CR_S2,CR,S2,0,0.0,8.334,1.39,1.15,1.84,2,0,19.95
2644,T06,S3_D2,S3,D2,1,196.3,6.362,1.39,1.35,10.48,1,0,25.87
2645,T02,S4_D2,S4,D2,1,191.3,6.638,1.49,1.35,0.94,4,0,28.87
2646,T10,S3_D2,S3,D2,1,200.7,6.362,1.39,1.35,0.79,5,0,27.87
2647,T08,S4_CR,S4,CR,1,181.7,9.692,1.49,1.15,5.52,6,0,31.98
2648,T03,S2_CR,S2,CR,1,217.0,8.334,1.39,1.15,3.85,2,0,26.32
2649,T02,D2_S3,D2,S3,0,0.0,6.362,1.39,1.35,2.99,3,0,23.78
2650,T05,S3_D2,S3,D2,1,196.2,6.362,1.39,1.35,3.64,3,0,27.59
2651,T07,CR_S1,CR,S1,0,0.0,8.767,0.8,1.15,11.15,2,0,22.93
2652,T05,S4_D2,S4,D2,1,220.0,6.638,1.49,1.35,9.3,4,0,31.39
2653,T01,S3_D2,S3,D2,1,197.9,6.362,1.39,1.35,2.91,1,0,25.1
2654,T08,S2_CR,S2,CR,1,181.8,8.334,1.39,1.15,11.22,4,0,29.93
2655,T04,S4_D2,S4,D2,1,196.9,6.638,1.49,1.35,2.27,5,0,29.33
2656,T02,CR_S1,CR,S1,0,0.0,8.767,0.8,1.15,5.51,4,0,26.05
2657,T08,S4_CR,S4,CR,1,181.3,9.692,1.49,1.15,4.25,3,0,29.11
2658,T10,CR_S2,CR,S2,0,0.0,8.334,1.39,1.15,9.67,6,0,27.36
2659,T03,S3_D2,S3,D2,1,188.9,6.362,1.39,1.35,11.04,1,0,26.24
2660,T09,S4_CR,S4,CR,1,176.1,9.692,1.49,1.15,8.03,2,0,27.53
2661,T03,CR_S2,CR,S2,0,0.0,8.334,1.39,1.15,2.33,3,0,22.52
2662,T08,CR_S2,CR,S2,0,0.0,8.334,1.39,1.15,2.8,2,0,25.45
2663,T01,S1_CR,S1,CR,1,203.9,8.767,0.8,1.15,11.54,4,0,33.15
2664,T08,CR_S1,CR,S1,0,0.0,8.767,0.8,1.15,0.4,3,0,24.09
2665,T08,S4_D2,S4,D2,1,216.6,6.638,1.49,1.35,8.59,0,0,25.33
2666,T10,S4_D2,S4,D2,1,178.0,6.638,1.49,1.35,9.67,3,0,27.79
2667,T10,S3_D2,S3,D2,1,177.6,6.362,1.39,1.35,0.57,0,0,24.59
2668,T05,CR_S1,CR,S1,0,0.0,8.767,0.8,1.15,7.43,4,0,22.15
2669,T02,S3_CR,S3,CR,1,196.1,8.135,1.57,1.15,10.49,0,0,20.3
2670,T01,S1_CR,S1,CR,1,219.8,8.767,0.8,1.15,4.95,4,0,30.54
2671,T10,S4_CR,S4,CR,1,203.7,9.692,1.49,1.15,5.16,5,0,33.62
2672,T04,CR_S1,CR,S1,0,0.0,8.767,0.8,1.15,3.78,3,0,23.33
2673,T06,S3_CR,S3,CR,1,171.9,8.135,1.57,1.15,7.64,5,0,24.75
2674,T05,CR_S4,CR,S4,0,0.0,9.692,1.49,1.15,0.79,1,0,20.24
2675,T06,S3_D2,S3,D2,1,203.2,6.362,1.39,1.35,6.41,5,0,27.08
2676,T01,S3_CR,S3,CR,1,178.7,8.135,1.57,1.15,10.95,3,0,23.6
2677,T09,CR_S2,CR,S2,0,0.0,8.334,1.39,1.15,3.91,1,0,19.64
2678,T03,S4_D2,S4,D2,1,189.8,6.638,1.49,1.35,8.56,1,1,35.58
2679,T10,CR_S4,CR,S4,0,0.0,9.692,1.49,1.15,1.65,1,0,22.79
2680,T07,S4_D2,S4,D2,1,179.6,6.638,1.49,1.35,7.03,6,0,27.07
2681,T01,S4_D2,S4,D2,1,188.1,6.638,1.49,1.35,1.38,0,1,31.88
2682,T01,CR_S2,CR,S2,0,0.0,8.334,1.39,1.15,4.18,2,0,21.58
2683,T05,S4_CR,S4,CR,1,193.2,9.692,1.49,1.15,5.37,6,0,32.15
2684,T10,D2_S3,D2,S3,0,0.0,6.362,1.39,1.35,9.64,1,0,21.67
2685,T10,S2_CR,S2,CR,1,186.9,8.334,1.39,1.15,1.92,2,0,30.02
2686,T05,CR_S3,CR,S3,0,0.0,8.135,1.57,1.15,8.55,3,0,17.45
2687,T10,S3_CR,S3,CR,1,197.3,8.135,1.57,1.15,6.8,5,1,35.45
2688,T06,S4_D2,S4,D2,1,220.0,6.638,1.49,1.35,4.51,2,0,27.3
2689,T06,D2_S3,D2,S3,0,0.0,6.362,1.39,1.35,11.41,1,0,23.91
2690,T04,S1_CR,S1,CR,1,187.1,8.767,0.8,1.15,0.85,2,0,30.46
2691,T03,D2_S3,D2,S3,0,0.0,6.362,1.39,1.35,1.51,0,0,20.82
2692,T04,D2_S4,D2,S4,0,0.0,6.638,1.49,1.35,11.75,4,0,25.17
2693,T07,D2_S4,D2,S4,0,0.0,6.638,1.49,1.35,9.68,5,1,28.99
2694,T04,CR_S3,CR,S3,0,0.0,8.135,1.57,1.15,5.58,1,0,17.23
2695,T02,S4_CR,S4,CR,1,178.6,9.692,1.49,1.15,9.17,2,0,28.32
2696,T03,CR_S3,CR,S3,0,0.0,8.135,1.57,1.15,4.83,2,1,21.61
2697,T05,S1_CR,S1,CR,1,209.3,8.767,0.8,1.15,2.31,3,0,31.31
2698,T03,D2_S4,D2,S4,0,0.0,6.638,1.49,1.35,2.43,3,0,21.43
2699,T10,D2_S3,D2,S3,0,0.0,6.362,1.39,1.35,4.77,5,1,31.02
2700,T08,S3_D2,S3,D2,1,185.9,6.362,1.39,1.35,2.9,2,0,26.83
2701,T05,S3_CR,S3,CR,1,212.5,8.135,1.57,1.15,9.48,2,0,20.17
2702,T10,S3_D2,S3,D2,1,194.8,6.362,1.39,1.35,5.91,8,0,36.48
2703,T01,S4_D2,S4,D2,1,203.4,6.638,1.49,1.35,7.02,1,0,25.38
2704,T05,S3_D2,S3,D2,1,193.3,6.362,1.39,1.35,11.02,4,0,27.37
2705,T10,D2_S3,D2,S3,0,0.0,6.362,1.39,1.35,3.71,1,0,22.77
2706,T10,S3_D2,S3,D2,1,204.9,6.362,1.39,1.35,4.33,3,0,25.51
2707,T04,S2_CR,S2,CR,1,188.7,8.334,1.39,1.15,7.4,4,0,28.9
2708,T01,D2_S3,D2,S3,0,0.0,6.362,1.39,1.35,6.86,5,0,24.44
2709,T06,S3_CR,S3,CR,1,188.2,8.135,1.57,1.15,7.28,4,0,22.53
2710,T09,S3_D2,S3,D2,1,205.1,6.362,1.39,1.35,3.77,4,0,27.93
2711,T08,CR_S1,CR,S1,0,0.0,8.767,0.8,1.15,5.17,8,0,27.25
2712,T05,CR_S1,CR,S1,0,0.0,8.767,0.8,1.15,6.53,5,0,24.26
2713,T04,D2_S3,D2,S3,0,0.0,6.362,1.39,1.35,11.67,2,0,22.03
2714,T06,S4_CR,S4,CR,1,196.9,9.692,1.49,1.15,0.52,1,0,24.69
2715,T01,CR_S4,CR,S4,0,0.0,9.692,1.49,1.15,6.16,5,0,26.05
2716,T09,S3_CR,S3,CR,1,218.5,8.135,1.57,1.15,3.6,3,0,21.28
2717,T01,S4_CR,S4,CR,1,185.3,9.692,1.49,1.15,10.94,1,0,29.42
2718,T08,S4_CR,S4,CR,1,185.1,9.692,1.49,1.15,2.19,3,1,38.65
2719,T01,CR_S1,CR,S1,0,0.0,8.767,0.8,1.15,2.1,4,1,31.97
2720,T07,S2_CR,S2,CR,1,203.7,8.334,1.39,1.15,2.74,3,0,28.0
2721,T10,CR_S3,CR,S3,0,0.0,8.135,1.57,1.15,10.37,6,0,21.68
2722,T01,S2_CR,S2,CR,1,190.7,8.334,1.39,1.15,4.47,5,0,29.03
2723,T05,CR_S1,CR,S1,0,0.0,8.767,0.8,1.15,8.93,0,0,21.03
2724,T02,S3_CR,S3,CR,1,179.8,8.135,1.57,1.15,9.85,1,0,22.46
2725,T01,CR_S1,CR,S1,0,0.0,8.767,0.8,1.15,0.92,1,0,22.47
2726,T04,S3_D2,S3,D2,1,150.3,6.362,1.39,1.35,7.8,3,0,29.95
2727,T08,D2_S3,D2,S3,0,0.0,6.362,1.39,1.35,11.48,0,0,19.97
2728,T06,S2_CR,S2,CR,1,183.0,8.334,1.39,1.15,6.24,4,0,30.11
2729,T03,CR_S4,CR,S4,0,0.0,9.692,1.49,1.15,8.57,1,0,21.3
2730,T04,S1_CR,S1,CR,1,186.7,8.767,0.8,1.15,2.75,1,0,27.44
2731,T02,S4_D2,S4,D2,1,192.2,6.638,1.49,1.35,1.28,1,0,28.98
2732,T09,D2_S4,D2,S4,0,0.0,6.638,1.49,1.35,1.14,2,0,22.97
2733,T09,D2_S3,D2,S3,0,0.0,6.362,1.39,1.35,8.41,1,0,17.85
2734,T01,S4_CR,S4,CR,1,178.7,9.692,1.49,1.15,11.95,1,0,25.38
2735,T08,S3_CR,S3,CR,1,199.2,8.135,1.57,1.15,5.46,4,1,29.54
2736,T05,CR_S3,CR,S3,0,0.0,8.135,1.57,1.15,0.23,2,0,17.1
2737,T04,S3_D2,S3,D2,1,193.4,6.362,1.39,1.35,9.95,3,0,30.19
2738,T04,D2_S3,D2,S3,0,0.0,6.362,1.39,1.35,6.62,4,0,24.86
2739,T05,S1_CR,S1,CR,1,193.3,8.767,0.8,1.15,4.57,4,0,31.96
2740,T10,D2_S3,D2,S3,0,0.0,6.362,1.39,1.35,8.15,1,0,21.18
2741,T05,S3_D2,S3,D2,1,196.5,6.362,1.39,1.35,6.03,5,0,28.47
2742,T05,S3_D2,S3,D2,1,172.9,6.362,1.39,1.35,10.99,1,0,26.85
2743,T03,S4_D2,S4,D2,1,198.2,6.638,1.49,1.35,11.42,0,0,26.66
2744,T05,D2_S4,D2,S4,0,0.0,6.638,1.49,1.35,9.46,4,0,21.84
2745,T05,D2_S4,D2,S4,0,0.0,6.638,1.49,1.35,0.65,5,0,23.01
2746,T03,S4_D2,S4,D2,1,168.5,6.638,1.49,1.35,5.02,3,0,27.26
2747,T07,D2_S4,D2,S4,0,0.0,6.638,1.49,1.35,1.39,2,0,22.0
2748,T04,S4_CR,S4,CR,1,204.1,9.692,1.49,1.15,6.26,4,0,30.51
2749,T08,S3_CR,S3,CR,1,187.8,8.135,1.57,1.15,11.44,0,0,16.74
2750,T08,S1_CR,S1,CR,1,205.1,8.767,0.8,1.15,5.15,4,0,30.25
2751,T07,CR_S3,CR,S3,0,0.0,8.135,1.57,1.15,11.45,2,0,18.73
2752,T03,S4_CR,S4,CR,1,214.4,9.692,1.49,1.15,11.54,6,0,28.22
2753,T07,S1_CR,S1,CR,1,186.2,8.767,0.8,1.15,11.87,4,0,31.64
2754,T03,S4_CR,S4,CR,1,198.2,9.692,1.49,1.15,0.38,2,0,29.0
2755,T09,S4_D2,S4,D2,1,188.5,6.638,1.49,1.35,4.16,1,0,30.05
2756,T10,CR_S2,CR,S2,0,0.0,8.334,1.39,1.15,3.68,2,0,24.01
2757,T01,D2_S4,D2,S4,0,0.0,6.638,1.49,1.35,10.34,2,0,22.17
2758,T10,S4_D2,S4,D2,1,176.0,6.638,1.49,1.35,11.24,0,0,26.77
2759,T08,CR_S2,CR,S2,0,0.0,8.334,1.39,1.15,7.82,1,0,22.26
2760,T02,S4_D2,S4,D2,1,220.0,6.638,1.49,1.35,11.39,3,0,26.54
2761,T10,S3_D2,S3,D2,1,220.0,6.362,1.39,1.35,4.82,4,0,31.93
2762,T04,S4_D2,S4,D2,1,175.3,6.638,1.49,1.35,1.59,1,0,27.43
2763,T09,CR_S2,CR,S2,0,0.0,8.334,1.39,1.15,12.0,3,0,22.24
2764,T03,S1_CR,S1,CR,1,185.1,8.767,0.8,1.15,8.12,1,0,26.77
2765,T09,D2_S3,D2,S3,0,0.0,6.362,1.39,1.35,9.57,3,0,22.91
2766,T06,CR_S2,CR,S2,0,0.0,8.334,1.39,1.15,8.1,2,0,22.23
2767,T04,CR_S2,CR,S2,0,0.0,8.334,1.39,1.15,8.01,3,0,24.44
2768,T03,CR_S4,CR,S4,0,0.0,9.692,1.49,1.15,7.13,6,0,27.49
2769,T10,S1_CR,S1,CR,1,202.2,8.767,0.8,1.15,3.37,1,0,29.76
2770,T05,CR_S3,CR,S3,0,0.0,8.135,1.57,1.15,11.97,2,0,17.26
2771,T09,CR_S1,CR,S1,0,0.0,8.767,0.8,1.15,3.88,5,0,24.33
2772,T01,D2_S4,D2,S4,0,0.0,6.638,1.49,1.35,3.52,3,0,22.57
2773,T06,S4_D2,S4,D2,1,191.8,6.638,1.49,1.35,5.29,6,0,26.92
2774,T03,S1_CR,S1,CR,1,203.9,8.767,0.8,1.15,3.09,1,0,25.33
2775,T08,D2_S3,D2,S3,0,0.0,6.362,1.39,1.35,2.84,2,0,22.25
2776,T08,CR_S2,CR,S2,0,0.0,8.334,1.39,1.15,8.16,3,1,26.3
2777,T09,S3_CR,S3,CR,1,179.8,8.135,1.57,1.15,7.49,2,0,20.66
2778,T07,S4_CR,S4,CR,1,175.5,9.692,1.49,1.15,9.49,3,0,27.65
2779,T04,S3_CR,S3,CR,1,183.0,8.135,1.57,1.15,1.09,1,1,27.45
2780,T03,S4_CR,S4,CR,1,203.4,9.692,1.49,1.15,10.8,3,0,29.43
2781,T05,CR_S4,CR,S4,0,0.0,9.692,1.49,1.15,3.11,2,0,25.2
2782,T05,S1_CR,S1,CR,1,205.7,8.767,0.8,1.15,8.09,2,0,29.11
2783,T02,D2_S4,D2,S4,0,0.0,6.638,1.49,1.35,2.65,2,0,23.27
2784,T01,CR_S1,CR,S1,0,0.0,8.767,0.8,1.15,4.59,3,0,25.08
2785,T03,CR_S1,CR,S1,0,0.0,8.767,0.8,1.15,4.68,4,0,22.03
2786,T04,CR_S2,CR,S2,0,0.0,8.334,1.39,1.15,6.75,5,0,22.67
2787,T09,D2_S3,D2,S3,0,0.0,6.362,1.39,1.35,5.03,4,0,22.4
2788,T02,CR_S3,CR,S3,0,0.0,8.135,1.57,1.15,0.41,1,0,18.09
2789,T08,D2_S3,D2,S3,0,0.0,6.362,1.39,1.35,9.63,1,0,21.5
2790,T08,CR_S2,CR,S2,0,0.0,8.334,1.39,1.15,10.82,2,0,22.51
2791,T05,S3_D2,S3,D2,1,213.3,6.362,1.39,1.35,4.83,0,0,23.39
2792,T08,S3_CR,S3,CR,1,182.8,8.135,1.57,1.15,2.61,1,0,21.96
2793,T06,CR_S1,CR,S1,0,0.0,8.767,0.8,1.15,4.49,5,0,26.6
2794,T03,S4_D2,S4,D2,1,211.6,6.638,1.49,1.35,0.24,6,0,30.91
2795,T04,S1_CR,S1,CR,1,181.6,8.767,0.8,1.15,9.14,2,0,27.29
2796,T04,S3_D2,S3,D2,1,168.2,6.362,1.39,1.35,2.39,2,0,25.39
2797,T09,CR_S1,CR,S1,0,0.0,8.767,0.8,1.15,7.38,3,0,25.43
2798,T04,CR_S4,CR,S4,0,0.0,9.692,1.49,1.15,7.59,2,0,20.4
2799,T06,S4_D2,S4,D2,1,200.2,6.638,1.49,1.35,3.89,1,0,27.15
2800,T07,CR_S4,CR,S4,0,0.0,9.692,1.49,1.15,0.57,0,0,20.1
2801,T06,CR_S4,CR,S4,0,0.0,9.692,1.49,1.15,7.29,2,0,19.98
2802,T09,D2_S4,D2,S4,0,0.0,6.638,1.49,1.35,3.43,1,1,30.5
2803,T03,S1_CR,S1,CR,1,190.0,8.767,0.8,1.15,4.75,3,0,30.32
2804,T10,S1_CR,S1,CR,1,196.5,8.767,0.8,1.15,4.72,2,0,27.64
2805,T06,D2_S4,D2,S4,0,0.0,6.638,1.49,1.35,3.12,3,0,23.13
2806,T07,S4_D2,S4,D2,1,191.6,6.638,1.49,1.35,3.89,3,0,26.13
2807,T02,CR_S3,CR,S3,0,0.0,8.135,1.57,1.15,3.4,3,0,16.97
2808,T08,CR_S4,CR,S4,0,0.0,9.692,1.49,1.15,1.07,4,0,24.41
2809,T03,S1_CR,S1,CR,1,218.4,8.767,0.8,1.15,1.37,1,0,27.85
2810,T04,CR_S4,CR,S4,0,0.0,9.692,1.49,1.15,6.4,4,1,28.39
2811,T02,S4_D2,S4,D2,1,208.3,6.638,1.49,1.35,9.28,4,0,27.24
2812,T06,S3_CR,S3,CR,1,191.4,8.135,1.57,1.15,1.3,0,0,17.73
2813,T01,S3_CR,S3,CR,1,173.5,8.135,1.57,1.15,4.61,1,0,24.06
2814,T07,S1_CR,S1,CR,1,185.8,8.767,0.8,1.15,1.16,3,0,31.99
2815,T03,CR_S2,CR,S2,0,0.0,8.334,1.39,1.15,0.36,1,0,24.45
2816,T03,CR_S2,CR,S2,0,0.0,8.334,1.39,1.15,0.31,2,0,21.5
2817,T06,D2_S3,D2,S3,0,0.0,6.362,1.39,1.35,11.66,2,0,22.67
2818,T04,S2_CR,S2,CR,1,166.4,8.334,1.39,1.15,9.78,3,0,27.58
2819,T09,S4_D2,S4,D2,1,147.0,6.638,1.49,1.35,3.4,3,0,27.64
2820,T10,S4_D2,S4,D2,1,211.7,6.638,1.49,1.35,1.82,2,0,26.21
2821,T03,S3_D2,S3,D2,1,214.9,6.362,1.39,1.35,6.38,7,0,34.12
2822,T09,CR_S3,CR,S3,0,0.0,8.135,1.57,1.15,0.53,2,0,18.57
2823,T07,D2_S3,D2,S3,0,0.0,6.362,1.39,1.35,11.04,2,0,23.09
2824,T01,D2_S4,D2,S4,0,0.0,6.638,1.49,1.35,0.6,1,0,22.13
2825,T04,S3_CR,S3,CR,1,183.5,8.135,1.57,1.15,1.5,3,0,21.67
2826,T01,S2_CR,S2,CR,1,210.7,8.334,1.39,1.15,1.8,2,0,25.8
2827,T06,S2_CR,S2,CR,1,212.6,8.334,1.39,1.15,6.71,3,0,26.06
2828,T03,D2_S3,D2,S3,0,0.0,6.362,1.39,1.35,2.11,1,0,19.93
2829,T06,D2_S3,D2,S3,0,0.0,6.362,1.39,1.35,9.8,2,0,24.07
2830,T04,CR_S4,CR,S4,0,0.0,9.692,1.49,1.15,1.08,2,0,22.06
2831,T09,S4_D2,S4,D2,1,198.9,6.638,1.49,1.35,10.57,0,0,28.36
2832,T07,S4_D2,S4,D2,1,180.1,6.638,1.49,1.35,8.35,1,0,25.87
2833,T10,S1_CR,S1,CR,1,177.8,8.767,0.8,1.15,5.97,5,0,31.94
2834,T09,S3_D2,S3,D2,1,203.0,6.362,1.39,1.35,6.32,5,0,31.04
2835,T03,CR_S1,CR,S1,0,0.0,8.767,0.8,1.15,3.26,3,0,24.3
2836,T06,D2_S4,D2,S4,0,0.0,6.638,1.49,1.35,3.22,2,0,20.11
2837,T01,D2_S3,D2,S3,0,0.0,6.362,1.39,1.35,3.64,3,0,23.24
2838,T07,D2_S4,D2,S4,0,0.0,6.638,1.49,1.35,0.8,3,0,23.82
2839,T07,D2_S4,D2,S4,0,0.0,6.638,1.49,1.35,9.2,1,0,21.36
2840,T05,D2_S4,D2,S4,0,0.0,6.638,1.49,1.35,5.83,5,0,24.27
2841,T04,CR_S1,CR,S1,0,0.0,8.767,0.8,1.15,1.49,1,0,23.74
2842,T02,S2_CR,S2,CR,1,201.4,8.334,1.39,1.15,9.92,2,0,28.01
2843,T06,S3_CR,S3,CR,1,218.0,8.135,1.57,1.15,8.72,1,0,22.68
2844,T07,S4_D2,S4,D2,1,179.4,6.638,1.49,1.35,1.49,2,0,25.4
2845,T05,D2_S4,D2,S4,0,0.0,6.638,1.49,1.35,0.39,2,0,22.15
2846,T08,S4_D2,S4,D2,1,198.6,6.638,1.49,1.35,0.13,1,0,26.46
2847,T04,CR_S4,CR,S4,0,0.0,9.692,1.49,1.15,7.61,1,0,23.48
2848,T02,S3_CR,S3,CR,1,198.2,8.135,1.57,1.15,6.46,5,0,25.28
2849,T05,S3_D2,S3,D2,1,177.9,6.362,1.39,1.35,6.57,3,0,24.95
2850,T03,CR_S4,CR,S4,0,0.0,9.692,1.49,1.15,11.23,5,0,25.58
2851,T01,S2_CR,S2,CR,1,208.1,8.334,1.39,1.15,1.61,3,0,30.12
2852,T04,S4_D2,S4,D2,1,198.7,6.638,1.49,1.35,10.26,4,1,40.09
2853,T04,S2_CR,S2,CR,1,192.8,8.334,1.39,1.15,11.08,3,0,29.21
2854,T04,S2_CR,S2,CR,1,209.3,8.334,1.39,1.15,4.64,5,0,28.55
2855,T04,CR_S1,CR,S1,0,0.0,8.767,0.8,1.15,11.42,3,0,21.18
2856,T10,CR_S2,CR,S2,0,0.0,8.334,1.39,1.15,9.19,3,0,23.28
2857,T07,S1_CR,S1,CR,1,189.4,8.767,0.8,1.15,2.68,2,0,28.58
2858,T04,D2_S4,D2,S4,0,0.0,6.638,1.49,1.35,7.43,2,0,23.23
2859,T08,S4_D2,S4,D2,1,186.0,6.638,1.49,1.35,9.9,2,0,29.55
2860,T08,D2_S4,D2,S4,0,0.0,6.638,1.49,1.35,1.62,2,0,25.18
2861,T01,S3_D2,S3,D2,1,220.0,6.362,1.39,1.35,10.95,2,0,28.34
2862,T04,S3_CR,S3,CR,1,208.7,8.135,1.57,1.15,11.75,2,0,22.33
2863,T09,S1_CR,S1,CR,1,174.9,8.767,0.8,1.15,7.49,3,0,30.06
2864,T08,S3_CR,S3,CR,1,197.7,8.135,1.57,1.15,6.42,2,0,20.8
2865,T09,D2_S4,D2,S4,0,0.0,6.638,1.49,1.35,2.01,2,0,22.61
2866,T09,S3_CR,S3,CR,1,174.2,8.135,1.57,1.15,3.92,4,1,27.4
2867,T07,S2_CR,S2,CR,1,209.4,8.334,1.39,1.15,4.59,0,0,26.67
2868,T07,D2_S4,D2,S4,0,0.0,6.638,1.49,1.35,1.94,4,0,24.81
2869,T09,CR_S2,CR,S2,0,0.0,8.334,1.39,1.15,11.04,2,0,22.82
2870,T09,D2_S4,D2,S4,0,0.0,6.638,1.49,1.35,3.87,0,0,21.02
2871,T02,S2_CR,S2,CR,1,156.3,8.334,1.39,1.15,7.08,5,0,27.34
2872,T06,D2_S4,D2,S4,0,0.0,6.638,1.49,1.35,2.04,2,0,24.07
2873,T03,D2_S4,D2,S4,0,0.0,6.638,1.49,1.35,9.28,2,0,22.3
2874,T07,S3_D2,S3,D2,1,207.0,6.362,1.39,1.35,0.2,5,0,28.93
2875,T04,S2_CR,S2,CR,1,191.9,8.334,1.39,1.15,10.98,8,0,31.27
2876,T10,CR_S1,CR,S1,0,0.0,8.767,0.8,1.15,3.53,1,0,24.13
2877,T04,CR_S3,CR,S3,0,0.0,8.135,1.57,1.15,2.88,3,0,19.59
2878,T08,S3_CR,S3,CR,1,201.0,8.135,1.57,1.15,11.21,2,0,21.78
2879,T02,CR_S4,CR,S4,0,0.0,9.692,1.49,1.15,9.66,3,0,22.72
2880,T02,S1_CR,S1,CR,1,211.9,8.767,0.8,1.15,0.71,6,0,34.32
2881,T03,S3_D2,S3,D2,1,188.1,6.362,1.39,1.35,7.32,1,0,27.71
2882,T02,S3_D2,S3,D2,1,186.0,6.362,1.39,1.35,3.03,0,0,25.7
2883,T09,D2_S4,D2,S4,0,0.0,6.638,1.49,1.35,5.69,5,0,28.71
2884,T03,S4_D2,S4,D2,1,220.0,6.638,1.49,1.35,8.45,3,0,27.57
2885,T10,S3_CR,S3,CR,1,220.0,8.135,1.57,1.15,10.22,1,0,18.33
2886,T05,CR_S3,CR,S3,0,0.0,8.135,1.57,1.15,9.1,0,0,14.72
2887,T01,S3_D2,S3,D2,1,206.0,6.362,1.39,1.35,9.29,3,0,27.06
2888,T04,S3_D2,S3,D2,1,198.6,6.362,1.39,1.35,5.64,2,0,26.37
2889,T07,S4_D2,S4,D2,1,208.2,6.638,1.49,1.35,1.42,5,0,27.47
2890,T07,CR_S3,CR,S3,0,0.0,8.135,1.57,1.15,10.14,1,0,17.42
2891,T05,S3_CR,S3,CR,1,188.6,8.135,1.57,1.15,8.33,4,0,22.78
2892,T09,CR_S3,CR,S3,0,0.0,8.135,1.57,1.15,1.91,0,0,15.5
2893,T08,CR_S2,CR,S2,0,0.0,8.334,1.39,1.15,9.65,3,0,24.9
2894,T04,S3_D2,S3,D2,1,217.3,6.362,1.39,1.35,6.77,4,1,34.19
2895,T07,S4_D2,S4,D2,1,166.8,6.638,1.49,1.35,9.09,2,0,26.04
2896,T09,CR_S3,CR,S3,0,0.0,8.135,1.57,1.15,3.91,2,0,16.37
2897,T05,D2_S3,D2,S3,0,0.0,6.362,1.39,1.35,3.58,1,0,21.47
2898,T09,S2_CR,S2,CR,1,192.6,8.334,1.39,1.15,5.15,2,0,27.59
2899,T10,S1_CR,S1,CR,1,212.5,8.767,0.8,1.15,3.92,5,0,30.38
2900,T02,S4_CR,S4,CR,1,184.0,9.692,1.49,1.15,7.72,1,0,26.65
2901,T05,CR_S3,CR,S3,0,0.0,8.135,1.57,1.15,9.52,2,0,17.07
2902,T01,CR_S4,CR,S4,0,0.0,9.692,1.49,1.15,1.12,1,0,21.18
2903,T05,S4_D2,S4,D2,1,216.3,6.638,1.49,1.35,1.18,1,0,28.38
2904,T01,S4_D2,S4,D2,1,201.2,6.638,1.49,1.35,2.62,4,0,27.47
2905,T10,CR_S3,CR,S3,0,0.0,8.135,1.57,1.15,2.97,3,0,18.67
2906,T08,S3_CR,S3,CR,1,191.2,8.135,1.57,1.15,1.8,2,0,20.73
2907,T04,S3_CR,S3,CR,1,182.5,8.135,1.57,1.15,1.91,2,0,20.64
2908,T02,CR_S2,CR,S2,0,0.0,8.334,1.39,1.15,8.01,0,0,22.23
2909,T02,CR_S2,CR,S2,0,0.0,8.334,1.39,1.15,11.65,1,0,20.73
2910,T06,S1_CR,S1,CR,1,179.5,8.767,0.8,1.15,8.42,2,0,24.64
2911,T09,S3_CR,S3,CR,1,180.4,8.135,1.57,1.15,1.53,4,0,25.3
2912,T04,S3_CR,S3,CR,1,195.9,8.135,1.57,1.15,2.58,2,0,20.48
2913,T01,CR_S1,CR,S1,0,0.0,8.767,0.8,1.15,10.07,2,0,23.45
2914,T06,CR_S3,CR,S3,0,0.0,8.135,1.57,1.15,7.23,0,0,15.03
2915,T10,S1_CR,S1,CR,1,189.8,8.767,0.8,1.15,0.52,4,0,28.24
2916,T05,S1_CR,S1,CR,1,212.3,8.767,0.8,1.15,8.39,4,0,31.29
2917,T02,CR_S4,CR,S4,0,0.0,9.692,1.49,1.15,1.6,2,0,20.89
2918,T09,S3_D2,S3,D2,1,217.1,6.362,1.39,1.35,8.81,0,0,25.24
2919,T06,S1_CR,S1,CR,1,175.4,8.767,0.8,1.15,10.47,3,0,29.81
2920,T05,D2_S4,D2,S4,0,0.0,6.638,1.49,1.35,2.15,3,0,23.4
2921,T04,D2_S3,D2,S3,0,0.0,6.362,1.39,1.35,3.23,0,0,21.82
2922,T10,CR_S2,CR,S2,0,0.0,8.334,1.39,1.15,7.98,4,0,22.63
2923,T04,S2_CR,S2,CR,1,175.6,8.334,1.39,1.15,4.54,4,0,29.43
2924,T09,CR_S2,CR,S2,0,0.0,8.334,1.39,1.15,7.48,1,0,20.79
2925,T04,CR_S4,CR,S4,0,0.0,9.692,1.49,1.15,8.57,0,0,20.86
2926,T08,CR_S3,CR,S3,0,0.0,8.135,1.57,1.15,1.08,2,0,16.95
2927,T07,S3_CR,S3,CR,1,201.9,8.135,1.57,1.15,3.49,2,0,21.75
2928,T10,S1_CR,S1,CR,1,200.8,8.767,0.8,1.15,8.62,0,0,30.51
2929,T10,CR_S4,CR,S4,0,0.0,9.692,1.49,1.15,3.19,4,0,23.95
2930,T07,S3_D2,S3,D2,1,199.9,6.362,1.39,1.35,2.03,3,0,29.36
2931,T03,CR_S4,CR,S4,0,0.0,9.692,1.49,1.15,7.21,6,1,29.65
2932,T04,S1_CR,S1,CR,1,196.6,8.767,0.8,1.15,4.57,2,0,30.75
2933,T09,S1_CR,S1,CR,1,209.9,8.767,0.8,1.15,4.64,3,0,26.53
2934,T08,S3_D2,S3,D2,1,189.4,6.362,1.39,1.35,11.03,5,0,30.83
2935,T08,S4_CR,S4,CR,1,209.1,9.692,1.49,1.15,7.41,4,0,26.86
2936,T07,CR_S4,CR,S4,0,0.0,9.692,1.49,1.15,7.32,3,0,25.4
2937,T03,S1_CR,S1,CR,1,201.7,8.767,0.8,1.15,7.76,5,0,33.21
2938,T04,D2_S4,D2,S4,0,0.0,6.638,1.49,1.35,5.99,4,0,20.74
2939,T06,S3_D2,S3,D2,1,203.6,6.362,1.39,1.35,8.06,4,0,30.8
2940,T09,S3_CR,S3,CR,1,192.8,8.135,1.57,1.15,4.12,1,0,23.18
2941,T01,S2_CR,S2,CR,1,206.8,8.334,1.39,1.15,8.01,3,0,28.22
2942,T04,S2_CR,S2,CR,1,208.2,8.334,1.39,1.15,7.18,2,0,27.42
2943,T04,S3_D2,S3,D2,1,183.8,6.362,1.39,1.35,4.3,2,0,25.07
2944,T10,S3_CR,S3,CR,1,211.1,8.135,1.57,1.15,5.89,5,1,33.53
2945,T06,S4_D2,S4,D2,1,202.8,6.638,1.49,1.35,2.45,1,0,26.51
2946,T03,CR_S1,CR,S1,0,0.0,8.767,0.8,1.15,3.01,2,0,22.86
2947,T08,S3_CR,S3,CR,1,218.0,8.135,1.57,1.15,9.35,1,0,19.08
2948,T02,CR_S3,CR,S3,0,0.0,8.135,1.57,1.15,10.81,5,0,21.53
2949,T06,D2_S3,D2,S3,0,0.0,6.362,1.39,1.35,8.64,3,0,21.44
2950,T05,S2_CR,S2,CR,1,200.8,8.334,1.39,1.15,8.66,1,0,30.08
2951,T10,S4_CR,S4,CR,1,213.3,9.692,1.49,1.15,1.67,3,0,29.19
2952,T04,CR_S3,CR,S3,0,0.0,8.135,1.57,1.15,6.24,3,0,18.15
2953,T07,S4_D2,S4,D2,1,211.6,6.638,1.49,1.35,3.62,7,0,33.39
2954,T03,CR_S1,CR,S1,0,0.0,8.767,0.8,1.15,8.21,3,0,25.65
2955,T05,D2_S4,D2,S4,0,0.0,6.638,1.49,1.35,2.06,4,0,25.11
2956,T09,CR_S3,CR,S3,0,0.0,8.135,1.57,1.15,6.71,4,0,18.47
2957,T03,S4_CR,S4,CR,1,208.5,9.692,1.49,1.15,10.26,0,0,24.39
2958,T02,CR_S4,CR,S4,0,0.0,9.692,1.49,1.15,1.02,5,0,25.16
2959,T07,S4_CR,S4,CR,1,189.3,9.692,1.49,1.15,8.18,2,0,24.46
2960,T04,S3_CR,S3,CR,1,192.4,8.135,1.57,1.15,9.19,1,1,26.32
2961,T08,D2_S3,D2,S3,0,0.0,6.362,1.39,1.35,9.9,1,0,20.79
2962,T08,S2_CR,S2,CR,1,213.6,8.334,1.39,1.15,2.5,6,0,29.92
2963,T04,S3_D2,S3,D2,1,197.1,6.362,1.39,1.35,1.21,2,0,26.65
2964,T05,CR_S4,CR,S4,0,0.0,9.692,1.49,1.15,7.93,0,0,19.78
2965,T05,S2_CR,S2,CR,1,216.4,8.334,1.39,1.15,7.16,6,0,29.86
2966,T07,S3_CR,S3,CR,1,187.9,8.135,1.57,1.15,1.08,4,0,24.2
2967,T07,S3_D2,S3,D2,1,171.2,6.362,1.39,1.35,8.79,1,1,40.51
2968,T09,S1_CR,S1,CR,1,179.4,8.767,0.8,1.15,5.87,4,0,33.78
2969,T07,S4_CR,S4,CR,1,201.4,9.692,1.49,1.15,5.44,2,0,27.05
2970,T07,S3_D2,S3,D2,1,193.4,6.362,1.39,1.35,3.02,4,0,23.94
2971,T01,S4_D2,S4,D2,1,198.4,6.638,1.49,1.35,11.39,4,0,27.94
2972,T04,S4_CR,S4,CR,1,206.7,9.692,1.49,1.15,7.5,0,0,26.65
2973,T09,S2_CR,S2,CR,1,196.3,8.334,1.39,1.15,3.37,1,0,26.53
2974,T03,CR_S3,CR,S3,0,0.0,8.135,1.57,1.15,8.62,2,0,17.83
2975,T02,CR_S3,CR,S3,0,0.0,8.135,1.57,1.15,5.33,3,0,18.73
2976,T09,CR_S1,CR,S1,0,0.0,8.767,0.8,1.15,6.72,8,0,27.34
2977,T02,CR_S3,CR,S3,0,0.0,8.135,1.57,1.15,1.91,2,0,19.61
2978,T09,CR_S4,CR,S4,0,0.0,9.692,1.49,1.15,9.44,3,0,24.86
2979,T07,S3_CR,S3,CR,1,182.9,8.135,1.57,1.15,3.43,5,1,29.22
2980,T10,CR_S2,CR,S2,0,0.0,8.334,1.39,1.15,7.52,1,0,23.49
2981,T07,D2_S3,D2,S3,0,0.0,6.362,1.39,1.35,1.44,3,0,22.32
2982,T01,S3_CR,S3,CR,1,154.9,8.135,1.57,1.15,6.48,7,0,27.26
2983,T03,S4_CR,S4,CR,1,196.1,9.692,1.49,1.15,3.33,4,0,27.82
2984,T10,CR_S4,CR,S4,0,0.0,9.692,1.49,1.15,2.64,2,0,21.48
2985,T05,S4_CR,S4,CR,1,179.5,9.692,1.49,1.15,6.04,0,0,28.44
2986,T06,CR_S3,CR,S3,0,0.0,8.135,1.57,1.15,0.27,2,0,18.16
2987,T02,S3_D2,S3,D2,1,203.0,6.362,1.39,1.35,2.6,2,1,31.57
2988,T03,CR_S2,CR,S2,0,0.0,8.334,1.39,1.15,10.29,1,0,20.82
2989,T09,CR_S2,CR,S2,0,0.0,8.334,1.39,1.15,4.72,4,0,24.49
2990,T07,S4_CR,S4,CR,1,178.5,9.692,1.49,1.15,4.83,7,0,34.43
2991,T07,S3_D2,S3,D2,1,156.7,6.362,1.39,1.35,5.71,2,0,29.16
2992,T07,S2_CR,S2,CR,1,200.1,8.334,1.39,1.15,9.34,1,0,25.29
2993,T10,S1_CR,S1,CR,1,189.3,8.767,0.8,1.15,3.8,2,0,28.26
2994,T01,S1_CR,S1,CR,1,195.9,8.767,0.8,1.15,0.47,1,0,30.04
2995,T01,CR_S3,CR,S3,0,0.0,8.135,1.57,1.15,0.96,4,0,20.3
2996,T09,S4_D2,S4,D2,1,211.0,6.638,1.49,1.35,1.05,0,0,25.59
2997,T06,S4_CR,S4,CR,1,204.2,9.692,1.49,1.15,2.43,3,0,29.92
2998,T04,S1_CR,S1,CR,1,176.1,8.767,0.8,1.15,1.4,4,0,29.55
2999,T06,D2_S3,D2,S3,0,0.0,6.362,1.39,1.35,3.49,2,0,23.17
3000,T04,D2_S4,D2,S4,0,0.0,6.638,1.49,1.35,11.97,2,0,21.17
3001,T09,S3_CR,S3,CR,1,184.4,8.135,1.57,1.15,11.06,3,0,19.99
3002,T09,CR_S1,CR,S1,0,0.0,8.767,0.8,1.15,8.81,2,1,27.21
3003,T06,S4_D2,S4,D2,1,179.5,6.638,1.49,1.35,0.53,2,0,26.71
3004,T09,S3_D2,S3,D2,1,195.9,6.362,1.39,1.35,10.74,5,0,26.07
3005,T05,S3_CR,S3,CR,1,197.0,8.135,1.57,1.15,2.84,1,0,23.46
3006,T05,S4_CR,S4,CR,1,171.8,9.692,1.49,1.15,5.17,5,0,29.36
3007,T08,CR_S4,CR,S4,0,0.0,9.692,1.49,1.15,4.85,4,0,21.6
3008,T01,CR_S4,CR,S4,0,0.0,9.692,1.49,1.15,4.04,1,0,22.0
3009,T01,S2_CR,S2,CR,1,206.9,8.334,1.39,1.15,6.44,5,0,31.29
3010,T10,D2_S3,D2,S3,0,0.0,6.362,1.39,1.35,7.61,2,0,22.67
3011,T09,S4_D2,S4,D2,1,182.6,6.638,1.49,1.35,4.02,8,0,31.5
3012,T01,S3_CR,S3,CR,1,203.6,8.135,1.57,1.15,2.36,0,0,20.56
3013,T10,S3_D2,S3,D2,1,210.6,6.362,1.39,1.35,9.47,2,0,26.32
3014,T05,D2_S3,D2,S3,0,0.0,6.362,1.39,1.35,8.58,2,0,21.76
3015,T04,CR_S2,CR,S2,0,0.0,8.334,1.39,1.15,10.23,3,0,23.46
3016,T06,CR_S4,CR,S4,0,0.0,9.692,1.49,1.15,1.33,0,0,20.06
3017,T04,S3_CR,S3,CR,1,215.0,8.135,1.57,1.15,6.35,4,0,23.68
3018,T07,S1_CR,S1,CR,1,179.8,8.767,0.8,1.15,1.76,1,0,26.85
3019,T08,S3_CR,S3,CR,1,197.4,8.135,1.57,1.15,7.49,2,0,22.3
3020,T09,S4_CR,S4,CR,1,186.9,9.692,1.49,1.15,2.89,2,0,28.8
3021,T07,S4_CR,S4,CR,1,191.6,9.692,1.49,1.15,7.74,3,0,28.93
3022,T06,CR_S1,CR,S1,0,0.0,8.767,0.8,1.15,1.99,0,0,20.53
3023,T10,CR_S3,CR,S3,0,0.0,8.135,1.57,1.15,7.2,1,0,16.57
3024,T01,S3_D2,S3,D2,1,179.7,6.362,1.39,1.35,11.05,2,0,32.15
3025,T07,S1_CR,S1,CR,1,164.3,8.767,0.8,1.15,0.39,3,0,30.83
3026,T08,S4_CR,S4,CR,1,210.9,9.692,1.49,1.15,4.57,3,0,29.0
3027,T06,S3_CR,S3,CR,1,188.8,8.135,1.57,1.15,7.44,5,0,24.02
3028,T04,S3_D2,S3,D2,1,192.1,6.362,1.39,1.35,8.31,6,0,31.37
3029,T02,S3_D2,S3,D2,1,174.1,6.362,1.39,1.35,0.23,3,0,27.34
3030,T02,D2_S4,D2,S4,0,0.0,6.638,1.49,1.35,6.84,5,0,24.0
3031,T01,S4_CR,S4,CR,1,193.5,9.692,1.49,1.15,7.76,2,0,29.28
3032,T08,S1_CR,S1,CR,1,185.4,8.767,0.8,1.15,1.09,2,0,25.66
3033,T03,S4_CR,S4,CR,1,188.2,9.692,1.49,1.15,4.53,2,0,29.67
3034,T09,CR_S3,CR,S3,0,0.0,8.135,1.57,1.15,10.0,1,0,14.22
3035,T03,S4_D2,S4,D2,1,194.9,6.638,1.49,1.35,10.32,3,0,25.19
3036,T09,S3_D2,S3,D2,1,179.0,6.362,1.39,1.35,5.22,3,0,26.09
3037,T09,CR_S3,CR,S3,0,0.0,8.135,1.57,1.15,6.91,5,0,18.32
3038,T10,S2_CR,S2,CR,1,217.8,8.334,1.39,1.15,3.47,2,0,27.57
3039,T07,S4_CR,S4,CR,1,206.1,9.692,1.49,1.15,0.3,1,0,28.37
3040,T02,S1_CR,S1,CR,1,175.3,8.767,0.8,1.15,2.81,1,0,26.22
3041,T07,CR_S1,CR,S1,0,0.0,8.767,0.8,1.15,8.64,1,0,22.76
3042,T02,D2_S3,D2,S3,0,0.0,6.362,1.39,1.35,11.99,6,0,27.24
3043,T03,D2_S3,D2,S3,0,0.0,6.362,1.39,1.35,0.82,1,1,26.98
3044,T10,CR_S1,CR,S1,0,0.0,8.767,0.8,1.15,9.85,1,0,22.89
3045,T04,S3_D2,S3,D2,1,165.7,6.362,1.39,1.35,1.54,4,0,29.36
3046,T09,S4_D2,S4,D2,1,191.2,6.638,1.49,1.35,6.34,1,0,30.01
3047,T05,S4_D2,S4,D2,1,193.0,6.638,1.49,1.35,4.15,3,0,28.53
3048,T03,S1_CR,S1,CR,1,220.0,8.767,0.8,1.15,8.1,3,0,32.65
3049,T02,S2_CR,S2,CR,1,203.8,8.334,1.39,1.15,11.03,2,0,28.0
3050,T05,D2_S3,D2,S3,0,0.0,6.362,1.39,1.35,10.79,1,0,23.43
3051,T02,CR_S1,CR,S1,0,0.0,8.767,0.8,1.15,7.7,2,0,22.24
3052,T02,S4_D2,S4,D2,1,185.0,6.638,1.49,1.35,6.27,4,0,29.34
3053,T03,S3_CR,S3,CR,1,191.1,8.135,1.57,1.15,7.33,3,0,23.77
3054,T06,CR_S4,CR,S4,0,0.0,9.692,1.49,1.15,10.98,6,0,25.28
3055,T06,CR_S3,CR,S3,0,0.0,8.135,1.57,1.15,8.19,3,0,18.8
3056,T05,D2_S3,D2,S3,0,0.0,6.362,1.39,1.35,8.52,7,0,24.83
3057,T01,S4_D2,S4,D2,1,183.7,6.638,1.49,1.35,11.5,3,0,26.98
3058,T08,CR_S3,CR,S3,0,0.0,8.135,1.57,1.15,2.32,1,0,14.7
3059,T01,S4_D2,S4,D2,1,178.8,6.638,1.49,1.35,11.6,2,0,28.0
3060,T10,S4_D2,S4,D2,1,199.1,6.638,1.49,1.35,3.43,1,0,24.44
3061,T08,CR_S4,CR,S4,0,0.0,9.692,1.49,1.15,4.35,5,0,23.28
3062,T05,CR_S2,CR,S2,0,0.0,8.334,1.39,1.15,0.07,1,0,22.05
3063,T02,S4_CR,S4,CR,1,180.5,9.692,1.49,1.15,4.79,3,0,30.71
3064,T03,D2_S3,D2,S3,0,0.0,6.362,1.39,1.35,8.88,1,0,21.81
3065,T05,CR_S2,CR,S2,0,0.0,8.334,1.39,1.15,3.42,1,0,21.25
3066,T09,D2_S4,D2,S4,0,0.0,6.638,1.49,1.35,10.94,0,0,21.46
3067,T01,S3_D2,S3,D2,1,200.5,6.362,1.39,1.35,8.47,1,0,24.66
3068,T08,CR_S3,CR,S3,0,0.0,8.135,1.57,1.15,3.26,1,0,18.77
3069,T02,CR_S3,CR,S3,0,0.0,8.135,1.57,1.15,3.59,2,0,20.33
3070,T04,CR_S4,CR,S4,0,0.0,9.692,1.49,1.15,5.11,0,1,26.78
3071,T01,D2_S3,D2,S3,0,0.0,6.362,1.39,1.35,7.4,7,0,24.16
3072,T02,S4_CR,S4,CR,1,182.5,9.692,1.49,1.15,7.41,2,0,24.86
3073,T07,S4_D2,S4,D2,1,201.4,6.638,1.49,1.35,9.59,3,0,29.16
3074,T03,S2_CR,S2,CR,1,207.3,8.334,1.39,1.15,8.39,2,0,25.9
3075,T04,S4_D2,S4,D2,1,187.8,6.638,1.49,1.35,8.03,5,0,27.66
3076,T01,D2_S4,D2,S4,0,0.0,6.638,1.49,1.35,5.33,6,0,25.15
3077,T09,CR_S3,CR,S3,0,0.0,8.135,1.57,1.15,8.37,3,0,20.01
3078,T03,CR_S1,CR,S1,0,0.0,8.767,0.8,1.15,4.92,2,0,22.38
3079,T06,CR_S4,CR,S4,0,0.0,9.692,1.49,1.15,5.7,5,0,24.09
3080,T01,CR_S2,CR,S2,0,0.0,8.334,1.39,1.15,3.08,1,0,22.08
3081,T09,S4_D2,S4,D2,1,220.0,6.638,1.49,1.35,2.2,3,0,28.67
3082,T07,D2_S3,D2,S3,0,0.0,6.362,1.39,1.35,1.05,3,0,23.92
3083,T08,CR_S2,CR,S2,0,0.0,8.334,1.39,1.15,9.42,0,0,21.62
3084,T08,D2_S3,D2,S3,0,0.0,6.362,1.39,1.35,2.5,1,0,22.49
3085,T08,D2_S3,D2,S3,0,0.0,6.362,1.39,1.35,3.29,2,0,19.08
3086,T05,S1_CR,S1,CR,1,205.6,8.767,0.8,1.15,0.09,2,0,31.04
3087,T01,S2_CR,S2,CR,1,182.7,8.334,1.39,1.15,10.96,1,0,30.16
3088,T05,D2_S3,D2,S3,0,0.0,6.362,1.39,1.35,1.0,1,0,21.99
3089,T03,S3_D2,S3,D2,1,174.6,6.362,1.39,1.35,8.19,0,0,25.78
3090,T04,S2_CR,S2,CR,1,203.6,8.334,1.39,1.15,0.95,4,0,30.24
3091,T08,S4_CR,S4,CR,1,167.3,9.692,1.49,1.15,2.23,1,0,24.01
3092,T03,D2_S3,D2,S3,0,0.0,6.362,1.39,1.35,0.33,2,0,21.98
3093,T10,S4_CR,S4,CR,1,220.0,9.692,1.49,1.15,1.25,2,0,26.55
3094,T10,CR_S2,CR,S2,0,0.0,8.334,1.39,1.15,10.01,1,0,22.95
3095,T03,S1_CR,S1,CR,1,178.7,8.767,0.8,1.15,10.66,2,0,27.21
3096,T09,CR_S1,CR,S1,0,0.0,8.767,0.8,1.15,11.12,3,0,24.19
3097,T10,S2_CR,S2,CR,1,182.5,8.334,1.39,1.15,9.74,3,1,36.07
3098,T04,S1_CR,S1,CR,1,192.7,8.767,0.8,1.15,6.68,4,0,31.66
3099,T05,D2_S3,D2,S3,0,0.0,6.362,1.39,1.35,1.43,1,0,22.6
3100,T02,S2_CR,S2,CR,1,220.0,8.334,1.39,1.15,7.72,4,1,32.51
3101,T06,CR_S3,CR,S3,0,0.0,8.135,1.57,1.15,0.53,2,0,19.99
3102,T10,D2_S3,D2,S3,0,0.0,6.362,1.39,1.35,0.55,2,0,21.06
3103,T10,CR_S3,CR,S3,0,0.0,8.135,1.57,1.15,2.61,1,0,16.21
3104,T07,S3_CR,S3,CR,1,205.4,8.135,1.57,1.15,5.43,2,0,20.87
3105,T01,CR_S4,CR,S4,0,0.0,9.692,1.49,1.15,6.28,5,0,21.74
3106,T10,S4_CR,S4,CR,1,180.4,9.692,1.49,1.15,8.18,2,0,26.26
3107,T05,S4_CR,S4,CR,1,183.2,9.692,1.49,1.15,0.47,3,0,27.89
3108,T09,D2_S4,D2,S4,0,0.0,6.638,1.49,1.35,10.05,6,0,26.7
3109,T10,S3_D2,S3,D2,1,215.7,6.362,1.39,1.35,8.71,3,0,26.9
3110,T07,S4_D2,S4,D2,1,171.1,6.638,1.49,1.35,0.22,2,0,30.23
3111,T05,D2_S4,D2,S4,0,0.0,6.638,1.49,1.35,8.78,4,0,22.64
3112,T09,S4_D2,S4,D2,1,199.5,6.638,1.49,1.35,10.64,3,0,26.13
3113,T09,D2_S3,D2,S3,0,0.0,6.362,1.39,1.35,6.08,3,0,24.01
3114,T04,CR_S3,CR,S3,0,0.0,8.135,1.57,1.15,9.7,2,0,17.36
3115,T07,CR_S4,CR,S4,0,0.0,9.692,1.49,1.15,4.92,5,0,26.77
3116,T08,CR_S3,CR,S3,0,0.0,8.135,1.57,1.15,5.19,3,0,18.77
3117,T06,S3_D2,S3,D2,1,196.8,6.362,1.39,1.35,11.77,4,0,30.18
3118,T06,CR_S1,CR,S1,0,0.0,8.767,0.8,1.15,1.19,1,0,21.64
3119,T10,CR_S2,CR,S2,0,0.0,8.334,1.39,1.15,11.72,3,0,27.16
3120,T02,D2_S4,D2,S4,0,0.0,6.638,1.49,1.35,0.02,5,0,25.89
3121,T02,CR_S4,CR,S4,0,0.0,9.692,1.49,1.15,8.32,2,0,21.12
3122,T08,D2_S3,D2,S3,0,0.0,6.362,1.39,1.35,10.57,3,0,22.91
3123,T07,S3_CR,S3,CR,1,186.5,8.135,1.57,1.15,3.08,4,0,25.7
3124,T09,D2_S3,D2,S3,0,0.0,6.362,1.39,1.35,2.69,3,0,20.92
3125,T03,CR_S3,CR,S3,0,0.0,8.135,1.57,1.15,7.06,4,0,20.08
3126,T02,CR_S3,CR,S3,0,0.0,8.135,1.57,1.15,9.1,0,0,14.91
3127,T08,CR_S4,CR,S4,0,0.0,9.692,1.49,1.15,5.9,1,0,20.71
3128,T01,S3_D2,S3,D2,1,177.5,6.362,1.39,1.35,8.76,3,0,30.14
3129,T09,S4_CR,S4,CR,1,219.2,9.692,1.49,1.15,0.78,2,0,25.55
3130,T04,S4_D2,S4,D2,1,189.7,6.638,1.49,1.35,6.83,4,0,27.4
3131,T06,S3_CR,S3,CR,1,206.0,8.135,1.57,1.15,1.23,2,0,21.04
3132,T07,CR_S3,CR,S3,0,0.0,8.135,1.57,1.15,2.03,0,0,15.62
3133,T09,S2_CR,S2,CR,1,202.9,8.334,1.39,1.15,4.45,2,0,27.81
3134,T06,S2_CR,S2,CR,1,181.5,8.334,1.39,1.15,1.88,0,0,27.24
3135,T10,D2_S4,D2,S4,0,0.0,6.638,1.49,1.35,9.1,0,0,22.7
3136,T07,CR_S2,CR,S2,0,0.0,8.334,1.39,1.15,6.03,3,0,24.23
3137,T05,CR_S2,CR,S2,0,0.0,8.334,1.39,1.15,0.63,5,0,24.56
3138,T08,D2_S3,D2,S3,0,0.0,6.362,1.39,1.35,2.32,4,0,23.94
3139,T03,CR_S3,CR,S3,0,0.0,8.135,1.57,1.15,9.81,1,0,16.41
3140,T09,D2_S4,D2,S4,0,0.0,6.638,1.49,1.35,2.55,3,0,20.51
3141,T08,CR_S1,CR,S1,0,0.0,8.767,0.8,1.15,7.14,2,0,23.11
3142,T09,CR_S2,CR,S2,0,0.0,8.334,1.39,1.15,7.9,2,0,24.33
3143,T09,S4_D2,S4,D2,1,203.1,6.638,1.49,1.35,9.11,1,0,24.59
3144,T07,CR_S4,CR,S4,0,0.0,9.692,1.49,1.15,6.79,6,1,28.66
3145,T08,S4_CR,S4,CR,1,215.8,9.692,1.49,1.15,6.37,4,0,30.24
3146,T08,S2_CR,S2,CR,1,199.5,8.334,1.39,1.15,5.2,2,0,26.93
3147,T08,S1_CR,S1,CR,1,215.9,8.767,0.8,1.15,10.42,3,0,32.13
3148,T01,S1_CR,S1,CR,1,197.7,8.767,0.8,1.15,7.08,7,0,33.28
3149,T02,D2_S4,D2,S4,0,0.0,6.638,1.49,1.35,3.71,3,0,23.49
3150,T09,CR_S4,CR,S4,0,0.0,9.692,1.49,1.15,8.01,2,0,23.91
3151,T03,CR_S4,CR,S4,0,0.0,9.692,1.49,1.15,6.25,4,0,22.46
3152,T07,D2_S3,D2,S3,0,0.0,6.362,1.39,1.35,6.66,2,0,22.84
3153,T09,CR_S2,CR,S2,0,0.0,8.334,1.39,1.15,6.53,5,0,27.81
3154,T01,CR_S2,CR,S2,0,0.0,8.334,1.39,1.15,1.46,2,0,22.37
3155,T04,CR_S1,CR,S1,0,0.0,8.767,0.8,1.15,9.68,3,0,22.34
3156,T05,S4_D2,S4,D2,1,185.9,6.638,1.49,1.35,3.5,3,0,26.08
3157,T08,CR_S2,CR,S2,0,0.0,8.334,1.39,1.15,10.72,1,0,20.35
3158,T05,D2_S3,D2,S3,0,0.0,6.362,1.39,1.35,3.61,3,0,22.44
3159,T03,S3_CR,S3,CR,1,173.0,8.135,1.57,1.15,10.94,3,0,25.23
3160,T08,CR_S1,CR,S1,0,0.0,8.767,0.8,1.15,0.56,1,0,21.79
3161,T09,S1_CR,S1,CR,1,187.7,8.767,0.8,1.15,7.38,6,0,32.34
3162,T08,CR_S2,CR,S2,0,0.0,8.334,1.39,1.15,11.04,3,0,21.34
3163,T06,D2_S4,D2,S4,0,0.0,6.638,1.49,1.35,1.55,0,0,18.36
3164,T04,S1_CR,S1,CR,1,215.6,8.767,0.8,1.15,8.94,7,1,45.44
3165,T08,S1_CR,S1,CR,1,205.1,8.767,0.8,1.15,7.68,3,0,26.06
3166,T01,S4_CR,S4,CR,1,210.6,9.692,1.49,1.15,1.46,0,0,26.49
3167,T09,S4_D2,S4,D2,1,173.4,6.638,1.49,1.35,6.04,2,0,26.38
3168,T03,S3_CR,S3,CR,1,195.4,8.135,1.57,1.15,7.67,4,0,24.18
3169,T10,D2_S4,D2,S4,0,0.0,6.638,1.49,1.35,4.12,3,0,21.27
3170,T01,D2_S4,D2,S4,0,0.0,6.638,1.49,1.35,4.38,1,0,21.94
3171,T07,CR_S4,CR,S4,0,0.0,9.692,1.49,1.15,10.13,2,0,19.73
3172,T10,CR_S4,CR,S4,0,0.0,9.692,1.49,1.15,8.67,3,0,25.26
3173,T02,S3_D2,S3,D2,1,184.1,6.362,1.39,1.35,10.09,1,0,27.45
3174,T07,S2_CR,S2,CR,1,190.0,8.334,1.39,1.15,10.57,2,0,28.15
3175,T09,D2_S4,D2,S4,0,0.0,6.638,1.49,1.35,10.56,6,0,24.79
3176,T07,S4_D2,S4,D2,1,211.2,6.638,1.49,1.35,3.97,1,0,27.48
3177,T08,D2_S3,D2,S3,0,0.0,6.362,1.39,1.35,3.29,0,0,23.19
3178,T02,CR_S3,CR,S3,0,0.0,8.135,1.57,1.15,9.59,3,0,17.15
3179,T04,S1_CR,S1,CR,1,187.3,8.767,0.8,1.15,8.1,2,0,29.55
3180,T05,CR_S3,CR,S3,0,0.0,8.135,1.57,1.15,8.46,2,0,18.8
3181,T01,S3_D2,S3,D2,1,220.0,6.362,1.39,1.35,10.76,4,1,37.87
3182,T03,D2_S4,D2,S4,0,0.0,6.638,1.49,1.35,1.0,5,0,23.87
3183,T02,CR_S1,CR,S1,0,0.0,8.767,0.8,1.15,10.4,2,0,21.93
3184,T09,CR_S3,CR,S3,0,0.0,8.135,1.57,1.15,10.96,0,0,15.94
3185,T05,CR_S3,CR,S3,0,0.0,8.135,1.57,1.15,6.66,4,0,18.84
3186,T05,CR_S2,CR,S2,0,0.0,8.334,1.39,1.15,6.04,3,0,22.25
3187,T06,CR_S1,CR,S1,0,0.0,8.767,0.8,1.15,11.7,0,0,20.75
3188,T05,S4_D2,S4,D2,1,197.2,6.638,1.49,1.35,8.24,3,0,31.57
3189,T03,S1_CR,S1,CR,1,183.2,8.767,0.8,1.15,6.94,2,0,26.61
3190,T09,D2_S3,D2,S3,0,0.0,6.362,1.39,1.35,8.83,3,0,21.85
3191,T02,S3_D2,S3,D2,1,192.6,6.362,1.39,1.35,7.84,3,0,25.67
3192,T05,S2_CR,S2,CR,1,204.7,8.334,1.39,1.15,5.12,2,0,30.0
3193,T03,S1_CR,S1,CR,1,211.4,8.767,0.8,1.15,3.24,1,0,24.59
3194,T10,S3_D2,S3,D2,1,200.3,6.362,1.39,1.35,7.31,2,0,29.99
3195,T06,S3_D2,S3,D2,1,191.6,6.362,1.39,1.35,7.74,3,0,31.05
3196,T09,S4_D2,S4,D2,1,208.2,6.638,1.49,1.35,8.88,2,0,27.16
3197,T06,D2_S4,D2,S4,0,0.0,6.638,1.49,1.35,2.54,5,0,23.97
3198,T04,CR_S2,CR,S2,0,0.0,8.334,1.39,1.15,2.23,6,0,26.64
3199,T01,CR_S2,CR,S2,0,0.0,8.334,1.39,1.15,4.78,0,0,21.69
3200,T05,S4_CR,S4,CR,1,180.3,9.692,1.49,1.15,9.79,2,0,28.73
3201,T02,CR_S4,CR,S4,0,0.0,9.692,1.49,1.15,0.91,3,0,24.4
3202,T05,S4_CR,S4,CR,1,172.4,9.692,1.49,1.15,1.44,2,0,31.69
3203,T10,CR_S4,CR,S4,0,0.0,9.692,1.49,1.15,3.67,5,0,22.73
3204,T08,CR_S2,CR,S2,0,0.0,8.334,1.39,1.15,4.92,2,0,21.52
3205,T09,D2_S3,D2,S3,0,0.0,6.362,1.39,1.35,11.14,0,0,21.43
3206,T01,S4_D2,S4,D2,1,219.8,6.638,1.49,1.35,4.4,2,0,26.38
3207,T05,D2_S4,D2,S4,0,0.0,6.638,1.49,1.35,9.62,1,0,18.55
3208,T06,S1_CR,S1,CR,1,176.5,8.767,0.8,1.15,0.72,2,1,34.53
3209,T01,S4_CR,S4,CR,1,196.6,9.692,1.49,1.15,9.95,2,0,30.97
3210,T10,CR_S4,CR,S4,0,0.0,9.692,1.49,1.15,2.28,2,0,21.91
3211,T04,S2_CR,S2,CR,1,205.1,8.334,1.39,1.15,8.27,0,1,33.07
3212,T09,S2_CR,S2,CR,1,191.8,8.334,1.39,1.15,5.46,8,1,43.39
3213,T09,D2_S3,D2,S3,0,0.0,6.362,1.39,1.35,6.89,3,0,20.93
3214,T04,S2_CR,S2,CR,1,201.8,8.334,1.39,1.15,7.13,3,1,36.23
3215,T08,S1_CR,S1,CR,1,181.0,8.767,0.8,1.15,8.42,2,1,34.59
3216,T04,S3_CR,S3,CR,1,185.5,8.135,1.57,1.15,5.92,3,0,23.64
3217,T01,CR_S3,CR,S3,0,0.0,8.135,1.57,1.15,3.09,3,0,18.76
3218,T02,S3_D2,S3,D2,1,177.2,6.362,1.39,1.35,7.84,1,0,26.63
3219,T02,D2_S4,D2,S4,0,0.0,6.638,1.49,1.35,1.47,1,0,21.1
3220,T06,S4_D2,S4,D2,1,206.5,6.638,1.49,1.35,2.86,3,0,24.6
3221,T10,D2_S3,D2,S3,0,0.0,6.362,1.39,1.35,10.95,2,0,22.88
3222,T02,CR_S1,CR,S1,0,0.0,8.767,0.8,1.15,3.21,5,1,29.74
3223,T04,CR_S2,CR,S2,0,0.0,8.334,1.39,1.15,4.66,3,0,24.05
3224,T10,CR_S1,CR,S1,0,0.0,8.767,0.8,1.15,11.88,2,0,23.91
3225,T01,D2_S3,D2,S3,0,0.0,6.362,1.39,1.35,8.26,3,0,24.67
3226,T05,S3_D2,S3,D2,1,207.1,6.362,1.39,1.35,11.52,0,0,25.61
3227,T06,S3_D2,S3,D2,1,186.6,6.362,1.39,1.35,0.72,3,0,28.65
3228,T08,S3_D2,S3,D2,1,203.9,6.362,1.39,1.35,10.33,5,0,30.31
3229,T02,S1_CR,S1,CR,1,220.0,8.767,0.8,1.15,8.14,3,0,29.52
3230,T03,S4_CR,S4,CR,1,215.4,9.692,1.49,1.15,11.51,3,0,27.79
3231,T10,S3_CR,S3,CR,1,169.2,8.135,1.57,1.15,0.86,3,0,23.29
3232,T10,S3_CR,S3,CR,1,199.0,8.135,1.57,1.15,6.46,2,0,21.83
3233,T08,S4_CR,S4,CR,1,203.3,9.692,1.49,1.15,6.98,3,0,27.17
3234,T10,CR_S2,CR,S2,0,0.0,8.334,1.39,1.15,11.26,0,1,28.21
3235,T09,S1_CR,S1,CR,1,188.9,8.767,0.8,1.15,0.17,2,0,25.56
3236,T06,D2_S3,D2,S3,0,0.0,6.362,1.39,1.35,1.95,2,0,21.43
3237,T02,D2_S3,D2,S3,0,0.0,6.362,1.39,1.35,8.3,3,0,23.9
3238,T01,CR_S3,CR,S3,0,0.0,8.135,1.57,1.15,2.97,2,0,17.13
3239,T07,S1_CR,S1,CR,1,197.2,8.767,0.8,1.15,2.96,1,0,27.45
3240,T06,CR_S3,CR,S3,0,0.0,8.135,1.57,1.15,5.02,3,0,16.41
3241,T09,S1_CR,S1,CR,1,220.0,8.767,0.8,1.15,5.82,6,0,31.5
3242,T03,S2_CR,S2,CR,1,193.7,8.334,1.39,1.15,9.47,2,0,29.17
3243,T01,S1_CR,S1,CR,1,192.5,8.767,0.8,1.15,11.76,4,0,27.5
3244,T01,D2_S3,D2,S3,0,0.0,6.362,1.39,1.35,5.19,5,0,24.12
3245,T07,D2_S4,D2,S4,0,0.0,6.638,1.49,1.35,4.22,2,0,23.13
3246,T01,S4_CR,S4,CR,1,180.4,9.692,1.49,1.15,11.74,5,0,30.46
3247,T09,D2_S3,D2,S3,0,0.0,6.362,1.39,1.35,11.29,1,0,21.22
3248,T02,S3_D2,S3,D2,1,205.5,6.362,1.39,1.35,11.86,5,0,29.97
3249,T03,S3_CR,S3,CR,1,194.5,8.135,1.57,1.15,9.34,4,0,21.65
3250,T09,D2_S4,D2,S4,0,0.0,6.638,1.49,1.35,0.09,2,0,22.57
3251,T06,D2_S3,D2,S3,0,0.0,6.362,1.39,1.35,3.52,4,0,24.51
3252,T08,CR_S1,CR,S1,0,0.0,8.767,0.8,1.15,6.43,5,0,25.07
3253,T09,S3_CR,S3,CR,1,212.5,8.135,1.57,1.15,11.84,4,0,23.84
3254,T04,S4_CR,S4,CR,1,202.9,9.692,1.49,1.15,11.6,1,0,30.59
3255,T01,S4_CR,S4,CR,1,211.6,9.692,1.49,1.15,2.99,1,0,26.35
3256,T06,CR_S3,CR,S3,0,0.0,8.135,1.57,1.15,11.35,2,1,21.46
3257,T08,D2_S4,D2,S4,0,0.0,6.638,1.49,1.35,1.74,3,1,33.41
3258,T09,S4_D2,S4,D2,1,196.3,6.638,1.49,1.35,0.75,2,0,28.57
3259,T06,CR_S4,CR,S4,0,0.0,9.692,1.49,1.15,10.12,1,0,24.08
3260,T06,D2_S3,D2,S3,0,0.0,6.362,1.39,1.35,0.92,6,0,27.62
3261,T06,S3_D2,S3,D2,1,217.6,6.362,1.39,1.35,1.01,1,0,26.12
3262,T04,S3_D2,S3,D2,1,199.2,6.362,1.39,1.35,7.07,3,0,28.11
3263,T09,S3_D2,S3,D2,1,210.1,6.362,1.39,1.35,8.71,2,0,29.28
3264,T04,S3_CR,S3,CR,1,201.9,8.135,1.57,1.15,6.8,0,0,20.88
3265,T04,CR_S1,CR,S1,0,0.0,8.767,0.8,1.15,0.57,3,0,25.42
3266,T08,CR_S4,CR,S4,0,0.0,9.692,1.49,1.15,5.61,8,0,29.31
3267,T07,CR_S4,CR,S4,0,0.0,9.692,1.49,1.15,11.15,0,0,22.46
3268,T09,CR_S4,CR,S4,0,0.0,9.692,1.49,1.15,7.33,2,1,31.16
3269,T07,S4_CR,S4,CR,1,193.8,9.692,1.49,1.15,2.12,2,0,28.51
3270,T02,CR_S4,CR,S4,0,0.0,9.692,1.49,1.15,2.22,4,0,25.85
3271,T03,CR_S4,CR,S4,0,0.0,9.692,1.49,1.15,5.96,1,0,22.6
3272,T03,D2_S4,D2,S4,0,0.0,6.638,1.49,1.35,0.87,1,0,19.2
3273,T07,CR_S3,CR,S3,0,0.0,8.135,1.57,1.15,10.82,2,0,18.04
3274,T03,S4_D2,S4,D2,1,208.1,6.638,1.49,1.35,10.09,0,0,24.99
3275,T03,S3_CR,S3,CR,1,201.9,8.135,1.57,1.15,8.99,2,0,21.11
3276,T04,S4_CR,S4,CR,1,187.2,9.692,1.49,1.15,3.34,1,0,28.28
3277,T04,D2_S3,D2,S3,0,0.0,6.362,1.39,1.35,7.96,2,0,22.85
3278,T04,S2_CR,S2,CR,1,198.2,8.334,1.39,1.15,11.44,1,0,28.18
3279,T06,CR_S2,CR,S2,0,0.0,8.334,1.39,1.15,10.83,0,0,18.7
3280,T02,S1_CR,S1,CR,1,190.2,8.767,0.8,1.15,1.97,3,0,30.69
3281,T06,S4_D2,S4,D2,1,198.0,6.638,1.49,1.35,4.63,2,0,26.57
3282,T05,CR_S2,CR,S2,0,0.0,8.334,1.39,1.15,0.18,2,0,22.4
3283,T01,S3_D2,S3,D2,1,178.9,6.362,1.39,1.35,11.73,3,0,26.69
3284,T03,S3_D2,S3,D2,1,187.0,6.362,1.39,1.35,9.56,3,0,28.49
3285,T07,S4_D2,S4,D2,1,190.5,6.638,1.49,1.35,3.37,5,0,27.47
3286,T03,S2_CR,S2,CR,1,190.3,8.334,1.39,1.15,2.95,1,0,28.63
3287,T08,S3_CR,S3,CR,1,220.0,8.135,1.57,1.15,5.88,4,0,25.08
3288,T05,CR_S1,CR,S1,0,0.0,8.767,0.8,1.15,4.71,3,0,24.54
3289,T03,D2_S3,D2,S3,0,0.0,6.362,1.39,1.35,4.79,6,0,25.27
3290,T07,D2_S3,D2,S3,0,0.0,6.362,1.39,1.35,3.86,4,0,24.78
3291,T06,S4_CR,S4,CR,1,214.8,9.692,1.49,1.15,11.12,3,0,28.4
3292,T09,D2_S4,D2,S4,0,0.0,6.638,1.49,1.35,9.41,1,0,22.17
3293,T01,S4_D2,S4,D2,1,192.7,6.638,1.49,1.35,7.55,4,0,27.57
3294,T07,CR_S3,CR,S3,0,0.0,8.135,1.57,1.15,3.13,2,0,17.75
3295,T05,S2_CR,S2,CR,1,194.2,8.334,1.39,1.15,3.09,3,0,28.36
3296,T06,S3_D2,S3,D2,1,204.2,6.362,1.39,1.35,8.58,1,0,28.73
3297,T09,S4_CR,S4,CR,1,204.4,9.692,1.49,1.15,8.09,1,0,26.57
3298,T04,S1_CR,S1,CR,1,211.6,8.767,0.8,1.15,5.71,3,0,30.65
3299,T04,S4_CR,S4,CR,1,196.2,9.692,1.49,1.15,11.83,2,1,32.5
3300,T05,S1_CR,S1,CR,1,195.4,8.767,0.8,1.15,3.93,2,0,27.09
3301,T06,S4_D2,S4,D2,1,201.1,6.638,1.49,1.35,0.32,2,0,27.37
3302,T07,S4_CR,S4,CR,1,188.4,9.692,1.49,1.15,9.6,1,0,25.96
3303,T05,S2_CR,S2,CR,1,179.7,8.334,1.39,1.15,6.86,3,0,29.24
3304,T02,CR_S3,CR,S3,0,0.0,8.135,1.57,1.15,5.41,0,0,15.85
3305,T08,S2_CR,S2,CR,1,220.0,8.334,1.39,1.15,9.12,3,0,29.45
3306,T08,CR_S4,CR,S4,0,0.0,9.692,1.49,1.15,2.25,0,1,29.13
3307,T10,D2_S3,D2,S3,0,0.0,6.362,1.39,1.35,11.68,2,0,23.74
3308,T05,S2_CR,S2,CR,1,204.9,8.334,1.39,1.15,1.76,1,0,26.45
3309,T01,CR_S2,CR,S2,0,0.0,8.334,1.39,1.15,5.55,3,0,21.96
3310,T02,CR_S2,CR,S2,0,0.0,8.334,1.39,1.15,1.49,0,0,21.69
3311,T09,D2_S3,D2,S3,0,0.0,6.362,1.39,1.35,0.87,1,0,21.02
3312,T06,S4_CR,S4,CR,1,182.7,9.692,1.49,1.15,8.63,2,0,24.67
3313,T05,CR_S2,CR,S2,0,0.0,8.334,1.39,1.15,3.1,3,0,22.37
3314,T04,D2_S3,D2,S3,0,0.0,6.362,1.39,1.35,11.5,0,0,19.64
3315,T04,CR_S3,CR,S3,0,0.0,8.135,1.57,1.15,5.14,3,0,18.89
3316,T05,CR_S2,CR,S2,0,0.0,8.334,1.39,1.15,4.01,3,0,21.59
3317,T03,S3_D2,S3,D2,1,174.6,6.362,1.39,1.35,0.72,3,0,30.93
3318,T01,S1_CR,S1,CR,1,220.0,8.767,0.8,1.15,8.6,4,1,36.34
3319,T01,S3_D2,S3,D2,1,175.8,6.362,1.39,1.35,7.56,2,0,27.27
3320,T01,CR_S3,CR,S3,0,0.0,8.135,1.57,1.15,3.54,1,0,16.45
3321,T02,S4_D2,S4,D2,1,195.9,6.638,1.49,1.35,3.93,0,0,23.69
3322,T07,S1_CR,S1,CR,1,204.2,8.767,0.8,1.15,11.99,1,0,25.02
3323,T07,S3_CR,S3,CR,1,194.5,8.135,1.57,1.15,3.05,0,0,19.71
3324,T06,S4_CR,S4,CR,1,194.9,9.692,1.49,1.15,7.27,5,0,27.31
3325,T05,CR_S4,CR,S4,0,0.0,9.692,1.49,1.15,4.64,4,0,24.42
3326,T10,D2_S4,D2,S4,0,0.0,6.638,1.49,1.35,0.25,1,0,23.66
3327,T06,S4_CR,S4,CR,1,182.6,9.692,1.49,1.15,6.06,2,0,28.08
3328,T09,CR_S4,CR,S4,0,0.0,9.692,1.49,1.15,5.49,3,0,23.03
3329,T04,S3_CR,S3,CR,1,182.7,8.135,1.57,1.15,10.14,3,0,20.93
3330,T06,S3_CR,S3,CR,1,196.6,8.135,1.57,1.15,0.59,1,0,21.8
3331,T04,CR_S4,CR,S4,0,0.0,9.692,1.49,1.15,0.13,0,0,20.92
3332,T05,CR_S4,CR,S4,0,0.0,9.692,1.49,1.15,7.48,2,1,26.53
3333,T02,CR_S3,CR,S3,0,0.0,8.135,1.57,1.15,5.61,4,0,19.4
3334,T09,CR_S4,CR,S4,0,0.0,9.692,1.49,1.15,1.87,1,0,22.45
3335,T05,S4_CR,S4,CR,1,202.1,9.692,1.49,1.15,0.17,3,0,29.2
3336,T08,D2_S4,D2,S4,0,0.0,6.638,1.49,1.35,0.61,2,0,20.16
3337,T10,S1_CR,S1,CR,1,195.5,8.767,0.8,1.15,9.34,4,0,31.39
3338,T06,S3_D2,S3,D2,1,181.1,6.362,1.39,1.35,0.67,3,0,28.5
3339,T01,CR_S1,CR,S1,0,0.0,8.767,0.8,1.15,10.41,3,0,26.6
3340,T01,CR_S1,CR,S1,0,0.0,8.767,0.8,1.15,1.53,0,0,19.64
3341,T07,S3_CR,S3,CR,1,180.9,8.135,1.57,1.15,10.25,8,0,27.54
3342,T01,S3_D2,S3,D2,1,220.0,6.362,1.39,1.35,9.83,1,0,25.44
3343,T01,D2_S4,D2,S4,0,0.0,6.638,1.49,1.35,0.8,0,0,19.05
3344,T03,D2_S4,D2,S4,0,0.0,6.638,1.49,1.35,0.37,2,0,22.17
3345,T01,S1_CR,S1,CR,1,204.2,8.767,0.8,1.15,1.29,6,0,30.55
3346,T03,S1_CR,S1,CR,1,203.9,8.767,0.8,1.15,10.69,2,0,30.83
3347,T05,S3_D2,S3,D2,1,204.4,6.362,1.39,1.35,11.13,0,0,26.99
3348,T09,CR_S1,CR,S1,0,0.0,8.767,0.8,1.15,9.41,3,0,25.15
3349,T06,CR_S1,CR,S1,0,0.0,8.767,0.8,1.15,6.24,4,0,25.95
3350,T10,S1_CR,S1,CR,1,207.6,8.767,0.8,1.15,1.2,3,0,29.21
3351,T03,CR_S3,CR,S3,0,0.0,8.135,1.57,1.15,11.62,1,0,15.6
3352,T02,CR_S3,CR,S3,0,0.0,8.135,1.57,1.15,10.2,4,1,23.23
3353,T04,S2_CR,S2,CR,1,185.2,8.334,1.39,1.15,9.27,2,0,28.38
3354,T07,D2_S3,D2,S3,0,0.0,6.362,1.39,1.35,3.43,2,0,22.03
3355,T09,CR_S1,CR,S1,0,0.0,8.767,0.8,1.15,7.4,2,1,30.43
3356,T02,S3_CR,S3,CR,1,164.1,8.135,1.57,1.15,5.98,2,0,23.0
3357,T08,CR_S1,CR,S1,0,0.0,8.767,0.8,1.15,4.52,4,0,23.74
3358,T02,CR_S4,CR,S4,0,0.0,9.692,1.49,1.15,0.25,1,0,22.62
3359,T01,D2_S4,D2,S4,0,0.0,6.638,1.49,1.35,8.15,3,0,23.34
3360,T10,CR_S3,CR,S3,0,0.0,8.135,1.57,1.15,5.33,3,0,18.09
3361,T02,S1_CR,S1,CR,1,212.7,8.767,0.8,1.15,7.11,4,0,29.81
3362,T04,D2_S3,D2,S3,0,0.0,6.362,1.39,1.35,9.4,0,1,27.28
3363,T05,D2_S3,D2,S3,0,0.0,6.362,1.39,1.35,8.94,5,0,27.18
3364,T07,CR_S2,CR,S2,0,0.0,8.334,1.39,1.15,0.39,4,0,24.16
3365,T02,D2_S3,D2,S3,0,0.0,6.362,1.39,1.35,5.18,2,0,23.48
3366,T07,CR_S3,CR,S3,0,0.0,8.135,1.57,1.15,8.42,3,0,18.85
3367,T02,S1_CR,S1,CR,1,200.3,8.767,0.8,1.15,1.82,2,0,26.34
3368,T03,CR_S1,CR,S1,0,0.0,8.767,0.8,1.15,10.89,4,0,25.78
3369,T06,D2_S3,D2,S3,0,0.0,6.362,1.39,1.35,7.17,2,0,20.99
3370,T09,D2_S4,D2,S4,0,0.0,6.638,1.49,1.35,9.76,2,0,21.85
3371,T09,D2_S3,D2,S3,0,0.0,6.362,1.39,1.35,6.77,3,0,21.96
3372,T10,D2_S4,D2,S4,0,0.0,6.638,1.49,1.35,10.04,1,0,22.91
3373,T03,S4_D2,S4,D2,1,196.6,6.638,1.49,1.35,1.67,1,0,27.58
3374,T01,CR_S1,CR,S1,0,0.0,8.767,0.8,1.15,4.59,4,0,22.0
3375,T08,S4_CR,S4,CR,1,169.0,9.692,1.49,1.15,11.69,2,0,26.33
3376,T02,S4_D2,S4,D2,1,220.0,6.638,1.49,1.35,3.28,2,0,27.52
3377,T08,S4_CR,S4,CR,1,220.0,9.692,1.49,1.15,5.31,3,0,31.74
3378,T05,CR_S1,CR,S1,0,0.0,8.767,0.8,1.15,2.96,4,0,25.52
3379,T02,CR_S1,CR,S1,0,0.0,8.767,0.8,1.15,7.94,1,0,22.91
3380,T08,D2_S4,D2,S4,0,0.0,6.638,1.49,1.35,6.54,6,0,25.89
3381,T06,CR_S1,CR,S1,0,0.0,8.767,0.8,1.15,11.98,2,0,20.46
3382,T10,S3_D2,S3,D2,1,195.6,6.362,1.39,1.35,6.18,2,0,25.89
3383,T06,S4_D2,S4,D2,1,174.1,6.638,1.49,1.35,2.72,1,0,25.51
3384,T04,S4_CR,S4,CR,1,187.1,9.692,1.49,1.15,7.81,3,0,30.14
3385,T02,S1_CR,S1,CR,1,190.8,8.767,0.8,1.15,8.8,6,0,30.02
3386,T02,S4_D2,S4,D2,1,193.8,6.638,1.49,1.35,1.93,2,0,28.26
3387,T07,S3_CR,S3,CR,1,218.3,8.135,1.57,1.15,10.86,1,0,21.7
3388,T09,S1_CR,S1,CR,1,209.6,8.767,0.8,1.15,8.2,1,0,29.33
3389,T05,D2_S3,D2,S3,0,0.0,6.362,1.39,1.35,3.77,3,0,23.94
3390,T10,CR_S2,CR,S2,0,0.0,8.334,1.39,1.15,8.32,2,0,21.82
3391,T03,CR_S1,CR,S1,0,0.0,8.767,0.8,1.15,10.97,2,0,22.52
3392,T06,CR_S4,CR,S4,0,0.0,9.692,1.49,1.15,10.66,0,0,17.55
3393,T02,D2_S3,D2,S3,0,0.0,6.362,1.39,1.35,6.29,3,0,21.32
3394,T09,S4_CR,S4,CR,1,212.1,9.692,1.49,1.15,2.32,1,0,24.98
3395,T08,CR_S4,CR,S4,0,0.0,9.692,1.49,1.15,3.24,1,0,20.18
3396,T04,S1_CR,S1,CR,1,204.7,8.767,0.8,1.15,3.41,1,0,26.9
3397,T01,CR_S3,CR,S3,0,0.0,8.135,1.57,1.15,1.37,3,0,17.78
3398,T02,CR_S3,CR,S3,0,0.0,8.135,1.57,1.15,1.49,5,0,19.8
3399,T10,CR_S2,CR,S2,0,0.0,8.334,1.39,1.15,8.76,1,0,23.24
3400,T08,S4_CR,S4,CR,1,219.0,9.692,1.49,1.15,0.71,2,0,30.28
3401,T06,S2_CR,S2,CR,1,205.4,8.334,1.39,1.15,9.24,6,0,30.9
3402,T06,S3_CR,S3,CR,1,163.5,8.135,1.57,1.15,10.79,1,0,21.9
3403,T02,D2_S3,D2,S3,0,0.0,6.362,1.39,1.35,11.91,1,0,19.7
3404,T03,S4_CR,S4,CR,1,157.5,9.692,1.49,1.15,6.68,3,0,28.41
3405,T07,S3_D2,S3,D2,1,196.1,6.362,1.39,1.35,8.45,1,0,26.65
3406,T10,CR_S2,CR,S2,0,0.0,8.334,1.39,1.15,2.8,1,0,20.86
3407,T03,S3_D2,S3,D2,1,207.8,6.362,1.39,1.35,9.23,0,0,26.14
3408,T08,CR_S1,CR,S1,0,0.0,8.767,0.8,1.15,11.62,1,0,22.73
3409,T06,S3_D2,S3,D2,1,187.6,6.362,1.39,1.35,4.97,8,0,30.25
3410,T05,CR_S2,CR,S2,0,0.0,8.334,1.39,1.15,10.12,1,0,20.05
3411,T01,S3_D2,S3,D2,1,178.1,6.362,1.39,1.35,10.12,0,1,33.22
3412,T04,S3_CR,S3,CR,1,172.7,8.135,1.57,1.15,0.88,4,0,22.7
3413,T08,S3_CR,S3,CR,1,185.2,8.135,1.57,1.15,10.83,2,0,19.34
3414,T03,D2_S3,D2,S3,0,0.0,6.362,1.39,1.35,4.27,5,0,21.87
3415,T08,S3_CR,S3,CR,1,195.7,8.135,1.57,1.15,6.64,3,0,21.4
3416,T05,S4_D2,S4,D2,1,211.0,6.638,1.49,1.35,2.78,3,0,26.09
3417,T05,CR_S2,CR,S2,0,0.0,8.334,1.39,1.15,1.22,3,0,23.77
3418,T10,CR_S1,CR,S1,0,0.0,8.767,0.8,1.15,8.66,3,0,22.12
3419,T07,D2_S3,D2,S3,0,0.0,6.362,1.39,1.35,6.57,4,0,25.03
3420,T07,S3_D2,S3,D2,1,185.0,6.362,1.39,1.35,0.77,3,0,27.76
3421,T02,D2_S3,D2,S3,0,0.0,6.362,1.39,1.35,5.73,8,0,25.94
3422,T07,CR_S3,CR,S3,0,0.0,8.135,1.57,1.15,9.19,3,0,19.86
3423,T03,CR_S4,CR,S4,0,0.0,9.692,1.49,1.15,8.25,0,0,19.11
3424,T10,CR_S2,CR,S2,0,0.0,8.334,1.39,1.15,11.53,3,0,23.56
3425,T07,S4_D2,S4,D2,1,208.3,6.638,1.49,1.35,7.58,3,0,28.57
3426,T07,S1_CR,S1,CR,1,183.7,8.767,0.8,1.15,5.6,2,0,29.84
3427,T07,S2_CR,S2,CR,1,193.7,8.334,1.39,1.15,9.94,1,0,27.0
3428,T04,S3_CR,S3,CR,1,195.4,8.135,1.57,1.15,8.13,5,0,25.4
3429,T06,S3_D2,S3,D2,1,210.3,6.362,1.39,1.35,8.71,2,0,26.46
3430,T07,CR_S4,CR,S4,0,0.0,9.692,1.49,1.15,11.37,2,0,24.2
3431,T02,CR_S2,CR,S2,0,0.0,8.334,1.39,1.15,10.21,3,0,23.56
3432,T03,S4_D2,S4,D2,1,204.0,6.638,1.49,1.35,1.93,2,1,37.55
3433,T01,D2_S3,D2,S3,0,0.0,6.362,1.39,1.35,4.92,2,0,22.76
3434,T09,D2_S4,D2,S4,0,0.0,6.638,1.49,1.35,6.42,1,0,19.92
3435,T08,D2_S4,D2,S4,0,0.0,6.638,1.49,1.35,5.1,5,0,23.97
3436,T04,S1_CR,S1,CR,1,193.0,8.767,0.8,1.15,1.56,2,0,30.82
3437,T05,S2_CR,S2,CR,1,188.1,8.334,1.39,1.15,2.02,3,0,27.74
3438,T06,CR_S1,CR,S1,0,0.0,8.767,0.8,1.15,0.86,1,0,22.94
3439,T07,D2_S4,D2,S4,0,0.0,6.638,1.49,1.35,6.09,2,0,24.63
3440,T04,S3_D2,S3,D2,1,177.2,6.362,1.39,1.35,8.83,2,0,24.81
3441,T02,S2_CR,S2,CR,1,193.4,8.334,1.39,1.15,7.38,6,1,38.71
3442,T10,CR_S3,CR,S3,0,0.0,8.135,1.57,1.15,0.36,1,0,17.46
3443,T10,S3_CR,S3,CR,1,199.6,8.135,1.57,1.15,9.56,2,0,21.37
3444,T07,CR_S3,CR,S3,0,0.0,8.135,1.57,1.15,10.8,1,0,19.16
3445,T07,S3_D2,S3,D2,1,200.2,6.362,1.39,1.35,2.43,0,0,24.92
3446,T04,S2_CR,S2,CR,1,173.2,8.334,1.39,1.15,5.89,4,0,27.95
3447,T07,CR_S3,CR,S3,0,0.0,8.135,1.57,1.15,10.27,0,0,16.64
3448,T08,S1_CR,S1,CR,1,174.3,8.767,0.8,1.15,1.0,1,0,27.09
3449,T01,CR_S2,CR,S2,0,0.0,8.334,1.39,1.15,8.84,6,0,24.5
3450,T04,CR_S3,CR,S3,0,0.0,8.135,1.57,1.15,10.68,1,0,15.89
3451,T10,D2_S4,D2,S4,0,0.0,6.638,1.49,1.35,8.0,1,0,19.65
3452,T03,S1_CR,S1,CR,1,195.2,8.767,0.8,1.15,10.62,0,0,25.65
3453,T02,S2_CR,S2,CR,1,199.8,8.334,1.39,1.15,4.32,2,0,27.93
3454,T04,S1_CR,S1,CR,1,186.6,8.767,0.8,1.15,8.44,1,0,29.24
3455,T06,D2_S3,D2,S3,0,0.0,6.362,1.39,1.35,4.62,6,0,27.83
3456,T03,CR_S4,CR,S4,0,0.0,9.692,1.49,1.15,10.1,1,0,21.04
3457,T10,S1_CR,S1,CR,1,167.0,8.767,0.8,1.15,2.2,0,0,30.23
3458,T09,S2_CR,S2,CR,1,217.8,8.334,1.39,1.15,0.98,0,1,30.85
3459,T05,D2_S4,D2,S4,0,0.0,6.638,1.49,1.35,5.92,1,0,21.02
3460,T10,S4_D2,S4,D2,1,166.9,6.638,1.49,1.35,6.96,3,0,27.93
3461,T01,S3_D2,S3,D2,1,209.8,6.362,1.39,1.35,9.17,1,0,25.97
3462,T08,CR_S2,CR,S2,0,0.0,8.334,1.39,1.15,8.79,3,0,23.26
3463,T08,CR_S4,CR,S4,0,0.0,9.692,1.49,1.15,0.43,1,0,23.92
3464,T06,S3_CR,S3,CR,1,209.5,8.135,1.57,1.15,2.71,2,0,21.41
3465,T09,S1_CR,S1,CR,1,199.3,8.767,0.8,1.15,0.77,3,0,27.38
3466,T10,S3_D2,S3,D2,1,172.6,6.362,1.39,1.35,2.77,2,0,27.23
3467,T07,CR_S2,CR,S2,0,0.0,8.334,1.39,1.15,5.58,3,1,35.3
3468,T07,S1_CR,S1,CR,1,186.6,8.767,0.8,1.15,10.35,2,0,25.97
3469,T06,S1_CR,S1,CR,1,180.9,8.767,0.8,1.15,0.86,0,0,23.84
3470,T09,CR_S2,CR,S2,0,0.0,8.334,1.39,1.15,8.83,1,0,22.07
3471,T01,S4_D2,S4,D2,1,209.1,6.638,1.49,1.35,1.96,2,0,29.58
3472,T08,D2_S4,D2,S4,0,0.0,6.638,1.49,1.35,6.29,4,0,24.12
3473,T04,S4_CR,S4,CR,1,195.6,9.692,1.49,1.15,7.82,3,1,40.8
3474,T10,S3_CR,S3,CR,1,196.7,8.135,1.57,1.15,4.48,3,0,22.66
3475,T09,CR_S3,CR,S3,0,0.0,8.135,1.57,1.15,10.42,0,0,17.78
3476,T07,S3_CR,S3,CR,1,198.7,8.135,1.57,1.15,4.36,4,0,24.35
3477,T06,S4_CR,S4,CR,1,184.1,9.692,1.49,1.15,6.03,5,0,30.75
3478,T10,CR_S3,CR,S3,0,0.0,8.135,1.57,1.15,0.44,4,0,20.3
3479,T05,S1_CR,S1,CR,1,193.8,8.767,0.8,1.15,0.59,1,1,38.54
3480,T04,S3_CR,S3,CR,1,197.0,8.135,1.57,1.15,1.04,1,0,21.55
3481,T06,D2_S4,D2,S4,0,0.0,6.638,1.49,1.35,9.59,3,0,22.04
3482,T04,D2_S3,D2,S3,0,0.0,6.362,1.39,1.35,8.93,1,0,22.65
3483,T05,CR_S1,CR,S1,0,0.0,8.767,0.8,1.15,0.15,2,0,23.82
3484,T05,D2_S3,D2,S3,0,0.0,6.362,1.39,1.35,11.77,2,0,21.03
3485,T04,S4_CR,S4,CR,1,202.8,9.692,1.49,1.15,7.87,1,1,32.82
3486,T08,CR_S3,CR,S3,0,0.0,8.135,1.57,1.15,6.14,6,0,20.58
3487,T04,D2_S4,D2,S4,0,0.0,6.638,1.49,1.35,8.16,1,0,21.8
3488,T07,S3_CR,S3,CR,1,186.5,8.135,1.57,1.15,0.5,2,0,21.03
3489,T10,S4_D2,S4,D2,1,183.5,6.638,1.49,1.35,5.74,3,0,28.52
3490,T09,S1_CR,S1,CR,1,193.0,8.767,0.8,1.15,6.25,2,0,28.38
3491,T06,CR_S1,CR,S1,0,0.0,8.767,0.8,1.15,3.98,1,0,21.31
3492,T03,CR_S4,CR,S4,0,0.0,9.692,1.49,1.15,3.66,1,0,19.69
3493,T10,S3_CR,S3,CR,1,212.1,8.135,1.57,1.15,11.46,3,0,21.67
3494,T01,CR_S4,CR,S4,0,0.0,9.692,1.49,1.15,5.81,4,0,23.71
3495,T06,D2_S3,D2,S3,0,0.0,6.362,1.39,1.35,9.23,1,1,28.37
3496,T02,S4_D2,S4,D2,1,188.8,6.638,1.49,1.35,6.28,5,0,32.82
3497,T09,CR_S4,CR,S4,0,0.0,9.692,1.49,1.15,6.14,3,0,25.25
3498,T10,CR_S2,CR,S2,0,0.0,8.334,1.39,1.15,2.96,4,0,26.17
3499,T04,D2_S4,D2,S4,0,0.0,6.638,1.49,1.35,11.88,3,0,24.33
3500,T09,CR_S3,CR,S3,0,0.0,8.135,1.57,1.15,6.13,6,0,21.71
3501,T09,S4_D2,S4,D2,1,164.3,6.638,1.49,1.35,4.38,4,0,26.52
3502,T03,S4_D2,S4,D2,1,188.9,6.638,1.49,1.35,2.26,2,0,27.68
3503,T09,CR_S2,CR,S2,0,0.0,8.334,1.39,1.15,3.85,5,0,27.99
3504,T03,S4_CR,S4,CR,1,197.6,9.692,1.49,1.15,3.28,4,0,27.65
3505,T05,S1_CR,S1,CR,1,211.9,8.767,0.8,1.15,3.63,0,0,25.18
3506,T01,S3_CR,S3,CR,1,194.8,8.135,1.57,1.15,11.63,3,0,22.44
3507,T02,S2_CR,S2,CR,1,206.2,8.334,1.39,1.15,5.4,4,0,29.48
3508,T06,S4_D2,S4,D2,1,216.2,6.638,1.49,1.35,3.72,1,0,27.13
3509,T07,S3_CR,S3,CR,1,193.8,8.135,1.57,1.15,0.33,1,0,21.14
3510,T04,CR_S2,CR,S2,0,0.0,8.334,1.39,1.15,3.9,2,0,23.67
3511,T09,S1_CR,S1,CR,1,202.6,8.767,0.8,1.15,6.35,7,0,30.76
3512,T02,CR_S4,CR,S4,0,0.0,9.692,1.49,1.15,5.01,4,0,23.46
3513,T04,S4_CR,S4,CR,1,190.9,9.692,1.49,1.15,1.19,1,0,27.59
3514,T05,S3_CR,S3,CR,1,181.7,8.135,1.57,1.15,9.28,2,0,20.46
3515,T06,CR_S3,CR,S3,0,0.0,8.135,1.57,1.15,10.16,5,0,20.75
3516,T07,S3_D2,S3,D2,1,216.7,6.362,1.39,1.35,0.15,2,0,27.45
3517,T07,CR_S3,CR,S3,0,0.0,8.135,1.57,1.15,3.06,0,0,18.62
3518,T05,S3_CR,S3,CR,1,196.8,8.135,1.57,1.15,9.3,1,0,19.65
3519,T04,S2_CR,S2,CR,1,207.4,8.334,1.39,1.15,1.22,0,0,24.9
3520,T09,S1_CR,S1,CR,1,201.3,8.767,0.8,1.15,1.13,5,0,31.1
3521,T10,D2_S3,D2,S3,0,0.0,6.362,1.39,1.35,8.19,3,0,24.75
3522,T04,S4_CR,S4,CR,1,188.2,9.692,1.49,1.15,2.95,0,1,31.95
3523,T03,CR_S4,CR,S4,0,0.0,9.692,1.49,1.15,10.86,5,0,24.9
3524,T02,CR_S3,CR,S3,0,0.0,8.135,1.57,1.15,3.7,3,0,17.74
3525,T05,S2_CR,S2,CR,1,205.0,8.334,1.39,1.15,11.41,3,0,27.99
3526,T09,D2_S4,D2,S4,0,0.0,6.638,1.49,1.35,7.88,1,0,22.12
3527,T03,D2_S3,D2,S3,0,0.0,6.362,1.39,1.35,10.75,4,0,25.25
3528,T06,S2_CR,S2,CR,1,175.7,8.334,1.39,1.15,5.22,1,0,28.51
3529,T09,S4_D2,S4,D2,1,192.5,6.638,1.49,1.35,1.38,2,0,28.66
3530,T05,D2_S4,D2,S4,0,0.0,6.638,1.49,1.35,5.69,2,0,22.12
3531,T07,S1_CR,S1,CR,1,191.3,8.767,0.8,1.15,9.77,2,0,26.62
3532,T08,D2_S3,D2,S3,0,0.0,6.362,1.39,1.35,11.19,4,0,24.46
3533,T02,CR_S3,CR,S3,0,0.0,8.135,1.57,1.15,9.57,1,0,16.23
3534,T09,CR_S2,CR,S2,0,0.0,8.334,1.39,1.15,5.09,3,0,25.2
3535,T03,CR_S2,CR,S2,0,0.0,8.334,1.39,1.15,3.5,0,0,19.7
3536,T07,CR_S3,CR,S3,0,0.0,8.135,1.57,1.15,9.61,1,0,17.2
3537,T08,S4_D2,S4,D2,1,171.2,6.638,1.49,1.35,5.62,2,0,24.2
3538,T07,S3_CR,S3,CR,1,173.6,8.135,1.57,1.15,4.33,1,0,20.31
3539,T04,CR_S4,CR,S4,0,0.0,9.692,1.49,1.15,7.24,3,0,25.54
3540,T01,S3_D2,S3,D2,1,186.1,6.362,1.39,1.35,4.06,0,0,27.19
3541,T06,CR_S2,CR,S2,0,0.0,8.334,1.39,1.15,5.44,2,0,22.48
3542,T05,CR_S1,CR,S1,0,0.0,8.767,0.8,1.15,8.12,1,0,22.36
3543,T09,S4_CR,S4,CR,1,187.7,9.692,1.49,1.15,6.01,5,0,29.06
3544,T08,CR_S2,CR,S2,0,0.0,8.334,1.39,1.15,8.45,2,0,20.84
3545,T10,CR_S2,CR,S2,0,0.0,8.334,1.39,1.15,0.0,1,0,21.03
3546,T05,D2_S4,D2,S4,0,0.0,6.638,1.49,1.35,11.05,2,0,20.31
3547,T09,CR_S4,CR,S4,0,0.0,9.692,1.49,1.15,10.84,1,0,22.63
3548,T01,S4_D2,S4,D2,1,183.1,6.638,1.49,1.35,5.47,5,0,30.63
3549,T01,S4_D2,S4,D2,1,174.3,6.638,1.49,1.35,4.12,3,1,37.51
3550,T01,CR_S4,CR,S4,0,0.0,9.692,1.49,1.15,5.03,4,1,28.31
3551,T06,D2_S4,D2,S4,0,0.0,6.638,1.49,1.35,8.19,2,0,22.8
3552,T09,CR_S1,CR,S1,0,0.0,8.767,0.8,1.15,8.86,1,0,21.0
3553,T05,S4_D2,S4,D2,1,187.0,6.638,1.49,1.35,2.07,4,0,29.61
3554,T03,CR_S1,CR,S1,0,0.0,8.767,0.8,1.15,2.57,0,0,20.14
3555,T05,S4_D2,S4,D2,1,196.9,6.638,1.49,1.35,2.14,3,0,28.4
3556,T01,CR_S2,CR,S2,0,0.0,8.334,1.39,1.15,9.66,2,0,22.6
3557,T03,CR_S3,CR,S3,0,0.0,8.135,1.57,1.15,2.15,1,1,24.61
3558,T04,S3_D2,S3,D2,1,211.7,6.362,1.39,1.35,7.83,2,0,28.2
3559,T07,S1_CR,S1,CR,1,180.2,8.767,0.8,1.15,1.71,0,0,26.88
3560,T04,D2_S4,D2,S4,0,0.0,6.638,1.49,1.35,4.19,4,0,21.56
3561,T07,S4_CR,S4,CR,1,193.0,9.692,1.49,1.15,3.54,3,0,28.3
3562,T10,CR_S1,CR,S1,0,0.0,8.767,0.8,1.15,8.67,1,0,21.08
3563,T04,CR_S2,CR,S2,0,0.0,8.334,1.39,1.15,8.95,3,0,23.36
3564,T06,CR_S1,CR,S1,0,0.0,8.767,0.8,1.15,7.09,5,0,24.1
3565,T02,CR_S3,CR,S3,0,0.0,8.135,1.57,1.15,4.76,5,0,18.99
3566,T02,S3_D2,S3,D2,1,220.0,6.362,1.39,1.35,7.38,5,0,28.26
3567,T06,CR_S1,CR,S1,0,0.0,8.767,0.8,1.15,8.79,4,0,25.49
3568,T05,CR_S3,CR,S3,0,0.0,8.135,1.57,1.15,0.31,1,0,18.66
3569,T03,CR_S4,CR,S4,0,0.0,9.692,1.49,1.15,3.98,0,0,19.2
3570,T06,S3_CR,S3,CR,1,177.1,8.135,1.57,1.15,6.53,5,0,26.49
3571,T06,CR_S1,CR,S1,0,0.0,8.767,0.8,1.15,4.19,7,0,25.34
3572,T08,D2_S3,D2,S3,0,0.0,6.362,1.39,1.35,2.02,1,0,20.39
3573,T03,D2_S4,D2,S4,0,0.0,6.638,1.49,1.35,4.79,4,0,22.23
3574,T05,D2_S4,D2,S4,0,0.0,6.638,1.49,1.35,9.43,2,1,30.5
3575,T06,D2_S3,D2,S3,0,0.0,6.362,1.39,1.35,6.94,4,1,30.92
3576,T08,S4_CR,S4,CR,1,210.1,9.692,1.49,1.15,2.9,3,0,26.8
3577,T03,CR_S3,CR,S3,0,0.0,8.135,1.57,1.15,0.09,1,0,17.24
3578,T08,S1_CR,S1,CR,1,220.0,8.767,0.8,1.15,2.86,4,0,29.9
3579,T04,S4_D2,S4,D2,1,194.0,6.638,1.49,1.35,5.83,0,0,25.09
3580,T03,S4_D2,S4,D2,1,197.5,6.638,1.49,1.35,3.74,1,0,25.19
3581,T06,CR_S3,CR,S3,0,0.0,8.135,1.57,1.15,7.95,5,0,17.93
3582,T04,CR_S3,CR,S3,0,0.0,8.135,1.57,1.15,8.15,0,0,15.16
3583,T01,CR_S4,CR,S4,0,0.0,9.692,1.49,1.15,0.21,2,0,20.88
3584,T03,S3_CR,S3,CR,1,200.7,8.135,1.57,1.15,6.4,4,0,25.63
3585,T09,CR_S4,CR,S4,0,0.0,9.692,1.49,1.15,10.86,2,0,22.22
3586,T06,CR_S1,CR,S1,0,0.0,8.767,0.8,1.15,3.39,4,0,25.72
3587,T04,CR_S2,CR,S2,0,0.0,8.334,1.39,1.15,4.87,2,0,18.42
3588,T01,D2_S3,D2,S3,0,0.0,6.362,1.39,1.35,5.81,6,0,28.02
3589,T06,CR_S3,CR,S3,0,0.0,8.135,1.57,1.15,10.98,1,0,16.9
3590,T09,S3_CR,S3,CR,1,192.8,8.135,1.57,1.15,9.87,1,0,20.21
3591,T08,S2_CR,S2,CR,1,175.2,8.334,1.39,1.15,1.37,1,0,26.28
3592,T04,CR_S4,CR,S4,0,0.0,9.692,1.49,1.15,9.68,1,0,21.57
3593,T09,CR_S2,CR,S2,0,0.0,8.334,1.39,1.15,1.59,2,0,20.34
3594,T02,CR_S2,CR,S2,0,0.0,8.334,1.39,1.15,11.24,3,0,24.7
3595,T10,S3_D2,S3,D2,1,195.8,6.362,1.39,1.35,6.21,4,0,28.3
3596,T03,S3_CR,S3,CR,1,185.3,8.135,1.57,1.15,10.92,3,0,20.69
3597,T01,S4_CR,S4,CR,1,191.3,9.692,1.49,1.15,7.1,2,0,28.75
3598,T06,S3_CR,S3,CR,1,220.0,8.135,1.57,1.15,7.74,3,0,23.62
3599,T06,S4_CR,S4,CR,1,215.0,9.692,1.49,1.15,11.28,1,0,28.91
3600,T08,D2_S3,D2,S3,0,0.0,6.362,1.39,1.35,8.61,2,0,21.06
3601,T09,CR_S1,CR,S1,0,0.0,8.767,0.8,1.15,9.37,2,0,20.03
3602,T07,CR_S4,CR,S4,0,0.0,9.692,1.49,1.15,4.21,4,0,23.23
3603,T01,S4_CR,S4,CR,1,175.8,9.692,1.49,1.15,7.42,5,0,31.77
3604,T02,S2_CR,S2,CR,1,190.8,8.334,1.39,1.15,8.31,0,0,24.74
3605,T06,S4_D2,S4,D2,1,210.3,6.638,1.49,1.35,1.5,2,0,28.33
3606,T03,S4_D2,S4,D2,1,201.7,6.638,1.49,1.35,4.14,3,0,25.78
3607,T04,S4_CR,S4,CR,1,188.5,9.692,1.49,1.15,11.32,2,0,27.87
3608,T01,CR_S1,CR,S1,0,0.0,8.767,0.8,1.15,1.22,4,0,24.93
3609,T10,S3_D2,S3,D2,1,183.4,6.362,1.39,1.35,1.82,6,0,33.59
3610,T10,S3_D2,S3,D2,1,197.9,6.362,1.39,1.35,6.64,6,0,30.75
3611,T09,S3_CR,S3,CR,1,205.7,8.135,1.57,1.15,0.08,0,0,20.28
3612,T08,D2_S4,D2,S4,0,0.0,6.638,1.49,1.35,0.6,1,0,20.44
3613,T01,D2_S4,D2,S4,0,0.0,6.638,1.49,1.35,2.27,3,0,19.31
3614,T01,S3_CR,S3,CR,1,183.2,8.135,1.57,1.15,6.99,3,0,19.89
3615,T02,D2_S3,D2,S3,0,0.0,6.362,1.39,1.35,2.24,2,0,22.16
3616,T02,S4_D2,S4,D2,1,187.7,6.638,1.49,1.35,10.07,1,0,25.16
3617,T08,S4_CR,S4,CR,1,208.5,9.692,1.49,1.15,10.53,1,0,27.15
3618,T04,CR_S3,CR,S3,0,0.0,8.135,1.57,1.15,10.86,2,0,16.87
3619,T04,CR_S4,CR,S4,0,0.0,9.692,1.49,1.15,2.76,1,0,21.93
3620,T03,D2_S4,D2,S4,0,0.0,6.638,1.49,1.35,6.06,3,0,20.84
3621,T04,S4_CR,S4,CR,1,220.0,9.692,1.49,1.15,2.25,2,0,28.31
3622,T06,S3_D2,S3,D2,1,199.9,6.362,1.39,1.35,2.57,3,0,26.94
3623,T03,S3_CR,S3,CR,1,175.5,8.135,1.57,1.15,11.15,1,0,19.38
3624,T07,D2_S3,D2,S3,0,0.0,6.362,1.39,1.35,11.74,1,0,19.43
3625,T06,D2_S4,D2,S4,0,0.0,6.638,1.49,1.35,7.84,5,0,24.33
3626,T08,S4_CR,S4,CR,1,182.3,9.692,1.49,1.15,2.1,2,0,27.84
3627,T07,S3_D2,S3,D2,1,192.9,6.362,1.39,1.35,10.62,1,0,24.66
3628,T06,S2_CR,S2,CR,1,214.4,8.334,1.39,1.15,10.2,4,0,29.5
3629,T03,CR_S4,CR,S4,0,0.0,9.692,1.49,1.15,10.85,4,0,24.43
3630,T04,CR_S1,CR,S1,0,0.0,8.767,0.8,1.15,8.18,4,0,25.66
3631,T03,CR_S4,CR,S4,0,0.0,9.692,1.49,1.15,9.49,4,0,26.27
3632,T10,CR_S4,CR,S4,0,0.0,9.692,1.49,1.15,9.75,1,0,21.92
3633,T09,S1_CR,S1,CR,1,180.6,8.767,0.8,1.15,0.8,4,0,27.88
3634,T05,S4_CR,S4,CR,1,216.1,9.692,1.49,1.15,6.31,4,0,32.33
3635,T06,CR_S1,CR,S1,0,0.0,8.767,0.8,1.15,7.96,1,0,22.25
3636,T07,CR_S4,CR,S4,0,0.0,9.692,1.49,1.15,10.88,3,0,21.08
3637,T06,S3_D2,S3,D2,1,220.0,6.362,1.39,1.35,7.31,3,0,26.78
3638,T06,D2_S4,D2,S4,0,0.0,6.638,1.49,1.35,4.18,2,0,21.79
3639,T09,CR_S3,CR,S3,0,0.0,8.135,1.57,1.15,1.2,3,0,20.04
3640,T08,CR_S4,CR,S4,0,0.0,9.692,1.49,1.15,6.8,2,1,26.04
3641,T07,S1_CR,S1,CR,1,199.8,8.767,0.8,1.15,8.48,1,0,26.8
3642,T03,CR_S1,CR,S1,0,0.0,8.767,0.8,1.15,5.95,6,0,26.36
3643,T01,D2_S3,D2,S3,0,0.0,6.362,1.39,1.35,10.52,4,0,23.89
3644,T10,S3_D2,S3,D2,1,205.9,6.362,1.39,1.35,9.51,2,0,27.94
3645,T04,S3_CR,S3,CR,1,204.1,8.135,1.57,1.15,9.04,3,0,22.64
3646,T05,S4_CR,S4,CR,1,194.1,9.692,1.49,1.15,11.46,0,0,28.45
3647,T04,CR_S1,CR,S1,0,0.0,8.767,0.8,1.15,11.46,4,0,24.34
3648,T10,D2_S4,D2,S4,0,0.0,6.638,1.49,1.35,6.46,4,0,22.55
3649,T09,S2_CR,S2,CR,1,197.8,8.334,1.39,1.15,4.03,2,0,31.03
3650,T02,S3_CR,S3,CR,1,196.3,8.135,1.57,1.15,7.56,0,0,22.04
3651,T01,S4_D2,S4,D2,1,179.2,6.638,1.49,1.35,2.44,3,0,27.85
3652,T09,D2_S3,D2,S3,0,0.0,6.362,1.39,1.35,9.2,5,0,23.32
3653,T06,CR_S1,CR,S1,0,0.0,8.767,0.8,1.15,5.94,6,1,39.29
3654,T08,S4_D2,S4,D2,1,184.3,6.638,1.49,1.35,9.37,2,0,26.08
3655,T10,D2_S3,D2,S3,0,0.0,6.362,1.39,1.35,3.4,3,0,22.26
3656,T02,S1_CR,S1,CR,1,183.9,8.767,0.8,1.15,9.02,2,1,39.65
3657,T02,CR_S1,CR,S1,0,0.0,8.767,0.8,1.15,1.71,2,0,22.95
3658,T04,S2_CR,S2,CR,1,196.8,8.334,1.39,1.15,10.37,1,0,27.89
3659,T03,S3_D2,S3,D2,1,193.2,6.362,1.39,1.35,0.52,2,0,30.26
3660,T06,D2_S4,D2,S4,0,0.0,6.638,1.49,1.35,5.26,1,0,21.37
3661,T02,D2_S4,D2,S4,0,0.0,6.638,1.49,1.35,6.03,3,0,21.87
3662,T10,S1_CR,S1,CR,1,203.6,8.767,0.8,1.15,3.54,4,0,28.59
3663,T03,S2_CR,S2,CR,1,182.0,8.334,1.39,1.15,4.1,5,0,31.6
3664,T03,CR_S2,CR,S2,0,0.0,8.334,1.39,1.15,10.98,0,0,20.0
3665,T10,S4_D2,S4,D2,1,182.7,6.638,1.49,1.35,8.61,1,0,27.96
3666,T10,S4_D2,S4,D2,1,196.9,6.638,1.49,1.35,7.45,1,0,24.91
3667,T03,S3_CR,S3,CR,1,203.4,8.135,1.57,1.15,6.14,4,1,27.65
3668,T02,CR_S1,CR,S1,0,0.0,8.767,0.8,1.15,8.47,1,0,23.4
3669,T08,S4_D2,S4,D2,1,198.7,6.638,1.49,1.35,5.88,6,0,30.3
3670,T06,D2_S3,D2,S3,0,0.0,6.362,1.39,1.35,0.86,1,0,21.18
3671,T10,CR_S2,CR,S2,0,0.0,8.334,1.39,1.15,0.48,1,0,21.36
3672,T10,CR_S3,CR,S3,0,0.0,8.135,1.57,1.15,6.63,3,0,19.21
3673,T01,D2_S3,D2,S3,0,0.0,6.362,1.39,1.35,3.92,1,0,19.9
3674,T10,D2_S3,D2,S3,0,0.0,6.362,1.39,1.35,3.66,4,0,24.35
3675,T08,S3_CR,S3,CR,1,177.3,8.135,1.57,1.15,0.51,3,0,20.99
3676,T10,S4_D2,S4,D2,1,211.6,6.638,1.49,1.35,6.41,5,0,30.22
3677,T01,CR_S1,CR,S1,0,0.0,8.767,0.8,1.15,2.36,1,0,20.11
3678,T08,CR_S3,CR,S3,0,0.0,8.135,1.57,1.15,4.82,5,0,20.52
3679,T08,CR_S4,CR,S4,0,0.0,9.692,1.49,1.15,0.45,1,0,21.72
3680,T06,CR_S4,CR,S4,0,0.0,9.692,1.49,1.15,4.21,3,0,23.91
3681,T03,S4_D2,S4,D2,1,195.7,6.638,1.49,1.35,11.92,3,0,24.62
3682,T10,S4_D2,S4,D2,1,198.9,6.638,1.49,1.35,7.51,3,0,27.83
3683,T10,S1_CR,S1,CR,1,220.0,8.767,0.8,1.15,10.32,3,0,30.53
3684,T06,D2_S3,D2,S3,0,0.0,6.362,1.39,1.35,1.34,3,0,23.84
3685,T08,S2_CR,S2,CR,1,187.6,8.334,1.39,1.15,7.62,3,0,32.04
3686,T08,CR_S2,CR,S2,0,0.0,8.334,1.39,1.15,11.98,2,0,22.16
3687,T10,CR_S1,CR,S1,0,0.0,8.767,0.8,1.15,11.77,0,1,27.91
3688,T05,CR_S3,CR,S3,0,0.0,8.135,1.57,1.15,7.91,0,1,17.81
3689,T08,CR_S3,CR,S3,0,0.0,8.135,1.57,1.15,5.81,4,0,18.62
3690,T04,CR_S2,CR,S2,0,0.0,8.334,1.39,1.15,5.89,3,0,22.4
3691,T09,S4_CR,S4,CR,1,196.3,9.692,1.49,1.15,8.84,6,0,29.23
3692,T10,CR_S4,CR,S4,0,0.0,9.692,1.49,1.15,4.05,3,0,24.18
3693,T07,S4_CR,S4,CR,1,220.0,9.692,1.49,1.15,6.81,6,0,30.63
3694,T08,S2_CR,S2,CR,1,172.4,8.334,1.39,1.15,8.82,2,0,28.09
3695,T04,S4_D2,S4,D2,1,178.1,6.638,1.49,1.35,6.06,1,0,25.83
3696,T05,D2_S4,D2,S4,0,0.0,6.638,1.49,1.35,4.34,4,0,23.16
3697,T05,CR_S1,CR,S1,0,0.0,8.767,0.8,1.15,9.69,0,0,22.83
3698,T08,D2_S4,D2,S4,0,0.0,6.638,1.49,1.35,10.43,0,0,20.83
3699,T03,CR_S4,CR,S4,0,0.0,9.692,1.49,1.15,8.17,2,0,24.49
3700,T01,CR_S2,CR,S2,0,0.0,8.334,1.39,1.15,8.09,2,0,23.18
3701,T01,CR_S4,CR,S4,0,0.0,9.692,1.49,1.15,7.25,3,0,22.69
3702,T09,CR_S1,CR,S1,0,0.0,8.767,0.8,1.15,3.46,3,0,24.48
3703,T08,S4_D2,S4,D2,1,183.3,6.638,1.49,1.35,3.49,6,0,26.69
3704,T07,S3_CR,S3,CR,1,165.7,8.135,1.57,1.15,10.78,0,1,29.4
3705,T09,D2_S4,D2,S4,0,0.0,6.638,1.49,1.35,3.21,2,0,23.0
3706,T10,S4_CR,S4,CR,1,211.3,9.692,1.49,1.15,9.72,0,0,27.53
3707,T10,D2_S3,D2,S3,0,0.0,6.362,1.39,1.35,6.88,5,0,26.18
3708,T10,CR_S1,CR,S1,0,0.0,8.767,0.8,1.15,7.95,4,0,21.66
3709,T08,CR_S3,CR,S3,0,0.0,8.135,1.57,1.15,10.4,2,0,16.58
3710,T07,S4_CR,S4,CR,1,211.8,9.692,1.49,1.15,10.81,1,0,26.77
3711,T06,CR_S4,CR,S4,0,0.0,9.692,1.49,1.15,1.49,1,0,22.13
3712,T10,S3_CR,S3,CR,1,188.4,8.135,1.57,1.15,4.14,2,0,22.25
3713,T07,CR_S1,CR,S1,0,0.0,8.767,0.8,1.15,7.66,3,0,25.77
3714,T10,CR_S2,CR,S2,0,0.0,8.334,1.39,1.15,6.59,6,0,23.96
3715,T03,S1_CR,S1,CR,1,219.8,8.767,0.8,1.15,6.91,3,0,28.86
3716,T07,S2_CR,S2,CR,1,196.6,8.334,1.39,1.15,0.92,4,1,34.97
3717,T08,S3_D2,S3,D2,1,197.1,6.362,1.39,1.35,11.54,3,0,26.91
3718,T04,D2_S3,D2,S3,0,0.0,6.362,1.39,1.35,4.17,1,0,20.79
3719,T05,CR_S4,CR,S4,0,0.0,9.692,1.49,1.15,8.03,4,0,25.53
3720,T03,S4_CR,S4,CR,1,208.2,9.692,1.49,1.15,0.08,0,0,29.14
3721,T07,S2_CR,S2,CR,1,220.0,8.334,1.39,1.15,1.99,2,0,26.33
3722,T08,S1_CR,S1,CR,1,189.8,8.767,0.8,1.15,2.71,1,0,31.06
3723,T02,D2_S3,D2,S3,0,0.0,6.362,1.39,1.35,11.77,0,0,22.45
3724,T09,S4_D2,S4,D2,1,208.6,6.638,1.49,1.35,6.49,8,0,29.6
3725,T06,S3_D2,S3,D2,1,192.6,6.362,1.39,1.35,10.49,3,0,26.37
3726,T07,S4_CR,S4,CR,1,198.8,9.692,1.49,1.15,6.01,2,1,29.79
3727,T06,S3_D2,S3,D2,1,188.9,6.362,1.39,1.35,0.41,2,0,28.36
3728,T06,S3_D2,S3,D2,1,199.4,6.362,1.39,1.35,11.61,4,0,27.59
3729,T05,S2_CR,S2,CR,1,189.3,8.334,1.39,1.15,0.0,3,0,28.71
3730,T10,CR_S1,CR,S1,0,0.0,8.767,0.8,1.15,4.43,1,0,20.15
3731,T04,D2_S4,D2,S4,0,0.0,6.638,1.49,1.35,0.52,3,0,22.52
3732,T09,D2_S4,D2,S4,0,0.0,6.638,1.49,1.35,7.74,2,0,22.38
3733,T06,CR_S1,CR,S1,0,0.0,8.767,0.8,1.15,9.95,3,0,21.84
3734,T02,CR_S1,CR,S1,0,0.0,8.767,0.8,1.15,0.52,5,0,26.89
3735,T07,S4_D2,S4,D2,1,212.9,6.638,1.49,1.35,0.48,2,0,28.74
3736,T04,CR_S2,CR,S2,0,0.0,8.334,1.39,1.15,9.53,0,0,20.37
3737,T06,S4_CR,S4,CR,1,219.2,9.692,1.49,1.15,9.46,3,0,26.75
3738,T02,CR_S3,CR,S3,0,0.0,8.135,1.57,1.15,4.3,3,0,19.52
3739,T03,D2_S3,D2,S3,0,0.0,6.362,1.39,1.35,3.74,2,0,21.81
3740,T08,S2_CR,S2,CR,1,185.2,8.334,1.39,1.15,11.67,1,0,26.52
3741,T08,S1_CR,S1,CR,1,175.2,8.767,0.8,1.15,3.33,2,1,36.36
3742,T04,CR_S3,CR,S3,0,0.0,8.135,1.57,1.15,0.51,2,0,17.25
3743,T05,D2_S4,D2,S4,0,0.0,6.638,1.49,1.35,8.71,0,0,20.09
3744,T02,S3_CR,S3,CR,1,187.8,8.135,1.57,1.15,5.11,4,0,23.35
3745,T07,S3_CR,S3,CR,1,180.2,8.135,1.57,1.15,2.21,5,0,24.32
3746,T02,S2_CR,S2,CR,1,203.6,8.334,1.39,1.15,4.58,2,0,24.72
3747,T03,CR_S2,CR,S2,0,0.0,8.334,1.39,1.15,9.69,2,0,21.35
3748,T09,S3_CR,S3,CR,1,209.0,8.135,1.57,1.15,8.01,2,0,20.93
3749,T10,S2_CR,S2,CR,1,213.0,8.334,1.39,1.15,1.99,3,1,36.56
3750,T01,CR_S4,CR,S4,0,0.0,9.692,1.49,1.15,3.93,3,0,23.74
3751,T10,S2_CR,S2,CR,1,192.0,8.334,1.39,1.15,11.12,0,0,24.98
3752,T02,CR_S2,CR,S2,0,0.0,8.334,1.39,1.15,11.36,2,0,22.13
3753,T06,S4_D2,S4,D2,1,177.0,6.638,1.49,1.35,5.96,7,0,31.28
3754,T03,D2_S4,D2,S4,0,0.0,6.638,1.49,1.35,2.31,2,0,20.42
3755,T04,S4_CR,S4,CR,1,201.2,9.692,1.49,1.15,0.04,3,0,27.81
3756,T04,CR_S3,CR,S3,0,0.0,8.135,1.57,1.15,4.47,0,0,15.24
3757,T10,S3_CR,S3,CR,1,176.8,8.135,1.57,1.15,7.28,3,0,22.98
3758,T02,S4_CR,S4,CR,1,182.3,9.692,1.49,1.15,1.89,2,0,29.02
3759,T02,S4_D2,S4,D2,1,194.1,6.638,1.49,1.35,5.41,2,0,23.97
3760,T04,S4_D2,S4,D2,1,205.9,6.638,1.49,1.35,10.75,2,0,27.79
3761,T10,CR_S2,CR,S2,0,0.0,8.334,1.39,1.15,7.03,3,0,25.42
3762,T06,D2_S4,D2,S4,0,0.0,6.638,1.49,1.35,2.26,1,0,21.45
3763,T01,CR_S3,CR,S3,0,0.0,8.135,1.57,1.15,2.77,1,0,16.09
3764,T03,CR_S1,CR,S1,0,0.0,8.767,0.8,1.15,6.02,3,0,22.68
3765,T03,CR_S4,CR,S4,0,0.0,9.692,1.49,1.15,3.68,4,0,25.46
3766,T10,S3_CR,S3,CR,1,195.1,8.135,1.57,1.15,2.34,1,0,23.21
3767,T09,D2_S3,D2,S3,0,0.0,6.362,1.39,1.35,10.68,1,0,21.03
3768,T01,S3_D2,S3,D2,1,189.7,6.362,1.39,1.35,1.86,1,0,25.49
3769,T01,D2_S4,D2,S4,0,0.0,6.638,1.49,1.35,4.58,1,0,22.19
3770,T10,D2_S4,D2,S4,0,0.0,6.638,1.49,1.35,10.12,0,0,19.84
3771,T05,S3_CR,S3,CR,1,211.0,8.135,1.57,1.15,5.45,3,0,19.86
3772,T07,CR_S2,CR,S2,0,0.0,8.334,1.39,1.15,2.87,1,0,23.75
3773,T04,CR_S1,CR,S1,0,0.0,8.767,0.8,1.15,2.08,2,0,23.28
3774,T07,S3_CR,S3,CR,1,185.7,8.135,1.57,1.15,5.32,0,0,19.73
3775,T06,S4_D2,S4,D2,1,220.0,6.638,1.49,1.35,4.1,3,0,28.05
3776,T04,S4_D2,S4,D2,1,189.2,6.638,1.49,1.35,0.72,0,0,26.37
3777,T06,CR_S3,CR,S3,0,0.0,8.135,1.57,1.15,0.24,3,1,22.82
3778,T10,S4_D2,S4,D2,1,210.3,6.638,1.49,1.35,3.18,0,0,28.45
3779,T03,D2_S3,D2,S3,0,0.0,6.362,1.39,1.35,10.78,1,0,21.5
3780,T02,S4_D2,S4,D2,1,190.7,6.638,1.49,1.35,4.18,5,0,28.86
3781,T01,CR_S3,CR,S3,0,0.0,8.135,1.57,1.15,9.09,3,0,19.51
3782,T04,D2_S3,D2,S3,0,0.0,6.362,1.39,1.35,5.85,1,0,24.09
3783,T03,S3_D2,S3,D2,1,187.1,6.362,1.39,1.35,8.53,4,0,30.26
3784,T02,CR_S1,CR,S1,0,0.0,8.767,0.8,1.15,0.65,4,0,24.24
3785,T03,S4_CR,S4,CR,1,220.0,9.692,1.49,1.15,2.73,2,0,27.66
3786,T10,CR_S4,CR,S4,0,0.0,9.692,1.49,1.15,8.3,0,0,22.51
3787,T01,D2_S4,D2,S4,0,0.0,6.638,1.49,1.35,3.61,2,0,22.92
3788,T09,S4_CR,S4,CR,1,186.9,9.692,1.49,1.15,10.21,3,0,27.82
3789,T02,S2_CR,S2,CR,1,178.1,8.334,1.39,1.15,0.15,0,0,26.82
3790,T05,S1_CR,S1,CR,1,201.5,8.767,0.8,1.15,11.95,0,0,28.22
3791,T04,D2_S3,D2,S3,0,0.0,6.362,1.39,1.35,7.68,5,0,24.45
3792,T03,D2_S4,D2,S4,0,0.0,6.638,1.49,1.35,4.67,2,0,22.8
3793,T02,CR_S1,CR,S1,0,0.0,8.767,0.8,1.15,4.81,3,0,22.15
3794,T06,S4_CR,S4,CR,1,198.6,9.692,1.49,1.15,4.4,3,0,27.91
3795,T03,S4_D2,S4,D2,1,204.0,6.638,1.49,1.35,5.22,3,0,23.08
3796,T10,S3_D2,S3,D2,1,220.0,6.362,1.39,1.35,1.66,3,0,30.17
3797,T09,S4_CR,S4,CR,1,198.0,9.692,1.49,1.15,6.95,3,0,26.75
3798,T04,CR_S2,CR,S2,0,0.0,8.334,1.39,1.15,8.16,3,0,23.64
3799,T04,CR_S1,CR,S1,0,0.0,8.767,0.8,1.15,3.28,5,0,23.33
3800,T02,S4_D2,S4,D2,1,203.8,6.638,1.49,1.35,8.23,2,0,25.81
3801,T07,CR_S4,CR,S4,0,0.0,9.692,1.49,1.15,1.58,5,0,25.36
3802,T09,S3_CR,S3,CR,1,194.2,8.135,1.57,1.15,9.47,1,0,21.21
3803,T10,CR_S1,CR,S1,0,0.0,8.767,0.8,1.15,7.15,7,0,25.49
3804,T07,D2_S4,D2,S4,0,0.0,6.638,1.49,1.35,11.53,3,0,25.02
3805,T08,S3_CR,S3,CR,1,190.4,8.135,1.57,1.15,7.61,2,0,22.61
3806,T03,S4_D2,S4,D2,1,193.8,6.638,1.49,1.35,1.11,1,0,24.4
3807,T04,S3_D2,S3,D2,1,200.7,6.362,1.39,1.35,4.66,2,0,29.47
3808,T06,D2_S4,D2,S4,0,0.0,6.638,1.49,1.35,8.88,0,1,21.98
3809,T06,S4_D2,S4,D2,1,180.2,6.638,1.49,1.35,8.98,6,0,30.86
3810,T01,S4_CR,S4,CR,1,196.3,9.692,1.49,1.15,10.95,0,0,26.57
3811,T01,CR_S4,CR,S4,0,0.0,9.692,1.49,1.15,7.47,4,0,25.33
3812,T04,CR_S1,CR,S1,0,0.0,8.767,0.8,1.15,1.4,1,0,21.74
3813,T10,S4_CR,S4,CR,1,190.9,9.692,1.49,1.15,8.26,8,0,30.82
3814,T09,S2_CR,S2,CR,1,201.1,8.334,1.39,1.15,6.0,8,0,35.42
3815,T02,CR_S2,CR,S2,0,0.0,8.334,1.39,1.15,3.93,4,0,23.81
3816,T10,S2_CR,S2,CR,1,198.6,8.334,1.39,1.15,10.1,2,0,28.95
3817,T06,CR_S3,CR,S3,0,0.0,8.135,1.57,1.15,10.33,3,0,18.97
3818,T01,S3_D2,S3,D2,1,189.5,6.362,1.39,1.35,3.22,2,0,26.47
3819,T05,S2_CR,S2,CR,1,203.9,8.334,1.39,1.15,9.71,1,0,28.9
3820,T07,D2_S4,D2,S4,0,0.0,6.638,1.49,1.35,7.18,2,0,21.62
3821,T02,CR_S2,CR,S2,0,0.0,8.334,1.39,1.15,9.45,2,0,22.22
3822,T03,CR_S3,CR,S3,0,0.0,8.135,1.57,1.15,9.32,4,0,19.06
3823,T08,D2_S4,D2,S4,0,0.0,6.638,1.49,1.35,11.96,3,0,24.4
3824,T08,CR_S2,CR,S2,0,0.0,8.334,1.39,1.15,0.08,3,0,24.02
3825,T05,CR_S2,CR,S2,0,0.0,8.334,1.39,1.15,4.77,4,0,24.5
3826,T03,D2_S4,D2,S4,0,0.0,6.638,1.49,1.35,1.56,3,0,25.19
3827,T07,S2_CR,S2,CR,1,184.8,8.334,1.39,1.15,5.87,3,0,29.41
3828,T02,S3_CR,S3,CR,1,193.7,8.135,1.57,1.15,1.6,2,0,21.56
3829,T04,S3_CR,S3,CR,1,220.0,8.135,1.57,1.15,6.33,6,0,26.7
3830,T02,CR_S1,CR,S1,0,0.0,8.767,0.8,1.15,7.89,4,0,24.17
3831,T03,CR_S1,CR,S1,0,0.0,8.767,0.8,1.15,7.57,2,0,22.11
3832,T03,S3_CR,S3,CR,1,180.5,8.135,1.57,1.15,11.93,2,0,21.18
3833,T10,D2_S4,D2,S4,0,0.0,6.638,1.49,1.35,4.1,0,0,19.21
3834,T08,CR_S3,CR,S3,0,0.0,8.135,1.57,1.15,9.4,0,0,15.97
3835,T06,S3_CR,S3,CR,1,194.2,8.135,1.57,1.15,7.03,0,0,20.0
3836,T10,CR_S2,CR,S2,0,0.0,8.334,1.39,1.15,1.52,1,0,23.02
3837,T02,D2_S4,D2,S4,0,0.0,6.638,1.49,1.35,4.06,4,0,23.7
3838,T04,S4_CR,S4,CR,1,182.0,9.692,1.49,1.15,2.97,2,0,26.38
3839,T10,S3_CR,S3,CR,1,202.7,8.135,1.57,1.15,3.08,6,0,24.96
3840,T03,S3_CR,S3,CR,1,183.1,8.135,1.57,1.15,8.62,1,0,22.12
3841,T07,CR_S3,CR,S3,0,0.0,8.135,1.57,1.15,2.54,1,0,16.46
3842,T03,S4_D2,S4,D2,1,188.2,6.638,1.49,1.35,8.9,3,0,28.12
3843,T06,S3_CR,S3,CR,1,195.0,8.135,1.57,1.15,1.15,1,0,19.16
3844,T04,CR_S3,CR,S3,0,0.0,8.135,1.57,1.15,10.35,1,0,18.26
3845,T07,S3_D2,S3,D2,1,203.7,6.362,1.39,1.35,7.06,4,0,30.34
3846,T03,CR_S1,CR,S1,0,0.0,8.767,0.8,1.15,10.92,2,0,25.38
3847,T10,S1_CR,S1,CR,1,186.3,8.767,0.8,1.15,3.92,5,0,29.34
3848,T04,S3_CR,S3,CR,1,166.4,8.135,1.57,1.15,8.14,4,0,23.5
3849,T08,S3_D2,S3,D2,1,167.9,6.362,1.39,1.35,1.5,2,0,29.74
3850,T09,CR_S1,CR,S1,0,0.0,8.767,0.8,1.15,10.39,3,0,25.38
3851,T06,S3_CR,S3,CR,1,212.8,8.135,1.57,1.15,5.18,5,0,25.35
3852,T10,CR_S3,CR,S3,0,0.0,8.135,1.57,1.15,4.78,0,0,15.53
3853,T03,S3_D2,S3,D2,1,186.3,6.362,1.39,1.35,8.12,3,0,28.02
3854,T06,D2_S4,D2,S4,0,0.0,6.638,1.49,1.35,8.8,3,0,23.89
3855,T03,D2_S3,D2,S3,0,0.0,6.362,1.39,1.35,7.78,3,0,24.48
3856,T08,CR_S1,CR,S1,0,0.0,8.767,0.8,1.15,0.41,2,0,25.4
3857,T09,S3_CR,S3,CR,1,204.1,8.135,1.57,1.15,3.78,2,0,20.69
3858,T06,D2_S4,D2,S4,0,0.0,6.638,1.49,1.35,5.91,0,0,21.81
3859,T03,CR_S1,CR,S1,0,0.0,8.767,0.8,1.15,10.22,2,0,23.87
3860,T06,S2_CR,S2,CR,1,176.7,8.334,1.39,1.15,9.15,1,0,26.83
3861,T02,D2_S4,D2,S4,0,0.0,6.638,1.49,1.35,8.51,2,0,20.8
3862,T01,S4_D2,S4,D2,1,205.1,6.638,1.49,1.35,9.9,0,0,27.6
3863,T08,CR_S2,CR,S2,0,0.0,8.334,1.39,1.15,5.87,6,0,25.18
3864,T07,S2_CR,S2,CR,1,203.9,8.334,1.39,1.15,10.9,1,0,27.01
3865,T03,S4_D2,S4,D2,1,207.5,6.638,1.49,1.35,3.5,3,0,31.04
3866,T01,D2_S3,D2,S3,0,0.0,6.362,1.39,1.35,4.2,3,0,23.51
3867,T01,S3_CR,S3,CR,1,171.3,8.135,1.57,1.15,10.51,1,1,27.09
3868,T10,S4_CR,S4,CR,1,175.6,9.692,1.49,1.15,9.73,2,0,25.43
3869,T03,S3_D2,S3,D2,1,184.5,6.362,1.39,1.35,8.74,1,0,26.18
3870,T06,CR_S1,CR,S1,0,0.0,8.767,0.8,1.15,5.73,4,0,22.35
3871,T06,D2_S3,D2,S3,0,0.0,6.362,1.39,1.35,8.54,0,0,20.67
3872,T08,D2_S4,D2,S4,0,0.0,6.638,1.49,1.35,3.31,3,0,24.37
3873,T03,D2_S4,D2,S4,0,0.0,6.638,1.49,1.35,0.9,1,0,22.42
3874,T10,CR_S2,CR,S2,0,0.0,8.334,1.39,1.15,9.91,1,0,20.68
3875,T06,CR_S2,CR,S2,0,0.0,8.334,1.39,1.15,9.57,2,0,22.78
3876,T01,S4_CR,S4,CR,1,208.6,9.692,1.49,1.15,3.68,2,0,29.08
3877,T06,S1_CR,S1,CR,1,206.4,8.767,0.8,1.15,6.21,8,0,34.82
3878,T09,S4_CR,S4,CR,1,198.2,9.692,1.49,1.15,3.89,3,0,25.17
3879,T02,S3_D2,S3,D2,1,205.0,6.362,1.39,1.35,3.67,2,0,25.22
3880,T07,S1_CR,S1,CR,1,193.4,8.767,0.8,1.15,7.19,6,0,31.39
3881,T05,CR_S3,CR,S3,0,0.0,8.135,1.57,1.15,4.31,1,0,18.87
3882,T03,S4_CR,S4,CR,1,211.4,9.692,1.49,1.15,11.5,0,0,26.89
3883,T10,S1_CR,S1,CR,1,179.6,8.767,0.8,1.15,9.77,5,0,34.51
3884,T06,CR_S3,CR,S3,0,0.0,8.135,1.57,1.15,0.22,2,0,17.91
3885,T06,CR_S3,CR,S3,0,0.0,8.135,1.57,1.15,9.68,2,0,18.66
3886,T10,S3_D2,S3,D2,1,220.0,6.362,1.39,1.35,10.6,0,0,26.45
3887,T01,S1_CR,S1,CR,1,195.9,8.767,0.8,1.15,7.61,1,0,27.46
3888,T06,S3_D2,S3,D2,1,206.2,6.362,1.39,1.35,3.87,1,0,29.25
3889,T07,S1_CR,S1,CR,1,196.9,8.767,0.8,1.15,3.09,2,0,33.06
3890,T03,D2_S4,D2,S4,0,0.0,6.638,1.49,1.35,11.04,1,0,22.72
3891,T10,CR_S3,CR,S3,0,0.0,8.135,1.57,1.15,10.33,2,1,23.18
3892,T01,S4_CR,S4,CR,1,208.3,9.692,1.49,1.15,0.96,4,0,30.95
3893,T04,S4_CR,S4,CR,1,195.3,9.692,1.49,1.15,11.15,3,0,31.03
3894,T06,S1_CR,S1,CR,1,176.7,8.767,0.8,1.15,9.47,2,1,31.34
3895,T07,CR_S1,CR,S1,0,0.0,8.767,0.8,1.15,4.49,3,0,24.23
3896,T09,S1_CR,S1,CR,1,204.2,8.767,0.8,1.15,1.49,1,0,28.72
3897,T10,S4_CR,S4,CR,1,177.2,9.692,1.49,1.15,1.41,4,0,27.06
3898,T07,CR_S3,CR,S3,0,0.0,8.135,1.57,1.15,8.84,1,0,17.83
3899,T08,S2_CR,S2,CR,1,196.9,8.334,1.39,1.15,5.24,3,0,26.76
3900,T02,S2_CR,S2,CR,1,209.7,8.334,1.39,1.15,2.99,2,0,30.33
3901,T06,CR_S4,CR,S4,0,0.0,9.692,1.49,1.15,4.64,5,0,24.14
3902,T06,S1_CR,S1,CR,1,202.8,8.767,0.8,1.15,3.87,4,0,32.83
3903,T05,S3_D2,S3,D2,1,198.9,6.362,1.39,1.35,1.1,3,0,24.24
3904,T06,S4_CR,S4,CR,1,187.6,9.692,1.49,1.15,5.73,5,0,33.97
3905,T02,S3_D2,S3,D2,1,179.2,6.362,1.39,1.35,4.37,2,0,28.09
3906,T03,CR_S2,CR,S2,0,0.0,8.334,1.39,1.15,5.64,3,0,25.47
3907,T02,S4_CR,S4,CR,1,208.1,9.692,1.49,1.15,2.05,2,0,27.26
3908,T10,D2_S3,D2,S3,0,0.0,6.362,1.39,1.35,11.4,3,0,22.96
3909,T04,S4_D2,S4,D2,1,201.2,6.638,1.49,1.35,6.88,5,0,31.89
3910,T03,S3_D2,S3,D2,1,220.0,6.362,1.39,1.35,9.45,2,0,25.05
3911,T07,CR_S2,CR,S2,0,0.0,8.334,1.39,1.15,9.99,4,0,25.64
3912,T06,S4_D2,S4,D2,1,198.1,6.638,1.49,1.35,1.37,1,0,27.35
3913,T10,D2_S3,D2,S3,0,0.0,6.362,1.39,1.35,11.81,1,0,21.12
3914,T01,CR_S3,CR,S3,0,0.0,8.135,1.57,1.15,0.88,3,0,19.75
3915,T10,S1_CR,S1,CR,1,177.0,8.767,0.8,1.15,0.93,2,0,29.54
3916,T10,S3_CR,S3,CR,1,169.0,8.135,1.57,1.15,8.72,0,0,20.38
3917,T09,S4_CR,S4,CR,1,186.8,9.692,1.49,1.15,6.37,2,0,28.33
3918,T03,D2_S3,D2,S3,0,0.0,6.362,1.39,1.35,1.29,4,0,23.39
3919,T09,S4_CR,S4,CR,1,206.1,9.692,1.49,1.15,0.38,1,0,26.44
3920,T07,S3_CR,S3,CR,1,193.7,8.135,1.57,1.15,3.11,1,0,18.65
3921,T10,S2_CR,S2,CR,1,171.3,8.334,1.39,1.15,5.36,5,0,30.4
3922,T10,S3_CR,S3,CR,1,216.9,8.135,1.57,1.15,7.1,2,0,21.35
3923,T07,S1_CR,S1,CR,1,203.2,8.767,0.8,1.15,7.79,2,0,26.69
3924,T03,S1_CR,S1,CR,1,196.1,8.767,0.8,1.15,11.46,2,0,27.49
3925,T04,S3_D2,S3,D2,1,183.2,6.362,1.39,1.35,9.74,4,0,27.02
3926,T03,S4_D2,S4,D2,1,189.8,6.638,1.49,1.35,3.57,3,0,28.52
3927,T06,D2_S3,D2,S3,0,0.0,6.362,1.39,1.35,4.44,4,0,22.89
3928,T08,D2_S4,D2,S4,0,0.0,6.638,1.49,1.35,6.09,2,0,22.05
3929,T01,CR_S1,CR,S1,0,0.0,8.767,0.8,1.15,7.21,2,0,19.88
3930,T10,CR_S4,CR,S4,0,0.0,9.692,1.49,1.15,4.74,5,0,24.09
3931,T04,CR_S4,CR,S4,0,0.0,9.692,1.49,1.15,5.68,3,0,23.62
3932,T01,S1_CR,S1,CR,1,186.6,8.767,0.8,1.15,6.08,3,0,29.62
3933,T01,CR_S2,CR,S2,0,0.0,8.334,1.39,1.15,6.3,0,0,20.54
3934,T10,D2_S3,D2,S3,0,0.0,6.362,1.39,1.35,2.2,5,0,25.78
3935,T10,S1_CR,S1,CR,1,197.8,8.767,0.8,1.15,11.27,2,0,28.85
3936,T09,CR_S2,CR,S2,0,0.0,8.334,1.39,1.15,6.55,5,0,23.67
3937,T07,D2_S3,D2,S3,0,0.0,6.362,1.39,1.35,7.59,2,0,19.55
3938,T10,S2_CR,S2,CR,1,189.4,8.334,1.39,1.15,6.47,1,0,26.44
3939,T08,S4_D2,S4,D2,1,187.3,6.638,1.49,1.35,1.5,2,0,26.67
3940,T09,CR_S3,CR,S3,0,0.0,8.135,1.57,1.15,11.87,1,0,17.51
3941,T05,CR_S4,CR,S4,0,0.0,9.692,1.49,1.15,4.89,2,0,22.44
3942,T10,D2_S4,D2,S4,0,0.0,6.638,1.49,1.35,2.98,4,0,26.83
3943,T01,CR_S1,CR,S1,0,0.0,8.767,0.8,1.15,6.71,0,0,22.71
3944,T06,S4_CR,S4,CR,1,173.2,9.692,1.49,1.15,3.56,4,0,29.21
3945,T03,S4_D2,S4,D2,1,192.3,6.638,1.49,1.35,9.15,0,0,23.69
3946,T03,S4_D2,S4,D2,1,183.1,6.638,1.49,1.35,8.59,3,0,27.85
3947,T06,D2_S4,D2,S4,0,0.0,6.638,1.49,1.35,9.25,2,0,22.09
3948,T07,CR_S3,CR,S3,0,0.0,8.135,1.57,1.15,5.87,3,0,17.49
3949,T10,S1_CR,S1,CR,1,198.9,8.767,0.8,1.15,5.72,6,0,30.19
3950,T01,S4_D2,S4,D2,1,189.9,6.638,1.49,1.35,6.55,7,0,30.79
3951,T07,S4_D2,S4,D2,1,197.1,6.638,1.49,1.35,4.2,4,0,28.97
3952,T10,S3_CR,S3,CR,1,202.7,8.135,1.57,1.15,3.84,1,0,21.71
3953,T09,CR_S4,CR,S4,0,0.0,9.692,1.49,1.15,6.85,1,0,21.11
3954,T04,S4_CR,S4,CR,1,192.7,9.692,1.49,1.15,3.87,7,0,30.37
3955,T09,S4_D2,S4,D2,1,202.6,6.638,1.49,1.35,6.21,2,0,27.76
3956,T05,S4_CR,S4,CR,1,206.2,9.692,1.49,1.15,1.8,2,0,28.77
3957,T10,CR_S4,CR,S4,0,0.0,9.692,1.49,1.15,7.42,3,1,27.99
3958,T01,D2_S3,D2,S3,0,0.0,6.362,1.39,1.35,0.73,2,0,19.42
3959,T01,S3_D2,S3,D2,1,177.7,6.362,1.39,1.35,2.62,0,0,24.9
3960,T08,S3_CR,S3,CR,1,198.2,8.135,1.57,1.15,6.17,8,0,27.32
3961,T04,S3_D2,S3,D2,1,212.5,6.362,1.39,1.35,5.33,2,1,34.69
3962,T03,CR_S1,CR,S1,0,0.0,8.767,0.8,1.15,0.52,2,0,24.23
3963,T01,S3_D2,S3,D2,1,209.1,6.362,1.39,1.35,2.94,1,0,25.22
3964,T03,D2_S3,D2,S3,0,0.0,6.362,1.39,1.35,0.91,1,0,21.96
3965,T09,S1_CR,S1,CR,1,195.2,8.767,0.8,1.15,11.77,2,0,29.21
3966,T09,CR_S3,CR,S3,0,0.0,8.135,1.57,1.15,11.94,5,0,19.96
3967,T06,S4_CR,S4,CR,1,208.9,9.692,1.49,1.15,2.24,1,1,36.39
3968,T01,S3_CR,S3,CR,1,204.8,8.135,1.57,1.15,2.87,3,0,24.51
3969,T06,S4_CR,S4,CR,1,175.7,9.692,1.49,1.15,2.48,1,0,24.22
3970,T10,S1_CR,S1,CR,1,206.3,8.767,0.8,1.15,11.4,0,0,27.26
3971,T03,S2_CR,S2,CR,1,204.1,8.334,1.39,1.15,3.26,2,0,31.41
3972,T04,S4_D2,S4,D2,1,215.8,6.638,1.49,1.35,3.28,3,0,28.76
3973,T10,D2_S3,D2,S3,0,0.0,6.362,1.39,1.35,11.56,1,0,21.35
3974,T02,S4_D2,S4,D2,1,197.0,6.638,1.49,1.35,8.43,1,0,29.32
3975,T07,S4_D2,S4,D2,1,189.6,6.638,1.49,1.35,6.16,2,0,27.01
3976,T05,CR_S2,CR,S2,0,0.0,8.334,1.39,1.15,8.95,4,0,24.13
3977,T07,CR_S1,CR,S1,0,0.0,8.767,0.8,1.15,8.48,3,0,25.68
3978,T02,S2_CR,S2,CR,1,173.6,8.334,1.39,1.15,1.75,1,0,26.19
3979,T03,D2_S4,D2,S4,0,0.0,6.638,1.49,1.35,5.08,5,0,25.64
3980,T02,CR_S4,CR,S4,0,0.0,9.692,1.49,1.15,7.5,4,0,24.87
3981,T10,S3_D2,S3,D2,1,191.8,6.362,1.39,1.35,3.62,0,0,23.38
3982,T06,D2_S4,D2,S4,0,0.0,6.638,1.49,1.35,4.27,5,0,23.53
3983,T03,S4_D2,S4,D2,1,206.7,6.638,1.49,1.35,4.94,4,0,27.88
3984,T04,CR_S3,CR,S3,0,0.0,8.135,1.57,1.15,11.23,0,0,15.0
3985,T02,S1_CR,S1,CR,1,203.1,8.767,0.8,1.15,10.08,2,0,26.67
3986,T06,S1_CR,S1,CR,1,187.5,8.767,0.8,1.15,5.21,1,0,26.47
3987,T03,S1_CR,S1,CR,1,198.0,8.767,0.8,1.15,9.41,2,0,28.99
3988,T04,CR_S2,CR,S2,0,0.0,8.334,1.39,1.15,2.5,4,0,23.83
3989,T06,S4_D2,S4,D2,1,194.9,6.638,1.49,1.35,4.75,4,0,27.88
3990,T05,CR_S3,CR,S3,0,0.0,8.135,1.57,1.15,7.33,7,0,22.2
3991,T03,CR_S2,CR,S2,0,0.0,8.334,1.39,1.15,3.37,4,0,25.12
3992,T10,S4_CR,S4,CR,1,188.1,9.692,1.49,1.15,3.63,2,0,25.48
3993,T06,CR_S3,CR,S3,0,0.0,8.135,1.57,1.15,2.95,1,0,15.69
3994,T05,S1_CR,S1,CR,1,188.5,8.767,0.8,1.15,6.86,3,1,34.71
3995,T05,D2_S4,D2,S4,0,0.0,6.638,1.49,1.35,8.09,0,0,21.85
3996,T10,S1_CR,S1,CR,1,196.5,8.767,0.8,1.15,9.08,1,0,26.09
3997,T10,S3_CR,S3,CR,1,175.1,8.135,1.57,1.15,11.72,4,0,24.97
3998,T04,S1_CR,S1,CR,1,199.3,8.767,0.8,1.15,3.65,5,0,32.72
3999,T08,S1_CR,S1,CR,1,191.5,8.767,0.8,1.15,11.33,3,0,25.78
4000,T02,CR_S2,CR,S2,0,0.0,8.334,1.39,1.15,10.47,1,0,21.75
4001,T08,S2_CR,S2,CR,1,205.0,8.334,1.39,1.15,6.71,3,0,30.63
4002,T08,S2_CR,S2,CR,1,178.3,8.334,1.39,1.15,5.69,6,0,30.74
4003,T08,D2_S4,D2,S4,0,0.0,6.638,1.49,1.35,8.02,5,0,24.87
4004,T09,S4_CR,S4,CR,1,181.2,9.692,1.49,1.15,7.79,3,0,30.43
4005,T09,D2_S4,D2,S4,0,0.0,6.638,1.49,1.35,11.26,2,0,22.28
4006,T04,D2_S4,D2,S4,0,0.0,6.638,1.49,1.35,6.88,3,0,22.25
4007,T08,CR_S3,CR,S3,0,0.0,8.135,1.57,1.15,7.62,2,0,17.21
4008,T04,S4_CR,S4,CR,1,189.5,9.692,1.49,1.15,10.64,0,1,27.41
4009,T01,S2_CR,S2,CR,1,195.4,8.334,1.39,1.15,5.45,3,0,27.09
4010,T04,CR_S4,CR,S4,0,0.0,9.692,1.49,1.15,5.06,2,1,29.48
4011,T04,S4_CR,S4,CR,1,198.3,9.692,1.49,1.15,8.87,0,0,24.58
4012,T10,CR_S4,CR,S4,0,0.0,9.692,1.49,1.15,4.71,2,0,21.29
4013,T03,S4_CR,S4,CR,1,216.5,9.692,1.49,1.15,6.04,5,0,27.1
4014,T06,D2_S4,D2,S4,0,0.0,6.638,1.49,1.35,2.02,2,0,22.01
4015,T10,S1_CR,S1,CR,1,194.7,8.767,0.8,1.15,0.77,2,0,29.73
4016,T08,S2_CR,S2,CR,1,173.8,8.334,1.39,1.15,1.58,1,0,25.16
4017,T10,CR_S2,CR,S2,0,0.0,8.334,1.39,1.15,2.11,3,0,24.55
4018,T10,S1_CR,S1,CR,1,205.3,8.767,0.8,1.15,7.68,5,0,30.87
4019,T08,S4_CR,S4,CR,1,191.0,9.692,1.49,1.15,10.27,3,0,30.46
4020,T02,CR_S4,CR,S4,0,0.0,9.692,1.49,1.15,8.91,2,0,23.12
4021,T08,CR_S1,CR,S1,0,0.0,8.767,0.8,1.15,10.56,3,0,22.14
4022,T02,D2_S3,D2,S3,0,0.0,6.362,1.39,1.35,3.66,4,0,22.22
4023,T04,D2_S3,D2,S3,0,0.0,6.362,1.39,1.35,3.62,3,0,23.16
4024,T01,S4_CR,S4,CR,1,186.4,9.692,1.49,1.15,2.87,2,0,26.49
4025,T08,S3_CR,S3,CR,1,191.0,8.135,1.57,1.15,9.75,1,0,23.49
4026,T10,S2_CR,S2,CR,1,193.5,8.334,1.39,1.15,8.43,2,0,27.71
4027,T01,S3_CR,S3,CR,1,179.5,8.135,1.57,1.15,1.78,3,0,22.19
4028,T08,CR_S3,CR,S3,0,0.0,8.135,1.57,1.15,2.97,1,0,17.24
4029,T07,CR_S3,CR,S3,0,0.0,8.135,1.57,1.15,6.22,1,0,18.3
4030,T03,S3_CR,S3,CR,1,195.6,8.135,1.57,1.15,0.69,4,0,23.42
4031,T05,S3_CR,S3,CR,1,166.1,8.135,1.57,1.15,10.14,3,1,26.55
4032,T02,S1_CR,S1,CR,1,180.3,8.767,0.8,1.15,3.07,1,0,28.01
4033,T09,D2_S4,D2,S4,0,0.0,6.638,1.49,1.35,11.84,3,0,21.68
4034,T08,D2_S3,D2,S3,0,0.0,6.362,1.39,1.35,8.19,0,0,21.44
4035,T08,CR_S1,CR,S1,0,0.0,8.767,0.8,1.15,0.57,2,0,19.59
4036,T02,S4_D2,S4,D2,1,191.7,6.638,1.49,1.35,3.7,3,0,25.91
4037,T09,S1_CR,S1,CR,1,200.8,8.767,0.8,1.15,5.08,4,0,30.21
4038,T06,S1_CR,S1,CR,1,199.1,8.767,0.8,1.15,3.78,5,0,30.0
4039,T05,S4_D2,S4,D2,1,180.9,6.638,1.49,1.35,3.99,3,0,27.86
4040,T08,S3_D2,S3,D2,1,212.3,6.362,1.39,1.35,6.61,5,0,27.99
4041,T08,S2_CR,S2,CR,1,195.0,8.334,1.39,1.15,0.34,4,0,28.34
4042,T04,D2_S4,D2,S4,0,0.0,6.638,1.49,1.35,0.23,1,0,20.65
4043,T10,CR_S3,CR,S3,0,0.0,8.135,1.57,1.15,9.69,6,0,19.31
4044,T04,S4_D2,S4,D2,1,197.7,6.638,1.49,1.35,3.49,0,0,30.37
4045,T01,S3_CR,S3,CR,1,169.4,8.135,1.57,1.15,6.3,3,0,21.27
4046,T01,S1_CR,S1,CR,1,190.5,8.767,0.8,1.15,5.35,3,0,28.58
4047,T08,CR_S2,CR,S2,0,0.0,8.334,1.39,1.15,2.53,3,0,23.48
4048,T04,CR_S2,CR,S2,0,0.0,8.334,1.39,1.15,6.31,2,0,20.16
4049,T09,S1_CR,S1,CR,1,190.3,8.767,0.8,1.15,5.04,5,0,30.63
4050,T08,CR_S3,CR,S3,0,0.0,8.135,1.57,1.15,9.55,1,0,16.4
4051,T03,CR_S4,CR,S4,0,0.0,9.692,1.49,1.15,2.66,2,0,24.25
4052,T10,S2_CR,S2,CR,1,205.9,8.334,1.39,1.15,3.06,1,0,26.64
4053,T03,CR_S3,CR,S3,0,0.0,8.135,1.57,1.15,8.58,1,0,15.7
4054,T10,CR_S4,CR,S4,0,0.0,9.692,1.49,1.15,0.72,2,0,21.56
4055,T04,CR_S3,CR,S3,0,0.0,8.135,1.57,1.15,8.23,2,0,17.43
4056,T09,S4_CR,S4,CR,1,205.6,9.692,1.49,1.15,11.26,0,0,26.23
4057,T06,D2_S4,D2,S4,0,0.0,6.638,1.49,1.35,11.53,3,0,24.37
4058,T08,D2_S3,D2,S3,0,0.0,6.362,1.39,1.35,4.76,1,0,19.72
4059,T07,D2_S3,D2,S3,0,0.0,6.362,1.39,1.35,6.44,1,0,22.47
4060,T04,CR_S3,CR,S3,0,0.0,8.135,1.57,1.15,9.72,0,0,17.56
4061,T05,S4_D2,S4,D2,1,164.8,6.638,1.49,1.35,7.81,0,0,27.07
4062,T07,D2_S4,D2,S4,0,0.0,6.638,1.49,1.35,7.92,2,0,23.72
4063,T04,S3_CR,S3,CR,1,201.9,8.135,1.57,1.15,11.47,6,0,23.97
4064,T10,CR_S3,CR,S3,0,0.0,8.135,1.57,1.15,0.33,2,0,18.23
4065,T10,S3_CR,S3,CR,1,199.3,8.135,1.57,1.15,3.06,1,0,17.85
4066,T09,S4_D2,S4,D2,1,186.4,6.638,1.49,1.35,9.63,2,0,28.2
4067,T09,S4_CR,S4,CR,1,189.8,9.692,1.49,1.15,6.38,4,0,26.46
4068,T09,S4_CR,S4,CR,1,195.0,9.692,1.49,1.15,11.17,0,0,28.97
4069,T10,S4_D2,S4,D2,1,167.6,6.638,1.49,1.35,8.85,0,0,24.64
4070,T04,CR_S1,CR,S1,0,0.0,8.767,0.8,1.15,2.66,3,0,22.3
4071,T03,S3_D2,S3,D2,1,202.1,6.362,1.39,1.35,9.73,3,0,27.63
4072,T01,S4_CR,S4,CR,1,217.9,9.692,1.49,1.15,1.82,3,0,28.77
4073,T05,D2_S4,D2,S4,0,0.0,6.638,1.49,1.35,11.63,2,0,19.58
4074,T05,CR_S1,CR,S1,0,0.0,8.767,0.8,1.15,5.93,1,0,24.42
4075,T04,CR_S2,CR,S2,0,0.0,8.334,1.39,1.15,6.44,5,0,23.63
4076,T02,S3_D2,S3,D2,1,170.5,6.362,1.39,1.35,11.62,1,0,28.57
4077,T02,S2_CR,S2,CR,1,201.5,8.334,1.39,1.15,2.26,3,0,29.57
4078,T08,S1_CR,S1,CR,1,156.6,8.767,0.8,1.15,5.82,7,0,32.26
4079,T02,CR_S2,CR,S2,0,0.0,8.334,1.39,1.15,1.01,2,0,23.03
4080,T10,CR_S3,CR,S3,0,0.0,8.135,1.57,1.15,2.76,2,0,16.96
4081,T10,CR_S4,CR,S4,0,0.0,9.692,1.49,1.15,1.25,2,0,21.32
4082,T02,S1_CR,S1,CR,1,193.8,8.767,0.8,1.15,10.5,3,0,30.49
4083,T03,CR_S3,CR,S3,0,0.0,8.135,1.57,1.15,6.89,4,0,17.23
4084,T01,S1_CR,S1,CR,1,181.5,8.767,0.8,1.15,8.76,1,0,27.62
4085,T10,CR_S2,CR,S2,0,0.0,8.334,1.39,1.15,4.27,4,0,22.36
4086,T04,S1_CR,S1,CR,1,191.4,8.767,0.8,1.15,3.83,1,0,28.26
4087,T10,S3_CR,S3,CR,1,198.0,8.135,1.57,1.15,9.9,4,0,23.61
4088,T04,S2_CR,S2,CR,1,219.2,8.334,1.39,1.15,10.08,2,1,34.31
4089,T05,S3_CR,S3,CR,1,220.0,8.135,1.57,1.15,1.33,3,0,21.45
4090,T10,CR_S3,CR,S3,0,0.0,8.135,1.57,1.15,8.96,2,1,17.86
4091,T05,CR_S1,CR,S1,0,0.0,8.767,0.8,1.15,7.13,5,1,36.59
4092,T02,S4_D2,S4,D2,1,202.8,6.638,1.49,1.35,2.6,1,0,26.06
4093,T03,CR_S2,CR,S2,0,0.0,8.334,1.39,1.15,2.77,1,0,21.44
4094,T02,S3_CR,S3,CR,1,185.1,8.135,1.57,1.15,5.67,2,0,21.38
4095,T07,S3_D2,S3,D2,1,189.0,6.362,1.39,1.35,6.04,7,0,35.12
4096,T04,CR_S1,CR,S1,0,0.0,8.767,0.8,1.15,11.6,3,0,21.97
4097,T08,D2_S4,D2,S4,0,0.0,6.638,1.49,1.35,3.78,4,0,25.42
4098,T06,D2_S3,D2,S3,0,0.0,6.362,1.39,1.35,0.56,2,0,24.47
4099,T09,S3_CR,S3,CR,1,197.3,8.135,1.57,1.15,10.42,1,0,19.96
4100,T08,CR_S3,CR,S3,0,0.0,8.135,1.57,1.15,11.51,0,0,16.94
4101,T05,CR_S1,CR,S1,0,0.0,8.767,0.8,1.15,2.87,1,0,21.19
4102,T09,S3_CR,S3,CR,1,194.9,8.135,1.57,1.15,2.69,4,0,22.59
4103,T02,D2_S3,D2,S3,0,0.0,6.362,1.39,1.35,11.71,1,0,21.66
4104,T04,S3_D2,S3,D2,1,220.0,6.362,1.39,1.35,4.91,3,0,27.65
4105,T10,S1_CR,S1,CR,1,171.2,8.767,0.8,1.15,1.98,4,0,26.57
4106,T06,S2_CR,S2,CR,1,196.4,8.334,1.39,1.15,11.24,2,0,26.46
4107,T10,CR_S1,CR,S1,0,0.0,8.767,0.8,1.15,5.1,1,0,23.38
4108,T09,S4_D2,S4,D2,1,206.6,6.638,1.49,1.35,7.11,4,0,28.99
4109,T09,D2_S4,D2,S4,0,0.0,6.638,1.49,1.35,3.61,1,0,21.92
4110,T06,S3_CR,S3,CR,1,199.6,8.135,1.57,1.15,10.36,2,0,21.66
4111,T06,CR_S3,CR,S3,0,0.0,8.135,1.57,1.15,0.93,2,0,17.1
4112,T01,D2_S4,D2,S4,0,0.0,6.638,1.49,1.35,6.65,2,1,26.84
4113,T06,CR_S2,CR,S2,0,0.0,8.334,1.39,1.15,9.61,2,0,22.32
4114,T01,CR_S4,CR,S4,0,0.0,9.692,1.49,1.15,6.42,3,0,21.78
4115,T02,S1_CR,S1,CR,1,197.4,8.767,0.8,1.15,6.44,1,0,29.55
4116,T06,CR_S4,CR,S4,0,0.0,9.692,1.49,1.15,2.93,4,0,23.21
4117,T06,CR_S4,CR,S4,0,0.0,9.692,1.49,1.15,6.66,8,0,27.0
4118,T01,S4_D2,S4,D2,1,172.8,6.638,1.49,1.35,10.66,1,0,27.45
4119,T07,CR_S2,CR,S2,0,0.0,8.334,1.39,1.15,7.17,2,0,21.13
4120,T10,S4_D2,S4,D2,1,208.9,6.638,1.49,1.35,0.63,1,0,25.73
4121,T10,CR_S3,CR,S3,0,0.0,8.135,1.57,1.15,0.2,0,0,15.78
4122,T07,CR_S3,CR,S3,0,0.0,8.135,1.57,1.15,0.56,0,1,20.85
4123,T09,S1_CR,S1,CR,1,203.8,8.767,0.8,1.15,0.09,2,0,31.83
4124,T04,CR_S4,CR,S4,0,0.0,9.692,1.49,1.15,0.12,3,1,28.54
4125,T04,S3_D2,S3,D2,1,184.6,6.362,1.39,1.35,9.27,0,0,24.23
4126,T03,S1_CR,S1,CR,1,186.4,8.767,0.8,1.15,4.95,1,0,29.41
4127,T08,CR_S2,CR,S2,0,0.0,8.334,1.39,1.15,1.41,2,0,21.13
4128,T07,D2_S4,D2,S4,0,0.0,6.638,1.49,1.35,4.38,4,0,21.48
4129,T03,D2_S4,D2,S4,0,0.0,6.638,1.49,1.35,6.71,3,0,22.89
4130,T07,D2_S3,D2,S3,0,0.0,6.362,1.39,1.35,5.43,3,0,23.52
4131,T04,D2_S4,D2,S4,0,0.0,6.638,1.49,1.35,9.58,2,0,21.03
4132,T07,CR_S1,CR,S1,0,0.0,8.767,0.8,1.15,9.63,4,0,24.74
4133,T03,CR_S2,CR,S2,0,0.0,8.334,1.39,1.15,10.03,4,0,25.45
4134,T04,D2_S3,D2,S3,0,0.0,6.362,1.39,1.35,1.44,1,0,20.06
4135,T01,S1_CR,S1,CR,1,202.7,8.767,0.8,1.15,2.99,1,0,26.42
4136,T03,S2_CR,S2,CR,1,193.1,8.334,1.39,1.15,4.06,3,0,29.86
4137,T05,CR_S2,CR,S2,0,0.0,8.334,1.39,1.15,3.33,3,0,25.09
4138,T05,S1_CR,S1,CR,1,170.7,8.767,0.8,1.15,3.13,2,0,28.99
4139,T10,CR_S3,CR,S3,0,0.0,8.135,1.57,1.15,0.82,3,0,18.27
4140,T07,S1_CR,S1,CR,1,216.5,8.767,0.8,1.15,9.57,1,1,35.05
4141,T01,CR_S1,CR,S1,0,0.0,8.767,0.8,1.15,2.82,2,1,30.12
4142,T01,S2_CR,S2,CR,1,200.3,8.334,1.39,1.15,1.76,0,0,23.04
4143,T09,S3_D2,S3,D2,1,203.9,6.362,1.39,1.35,8.39,2,0,29.95
4144,T08,CR_S2,CR,S2,0,0.0,8.334,1.39,1.15,0.85,2,0,24.05
4145,T07,CR_S4,CR,S4,0,0.0,9.692,1.49,1.15,11.59,5,0,27.45
4146,T05,D2_S4,D2,S4,0,0.0,6.638,1.49,1.35,9.32,1,0,22.8
4147,T10,D2_S4,D2,S4,0,0.0,6.638,1.49,1.35,8.24,1,0,20.95
4148,T05,S2_CR,S2,CR,1,200.3,8.334,1.39,1.15,7.77,4,0,25.94
4149,T01,D2_S4,D2,S4,0,0.0,6.638,1.49,1.35,1.03,3,0,22.35
4150,T07,CR_S4,CR,S4,0,0.0,9.692,1.49,1.15,1.39,5,0,25.17
4151,T10,CR_S3,CR,S3,0,0.0,8.135,1.57,1.15,8.5,3,0,17.04
4152,T09,S2_CR,S2,CR,1,188.5,8.334,1.39,1.15,2.46,4,0,29.95
4153,T06,CR_S3,CR,S3,0,0.0,8.135,1.57,1.15,3.54,1,0,15.76
4154,T01,S2_CR,S2,CR,1,197.2,8.334,1.39,1.15,6.26,2,1,35.75
4155,T03,S2_CR,S2,CR,1,219.4,8.334,1.39,1.15,5.77,1,0,26.94
4156,T02,CR_S3,CR,S3,0,0.0,8.135,1.57,1.15,8.37,2,0,18.78
4157,T03,CR_S2,CR,S2,0,0.0,8.334,1.39,1.15,6.0,2,0,24.36
4158,T03,S4_CR,S4,CR,1,180.7,9.692,1.49,1.15,5.04,5,0,25.29
4159,T10,CR_S1,CR,S1,0,0.0,8.767,0.8,1.15,3.69,3,0,25.57
4160,T08,CR_S4,CR,S4,0,0.0,9.692,1.49,1.15,4.79,3,0,21.49
4161,T08,D2_S4,D2,S4,0,0.0,6.638,1.49,1.35,8.55,0,0,19.86
4162,T06,CR_S1,CR,S1,0,0.0,8.767,0.8,1.15,10.68,1,0,20.71
4163,T02,S4_CR,S4,CR,1,204.2,9.692,1.49,1.15,5.49,8,0,35.77
4164,T02,D2_S4,D2,S4,0,0.0,6.638,1.49,1.35,5.62,3,0,22.9
4165,T01,D2_S4,D2,S4,0,0.0,6.638,1.49,1.35,5.11,5,0,24.57
4166,T01,D2_S3,D2,S3,0,0.0,6.362,1.39,1.35,11.06,1,1,22.93
4167,T02,S3_CR,S3,CR,1,210.5,8.135,1.57,1.15,6.1,2,0,21.8
4168,T09,S4_CR,S4,CR,1,214.8,9.692,1.49,1.15,3.16,2,0,28.39
4169,T02,CR_S3,CR,S3,0,0.0,8.135,1.57,1.15,9.13,1,0,16.78
4170,T08,S4_CR,S4,CR,1,177.9,9.692,1.49,1.15,1.53,0,0,22.03
4171,T08,CR_S2,CR,S2,0,0.0,8.334,1.39,1.15,8.79,5,0,21.65
4172,T05,S3_D2,S3,D2,1,195.6,6.362,1.39,1.35,8.64,2,0,25.46
4173,T04,S3_CR,S3,CR,1,204.2,8.135,1.57,1.15,5.58,2,0,21.04
4174,T10,D2_S3,D2,S3,0,0.0,6.362,1.39,1.35,2.36,1,0,21.31
4175,T10,S3_CR,S3,CR,1,206.8,8.135,1.57,1.15,8.65,4,0,21.79
4176,T10,CR_S2,CR,S2,0,0.0,8.334,1.39,1.15,2.79,1,0,21.64
4177,T03,S3_CR,S3,CR,1,156.3,8.135,1.57,1.15,11.82,2,0,19.28
4178,T08,D2_S3,D2,S3,0,0.0,6.362,1.39,1.35,7.18,6,0,25.89
4179,T08,CR_S1,CR,S1,0,0.0,8.767,0.8,1.15,3.98,1,0,21.46
4180,T06,S1_CR,S1,CR,1,195.9,8.767,0.8,1.15,3.5,1,0,27.34
4181,T06,S4_D2,S4,D2,1,192.4,6.638,1.49,1.35,0.26,3,0,25.4
4182,T07,S3_CR,S3,CR,1,191.6,8.135,1.57,1.15,1.77,5,0,24.43
4183,T01,CR_S1,CR,S1,0,0.0,8.767,0.8,1.15,7.69,2,0,25.11
4184,T05,CR_S3,CR,S3,0,0.0,8.135,1.57,1.15,1.6,2,0,17.07
4185,T08,S4_D2,S4,D2,1,174.9,6.638,1.49,1.35,7.02,5,0,29.37
4186,T06,CR_S2,CR,S2,0,0.0,8.334,1.39,1.15,11.23,2,0,21.3
4187,T08,S3_D2,S3,D2,1,194.1,6.362,1.39,1.35,9.58,2,0,28.76
4188,T08,S4_CR,S4,CR,1,202.3,9.692,1.49,1.15,8.27,4,1,37.88
4189,T10,D2_S4,D2,S4,0,0.0,6.638,1.49,1.35,0.69,4,0,22.83
4190,T06,D2_S3,D2,S3,0,0.0,6.362,1.39,1.35,5.99,1,0,21.93
4191,T03,S4_CR,S4,CR,1,212.5,9.692,1.49,1.15,9.4,5,0,28.84
4192,T06,S1_CR,S1,CR,1,215.1,8.767,0.8,1.15,0.63,2,0,29.96
4193,T07,CR_S3,CR,S3,0,0.0,8.135,1.57,1.15,3.88,5,0,18.17
4194,T09,S4_D2,S4,D2,1,201.6,6.638,1.49,1.35,4.9,6,0,30.74
4195,T03,CR_S3,CR,S3,0,0.0,8.135,1.57,1.15,4.77,1,0,16.35
4196,T04,CR_S2,CR,S2,0,0.0,8.334,1.39,1.15,5.12,7,0,22.33
4197,T08,S1_CR,S1,CR,1,191.5,8.767,0.8,1.15,10.29,2,0,30.34
4198,T03,CR_S3,CR,S3,0,0.0,8.135,1.57,1.15,6.2,7,0,18.42
4199,T03,CR_S1,CR,S1,0,0.0,8.767,0.8,1.15,0.25,2,0,21.87
4200,T07,CR_S1,CR,S1,0,0.0,8.767,0.8,1.15,10.55,3,1,29.44
4201,T02,S1_CR,S1,CR,1,216.3,8.767,0.8,1.15,2.86,2,1,36.99
4202,T08,CR_S4,CR,S4,0,0.0,9.692,1.49,1.15,7.25,3,0,22.63
4203,T07,CR_S2,CR,S2,0,0.0,8.334,1.39,1.15,0.25,2,0,24.4
4204,T05,CR_S1,CR,S1,0,0.0,8.767,0.8,1.15,9.45,3,0,22.94
4205,T09,CR_S2,CR,S2,0,0.0,8.334,1.39,1.15,3.25,5,0,26.23
4206,T06,S1_CR,S1,CR,1,185.8,8.767,0.8,1.15,0.44,0,0,27.07
4207,T06,CR_S3,CR,S3,0,0.0,8.135,1.57,1.15,1.75,1,0,14.93
4208,T01,CR_S1,CR,S1,0,0.0,8.767,0.8,1.15,7.49,1,0,22.88
4209,T09,D2_S3,D2,S3,0,0.0,6.362,1.39,1.35,4.06,3,0,25.67
4210,T02,S2_CR,S2,CR,1,200.9,8.334,1.39,1.15,6.0,2,0,27.32
4211,T07,CR_S4,CR,S4,0,0.0,9.692,1.49,1.15,10.47,3,0,23.91
4212,T07,S4_CR,S4,CR,1,184.0,9.692,1.49,1.15,5.72,5,0,30.17
4213,T08,S4_D2,S4,D2,1,215.2,6.638,1.49,1.35,7.97,4,0,30.09
4214,T02,S3_D2,S3,D2,1,180.8,6.362,1.39,1.35,5.93,5,0,29.07
4215,T01,CR_S4,CR,S4,0,0.0,9.692,1.49,1.15,7.93,3,0,26.31
4216,T01,S3_D2,S3,D2,1,189.4,6.362,1.39,1.35,6.74,3,0,29.45
4217,T10,S2_CR,S2,CR,1,188.0,8.334,1.39,1.15,7.69,2,0,25.81
4218,T05,S4_CR,S4,CR,1,186.4,9.692,1.49,1.15,1.26,3,0,26.32
4219,T05,S3_D2,S3,D2,1,187.2,6.362,1.39,1.35,7.63,2,0,28.21
4220,T05,S2_CR,S2,CR,1,211.2,8.334,1.39,1.15,5.86,2,0,25.92
4221,T04,S2_CR,S2,CR,1,203.3,8.334,1.39,1.15,4.21,4,0,28.91
4222,T06,CR_S2,CR,S2,0,0.0,8.334,1.39,1.15,8.1,5,0,24.01
4223,T10,S1_CR,S1,CR,1,212.7,8.767,0.8,1.15,9.32,1,0,26.53
4224,T02,D2_S4,D2,S4,0,0.0,6.638,1.49,1.35,5.64,4,0,23.58
4225,T02,S2_CR,S2,CR,1,173.7,8.334,1.39,1.15,6.47,5,0,23.98
4226,T03,D2_S3,D2,S3,0,0.0,6.362,1.39,1.35,6.78,3,0,22.56
4227,T01,CR_S4,CR,S4,0,0.0,9.692,1.49,1.15,10.83,3,0,25.27
4228,T01,S3_D2,S3,D2,1,211.1,6.362,1.39,1.35,0.79,4,0,28.64
4229,T02,CR_S3,CR,S3,0,0.0,8.135,1.57,1.15,8.45,3,0,17.41
4230,T07,D2_S3,D2,S3,0,0.0,6.362,1.39,1.35,7.41,2,0,21.69
4231,T06,S4_CR,S4,CR,1,188.0,9.692,1.49,1.15,7.11,3,0,27.71
4232,T09,S3_D2,S3,D2,1,192.1,6.362,1.39,1.35,9.43,1,0,27.87
4233,T04,CR_S2,CR,S2,0,0.0,8.334,1.39,1.15,7.63,2,0,24.16
4234,T09,CR_S1,CR,S1,0,0.0,8.767,0.8,1.15,0.79,4,0,23.4
4235,T02,S3_D2,S3,D2,1,185.3,6.362,1.39,1.35,2.17,1,0,28.46
4236,T08,CR_S1,CR,S1,0,0.0,8.767,0.8,1.15,0.47,4,0,27.48
4237,T06,S1_CR,S1,CR,1,203.7,8.767,0.8,1.15,6.74,3,0,30.26
4238,T04,CR_S3,CR,S3,0,0.0,8.135,1.57,1.15,7.46,4,0,18.13
4239,T02,CR_S1,CR,S1,0,0.0,8.767,0.8,1.15,1.83,3,0,23.31
4240,T03,S4_D2,S4,D2,1,202.8,6.638,1.49,1.35,5.74,3,1,32.92
4241,T10,CR_S1,CR,S1,0,0.0,8.767,0.8,1.15,11.14,2,0,23.15
4242,T05,S1_CR,S1,CR,1,206.1,8.767,0.8,1.15,11.97,2,0,31.2
4243,T06,CR_S2,CR,S2,0,0.0,8.334,1.39,1.15,7.59,5,0,24.37
4244,T09,CR_S2,CR,S2,0,0.0,8.334,1.39,1.15,9.97,1,0,21.02
4245,T06,S3_CR,S3,CR,1,179.9,8.135,1.57,1.15,6.86,3,0,22.12
4246,T05,S4_D2,S4,D2,1,201.4,6.638,1.49,1.35,7.99,3,0,28.99
4247,T04,S3_CR,S3,CR,1,206.9,8.135,1.57,1.15,5.72,8,0,25.66
4248,T09,CR_S2,CR,S2,0,0.0,8.334,1.39,1.15,8.76,4,0,24.51
4249,T09,S4_CR,S4,CR,1,192.7,9.692,1.49,1.15,7.4,4,0,28.61
4250,T04,CR_S2,CR,S2,0,0.0,8.334,1.39,1.15,9.95,2,1,29.34
4251,T01,S4_D2,S4,D2,1,166.8,6.638,1.49,1.35,0.71,2,0,29.14
4252,T08,CR_S4,CR,S4,0,0.0,9.692,1.49,1.15,3.82,1,1,27.0
4253,T03,S3_CR,S3,CR,1,190.1,8.135,1.57,1.15,11.25,3,0,21.07
4254,T10,S1_CR,S1,CR,1,197.8,8.767,0.8,1.15,0.46,1,0,28.48
4255,T01,S4_D2,S4,D2,1,175.9,6.638,1.49,1.35,9.35,1,0,22.53
4256,T10,S1_CR,S1,CR,1,181.4,8.767,0.8,1.15,0.25,1,0,26.74
4257,T08,S4_CR,S4,CR,1,189.0,9.692,1.49,1.15,11.82,2,0,29.8
4258,T09,S3_D2,S3,D2,1,201.5,6.362,1.39,1.35,6.02,3,0,28.41
4259,T07,S1_CR,S1,CR,1,183.9,8.767,0.8,1.15,5.26,2,0,28.48
4260,T05,S4_CR,S4,CR,1,183.7,9.692,1.49,1.15,5.28,5,0,29.17
4261,T05,CR_S2,CR,S2,0,0.0,8.334,1.39,1.15,9.97,2,1,26.51
4262,T05,S1_CR,S1,CR,1,206.8,8.767,0.8,1.15,6.09,7,0,33.62
4263,T07,CR_S3,CR,S3,0,0.0,8.135,1.57,1.15,8.62,3,0,18.23
4264,T08,S4_CR,S4,CR,1,190.5,9.692,1.49,1.15,0.85,4,0,31.57
4265,T05,S1_CR,S1,CR,1,203.5,8.767,0.8,1.15,2.73,2,0,33.26
4266,T08,S4_CR,S4,CR,1,180.9,9.692,1.49,1.15,5.7,2,0,30.5
4267,T03,S4_D2,S4,D2,1,216.6,6.638,1.49,1.35,10.89,1,0,23.1
4268,T10,D2_S3,D2,S3,0,0.0,6.362,1.39,1.35,7.87,4,0,20.05
4269,T08,CR_S1,CR,S1,0,0.0,8.767,0.8,1.15,11.05,2,0,23.48
4270,T02,S1_CR,S1,CR,1,178.9,8.767,0.8,1.15,9.63,1,0,24.12
4271,T09,S1_CR,S1,CR,1,208.3,8.767,0.8,1.15,1.43,3,1,41.56
4272,T04,CR_S3,CR,S3,0,0.0,8.135,1.57,1.15,6.58,5,0,20.9
4273,T08,S3_D2,S3,D2,1,195.1,6.362,1.39,1.35,0.68,2,0,27.4
4274,T06,D2_S4,D2,S4,0,0.0,6.638,1.49,1.35,8.33,3,0,23.48
4275,T08,CR_S1,CR,S1,0,0.0,8.767,0.8,1.15,7.7,2,0,23.65
4276,T02,S2_CR,S2,CR,1,208.5,8.334,1.39,1.15,9.91,2,0,26.44
4277,T05,CR_S1,CR,S1,0,0.0,8.767,0.8,1.15,5.03,4,0,25.58
4278,T03,S2_CR,S2,CR,1,177.9,8.334,1.39,1.15,5.21,4,0,30.02
4279,T08,S4_CR,S4,CR,1,218.7,9.692,1.49,1.15,8.42,5,0,29.96
4280,T03,S4_CR,S4,CR,1,202.8,9.692,1.49,1.15,4.28,2,0,31.68
4281,T06,CR_S3,CR,S3,0,0.0,8.135,1.57,1.15,7.82,5,0,18.94
4282,T07,CR_S1,CR,S1,0,0.0,8.767,0.8,1.15,0.71,1,1,30.49
4283,T09,D2_S3,D2,S3,0,0.0,6.362,1.39,1.35,8.15,1,0,22.01
4284,T04,S4_CR,S4,CR,1,192.8,9.692,1.49,1.15,5.86,4,0,28.53
4285,T07,CR_S1,CR,S1,0,0.0,8.767,0.8,1.15,7.0,2,0,21.71
4286,T06,S1_CR,S1,CR,1,205.3,8.767,0.8,1.15,8.03,0,0,30.43
4287,T03,S1_CR,S1,CR,1,153.9,8.767,0.8,1.15,6.79,4,0,28.85
4288,T02,D2_S4,D2,S4,0,0.0,6.638,1.49,1.35,6.75,4,0,21.82
4289,T02,CR_S4,CR,S4,0,0.0,9.692,1.49,1.15,11.41,3,0,21.4
4290,T02,D2_S3,D2,S3,0,0.0,6.362,1.39,1.35,8.5,2,0,22.3
4291,T03,S4_D2,S4,D2,1,200.3,6.638,1.49,1.35,0.24,1,0,26.69
4292,T07,CR_S2,CR,S2,0,0.0,8.334,1.39,1.15,2.52,5,0,24.24
4293,T04,S3_CR,S3,CR,1,208.8,8.135,1.57,1.15,3.67,1,1,26.23
4294,T06,D2_S4,D2,S4,0,0.0,6.638,1.49,1.35,9.56,1,0,21.95
4295,T05,S3_CR,S3,CR,1,196.3,8.135,1.57,1.15,2.94,4,0,21.14
4296,T04,S3_CR,S3,CR,1,218.2,8.135,1.57,1.15,3.4,0,0,20.42
4297,T06,S3_CR,S3,CR,1,206.4,8.135,1.57,1.15,10.46,3,0,23.98
4298,T06,CR_S3,CR,S3,0,0.0,8.135,1.57,1.15,3.3,0,0,14.02
4299,T03,CR_S2,CR,S2,0,0.0,8.334,1.39,1.15,9.79,0,0,20.33
4300,T09,D2_S4,D2,S4,0,0.0,6.638,1.49,1.35,6.14,2,0,20.55
4301,T02,S2_CR,S2,CR,1,203.6,8.334,1.39,1.15,7.06,6,0,33.95
4302,T05,S4_CR,S4,CR,1,191.0,9.692,1.49,1.15,7.73,5,1,43.77
4303,T05,S1_CR,S1,CR,1,183.9,8.767,0.8,1.15,1.21,5,0,29.1
4304,T10,S3_CR,S3,CR,1,219.7,8.135,1.57,1.15,3.54,2,0,23.13
4305,T06,S4_CR,S4,CR,1,180.2,9.692,1.49,1.15,10.59,1,0,26.21
4306,T02,S4_CR,S4,CR,1,202.1,9.692,1.49,1.15,8.0,1,0,27.15
4307,T07,S4_CR,S4,CR,1,198.8,9.692,1.49,1.15,8.74,0,0,22.7
4308,T06,CR_S4,CR,S4,0,0.0,9.692,1.49,1.15,6.5,2,0,22.55
4309,T09,S4_CR,S4,CR,1,182.4,9.692,1.49,1.15,9.97,3,0,31.09
4310,T03,CR_S1,CR,S1,0,0.0,8.767,0.8,1.15,5.47,3,0,26.17
4311,T09,D2_S3,D2,S3,0,0.0,6.362,1.39,1.35,0.44,4,0,24.43
4312,T10,CR_S2,CR,S2,0,0.0,8.334,1.39,1.15,9.22,1,0,22.09
4313,T01,S2_CR,S2,CR,1,217.2,8.334,1.39,1.15,6.35,6,0,31.31
4314,T05,S4_D2,S4,D2,1,190.1,6.638,1.49,1.35,9.37,1,0,25.83
4315,T10,S4_D2,S4,D2,1,193.0,6.638,1.49,1.35,4.42,3,0,29.26
4316,T04,S4_CR,S4,CR,1,218.7,9.692,1.49,1.15,6.0,6,0,33.45
4317,T08,S4_CR,S4,CR,1,210.3,9.692,1.49,1.15,10.61,0,0,24.53
4318,T06,S2_CR,S2,CR,1,172.8,8.334,1.39,1.15,4.92,6,0,32.29
4319,T07,S3_CR,S3,CR,1,200.0,8.135,1.57,1.15,2.02,0,0,21.34
4320,T10,CR_S3,CR,S3,0,0.0,8.135,1.57,1.15,11.4,2,0,17.81
4321,T10,S2_CR,S2,CR,1,177.4,8.334,1.39,1.15,1.67,4,0,25.97
4322,T10,S3_D2,S3,D2,1,178.5,6.362,1.39,1.35,6.41,3,0,26.84
4323,T03,D2_S3,D2,S3,0,0.0,6.362,1.39,1.35,9.56,1,0,20.21
4324,T10,CR_S2,CR,S2,0,0.0,8.334,1.39,1.15,1.57,1,0,24.31
4325,T08,D2_S4,D2,S4,0,0.0,6.638,1.49,1.35,4.33,2,0,21.35
4326,T09,S4_CR,S4,CR,1,182.8,9.692,1.49,1.15,2.95,2,0,30.13
4327,T07,S2_CR,S2,CR,1,184.0,8.334,1.39,1.15,3.1,2,0,29.04
4328,T07,S4_D2,S4,D2,1,202.1,6.638,1.49,1.35,5.54,1,1,32.01
4329,T07,S3_CR,S3,CR,1,197.6,8.135,1.57,1.15,6.01,4,0,23.44
4330,T02,D2_S4,D2,S4,0,0.0,6.638,1.49,1.35,11.06,1,0,21.84
4331,T04,CR_S2,CR,S2,0,0.0,8.334,1.39,1.15,0.86,3,0,23.11
4332,T06,CR_S2,CR,S2,0,0.0,8.334,1.39,1.15,1.31,1,0,20.95
4333,T10,CR_S3,CR,S3,0,0.0,8.135,1.57,1.15,9.16,3,0,18.96
4334,T07,S2_CR,S2,CR,1,208.0,8.334,1.39,1.15,7.8,1,0,27.31
4335,T05,D2_S4,D2,S4,0,0.0,6.638,1.49,1.35,2.2,2,1,26.09
4336,T08,S3_CR,S3,CR,1,172.2,8.135,1.57,1.15,7.2,5,0,24.1
4337,T10,S3_CR,S3,CR,1,197.7,8.135,1.57,1.15,7.81,5,0,22.2
4338,T10,S4_D2,S4,D2,1,176.8,6.638,1.49,1.35,8.38,2,0,26.14
4339,T03,S2_CR,S2,CR,1,213.3,8.334,1.39,1.15,6.53,2,0,28.41
4340,T07,D2_S4,D2,S4,0,0.0,6.638,1.49,1.35,4.03,2,0,21.35
4341,T07,CR_S2,CR,S2,0,0.0,8.334,1.39,1.15,1.38,0,0,20.21
4342,T04,S3_D2,S3,D2,1,208.1,6.362,1.39,1.35,7.11,8,0,31.5
4343,T08,CR_S3,CR,S3,0,0.0,8.135,1.57,1.15,10.15,1,0,16.75
4344,T07,CR_S4,CR,S4,0,0.0,9.692,1.49,1.15,7.55,2,0,24.54
4345,T04,CR_S2,CR,S2,0,0.0,8.334,1.39,1.15,4.32,2,0,24.55
4346,T06,CR_S2,CR,S2,0,0.0,8.334,1.39,1.15,3.32,1,0,23.88
4347,T04,S2_CR,S2,CR,1,177.5,8.334,1.39,1.15,8.15,2,0,27.45
4348,T07,CR_S4,CR,S4,0,0.0,9.692,1.49,1.15,0.56,1,1,25.99
4349,T07,S3_D2,S3,D2,1,182.7,6.362,1.39,1.35,2.65,2,0,26.34
4350,T04,CR_S1,CR,S1,0,0.0,8.767,0.8,1.15,9.9,1,0,20.85
4351,T06,S4_D2,S4,D2,1,197.8,6.638,1.49,1.35,9.41,2,0,25.36
4352,T03,S3_D2,S3,D2,1,210.1,6.362,1.39,1.35,7.71,2,0,25.67
4353,T01,CR_S2,CR,S2,0,0.0,8.334,1.39,1.15,0.15,2,0,21.42
4354,T08,CR_S4,CR,S4,0,0.0,9.692,1.49,1.15,4.03,4,0,24.21
4355,T06,S3_CR,S3,CR,1,175.9,8.135,1.57,1.15,6.96,2,0,21.99
4356,T06,S3_CR,S3,CR,1,195.1,8.135,1.57,1.15,2.51,1,0,20.8
4357,T02,S3_CR,S3,CR,1,193.8,8.135,1.57,1.15,6.94,4,1,27.5
4358,T03,CR_S4,CR,S4,0,0.0,9.692,1.49,1.15,2.3,7,0,24.89
4359,T01,S3_D2,S3,D2,1,196.6,6.362,1.39,1.35,1.34,2,0,28.65
4360,T02,S4_D2,S4,D2,1,209.8,6.638,1.49,1.35,6.83,2,0,28.77
4361,T06,S2_CR,S2,CR,1,212.5,8.334,1.39,1.15,0.17,0,0,26.17
4362,T02,S3_CR,S3,CR,1,197.4,8.135,1.57,1.15,6.0,4,0,22.57
4363,T07,CR_S1,CR,S1,0,0.0,8.767,0.8,1.15,4.28,3,0,24.69
4364,T07,S3_CR,S3,CR,1,183.4,8.135,1.57,1.15,7.63,4,0,22.07
4365,T06,CR_S1,CR,S1,0,0.0,8.767,0.8,1.15,1.6,1,0,22.68
4366,T02,D2_S3,D2,S3,0,0.0,6.362,1.39,1.35,10.94,0,1,25.14
4367,T05,S4_D2,S4,D2,1,185.6,6.638,1.49,1.35,3.2,2,0,25.7
4368,T09,D2_S3,D2,S3,0,0.0,6.362,1.39,1.35,10.23,2,0,23.43
4369,T06,S3_D2,S3,D2,1,186.6,6.362,1.39,1.35,8.38,1,0,23.12
4370,T06,S2_CR,S2,CR,1,183.4,8.334,1.39,1.15,10.18,3,0,27.31
4371,T09,CR_S2,CR,S2,0,0.0,8.334,1.39,1.15,1.24,1,0,21.88
4372,T04,S2_CR,S2,CR,1,169.2,8.334,1.39,1.15,5.18,2,0,27.0
4373,T05,D2_S4,D2,S4,0,0.0,6.638,1.49,1.35,6.62,1,0,18.6
4374,T04,S3_CR,S3,CR,1,194.8,8.135,1.57,1.15,2.21,1,0,19.8
4375,T04,D2_S4,D2,S4,0,0.0,6.638,1.49,1.35,2.34,4,0,23.07
4376,T05,S2_CR,S2,CR,1,202.1,8.334,1.39,1.15,1.01,1,0,26.2
4377,T01,CR_S4,CR,S4,0,0.0,9.692,1.49,1.15,0.6,0,0,22.06
4378,T10,S3_CR,S3,CR,1,214.5,8.135,1.57,1.15,10.67,4,0,21.52
4379,T10,S2_CR,S2,CR,1,178.0,8.334,1.39,1.15,6.0,4,1,34.23
4380,T10,CR_S1,CR,S1,0,0.0,8.767,0.8,1.15,10.48,2,0,22.3
4381,T03,S3_D2,S3,D2,1,214.0,6.362,1.39,1.35,7.56,3,0,26.87
4382,T09,CR_S2,CR,S2,0,0.0,8.334,1.39,1.15,0.83,0,0,20.35
4383,T01,CR_S4,CR,S4,0,0.0,9.692,1.49,1.15,2.68,4,0,19.71
4384,T09,CR_S1,CR,S1,0,0.0,8.767,0.8,1.15,3.87,0,0,19.8
4385,T08,CR_S2,CR,S2,0,0.0,8.334,1.39,1.15,9.55,0,0,18.22
4386,T05,CR_S1,CR,S1,0,0.0,8.767,0.8,1.15,5.05,4,0,23.91
4387,T07,S1_CR,S1,CR,1,194.6,8.767,0.8,1.15,9.86,3,0,28.16
4388,T10,CR_S4,CR,S4,0,0.0,9.692,1.49,1.15,7.61,7,0,22.23
4389,T10,S3_D2,S3,D2,1,220.0,6.362,1.39,1.35,1.93,4,0,31.77
4390,T04,S4_CR,S4,CR,1,205.2,9.692,1.49,1.15,4.93,2,0,28.93
4391,T02,S4_CR,S4,CR,1,183.8,9.692,1.49,1.15,1.9,2,0,28.87
4392,T01,CR_S3,CR,S3,0,0.0,8.135,1.57,1.15,5.38,6,0,20.96
4393,T10,S3_CR,S3,CR,1,198.0,8.135,1.57,1.15,9.44,4,0,23.19
4394,T06,CR_S1,CR,S1,0,0.0,8.767,0.8,1.15,9.81,0,0,23.01
4395,T03,CR_S3,CR,S3,0,0.0,8.135,1.57,1.15,5.89,2,0,18.7
4396,T03,S3_D2,S3,D2,1,174.6,6.362,1.39,1.35,0.5,4,0,28.96
4397,T02,S2_CR,S2,CR,1,182.8,8.334,1.39,1.15,0.37,4,0,28.08
4398,T07,S1_CR,S1,CR,1,193.3,8.767,0.8,1.15,3.89,6,0,32.19
4399,T04,CR_S4,CR,S4,0,0.0,9.692,1.49,1.15,1.17,3,0,23.35
4400,T02,CR_S2,CR,S2,0,0.0,8.334,1.39,1.15,4.37,0,0,22.18
4401,T03,S3_D2,S3,D2,1,210.7,6.362,1.39,1.35,6.81,7,0,32.75
4402,T04,S4_CR,S4,CR,1,206.4,9.692,1.49,1.15,6.18,1,0,28.68
4403,T08,S1_CR,S1,CR,1,201.0,8.767,0.8,1.15,4.11,6,0,31.5
4404,T04,CR_S4,CR,S4,0,0.0,9.692,1.49,1.15,1.31,2,0,22.24
4405,T01,S4_CR,S4,CR,1,214.5,9.692,1.49,1.15,8.19,4,1,35.72
4406,T05,S2_CR,S2,CR,1,191.5,8.334,1.39,1.15,6.56,4,0,28.83
4407,T07,S4_D2,S4,D2,1,204.7,6.638,1.49,1.35,9.02,0,0,25.85
4408,T03,CR_S3,CR,S3,0,0.0,8.135,1.57,1.15,2.84,2,0,16.3
4409,T09,S3_D2,S3,D2,1,217.6,6.362,1.39,1.35,7.93,4,0,29.45
4410,T09,CR_S4,CR,S4,0,0.0,9.692,1.49,1.15,7.72,4,0,25.01
4411,T03,S4_CR,S4,CR,1,157.3,9.692,1.49,1.15,11.1,3,0,27.43
4412,T06,S4_CR,S4,CR,1,190.8,9.692,1.49,1.15,4.08,6,0,29.39
4413,T02,D2_S4,D2,S4,0,0.0,6.638,1.49,1.35,0.11,1,0,21.14
4414,T02,CR_S1,CR,S1,0,0.0,8.767,0.8,1.15,1.86,2,0,21.77
4415,T03,S2_CR,S2,CR,1,162.7,8.334,1.39,1.15,3.88,1,0,27.7
4416,T03,CR_S1,CR,S1,0,0.0,8.767,0.8,1.15,9.83,0,0,20.91
4417,T02,S3_D2,S3,D2,1,201.8,6.362,1.39,1.35,7.18,0,0,29.56
4418,T07,S1_CR,S1,CR,1,205.1,8.767,0.8,1.15,6.5,1,0,26.62
4419,T08,S4_CR,S4,CR,1,210.7,9.692,1.49,1.15,0.07,4,0,27.96
4420,T08,S2_CR,S2,CR,1,193.5,8.334,1.39,1.15,11.32,5,0,32.31
4421,T06,S1_CR,S1,CR,1,192.6,8.767,0.8,1.15,4.98,5,0,26.85
4422,T01,S2_CR,S2,CR,1,168.2,8.334,1.39,1.15,0.14,3,0,29.26
4423,T02,D2_S4,D2,S4,0,0.0,6.638,1.49,1.35,0.82,5,0,25.78
4424,T08,S4_D2,S4,D2,1,190.9,6.638,1.49,1.35,5.07,0,1,33.63
4425,T01,D2_S4,D2,S4,0,0.0,6.638,1.49,1.35,3.52,1,0,21.12
4426,T09,S3_CR,S3,CR,1,210.9,8.135,1.57,1.15,7.73,1,0,19.58
4427,T01,S3_D2,S3,D2,1,200.8,6.362,1.39,1.35,11.47,1,0,28.47
4428,T03,D2_S3,D2,S3,0,0.0,6.362,1.39,1.35,10.55,3,1,28.52
4429,T07,CR_S4,CR,S4,0,0.0,9.692,1.49,1.15,10.51,1,0,21.79
4430,T04,S3_D2,S3,D2,1,194.0,6.362,1.39,1.35,3.33,4,1,35.59
4431,T05,S3_CR,S3,CR,1,204.4,8.135,1.57,1.15,1.65,5,0,23.48
4432,T03,CR_S3,CR,S3,0,0.0,8.135,1.57,1.15,3.27,5,0,18.02
4433,T03,D2_S3,D2,S3,0,0.0,6.362,1.39,1.35,11.87,4,0,23.86
4434,T09,D2_S3,D2,S3,0,0.0,6.362,1.39,1.35,3.0,2,0,21.85
4435,T01,S1_CR,S1,CR,1,203.1,8.767,0.8,1.15,11.51,1,0,24.9
4436,T07,S2_CR,S2,CR,1,199.6,8.334,1.39,1.15,7.5,2,0,26.89
4437,T03,CR_S4,CR,S4,0,0.0,9.692,1.49,1.15,1.65,1,0,21.36
4438,T03,S4_CR,S4,CR,1,191.4,9.692,1.49,1.15,0.62,4,0,26.71
4439,T10,CR_S2,CR,S2,0,0.0,8.334,1.39,1.15,9.44,3,0,26.08
4440,T03,S3_CR,S3,CR,1,200.0,8.135,1.57,1.15,3.26,0,0,20.32
4441,T08,S3_CR,S3,CR,1,174.1,8.135,1.57,1.15,10.12,0,0,22.44
4442,T10,S3_CR,S3,CR,1,202.0,8.135,1.57,1.15,10.61,1,0,21.65
4443,T10,CR_S2,CR,S2,0,0.0,8.334,1.39,1.15,8.8,2,0,21.2
4444,T10,CR_S1,CR,S1,0,0.0,8.767,0.8,1.15,1.35,1,0,23.4
4445,T01,S2_CR,S2,CR,1,161.4,8.334,1.39,1.15,11.36,2,1,36.34
4446,T07,CR_S2,CR,S2,0,0.0,8.334,1.39,1.15,4.76,1,0,19.37
4447,T06,S3_D2,S3,D2,1,209.9,6.362,1.39,1.35,8.26,3,0,30.78
4448,T07,CR_S3,CR,S3,0,0.0,8.135,1.57,1.15,7.94,3,0,17.0
4449,T04,CR_S1,CR,S1,0,0.0,8.767,0.8,1.15,7.2,3,0,26.74
4450,T01,S3_D2,S3,D2,1,192.4,6.362,1.39,1.35,6.66,5,0,30.9
4451,T02,S3_D2,S3,D2,1,209.8,6.362,1.39,1.35,10.63,6,0,29.41
4452,T08,S4_CR,S4,CR,1,179.9,9.692,1.49,1.15,8.82,5,0,28.71
4453,T01,S2_CR,S2,CR,1,217.7,8.334,1.39,1.15,6.64,0,0,26.61
4454,T07,D2_S4,D2,S4,0,0.0,6.638,1.49,1.35,3.29,1,0,18.91
4455,T10,S3_D2,S3,D2,1,180.3,6.362,1.39,1.35,6.07,5,0,28.41
4456,T10,D2_S3,D2,S3,0,0.0,6.362,1.39,1.35,2.9,4,0,23.08
4457,T03,S2_CR,S2,CR,1,206.7,8.334,1.39,1.15,9.24,4,0,31.52
4458,T08,S4_CR,S4,CR,1,179.3,9.692,1.49,1.15,8.12,5,0,28.3
4459,T03,CR_S4,CR,S4,0,0.0,9.692,1.49,1.15,2.05,2,0,22.91
4460,T03,S1_CR,S1,CR,1,179.6,8.767,0.8,1.15,5.89,4,0,29.1
4461,T03,CR_S1,CR,S1,0,0.0,8.767,0.8,1.15,5.9,4,0,24.83
4462,T06,S3_CR,S3,CR,1,220.0,8.135,1.57,1.15,2.07,0,0,19.23
4463,T06,S4_D2,S4,D2,1,191.7,6.638,1.49,1.35,5.09,5,0,28.29
4464,T02,CR_S4,CR,S4,0,0.0,9.692,1.49,1.15,9.12,3,0,21.64
4465,T02,S3_CR,S3,CR,1,188.3,8.135,1.57,1.15,1.1,3,0,23.14
4466,T08,S4_D2,S4,D2,1,211.6,6.638,1.49,1.35,4.32,2,0,25.41
4467,T06,CR_S3,CR,S3,0,0.0,8.135,1.57,1.15,8.21,5,0,18.49
4468,T10,CR_S4,CR,S4,0,0.0,9.692,1.49,1.15,10.78,0,0,18.01
4469,T01,CR_S1,CR,S1,0,0.0,8.767,0.8,1.15,9.08,4,0,23.41
4470,T05,S4_D2,S4,D2,1,194.0,6.638,1.49,1.35,11.91,2,0,26.76
4471,T03,CR_S4,CR,S4,0,0.0,9.692,1.49,1.15,4.37,2,1,27.42
4472,T03,S2_CR,S2,CR,1,174.6,8.334,1.39,1.15,1.28,1,0,28.67
4473,T02,D2_S3,D2,S3,0,0.0,6.362,1.39,1.35,2.01,2,0,22.52
4474,T01,S1_CR,S1,CR,1,194.5,8.767,0.8,1.15,11.5,0,0,28.02
4475,T10,S4_CR,S4,CR,1,184.9,9.692,1.49,1.15,5.43,2,0,26.29
4476,T09,CR_S3,CR,S3,0,0.0,8.135,1.57,1.15,0.46,2,0,16.0
4477,T10,S3_CR,S3,CR,1,220.0,8.135,1.57,1.15,4.85,1,0,21.52
4478,T08,S4_CR,S4,CR,1,188.3,9.692,1.49,1.15,2.41,3,0,26.43
4479,T06,S3_CR,S3,CR,1,188.2,8.135,1.57,1.15,9.09,6,0,24.13
4480,T07,S3_D2,S3,D2,1,166.5,6.362,1.39,1.35,8.69,1,1,30.87
4481,T04,CR_S1,CR,S1,0,0.0,8.767,0.8,1.15,10.28,2,0,22.87
4482,T01,S4_CR,S4,CR,1,209.4,9.692,1.49,1.15,3.02,2,0,26.77
4483,T05,S3_D2,S3,D2,1,195.8,6.362,1.39,1.35,7.76,2,0,29.32
4484,T07,CR_S4,CR,S4,0,0.0,9.692,1.49,1.15,6.67,3,0,22.96
4485,T03,D2_S4,D2,S4,0,0.0,6.638,1.49,1.35,1.08,2,0,23.76
4486,T05,CR_S1,CR,S1,0,0.0,8.767,0.8,1.15,4.97,5,0,27.5
4487,T08,CR_S4,CR,S4,0,0.0,9.692,1.49,1.15,8.42,4,0,24.34
4488,T07,S3_D2,S3,D2,1,186.1,6.362,1.39,1.35,2.14,0,1,30.97
4489,T01,S4_CR,S4,CR,1,192.9,9.692,1.49,1.15,4.1,2,0,27.87
4490,T10,CR_S1,CR,S1,0,0.0,8.767,0.8,1.15,4.92,3,0,22.72
4491,T04,S3_CR,S3,CR,1,186.1,8.135,1.57,1.15,0.54,1,0,20.22
4492,T04,S4_D2,S4,D2,1,189.4,6.638,1.49,1.35,9.45,2,0,32.84
4493,T09,S3_D2,S3,D2,1,208.5,6.362,1.39,1.35,3.89,1,0,25.18
4494,T07,S3_D2,S3,D2,1,215.0,6.362,1.39,1.35,2.56,0,0,24.35
4495,T04,CR_S3,CR,S3,0,0.0,8.135,1.57,1.15,2.24,1,0,15.62
4496,T03,S4_D2,S4,D2,1,170.2,6.638,1.49,1.35,9.87,4,0,27.22
4497,T04,CR_S3,CR,S3,0,0.0,8.135,1.57,1.15,11.31,2,0,18.02
4498,T09,CR_S2,CR,S2,0,0.0,8.334,1.39,1.15,0.61,1,0,23.15
4499,T09,CR_S2,CR,S2,0,0.0,8.334,1.39,1.15,5.05,3,0,25.27
4500,T09,CR_S3,CR,S3,0,0.0,8.135,1.57,1.15,4.22,7,0,18.58
4501,T06,S4_CR,S4,CR,1,171.6,9.692,1.49,1.15,8.89,0,0,23.68
4502,T02,S4_D2,S4,D2,1,196.9,6.638,1.49,1.35,0.34,2,0,27.53
4503,T07,S4_D2,S4,D2,1,184.8,6.638,1.49,1.35,5.84,3,1,36.88
4504,T10,CR_S4,CR,S4,0,0.0,9.692,1.49,1.15,5.28,2,0,20.54
4505,T09,D2_S3,D2,S3,0,0.0,6.362,1.39,1.35,11.9,1,0,21.12
4506,T05,S4_CR,S4,CR,1,190.4,9.692,1.49,1.15,7.81,4,0,29.33
4507,T05,D2_S3,D2,S3,0,0.0,6.362,1.39,1.35,7.84,1,0,20.07
4508,T05,S3_CR,S3,CR,1,185.1,8.135,1.57,1.15,4.14,2,0,20.34
4509,T09,S3_D2,S3,D2,1,184.4,6.362,1.39,1.35,7.85,3,0,27.67
4510,T07,S2_CR,S2,CR,1,220.0,8.334,1.39,1.15,7.74,5,0,30.51
4511,T04,S4_D2,S4,D2,1,181.3,6.638,1.49,1.35,5.93,5,0,31.85
4512,T09,CR_S3,CR,S3,0,0.0,8.135,1.57,1.15,5.98,4,0,19.87
4513,T09,CR_S2,CR,S2,0,0.0,8.334,1.39,1.15,4.72,5,0,26.41
4514,T08,D2_S4,D2,S4,0,0.0,6.638,1.49,1.35,10.55,1,0,21.88
4515,T08,S3_D2,S3,D2,1,193.8,6.362,1.39,1.35,9.42,3,0,27.52
4516,T08,S4_D2,S4,D2,1,195.3,6.638,1.49,1.35,8.19,5,0,31.39
4517,T02,S3_D2,S3,D2,1,205.0,6.362,1.39,1.35,10.57,0,0,24.27
4518,T08,D2_S3,D2,S3,0,0.0,6.362,1.39,1.35,8.12,4,0,20.89
4519,T01,CR_S4,CR,S4,0,0.0,9.692,1.49,1.15,6.98,3,0,24.29
4520,T05,D2_S4,D2,S4,0,0.0,6.638,1.49,1.35,11.12,0,0,20.69
4521,T05,CR_S3,CR,S3,0,0.0,8.135,1.57,1.15,10.94,2,1,21.91
4522,T08,S3_D2,S3,D2,1,195.8,6.362,1.39,1.35,3.07,4,0,29.83
4523,T05,D2_S4,D2,S4,0,0.0,6.638,1.49,1.35,11.65,2,1,30.0
4524,T10,CR_S1,CR,S1,0,0.0,8.767,0.8,1.15,7.87,3,0,23.38
4525,T01,S1_CR,S1,CR,1,182.3,8.767,0.8,1.15,5.38,5,0,29.83
4526,T07,S3_D2,S3,D2,1,205.5,6.362,1.39,1.35,3.4,4,0,29.9
4527,T06,S3_CR,S3,CR,1,191.1,8.135,1.57,1.15,6.86,5,0,25.75
4528,T01,CR_S4,CR,S4,0,0.0,9.692,1.49,1.15,9.99,0,0,19.04
4529,T05,S2_CR,S2,CR,1,202.9,8.334,1.39,1.15,5.77,3,0,27.96
4530,T01,S3_CR,S3,CR,1,211.4,8.135,1.57,1.15,10.38,1,0,24.34
4531,T09,S1_CR,S1,CR,1,211.2,8.767,0.8,1.15,1.2,5,0,28.34
4532,T04,CR_S1,CR,S1,0,0.0,8.767,0.8,1.15,7.46,1,0,21.21
4533,T04,CR_S2,CR,S2,0,0.0,8.334,1.39,1.15,10.93,5,0,24.42
4534,T06,S2_CR,S2,CR,1,207.0,8.334,1.39,1.15,3.34,1,0,30.27
4535,T09,S4_CR,S4,CR,1,195.1,9.692,1.49,1.15,1.92,1,0,27.86
4536,T08,CR_S1,CR,S1,0,0.0,8.767,0.8,1.15,1.18,4,0,23.03
4537,T06,CR_S2,CR,S2,0,0.0,8.334,1.39,1.15,9.48,2,0,18.65
4538,T03,S4_CR,S4,CR,1,199.2,9.692,1.49,1.15,0.12,3,0,25.33
4539,T09,D2_S4,D2,S4,0,0.0,6.638,1.49,1.35,10.77,4,0,24.53
4540,T08,S3_CR,S3,CR,1,179.0,8.135,1.57,1.15,10.86,1,0,20.68
4541,T05,S4_CR,S4,CR,1,181.7,9.692,1.49,1.15,9.6,2,0,27.84
4542,T02,S4_D2,S4,D2,1,187.5,6.638,1.49,1.35,5.72,1,0,27.84
4543,T06,S3_D2,S3,D2,1,169.9,6.362,1.39,1.35,2.0,3,0,27.27
4544,T04,S3_D2,S3,D2,1,219.4,6.362,1.39,1.35,0.02,0,0,26.34
4545,T02,D2_S4,D2,S4,0,0.0,6.638,1.49,1.35,4.12,5,0,24.37
4546,T01,S3_CR,S3,CR,1,187.5,8.135,1.57,1.15,9.58,3,0,21.91
4547,T04,D2_S3,D2,S3,0,0.0,6.362,1.39,1.35,0.03,1,0,19.94
4548,T06,S3_D2,S3,D2,1,180.2,6.362,1.39,1.35,9.98,3,0,30.93
4549,T02,S4_CR,S4,CR,1,196.7,9.692,1.49,1.15,5.51,3,0,27.4
4550,T07,D2_S3,D2,S3,0,0.0,6.362,1.39,1.35,8.64,3,0,20.46
4551,T02,CR_S2,CR,S2,0,0.0,8.334,1.39,1.15,11.33,5,0,26.99
4552,T04,CR_S1,CR,S1,0,0.0,8.767,0.8,1.15,5.72,8,0,31.62
4553,T06,CR_S3,CR,S3,0,0.0,8.135,1.57,1.15,9.04,1,0,17.81
4554,T10,S2_CR,S2,CR,1,199.4,8.334,1.39,1.15,8.73,7,0,32.16
4555,T05,S3_CR,S3,CR,1,188.4,8.135,1.57,1.15,0.47,0,0,20.2
4556,T10,CR_S3,CR,S3,0,0.0,8.135,1.57,1.15,11.31,2,0,19.68
4557,T01,CR_S3,CR,S3,0,0.0,8.135,1.57,1.15,1.29,0,0,15.39
4558,T02,D2_S3,D2,S3,0,0.0,6.362,1.39,1.35,10.24,4,0,24.39
4559,T10,S1_CR,S1,CR,1,201.4,8.767,0.8,1.15,10.47,1,0,28.82
4560,T01,CR_S4,CR,S4,0,0.0,9.692,1.49,1.15,6.48,3,0,24.84
4561,T10,S3_CR,S3,CR,1,160.9,8.135,1.57,1.15,1.54,3,0,21.86
4562,T07,S4_CR,S4,CR,1,173.0,9.692,1.49,1.15,2.87,1,0,25.39
4563,T08,S1_CR,S1,CR,1,179.2,8.767,0.8,1.15,2.37,3,0,31.21
4564,T08,CR_S3,CR,S3,0,0.0,8.135,1.57,1.15,6.16,5,0,19.17
4565,T09,S3_CR,S3,CR,1,211.0,8.135,1.57,1.15,8.53,3,0,24.55
4566,T10,S4_D2,S4,D2,1,183.5,6.638,1.49,1.35,4.4,1,0,24.98
4567,T05,S2_CR,S2,CR,1,203.6,8.334,1.39,1.15,8.59,6,0,31.82
4568,T07,S3_CR,S3,CR,1,200.1,8.135,1.57,1.15,4.59,0,1,21.05
4569,T09,S1_CR,S1,CR,1,205.1,8.767,0.8,1.15,1.46,2,0,29.09
4570,T05,S3_CR,S3,CR,1,220.0,8.135,1.57,1.15,6.66,3,0,22.22
4571,T08,S4_D2,S4,D2,1,182.1,6.638,1.49,1.35,10.8,4,0,30.18
4572,T02,S3_D2,S3,D2,1,201.9,6.362,1.39,1.35,7.44,6,0,32.23
4573,T03,S2_CR,S2,CR,1,183.3,8.334,1.39,1.15,3.1,5,0,31.94
4574,T09,D2_S3,D2,S3,0,0.0,6.362,1.39,1.35,4.84,2,0,22.57
4575,T07,D2_S3,D2,S3,0,0.0,6.362,1.39,1.35,11.62,2,0,21.83
4576,T04,D2_S4,D2,S4,0,0.0,6.638,1.49,1.35,3.08,3,0,21.93
4577,T02,S4_D2,S4,D2,1,203.0,6.638,1.49,1.35,5.48,4,0,26.3
4578,T04,D2_S3,D2,S3,0,0.0,6.362,1.39,1.35,8.38,4,0,23.27
4579,T10,S1_CR,S1,CR,1,205.7,8.767,0.8,1.15,6.1,7,0,34.84
4580,T10,CR_S1,CR,S1,0,0.0,8.767,0.8,1.15,10.61,0,0,20.77
4581,T07,S3_CR,S3,CR,1,183.4,8.135,1.57,1.15,10.5,1,0,19.99
4582,T08,CR_S3,CR,S3,0,0.0,8.135,1.57,1.15,4.11,3,0,19.39
4583,T04,D2_S4,D2,S4,0,0.0,6.638,1.49,1.35,7.75,1,0,21.73
4584,T04,S3_D2,S3,D2,1,215.9,6.362,1.39,1.35,11.05,3,0,29.74
4585,T01,CR_S2,CR,S2,0,0.0,8.334,1.39,1.15,1.5,4,0,24.67
4586,T09,CR_S3,CR,S3,0,0.0,8.135,1.57,1.15,7.42,3,0,16.83
4587,T05,S2_CR,S2,CR,1,191.0,8.334,1.39,1.15,9.55,5,0,32.43
4588,T06,S1_CR,S1,CR,1,204.0,8.767,0.8,1.15,4.77,3,0,30.32
4589,T01,S3_CR,S3,CR,1,197.0,8.135,1.57,1.15,10.55,4,0,24.34
4590,T07,CR_S2,CR,S2,0,0.0,8.334,1.39,1.15,9.67,4,0,22.13
4591,T06,CR_S4,CR,S4,0,0.0,9.692,1.49,1.15,3.67,4,1,26.46
4592,T05,CR_S2,CR,S2,0,0.0,8.334,1.39,1.15,1.93,2,0,20.56
4593,T06,CR_S4,CR,S4,0,0.0,9.692,1.49,1.15,8.3,5,0,27.7
4594,T01,CR_S1,CR,S1,0,0.0,8.767,0.8,1.15,9.84,2,0,24.01
4595,T09,S1_CR,S1,CR,1,215.8,8.767,0.8,1.15,0.89,2,0,29.02
4596,T09,S3_D2,S3,D2,1,193.0,6.362,1.39,1.35,2.0,2,0,27.75
4597,T02,S4_CR,S4,CR,1,179.3,9.692,1.49,1.15,0.77,4,0,28.22
4598,T06,S4_CR,S4,CR,1,184.6,9.692,1.49,1.15,11.42,1,0,27.43
4599,T09,S3_CR,S3,CR,1,201.7,8.135,1.57,1.15,2.35,3,0,22.11
4600,T03,S3_CR,S3,CR,1,177.1,8.135,1.57,1.15,10.03,1,0,21.25
4601,T05,S1_CR,S1,CR,1,203.1,8.767,0.8,1.15,0.81,2,0,28.71
4602,T01,S1_CR,S1,CR,1,165.4,8.767,0.8,1.15,7.18,3,1,34.77
4603,T03,CR_S1,CR,S1,0,0.0,8.767,0.8,1.15,2.84,1,0,25.32
4604,T08,CR_S1,CR,S1,0,0.0,8.767,0.8,1.15,3.88,0,0,23.76
4605,T04,S1_CR,S1,CR,1,202.2,8.767,0.8,1.15,0.94,1,0,27.63
4606,T07,D2_S3,D2,S3,0,0.0,6.362,1.39,1.35,7.85,3,0,22.99
4607,T06,S2_CR,S2,CR,1,207.6,8.334,1.39,1.15,3.69,2,0,26.56
4608,T03,D2_S3,D2,S3,0,0.0,6.362,1.39,1.35,3.91,2,0,23.38
4609,T09,S4_CR,S4,CR,1,196.6,9.692,1.49,1.15,8.28,0,0,25.02
4610,T02,CR_S2,CR,S2,0,0.0,8.334,1.39,1.15,9.99,2,0,23.12
4611,T02,S3_D2,S3,D2,1,211.1,6.362,1.39,1.35,3.98,3,0,25.55
4612,T03,CR_S4,CR,S4,0,0.0,9.692,1.49,1.15,5.73,3,1,32.69
4613,T05,S3_D2,S3,D2,1,202.0,6.362,1.39,1.35,3.74,4,0,27.08
4614,T04,S3_D2,S3,D2,1,214.6,6.362,1.39,1.35,9.63,3,0,27.06
4615,T03,D2_S4,D2,S4,0,0.0,6.638,1.49,1.35,7.25,2,0,21.68
4616,T01,S3_D2,S3,D2,1,193.6,6.362,1.39,1.35,5.1,3,0,25.26
4617,T02,CR_S2,CR,S2,0,0.0,8.334,1.39,1.15,6.51,3,0,22.54
4618,T10,D2_S4,D2,S4,0,0.0,6.638,1.49,1.35,9.01,0,0,18.12
4619,T05,S3_D2,S3,D2,1,209.0,6.362,1.39,1.35,6.81,3,0,25.15
4620,T10,CR_S4,CR,S4,0,0.0,9.692,1.49,1.15,1.01,1,0,20.89
4621,T01,D2_S3,D2,S3,0,0.0,6.362,1.39,1.35,7.64,4,0,25.73
4622,T03,S1_CR,S1,CR,1,166.2,8.767,0.8,1.15,7.42,3,0,24.07
4623,T09,S4_D2,S4,D2,1,213.0,6.638,1.49,1.35,10.91,3,0,27.82
4624,T08,D2_S3,D2,S3,0,0.0,6.362,1.39,1.35,3.21,2,0,22.43
4625,T08,S3_D2,S3,D2,1,185.8,6.362,1.39,1.35,9.12,3,0,29.75
4626,T03,S3_CR,S3,CR,1,164.0,8.135,1.57,1.15,2.36,1,0,18.12
4627,T05,CR_S4,CR,S4,0,0.0,9.692,1.49,1.15,1.45,3,0,23.25
4628,T02,S2_CR,S2,CR,1,207.6,8.334,1.39,1.15,7.44,5,0,30.44
4629,T08,S3_CR,S3,CR,1,177.6,8.135,1.57,1.15,9.99,3,0,21.81
4630,T04,S3_CR,S3,CR,1,182.4,8.135,1.57,1.15,5.66,1,0,21.06
4631,T06,S4_D2,S4,D2,1,196.4,6.638,1.49,1.35,7.74,1,0,27.13
4632,T06,S1_CR,S1,CR,1,173.7,8.767,0.8,1.15,9.38,1,0,27.82
4633,T06,S1_CR,S1,CR,1,183.5,8.767,0.8,1.15,11.88,2,0,27.74
4634,T08,CR_S2,CR,S2,0,0.0,8.334,1.39,1.15,0.69,0,0,20.29
4635,T09,CR_S1,CR,S1,0,0.0,8.767,0.8,1.15,5.03,3,0,24.23
4636,T04,S4_CR,S4,CR,1,189.4,9.692,1.49,1.15,8.01,1,0,27.31
4637,T07,S2_CR,S2,CR,1,217.0,8.334,1.39,1.15,6.69,1,0,25.72
4638,T06,CR_S3,CR,S3,0,0.0,8.135,1.57,1.15,9.26,1,0,15.94
4639,T03,CR_S1,CR,S1,0,0.0,8.767,0.8,1.15,8.83,5,0,24.83
4640,T07,CR_S3,CR,S3,0,0.0,8.135,1.57,1.15,10.47,1,0,17.38
4641,T09,D2_S4,D2,S4,0,0.0,6.638,1.49,1.35,8.51,1,0,24.72
4642,T01,CR_S3,CR,S3,0,0.0,8.135,1.57,1.15,5.63,5,0,20.43
4643,T07,D2_S3,D2,S3,0,0.0,6.362,1.39,1.35,9.56,4,0,23.05
4644,T04,D2_S4,D2,S4,0,0.0,6.638,1.49,1.35,11.69,5,0,25.51
4645,T05,CR_S4,CR,S4,0,0.0,9.692,1.49,1.15,0.13,1,0,22.69
4646,T07,D2_S3,D2,S3,0,0.0,6.362,1.39,1.35,2.92,3,0,24.11
4647,T02,CR_S2,CR,S2,0,0.0,8.334,1.39,1.15,11.98,0,0,19.53
4648,T03,S3_D2,S3,D2,1,195.3,6.362,1.39,1.35,11.7,2,0,31.17
4649,T09,S1_CR,S1,CR,1,200.0,8.767,0.8,1.15,2.6,1,0,26.57
4650,T10,CR_S4,CR,S4,0,0.0,9.692,1.49,1.15,4.17,3,0,23.25
4651,T09,CR_S1,CR,S1,0,0.0,8.767,0.8,1.15,0.74,0,0,21.19
4652,T05,D2_S4,D2,S4,0,0.0,6.638,1.49,1.35,8.24,2,0,21.01
4653,T01,S1_CR,S1,CR,1,215.7,8.767,0.8,1.15,0.8,0,0,24.77
4654,T02,S1_CR,S1,CR,1,212.2,8.767,0.8,1.15,5.0,7,1,41.51
4655,T10,D2_S3,D2,S3,0,0.0,6.362,1.39,1.35,1.66,1,0,22.79
4656,T01,S2_CR,S2,CR,1,216.8,8.334,1.39,1.15,2.49,1,0,28.48
4657,T02,CR_S4,CR,S4,0,0.0,9.692,1.49,1.15,5.74,4,0,25.64
4658,T08,CR_S2,CR,S2,0,0.0,8.334,1.39,1.15,6.61,6,1,32.02
4659,T01,S2_CR,S2,CR,1,204.4,8.334,1.39,1.15,0.66,1,0,27.33
4660,T06,S2_CR,S2,CR,1,188.6,8.334,1.39,1.15,6.27,4,0,28.36
4661,T09,D2_S4,D2,S4,0,0.0,6.638,1.49,1.35,10.97,3,0,23.65
4662,T06,CR_S4,CR,S4,0,0.0,9.692,1.49,1.15,6.94,5,0,26.03
4663,T04,D2_S3,D2,S3,0,0.0,6.362,1.39,1.35,9.1,4,0,24.24
4664,T01,S2_CR,S2,CR,1,193.5,8.334,1.39,1.15,1.75,3,0,27.54
4665,T05,S3_D2,S3,D2,1,220.0,6.362,1.39,1.35,7.99,2,0,28.8
4666,T03,S4_D2,S4,D2,1,185.0,6.638,1.49,1.35,11.1,2,0,30.77
4667,T03,S1_CR,S1,CR,1,203.7,8.767,0.8,1.15,6.01,1,0,25.55
4668,T05,S3_D2,S3,D2,1,198.2,6.362,1.39,1.35,4.49,7,0,35.65
4669,T07,D2_S4,D2,S4,0,0.0,6.638,1.49,1.35,6.11,3,0,24.6
4670,T10,S3_D2,S3,D2,1,166.0,6.362,1.39,1.35,4.86,2,0,26.84
4671,T03,S2_CR,S2,CR,1,218.7,8.334,1.39,1.15,11.95,4,0,27.5
4672,T05,CR_S1,CR,S1,0,0.0,8.767,0.8,1.15,0.96,5,0,25.35
4673,T05,S4_CR,S4,CR,1,181.8,9.692,1.49,1.15,3.22,2,0,23.24
4674,T07,CR_S4,CR,S4,0,0.0,9.692,1.49,1.15,9.55,2,1,30.73
4675,T05,CR_S4,CR,S4,0,0.0,9.692,1.49,1.15,11.21,3,0,23.19
4676,T04,D2_S3,D2,S3,0,0.0,6.362,1.39,1.35,2.03,3,0,20.72
4677,T05,CR_S4,CR,S4,0,0.0,9.692,1.49,1.15,5.18,2,0,27.68
4678,T09,S1_CR,S1,CR,1,171.9,8.767,0.8,1.15,1.48,0,0,28.52
4679,T08,D2_S3,D2,S3,0,0.0,6.362,1.39,1.35,3.34,1,0,21.52
4680,T04,CR_S4,CR,S4,0,0.0,9.692,1.49,1.15,7.02,4,0,22.84
4681,T05,D2_S3,D2,S3,0,0.0,6.362,1.39,1.35,10.56,0,0,18.64
4682,T02,S4_D2,S4,D2,1,218.9,6.638,1.49,1.35,3.4,6,0,28.63
4683,T07,S4_CR,S4,CR,1,206.1,9.692,1.49,1.15,11.73,2,0,27.47
4684,T01,CR_S1,CR,S1,0,0.0,8.767,0.8,1.15,5.61,2,0,23.47
4685,T05,S3_D2,S3,D2,1,212.8,6.362,1.39,1.35,7.43,2,0,29.98
4686,T06,CR_S1,CR,S1,0,0.0,8.767,0.8,1.15,7.39,3,0,23.47
4687,T03,D2_S4,D2,S4,0,0.0,6.638,1.49,1.35,7.82,4,0,25.05
4688,T10,S3_CR,S3,CR,1,220.0,8.135,1.57,1.15,0.48,1,0,20.27
4689,T01,CR_S1,CR,S1,0,0.0,8.767,0.8,1.15,10.9,1,0,24.6
4690,T03,S3_CR,S3,CR,1,170.1,8.135,1.57,1.15,8.1,1,0,19.4
4691,T09,S4_D2,S4,D2,1,183.5,6.638,1.49,1.35,1.81,2,0,27.31
4692,T04,S2_CR,S2,CR,1,169.9,8.334,1.39,1.15,0.58,1,0,31.3
4693,T04,CR_S3,CR,S3,0,0.0,8.135,1.57,1.15,10.61,3,0,16.78
4694,T04,S4_CR,S4,CR,1,179.6,9.692,1.49,1.15,3.18,3,0,28.59
4695,T10,S4_CR,S4,CR,1,208.2,9.692,1.49,1.15,2.82,1,0,26.38
4696,T07,S3_D2,S3,D2,1,198.6,6.362,1.39,1.35,4.23,2,0,29.55
4697,T02,D2_S4,D2,S4,0,0.0,6.638,1.49,1.35,0.96,0,0,22.46
4698,T08,S1_CR,S1,CR,1,192.8,8.767,0.8,1.15,4.21,3,0,29.33
4699,T10,CR_S2,CR,S2,0,0.0,8.334,1.39,1.15,10.86,2,0,22.18
4700,T04,S3_D2,S3,D2,1,211.2,6.362,1.39,1.35,8.7,8,0,32.94
4701,T01,S4_D2,S4,D2,1,171.2,6.638,1.49,1.35,3.72,6,0,30.12
4702,T08,S1_CR,S1,CR,1,203.1,8.767,0.8,1.15,3.66,1,0,28.16
4703,T05,CR_S1,CR,S1,0,0.0,8.767,0.8,1.15,6.74,5,0,28.71
4704,T08,D2_S4,D2,S4,0,0.0,6.638,1.49,1.35,6.85,4,0,24.04
4705,T01,S3_D2,S3,D2,1,167.1,6.362,1.39,1.35,3.97,0,0,25.14
4706,T02,S2_CR,S2,CR,1,207.3,8.334,1.39,1.15,2.51,2,0,28.47
4707,T02,S1_CR,S1,CR,1,192.1,8.767,0.8,1.15,8.13,6,0,31.98
4708,T02,S3_CR,S3,CR,1,189.0,8.135,1.57,1.15,10.46,4,0,23.85
4709,T09,S2_CR,S2,CR,1,211.3,8.334,1.39,1.15,2.95,1,0,27.13
4710,T03,S3_CR,S3,CR,1,171.6,8.135,1.57,1.15,10.92,2,0,20.5
4711,T10,CR_S4,CR,S4,0,0.0,9.692,1.49,1.15,2.39,1,0,22.14
4712,T03,CR_S4,CR,S4,0,0.0,9.692,1.49,1.15,3.44,1,0,21.97
4713,T10,CR_S3,CR,S3,0,0.0,8.135,1.57,1.15,10.53,1,0,16.93
4714,T08,D2_S4,D2,S4,0,0.0,6.638,1.49,1.35,11.43,2,0,25.46
4715,T01,CR_S3,CR,S3,0,0.0,8.135,1.57,1.15,9.97,2,1,21.01
4716,T08,S1_CR,S1,CR,1,182.6,8.767,0.8,1.15,1.07,3,0,30.36
4717,T08,D2_S3,D2,S3,0,0.0,6.362,1.39,1.35,8.48,1,1,29.47
4718,T05,CR_S2,CR,S2,0,0.0,8.334,1.39,1.15,0.94,2,0,23.39
4719,T10,D2_S3,D2,S3,0,0.0,6.362,1.39,1.35,10.67,1,0,21.23
4720,T05,S4_D2,S4,D2,1,210.2,6.638,1.49,1.35,2.67,1,0,24.7
4721,T06,S2_CR,S2,CR,1,202.3,8.334,1.39,1.15,8.46,3,0,26.92
4722,T05,S2_CR,S2,CR,1,190.9,8.334,1.39,1.15,6.38,5,0,26.8
4723,T02,S2_CR,S2,CR,1,191.4,8.334,1.39,1.15,10.2,4,0,30.03
4724,T04,S4_CR,S4,CR,1,204.0,9.692,1.49,1.15,1.03,1,0,33.39
4725,T02,CR_S1,CR,S1,0,0.0,8.767,0.8,1.15,4.13,1,0,20.66
4726,T09,S4_CR,S4,CR,1,182.7,9.692,1.49,1.15,2.56,2,0,27.4
4727,T02,D2_S4,D2,S4,0,0.0,6.638,1.49,1.35,1.69,1,0,19.98
4728,T08,S4_CR,S4,CR,1,220.0,9.692,1.49,1.15,4.92,2,0,27.28
4729,T02,S3_D2,S3,D2,1,189.0,6.362,1.39,1.35,7.76,3,0,28.23
4730,T04,S2_CR,S2,CR,1,216.6,8.334,1.39,1.15,7.44,4,0,30.48
4731,T10,D2_S4,D2,S4,0,0.0,6.638,1.49,1.35,1.68,3,0,21.5
4732,T08,S4_D2,S4,D2,1,185.1,6.638,1.49,1.35,8.97,1,0,25.71
4733,T01,CR_S3,CR,S3,0,0.0,8.135,1.57,1.15,1.49,0,0,17.09
4734,T01,CR_S1,CR,S1,0,0.0,8.767,0.8,1.15,5.46,5,0,22.79
4735,T06,CR_S3,CR,S3,0,0.0,8.135,1.57,1.15,8.55,1,0,17.25
4736,T01,S4_D2,S4,D2,1,186.1,6.638,1.49,1.35,5.98,4,0,25.53
4737,T09,CR_S2,CR,S2,0,0.0,8.334,1.39,1.15,7.3,2,0,24.03
4738,T02,CR_S4,CR,S4,0,0.0,9.692,1.49,1.15,9.28,1,0,20.74
4739,T04,S2_CR,S2,CR,1,182.7,8.334,1.39,1.15,2.88,0,0,25.4
4740,T07,S4_D2,S4,D2,1,196.9,6.638,1.49,1.35,0.63,7,0,29.38
4741,T09,CR_S3,CR,S3,0,0.0,8.135,1.57,1.15,7.29,7,0,22.08
4742,T04,S4_CR,S4,CR,1,204.3,9.692,1.49,1.15,4.65,2,0,27.88
4743,T04,S1_CR,S1,CR,1,171.6,8.767,0.8,1.15,6.78,3,0,27.47
4744,T01,S3_CR,S3,CR,1,178.1,8.135,1.57,1.15,9.34,1,0,19.91
4745,T06,CR_S2,CR,S2,0,0.0,8.334,1.39,1.15,2.75,5,0,27.63
4746,T06,S3_CR,S3,CR,1,197.5,8.135,1.57,1.15,5.18,3,0,21.68
4747,T03,S4_CR,S4,CR,1,184.4,9.692,1.49,1.15,11.5,2,0,31.8
4748,T04,S2_CR,S2,CR,1,209.0,8.334,1.39,1.15,9.19,4,1,34.57
4749,T10,S4_CR,S4,CR,1,185.0,9.692,1.49,1.15,2.28,1,0,25.94
4750,T10,S3_CR,S3,CR,1,214.7,8.135,1.57,1.15,2.23,3,0,22.78
4751,T06,D2_S4,D2,S4,0,0.0,6.638,1.49,1.35,5.95,1,0,22.58
4752,T09,S2_CR,S2,CR,1,202.1,8.334,1.39,1.15,4.79,3,1,37.54
4753,T08,CR_S3,CR,S3,0,0.0,8.135,1.57,1.15,7.39,3,0,17.54
4754,T09,S4_CR,S4,CR,1,189.1,9.692,1.49,1.15,6.04,4,0,27.59
4755,T02,CR_S1,CR,S1,0,0.0,8.767,0.8,1.15,7.81,1,0,20.87
4756,T05,D2_S3,D2,S3,0,0.0,6.362,1.39,1.35,3.32,1,0,22.59
4757,T09,S4_CR,S4,CR,1,201.6,9.692,1.49,1.15,10.17,1,0,25.43
4758,T01,S3_CR,S3,CR,1,202.9,8.135,1.57,1.15,4.35,4,0,23.43
4759,T03,S2_CR,S2,CR,1,212.6,8.334,1.39,1.15,11.17,3,0,29.87
4760,T03,D2_S4,D2,S4,0,0.0,6.638,1.49,1.35,6.28,7,0,26.78
4761,T10,CR_S4,CR,S4,0,0.0,9.692,1.49,1.15,1.76,2,0,23.45
4762,T09,S4_CR,S4,CR,1,201.7,9.692,1.49,1.15,6.58,3,0,28.48
4763,T08,S4_D2,S4,D2,1,213.8,6.638,1.49,1.35,0.84,2,0,24.41
4764,T07,D2_S4,D2,S4,0,0.0,6.638,1.49,1.35,8.56,3,0,24.68
4765,T09,S4_D2,S4,D2,1,201.2,6.638,1.49,1.35,11.97,1,0,27.9
4766,T05,D2_S3,D2,S3,0,0.0,6.362,1.39,1.35,9.32,2,0,23.57
4767,T04,CR_S2,CR,S2,0,0.0,8.334,1.39,1.15,10.35,2,0,23.15
4768,T04,S3_CR,S3,CR,1,204.7,8.135,1.57,1.15,10.34,2,0,21.46
4769,T06,S4_CR,S4,CR,1,208.2,9.692,1.49,1.15,2.13,2,0,21.72
4770,T09,D2_S4,D2,S4,0,0.0,6.638,1.49,1.35,10.58,2,0,22.46
4771,T03,S2_CR,S2,CR,1,204.5,8.334,1.39,1.15,1.83,2,0,25.1
4772,T01,CR_S4,CR,S4,0,0.0,9.692,1.49,1.15,8.91,7,0,26.45
4773,T10,S4_D2,S4,D2,1,184.2,6.638,1.49,1.35,0.57,2,0,28.52
4774,T05,S1_CR,S1,CR,1,189.3,8.767,0.8,1.15,9.92,1,0,28.53
4775,T05,CR_S1,CR,S1,0,0.0,8.767,0.8,1.15,1.3,0,0,19.32
4776,T01,CR_S2,CR,S2,0,0.0,8.334,1.39,1.15,6.9,6,0,28.59
4777,T02,CR_S3,CR,S3,0,0.0,8.135,1.57,1.15,3.11,4,0,20.43
4778,T09,D2_S3,D2,S3,0,0.0,6.362,1.39,1.35,8.77,1,0,21.99
4779,T08,S2_CR,S2,CR,1,188.8,8.334,1.39,1.15,0.58,1,0,25.44
4780,T03,D2_S3,D2,S3,0,0.0,6.362,1.39,1.35,10.86,4,0,21.82
4781,T06,S4_CR,S4,CR,1,200.0,9.692,1.49,1.15,9.95,1,0,27.05
4782,T02,S4_CR,S4,CR,1,220.0,9.692,1.49,1.15,8.88,0,0,26.11
4783,T08,S1_CR,S1,CR,1,181.3,8.767,0.8,1.15,10.55,3,0,28.32
4784,T10,S4_D2,S4,D2,1,177.8,6.638,1.49,1.35,7.12,5,0,27.22
4785,T03,CR_S3,CR,S3,0,0.0,8.135,1.57,1.15,3.73,4,1,23.89
4786,T09,CR_S2,CR,S2,0,0.0,8.334,1.39,1.15,10.91,2,0,22.73
4787,T05,S1_CR,S1,CR,1,194.3,8.767,0.8,1.15,10.09,2,0,23.97
4788,T04,S1_CR,S1,CR,1,214.0,8.767,0.8,1.15,1.71,2,0,26.7
4789,T01,S3_D2,S3,D2,1,213.5,6.362,1.39,1.35,7.51,6,0,30.04
4790,T06,S3_CR,S3,CR,1,194.5,8.135,1.57,1.15,7.38,3,0,21.95
4791,T05,CR_S4,CR,S4,0,0.0,9.692,1.49,1.15,2.32,2,0,23.77
4792,T03,D2_S4,D2,S4,0,0.0,6.638,1.49,1.35,4.13,3,0,23.4
4793,T04,S3_D2,S3,D2,1,190.4,6.362,1.39,1.35,2.72,1,0,24.66
4794,T09,CR_S2,CR,S2,0,0.0,8.334,1.39,1.15,6.08,1,0,23.54
4795,T06,CR_S3,CR,S3,0,0.0,8.135,1.57,1.15,0.14,1,1,22.85
4796,T07,S4_D2,S4,D2,1,186.7,6.638,1.49,1.35,4.16,2,0,26.1
4797,T02,D2_S4,D2,S4,0,0.0,6.638,1.49,1.35,8.99,1,0,20.76
4798,T03,S3_CR,S3,CR,1,194.3,8.135,1.57,1.15,11.16,2,0,20.06
4799,T04,S2_CR,S2,CR,1,209.5,8.334,1.39,1.15,0.09,2,0,28.46
4800,T07,CR_S4,CR,S4,0,0.0,9.692,1.49,1.15,6.26,4,0,24.51
