obs_id,truck_id,route,origin,destination,loaded,payload_t,total_distance_km,max_gradient_pct,surface_factor,shift_hour,congestion_level,failure_active,travel_time_min
1,T09,S3_CR2,S3,CR2,1,184.8,6.579,1.9,1.35,0.07,4,0,25.9
2,T03,S5_CR1,S5,CR1,1,192.5,10.342,0.89,1.15,1.14,3,0,37.37
3,T10,S1_CR1,S1,CR1,1,199.9,8.767,0.8,1.15,10.19,2,1,37.72
4,T07,CR2_S3,CR2,S3,0,0.0,6.579,1.9,1.35,5.27,5,0,19.55
5,T09,S1_D1,S1,D1,1,197.9,5.834,1.12,1.15,1.93,5,0,20.26
6,T09,S5_CR1,S5,CR1,1,197.6,10.342,0.89,1.15,10.88,2,0,32.35
7,T04,S3_CR1,S3,CR1,1,187.4,8.135,1.57,1.15,8.31,1,0,21.15
8,T08,S4_D2,S4,D2,1,173.1,6.638,1.49,1.35,0.78,1,0,25.26
9,T05,S4_D2,S4,D2,1,201.9,6.638,1.49,1.35,3.2,2,0,29.6
10,T06,CR2_S4,CR2,S4,0,0.0,6.855,1.9,1.35,5.37,3,0,20.99
11,T04,S3_CR1,S3,CR1,1,216.1,8.135,1.57,1.15,6.43,3,1,31.46
12,T08,S1_D1,S1,D1,1,208.3,5.834,1.12,1.15,4.18,2,0,16.91
13,T09,S1_CR1,S1,CR1,1,212.5,8.767,0.8,1.15,2.51,2,0,30.05
14,T03,D1_S1,D1,S1,0,0.0,5.834,1.12,1.15,6.36,3,0,13.05
15,T06,D1_S1,D1,S1,0,0.0,5.834,1.12,1.15,10.65,2,0,12.24
16,T06,CR1_S5,CR1,S5,0,0.0,10.342,0.89,1.15,7.28,0,0,26.09
17,T07,S2_CR1,S2,CR1,1,176.7,8.334,1.39,1.15,7.82,2,0,29.33
18,T06,S2_CR1,S2,CR1,1,214.0,8.334,1.39,1.15,7.89,1,0,25.78
19,T03,CR1_S3,CR1,S3,0,0.0,8.135,1.57,1.15,4.72,6,0,19.69
20,T05,CR1_S2,CR1,S2,0,0.0,8.334,1.39,1.15,0.29,1,0,21.66
21,T03,S2_CR1,S2,CR1,1,206.1,8.334,1.39,1.15,11.76,0,0,25.46
22,T02,D2_S4,D2,S4,0,0.0,6.638,1.49,1.35,6.68,4,0,22.53
23,T09,CR2_S3,CR2,S3,0,0.0,6.579,1.9,1.35,10.53,3,0,20.38
24,T03,S6_CR2,S6,CR2,1,202.7,8.342,1.9,1.35,0.98,0,0,24.87
25,T10,S3_D2,S3,D2,1,193.1,6.362,1.39,1.35,4.51,2,0,24.41
26,T05,D1_S5,D1,S5,0,0.0,6.724,1.12,1.15,3.0,0,0,15.59
27,T03,S1_CR1,S1,CR1,1,186.9,8.767,0.8,1.15,11.58,2,0,29.88
28,T10,CR1_S5,CR1,S5,0,0.0,10.342,0.89,1.15,8.71,4,0,27.68
29,T07,S1_CR1,S1,CR1,1,219.9,8.767,0.8,1.15,5.31,1,0,28.06
30,T10,S3_CR1,S3,CR1,1,203.7,8.135,1.57,1.15,7.34,2,0,22.15
31,T04,D2_S3,D2,S3,0,0.0,6.362,1.39,1.35,9.68,2,1,32.13
32,T04,CR1_S1,CR1,S1,0,0.0,8.767,0.8,1.15,3.13,0,0,25.48
33,T04,D2_S3,D2,S3,0,0.0,6.362,1.39,1.35,0.85,1,0,21.44
34,T01,CR2_S4,CR2,S4,0,0.0,6.855,1.9,1.35,4.66,7,0,23.31
35,T02,CR1_S5,CR1,S5,0,0.0,10.342,0.89,1.15,4.62,3,0,27.16
36,T08,S6_CR2,S6,CR2,1,201.7,8.342,1.9,1.35,6.58,4,0,28.8
37,T04,S3_CR1,S3,CR1,1,206.5,8.135,1.57,1.15,8.88,1,0,19.39
38,T04,D2_S3,D2,S3,0,0.0,6.362,1.39,1.35,4.68,1,1,28.91
39,T05,S1_D1,S1,D1,1,209.8,5.834,1.12,1.15,5.92,1,0,14.18
40,T07,D2_S3,D2,S3,0,0.0,6.362,1.39,1.35,9.48,0,0,20.86
41,T06,CR2_S6,CR2,S6,0,0.0,8.342,1.9,1.35,6.59,3,0,23.76
42,T01,S5_CR1,S5,CR1,1,215.4,10.342,0.89,1.15,5.11,3,0,35.86
43,T06,D1_S5,D1,S5,0,0.0,6.724,1.12,1.15,9.75,4,0,16.84
44,T10,S5_CR1,S5,CR1,1,207.9,10.342,0.89,1.15,1.33,1,0,33.01
45,T09,D1_S1,D1,S1,0,0.0,5.834,1.12,1.15,1.43,0,0,12.06
46,T03,S4_D2,S4,D2,1,218.0,6.638,1.49,1.35,0.99,4,0,28.57
47,T01,D1_S1,D1,S1,0,0.0,5.834,1.12,1.15,0.91,1,0,12.71
48,T08,S5_D1,S5,D1,1,181.5,6.724,1.12,1.15,8.85,2,0,22.72
49,T06,S5_D1,S5,D1,1,182.4,6.724,1.12,1.15,5.56,2,0,20.06
50,T03,S4_D2,S4,D2,1,185.3,6.638,1.49,1.35,7.23,2,0,24.64
51,T01,S3_CR1,S3,CR1,1,175.2,8.135,1.57,1.15,11.19,1,1,28.69
52,T03,D2_S4,D2,S4,0,0.0,6.638,1.49,1.35,11.85,1,0,21.14
53,T03,S1_CR1,S1,CR1,1,213.6,8.767,0.8,1.15,0.16,0,0,29.6
54,T01,S5_D1,S5,D1,1,198.4,6.724,1.12,1.15,7.02,4,0,21.24
55,T06,S4_D2,S4,D2,1,184.9,6.638,1.49,1.35,9.08,0,0,25.66
56,T01,D1_S5,D1,S5,0,0.0,6.724,1.12,1.15,9.98,3,0,17.21
57,T07,D2_S3,D2,S3,0,0.0,6.362,1.39,1.35,5.76,8,0,23.65
58,T04,CR2_S3,CR2,S3,0,0.0,6.579,1.9,1.35,10.35,2,0,21.2
59,T07,S3_CR1,S3,CR1,1,194.9,8.135,1.57,1.15,3.95,2,0,22.1
60,T03,D2_S3,D2,S3,0,0.0,6.362,1.39,1.35,1.82,1,0,22.29
61,T05,D2_S4,D2,S4,0,0.0,6.638,1.49,1.35,7.22,3,1,28.95
62,T09,S3_CR2,S3,CR2,1,206.8,6.579,1.9,1.35,1.54,1,0,22.19
63,T04,D1_S5,D1,S5,0,0.0,6.724,1.12,1.15,0.98,2,0,17.48
64,T07,S3_D2,S3,D2,1,206.4,6.362,1.39,1.35,6.44,5,0,30.46
65,T06,CR2_S6,CR2,S6,0,0.0,8.342,1.9,1.35,9.0,0,0,19.55
66,T06,S2_CR1,S2,CR1,1,181.9,8.334,1.39,1.15,8.85,1,0,26.86
67,T06,CR2_S4,CR2,S4,0,0.0,6.855,1.9,1.35,2.8,2,0,21.85
68,T06,CR1_S1,CR1,S1,0,0.0,8.767,0.8,1.15,6.69,6,0,25.21
69,T03,S3_CR1,S3,CR1,1,185.7,8.135,1.57,1.15,5.85,3,0,20.69
70,T05,S1_D1,S1,D1,1,207.0,5.834,1.12,1.15,0.06,5,0,18.88
71,T06,CR1_S3,CR1,S3,0,0.0,8.135,1.57,1.15,11.62,2,0,18.54
72,T04,S3_CR1,S3,CR1,1,206.5,8.135,1.57,1.15,6.07,5,0,24.88
73,T03,S1_CR1,S1,CR1,1,179.8,8.767,0.8,1.15,1.67,0,0,30.82
74,T08,S4_D2,S4,D2,1,185.9,6.638,1.49,1.35,10.21,4,0,29.18
75,T10,S4_CR2,S4,CR2,1,200.3,6.855,1.9,1.35,9.54,1,0,23.23
76,T01,CR1_S2,CR1,S2,0,0.0,8.334,1.39,1.15,3.79,5,0,26.57
77,T01,S4_D2,S4,D2,1,191.4,6.638,1.49,1.35,6.52,5,0,31.12
78,T10,D1_S1,D1,S1,0,0.0,5.834,1.12,1.15,8.9,5,0,15.64
79,T04,S1_CR1,S1,CR1,1,220.0,8.767,0.8,1.15,1.23,2,0,33.99
80,T04,CR2_S4,CR2,S4,0,0.0,6.855,1.9,1.35,9.26,0,0,17.52
81,T10,CR1_S2,CR1,S2,0,0.0,8.334,1.39,1.15,8.59,4,0,25.4
82,T04,S6_CR2,S6,CR2,1,172.5,8.342,1.9,1.35,1.67,0,0,26.73
83,T06,D2_S3,D2,S3,0,0.0,6.362,1.39,1.35,8.36,3,0,25.08
84,T04,S1_D1,S1,D1,1,197.8,5.834,1.12,1.15,11.11,1,0,15.61
85,T05,D1_S5,D1,S5,0,0.0,6.724,1.12,1.15,10.05,1,0,14.54
86,T01,S3_CR2,S3,CR2,1,216.2,6.579,1.9,1.35,2.47,2,0,21.2
87,T10,S4_CR2,S4,CR2,1,153.2,6.855,1.9,1.35,0.39,2,0,22.29
88,T08,D2_S4,D2,S4,0,0.0,6.638,1.49,1.35,7.96,2,0,23.29
89,T03,S4_D2,S4,D2,1,179.1,6.638,1.49,1.35,4.77,5,0,27.67
90,T07,D2_S4,D2,S4,0,0.0,6.638,1.49,1.35,3.53,4,0,23.26
91,T03,S5_CR1,S5,CR1,1,184.3,10.342,0.89,1.15,9.04,3,0,37.49
92,T02,CR1_S5,CR1,S5,0,0.0,10.342,0.89,1.15,1.25,2,0,23.84
93,T02,S2_CR1,S2,CR1,1,207.2,8.334,1.39,1.15,10.27,3,0,27.2
94,T02,S5_CR1,S5,CR1,1,215.4,10.342,0.89,1.15,10.18,0,0,34.03
95,T09,CR1_S1,CR1,S1,0,0.0,8.767,0.8,1.15,10.93,3,1,34.6
96,T07,CR1_S1,CR1,S1,0,0.0,8.767,0.8,1.15,10.33,3,0,22.84
97,T04,S4_D2,S4,D2,1,220.0,6.638,1.49,1.35,8.9,2,0,22.71
98,T06,S6_CR2,S6,CR2,1,211.5,8.342,1.9,1.35,9.87,3,0,30.08
99,T09,CR2_S4,CR2,S4,0,0.0,6.855,1.9,1.35,2.48,0,0,19.01
100,T04,S5_D1,S5,D1,1,218.6,6.724,1.12,1.15,2.1,3,1,25.22
101,T02,S1_D1,S1,D1,1,198.0,5.834,1.12,1.15,2.94,2,0,16.88
102,T03,S3_D2,S3,D2,1,168.7,6.362,1.39,1.35,11.45,0,0,26.2
103,T08,S2_CR1,S2,CR1,1,169.2,8.334,1.39,1.15,10.1,2,0,24.47
104,T01,S4_D2,S4,D2,1,189.7,6.638,1.49,1.35,4.95,3,0,29.72
105,T05,S4_D2,S4,D2,1,186.1,6.638,1.49,1.35,11.4,1,0,27.06
106,T07,S4_D2,S4,D2,1,204.2,6.638,1.49,1.35,7.91,4,0,29.6
107,T04,S5_D1,S5,D1,1,198.1,6.724,1.12,1.15,5.68,3,0,23.37
108,T07,S5_CR1,S5,CR1,1,189.6,10.342,0.89,1.15,5.46,6,0,32.67
109,T02,S3_D2,S3,D2,1,175.7,6.362,1.39,1.35,9.65,4,0,27.04
110,T01,S6_CR2,S6,CR2,1,159.4,8.342,1.9,1.35,6.35,8,0,35.18
111,T10,S2_CR1,S2,CR1,1,187.2,8.334,1.39,1.15,5.61,6,0,29.44
112,T09,S3_CR1,S3,CR1,1,190.9,8.135,1.57,1.15,9.44,0,0,22.74
113,T10,S5_CR1,S5,CR1,1,185.0,10.342,0.89,1.15,11.89,3,0,33.59
114,T01,S3_CR2,S3,CR2,1,187.0,6.579,1.9,1.35,2.24,2,0,25.37
115,T02,S2_CR1,S2,CR1,1,186.4,8.334,1.39,1.15,9.79,1,0,29.76
116,T05,S4_CR2,S4,CR2,1,220.0,6.855,1.9,1.35,10.53,1,0,23.23
117,T05,S4_CR2,S4,CR2,1,211.3,6.855,1.9,1.35,1.04,2,0,22.12
118,T01,S6_CR2,S6,CR2,1,194.9,8.342,1.9,1.35,10.21,3,0,29.28
119,T09,CR1_S3,CR1,S3,0,0.0,8.135,1.57,1.15,6.26,3,0,20.34
120,T10,S5_D1,S5,D1,1,210.1,6.724,1.12,1.15,9.03,3,0,23.6
121,T01,S4_CR2,S4,CR2,1,198.4,6.855,1.9,1.35,0.01,2,0,23.08
122,T10,S3_CR2,S3,CR2,1,174.6,6.579,1.9,1.35,7.61,2,0,24.43
123,T01,S3_CR2,S3,CR2,1,193.6,6.579,1.9,1.35,7.59,4,0,25.4
124,T07,CR2_S4,CR2,S4,0,0.0,6.855,1.9,1.35,0.81,2,1,25.02
125,T03,S4_CR2,S4,CR2,1,200.7,6.855,1.9,1.35,9.86,2,1,28.84
126,T03,S6_CR2,S6,CR2,1,194.3,8.342,1.9,1.35,10.25,2,0,26.15
127,T10,S4_D2,S4,D2,1,206.0,6.638,1.49,1.35,11.56,0,0,22.82
128,T02,CR1_S3,CR1,S3,0,0.0,8.135,1.57,1.15,2.76,1,0,16.14
129,T02,S3_D2,S3,D2,1,220.0,6.362,1.39,1.35,1.91,1,0,23.91
130,T09,D1_S1,D1,S1,0,0.0,5.834,1.12,1.15,0.21,4,0,13.62
131,T02,CR1_S3,CR1,S3,0,0.0,8.135,1.57,1.15,2.71,1,0,17.31
132,T06,CR1_S5,CR1,S5,0,0.0,10.342,0.89,1.15,3.72,1,0,25.9
133,T09,S4_CR2,S4,CR2,1,158.6,6.855,1.9,1.35,8.34,2,0,22.93
134,T02,CR2_S6,CR2,S6,0,0.0,8.342,1.9,1.35,1.71,3,1,27.54
135,T02,S1_CR1,S1,CR1,1,191.3,8.767,0.8,1.15,0.4,0,0,25.85
136,T06,CR1_S3,CR1,S3,0,0.0,8.135,1.57,1.15,6.81,3,0,19.84
137,T02,S3_CR2,S3,CR2,1,208.9,6.579,1.9,1.35,11.23,0,0,22.69
138,T10,D1_S1,D1,S1,0,0.0,5.834,1.12,1.15,4.07,2,0,13.61
139,T03,D1_S5,D1,S5,0,0.0,6.724,1.12,1.15,5.43,3,0,16.97
140,T02,S1_D1,S1,D1,1,187.7,5.834,1.12,1.15,11.71,1,0,15.49
141,T06,CR1_S3,CR1,S3,0,0.0,8.135,1.57,1.15,8.63,4,0,21.56
142,T04,S3_D2,S3,D2,1,191.1,6.362,1.39,1.35,10.42,3,0,25.33
143,T10,D2_S4,D2,S4,0,0.0,6.638,1.49,1.35,10.4,3,0,22.65
144,T09,S1_D1,S1,D1,1,208.3,5.834,1.12,1.15,7.11,5,0,19.08
145,T06,D1_S5,D1,S5,0,0.0,6.724,1.12,1.15,10.45,2,0,16.57
146,T10,S4_D2,S4,D2,1,200.6,6.638,1.49,1.35,3.1,3,0,27.91
147,T09,S2_CR1,S2,CR1,1,166.2,8.334,1.39,1.15,5.39,5,0,29.23
148,T02,S4_CR2,S4,CR2,1,207.7,6.855,1.9,1.35,5.7,5,0,27.58
149,T05,S3_CR2,S3,CR2,1,205.9,6.579,1.9,1.35,0.47,0,0,21.85
150,T09,S3_CR1,S3,CR1,1,197.9,8.135,1.57,1.15,8.26,3,0,21.18
151,T02,S5_CR1,S5,CR1,1,210.0,10.342,0.89,1.15,5.87,2,0,28.2
152,T06,CR2_S3,CR2,S3,0,0.0,6.579,1.9,1.35,8.79,1,0,17.67
153,T03,S3_D2,S3,D2,1,186.1,6.362,1.39,1.35,8.31,7,0,33.42
154,T09,D2_S3,D2,S3,0,0.0,6.362,1.39,1.35,9.92,3,0,24.56
155,T06,S1_CR1,S1,CR1,1,210.1,8.767,0.8,1.15,9.39,4,0,29.69
156,T05,CR1_S1,CR1,S1,0,0.0,8.767,0.8,1.15,9.15,3,0,21.97
157,T10,S1_D1,S1,D1,1,170.3,5.834,1.12,1.15,4.66,3,0,18.8
158,T05,CR1_S1,CR1,S1,0,0.0,8.767,0.8,1.15,5.56,4,0,26.08
159,T07,CR1_S1,CR1,S1,0,0.0,8.767,0.8,1.15,6.32,4,0,26.54
160,T06,D2_S3,D2,S3,0,0.0,6.362,1.39,1.35,7.77,3,0,23.05
161,T03,S1_D1,S1,D1,1,194.5,5.834,1.12,1.15,3.08,1,0,14.63
162,T10,CR1_S5,CR1,S5,0,0.0,10.342,0.89,1.15,3.74,3,0,29.15
163,T01,S5_CR1,S5,CR1,1,180.5,10.342,0.89,1.15,6.3,3,0,37.86
164,T10,CR2_S4,CR2,S4,0,0.0,6.855,1.9,1.35,0.52,5,0,21.23
165,T07,CR2_S3,CR2,S3,0,0.0,6.579,1.9,1.35,10.8,1,0,19.04
166,T05,CR2_S3,CR2,S3,0,0.0,6.579,1.9,1.35,9.71,1,0,17.56
167,T10,S3_D2,S3,D2,1,202.5,6.362,1.39,1.35,5.67,3,0,27.53
168,T01,S3_CR2,S3,CR2,1,216.9,6.579,1.9,1.35,5.96,4,0,22.45
169,T01,S4_CR2,S4,CR2,1,199.5,6.855,1.9,1.35,6.94,1,0,21.78
170,T02,CR1_S2,CR1,S2,0,0.0,8.334,1.39,1.15,2.3,1,0,21.87
171,T06,S3_CR1,S3,CR1,1,183.5,8.135,1.57,1.15,0.84,2,0,21.26
172,T06,CR1_S3,CR1,S3,0,0.0,8.135,1.57,1.15,0.63,3,0,16.62
173,T01,CR2_S4,CR2,S4,0,0.0,6.855,1.9,1.35,1.07,3,0,21.21
174,T08,D2_S3,D2,S3,0,0.0,6.362,1.39,1.35,7.98,4,0,23.3
175,T05,CR2_S4,CR2,S4,0,0.0,6.855,1.9,1.35,2.92,1,0,18.59
176,T07,D2_S3,D2,S3,0,0.0,6.362,1.39,1.35,6.08,1,0,21.76
177,T10,D2_S4,D2,S4,0,0.0,6.638,1.49,1.35,4.1,2,0,21.36
178,T05,CR1_S2,CR1,S2,0,0.0,8.334,1.39,1.15,10.48,1,0,22.89
179,T06,D1_S1,D1,S1,0,0.0,5.834,1.12,1.15,2.5,1,0,13.18
180,T02,S2_CR1,S2,CR1,1,190.6,8.334,1.39,1.15,9.48,1,0,28.11
181,T04,CR2_S6,CR2,S6,0,0.0,8.342,1.9,1.35,11.71,2,0,20.92
182,T04,CR2_S6,CR2,S6,0,0.0,8.342,1.9,1.35,1.67,5,0,25.91
183,T07,S6_CR2,S6,CR2,1,144.2,8.342,1.9,1.35,6.59,5,0,30.7
184,T09,S1_D1,S1,D1,1,175.8,5.834,1.12,1.15,4.64,2,0,16.95
185,T01,S1_D1,S1,D1,1,215.6,5.834,1.12,1.15,2.05,0,0,14.04
186,T04,CR1_S2,CR1,S2,0,0.0,8.334,1.39,1.15,7.6,2,0,21.86
187,T05,CR1_S3,CR1,S3,0,0.0,8.135,1.57,1.15,5.11,3,0,19.63
188,T06,D1_S5,D1,S5,0,0.0,6.724,1.12,1.15,11.57,1,0,15.76
189,T05,S3_D2,S3,D2,1,220.0,6.362,1.39,1.35,2.28,3,0,29.48
190,T04,S6_CR2,S6,CR2,1,193.2,8.342,1.9,1.35,3.19,2,0,26.62
191,T09,CR1_S1,CR1,S1,0,0.0,8.767,0.8,1.15,3.9,3,0,24.2
192,T08,S4_D2,S4,D2,1,198.1,6.638,1.49,1.35,7.9,2,0,27.12
193,T03,S5_D1,S5,D1,1,197.3,6.724,1.12,1.15,9.9,2,0,20.66
194,T08,S3_CR1,S3,CR1,1,209.6,8.135,1.57,1.15,8.85,2,0,21.1
195,T03,S2_CR1,S2,CR1,1,197.8,8.334,1.39,1.15,0.15,3,0,30.01
196,T08,S4_CR2,S4,CR2,1,212.4,6.855,1.9,1.35,4.95,3,0,25.47
197,T09,CR1_S5,CR1,S5,0,0.0,10.342,0.89,1.15,7.5,2,0,27.48
198,T02,S3_CR2,S3,CR2,1,194.6,6.579,1.9,1.35,10.75,1,0,23.36
199,T08,D1_S5,D1,S5,0,0.0,6.724,1.12,1.15,5.83,4,0,17.55
200,T01,CR2_S6,CR2,S6,0,0.0,8.342,1.9,1.35,5.27,3,0,23.19
201,T08,S5_D1,S5,D1,1,207.9,6.724,1.12,1.15,10.34,4,0,21.63
202,T02,CR2_S6,CR2,S6,0,0.0,8.342,1.9,1.35,9.32,1,0,21.83
203,T05,S3_D2,S3,D2,1,185.2,6.362,1.39,1.35,6.07,6,0,31.15
204,T09,S3_D2,S3,D2,1,208.5,6.362,1.39,1.35,1.93,4,0,29.53
205,T10,CR2_S3,CR2,S3,0,0.0,6.579,1.9,1.35,8.91,4,0,21.58
206,T03,D1_S5,D1,S5,0,0.0,6.724,1.12,1.15,9.99,0,0,15.97
207,T03,CR1_S3,CR1,S3,0,0.0,8.135,1.57,1.15,10.52,3,0,19.54
208,T04,S3_CR1,S3,CR1,1,189.1,8.135,1.57,1.15,4.65,4,0,22.6
209,T08,CR1_S2,CR1,S2,0,0.0,8.334,1.39,1.15,0.63,3,0,22.03
210,T01,S6_CR2,S6,CR2,1,200.8,8.342,1.9,1.35,8.95,3,0,28.74
211,T06,D2_S4,D2,S4,0,0.0,6.638,1.49,1.35,4.46,2,0,21.32
212,T10,S6_CR2,S6,CR2,1,201.8,8.342,1.9,1.35,5.95,6,0,28.55
213,T05,D2_S4,D2,S4,0,0.0,6.638,1.49,1.35,1.98,5,1,32.21
214,T07,D1_S1,D1,S1,0,0.0,5.834,1.12,1.15,9.63,2,0,12.26
215,T04,S5_CR1,S5,CR1,1,151.9,10.342,0.89,1.15,8.75,2,0,33.8
216,T10,CR1_S2,CR1,S2,0,0.0,8.334,1.39,1.15,0.16,1,1,28.01
217,T04,D2_S3,D2,S3,0,0.0,6.362,1.39,1.35,4.45,3,0,21.98
218,T02,D2_S4,D2,S4,0,0.0,6.638,1.49,1.35,10.88,1,0,22.23
219,T10,S4_CR2,S4,CR2,1,190.8,6.855,1.9,1.35,11.56,2,0,24.53
220,T09,S5_D1,S5,D1,1,181.2,6.724,1.12,1.15,3.08,2,0,20.91
221,T02,S3_CR2,S3,CR2,1,200.2,6.579,1.9,1.35,0.26,2,0,23.9
222,T02,S4_CR2,S4,CR2,1,195.5,6.855,1.9,1.35,0.81,2,0,21.53
223,T06,D1_S5,D1,S5,0,0.0,6.724,1.12,1.15,10.2,2,0,16.8
224,T04,CR2_S4,CR2,S4,0,0.0,6.855,1.9,1.35,0.75,3,0,18.96
225,T06,CR1_S2,CR1,S2,0,0.0,8.334,1.39,1.15,9.08,1,0,20.77
226,T08,D1_S1,D1,S1,0,0.0,5.834,1.12,1.15,10.45,1,0,12.45
227,T03,CR2_S4,CR2,S4,0,0.0,6.855,1.9,1.35,6.46,4,0,19.62
228,T10,S4_CR2,S4,CR2,1,196.7,6.855,1.9,1.35,3.45,5,0,23.48
229,T08,D1_S1,D1,S1,0,0.0,5.834,1.12,1.15,6.69,4,0,14.51
230,T02,S3_CR1,S3,CR1,1,196.3,8.135,1.57,1.15,8.79,5,0,22.45
231,T03,CR1_S2,CR1,S2,0,0.0,8.334,1.39,1.15,11.96,2,0,22.57
232,T06,S1_CR1,S1,CR1,1,187.1,8.767,0.8,1.15,11.68,1,0,25.66
233,T10,S1_D1,S1,D1,1,199.2,5.834,1.12,1.15,3.77,4,0,18.7
234,T03,S1_CR1,S1,CR1,1,186.5,8.767,0.8,1.15,4.18,4,0,29.41
235,T09,S1_CR1,S1,CR1,1,200.6,8.767,0.8,1.15,3.9,1,0,26.44
236,T03,D1_S1,D1,S1,0,0.0,5.834,1.12,1.15,2.73,3,0,13.25
237,T07,S5_D1,S5,D1,1,184.8,6.724,1.12,1.15,4.9,4,0,23.57
238,T09,CR1_S1,CR1,S1,0,0.0,8.767,0.8,1.15,5.36,5,0,25.92
239,T04,CR1_S5,CR1,S5,0,0.0,10.342,0.89,1.15,8.88,3,0,29.47
240,T04,S6_CR2,S6,CR2,1,204.2,8.342,1.9,1.35,11.55,3,0,28.7
241,T04,CR1_S5,CR1,S5,0,0.0,10.342,0.89,1.15,3.16,0,0,24.82
242,T06,CR2_S6,CR2,S6,0,0.0,8.342,1.9,1.35,7.18,3,0,23.5
243,T05,S3_CR2,S3,CR2,1,208.5,6.579,1.9,1.35,11.87,3,0,25.42
244,T01,S5_D1,S5,D1,1,184.7,6.724,1.12,1.15,0.76,2,0,21.14
245,T09,CR1_S1,CR1,S1,0,0.0,8.767,0.8,1.15,10.55,2,0,23.88
246,T06,S1_D1,S1,D1,1,192.9,5.834,1.12,1.15,7.29,4,0,18.94
247,T10,CR2_S4,CR2,S4,0,0.0,6.855,1.9,1.35,5.85,6,0,21.54
248,T03,CR1_S5,CR1,S5,0,0.0,10.342,0.89,1.15,2.87,2,0,23.79
249,T01,D2_S3,D2,S3,0,0.0,6.362,1.39,1.35,3.37,2,1,28.4
250,T08,CR2_S3,CR2,S3,0,0.0,6.579,1.9,1.35,3.52,2,0,18.31
251,T01,S5_D1,S5,D1,1,196.6,6.724,1.12,1.15,10.49,3,0,18.81
252,T02,CR1_S5,CR1,S5,0,0.0,10.342,0.89,1.15,5.06,8,0,32.5
253,T08,D2_S4,D2,S4,0,0.0,6.638,1.49,1.35,1.37,2,0,21.27
254,T10,D1_S1,D1,S1,0,0.0,5.834,1.12,1.15,10.8,1,0,13.83
255,T07,CR1_S1,CR1,S1,0,0.0,8.767,0.8,1.15,10.66,2,0,21.52
256,T08,S2_CR1,S2,CR1,1,185.8,8.334,1.39,1.15,10.83,0,0,27.0
257,T05,CR1_S1,CR1,S1,0,0.0,8.767,0.8,1.15,0.14,1,0,21.46
258,T07,S4_D2,S4,D2,1,196.4,6.638,1.49,1.35,2.59,2,0,26.78
259,T09,S3_CR2,S3,CR2,1,211.3,6.579,1.9,1.35,3.68,6,0,23.65
260,T04,D1_S5,D1,S5,0,0.0,6.724,1.12,1.15,8.47,2,0,18.05
261,T03,S3_CR1,S3,CR1,1,190.4,8.135,1.57,1.15,1.85,0,0,20.91
262,T04,S4_CR2,S4,CR2,1,214.1,6.855,1.9,1.35,7.15,4,0,24.15
263,T10,S4_D2,S4,D2,1,194.3,6.638,1.49,1.35,0.33,3,1,32.58
264,T05,S1_D1,S1,D1,1,167.9,5.834,1.12,1.15,10.8,0,0,14.4
265,T06,S2_CR1,S2,CR1,1,198.6,8.334,1.39,1.15,9.92,3,0,30.39
266,T02,CR1_S2,CR1,S2,0,0.0,8.334,1.39,1.15,11.76,2,0,22.03
267,T08,S6_CR2,S6,CR2,1,210.3,8.342,1.9,1.35,2.34,0,0,22.68
268,T03,S2_CR1,S2,CR1,1,206.2,8.334,1.39,1.15,1.81,3,0,30.67
269,T02,S3_CR1,S3,CR1,1,185.5,8.135,1.57,1.15,8.77,2,0,21.91
270,T08,S4_CR2,S4,CR2,1,179.7,6.855,1.9,1.35,4.24,1,0,21.58
271,T04,D1_S1,D1,S1,0,0.0,5.834,1.12,1.15,5.6,3,0,14.16
272,T09,CR1_S3,CR1,S3,0,0.0,8.135,1.57,1.15,7.06,2,0,17.76
273,T01,S1_D1,S1,D1,1,158.7,5.834,1.12,1.15,6.93,7,0,20.08
274,T07,S1_CR1,S1,CR1,1,212.0,8.767,0.8,1.15,10.72,0,0,27.91
275,T10,D2_S3,D2,S3,0,0.0,6.362,1.39,1.35,9.15,1,0,17.57
276,T05,CR2_S3,CR2,S3,0,0.0,6.579,1.9,1.35,7.59,7,0,22.8
277,T01,S1_CR1,S1,CR1,1,189.7,8.767,0.8,1.15,0.83,0,0,27.71
278,T04,CR1_S2,CR1,S2,0,0.0,8.334,1.39,1.15,8.4,1,0,22.46
279,T01,CR1_S3,CR1,S3,0,0.0,8.135,1.57,1.15,3.67,4,0,19.55
280,T08,CR1_S1,CR1,S1,0,0.0,8.767,0.8,1.15,9.53,1,0,23.25
281,T07,S3_D2,S3,D2,1,201.4,6.362,1.39,1.35,4.82,2,1,34.71
282,T01,S1_CR1,S1,CR1,1,172.8,8.767,0.8,1.15,0.4,1,0,28.18
283,T06,CR2_S3,CR2,S3,0,0.0,6.579,1.9,1.35,7.03,3,0,20.33
284,T02,CR1_S2,CR1,S2,0,0.0,8.334,1.39,1.15,1.71,2,0,23.31
285,T06,CR1_S1,CR1,S1,0,0.0,8.767,0.8,1.15,8.66,2,0,23.97
286,T09,CR1_S3,CR1,S3,0,0.0,8.135,1.57,1.15,10.75,2,0,18.48
287,T03,S1_CR1,S1,CR1,1,197.8,8.767,0.8,1.15,10.4,4,0,28.25
288,T05,S3_CR1,S3,CR1,1,206.1,8.135,1.57,1.15,10.13,1,0,20.91
289,T07,S1_CR1,S1,CR1,1,185.1,8.767,0.8,1.15,8.11,5,0,30.22
290,T02,S3_CR2,S3,CR2,1,180.1,6.579,1.9,1.35,7.61,1,0,22.5
291,T02,S3_CR1,S3,CR1,1,199.9,8.135,1.57,1.15,2.54,3,0,22.78
292,T06,S3_CR2,S3,CR2,1,200.6,6.579,1.9,1.35,8.86,2,0,22.11
293,T05,S1_CR1,S1,CR1,1,190.1,8.767,0.8,1.15,4.41,1,0,28.76
294,T06,CR2_S3,CR2,S3,0,0.0,6.579,1.9,1.35,0.18,1,1,21.18
295,T01,S4_D2,S4,D2,1,155.4,6.638,1.49,1.35,10.87,3,0,27.61
296,T09,CR1_S5,CR1,S5,0,0.0,10.342,0.89,1.15,1.58,2,0,29.99
297,T05,CR1_S1,CR1,S1,0,0.0,8.767,0.8,1.15,2.18,2,0,23.86
298,T08,CR1_S2,CR1,S2,0,0.0,8.334,1.39,1.15,6.58,6,0,23.92
299,T04,S2_CR1,S2,CR1,1,199.7,8.334,1.39,1.15,7.24,1,0,27.48
300,T10,CR1_S5,CR1,S5,0,0.0,10.342,0.89,1.15,11.31,4,0,27.87
301,T01,CR2_S3,CR2,S3,0,0.0,6.579,1.9,1.35,3.78,4,0,19.83
302,T10,S4_D2,S4,D2,1,192.7,6.638,1.49,1.35,8.7,1,0,27.12
303,T06,S4_D2,S4,D2,1,194.9,6.638,1.49,1.35,2.76,0,0,26.85
304,T10,CR1_S1,CR1,S1,0,0.0,8.767,0.8,1.15,2.9,2,0,22.74
305,T01,CR2_S6,CR2,S6,0,0.0,8.342,1.9,1.35,5.19,1,0,23.07
306,T09,S4_D2,S4,D2,1,188.6,6.638,1.49,1.35,11.53,3,0,29.05
307,T07,CR2_S4,CR2,S4,0,0.0,6.855,1.9,1.35,3.11,2,0,19.41
308,T07,CR1_S5,CR1,S5,0,0.0,10.342,0.89,1.15,1.94,2,0,27.45
309,T10,S4_D2,S4,D2,1,198.5,6.638,1.49,1.35,9.26,1,1,30.42
310,T10,S4_CR2,S4,CR2,1,195.9,6.855,1.9,1.35,9.7,1,0,20.71
311,T05,CR1_S2,CR1,S2,0,0.0,8.334,1.39,1.15,3.47,3,0,21.53
312,T01,S2_CR1,S2,CR1,1,171.0,8.334,1.39,1.15,0.69,1,0,24.22
313,T09,D2_S4,D2,S4,0,0.0,6.638,1.49,1.35,10.83,2,0,24.22
314,T03,S3_CR2,S3,CR2,1,201.6,6.579,1.9,1.35,2.7,3,0,22.92
315,T08,S1_D1,S1,D1,1,191.7,5.834,1.12,1.15,10.85,5,0,17.47
316,T01,S3_CR2,S3,CR2,1,206.2,6.579,1.9,1.35,0.39,2,0,21.1
317,T05,S2_CR1,S2,CR1,1,185.2,8.334,1.39,1.15,9.9,2,0,30.07
318,T03,S5_D1,S5,D1,1,205.4,6.724,1.12,1.15,0.66,2,0,17.62
319,T09,S1_D1,S1,D1,1,211.6,5.834,1.12,1.15,7.69,5,0,17.7
320,T02,D2_S3,D2,S3,0,0.0,6.362,1.39,1.35,10.82,5,0,27.18
321,T09,S3_CR2,S3,CR2,1,200.7,6.579,1.9,1.35,3.23,4,0,27.16
322,T06,S1_D1,S1,D1,1,199.7,5.834,1.12,1.15,4.43,8,0,20.41
323,T04,D1_S1,D1,S1,0,0.0,5.834,1.12,1.15,11.74,5,0,14.66
324,T04,CR1_S2,CR1,S2,0,0.0,8.334,1.39,1.15,4.61,0,0,20.94
325,T09,S1_D1,S1,D1,1,201.8,5.834,1.12,1.15,8.47,3,0,17.55
326,T07,D1_S1,D1,S1,0,0.0,5.834,1.12,1.15,8.13,4,0,14.62
327,T05,S2_CR1,S2,CR1,1,174.8,8.334,1.39,1.15,1.95,1,0,28.35
328,T03,CR2_S4,CR2,S4,0,0.0,6.855,1.9,1.35,7.46,3,0,19.09
329,T04,D1_S5,D1,S5,0,0.0,6.724,1.12,1.15,3.99,0,0,13.7
330,T02,S1_CR1,S1,CR1,1,215.8,8.767,0.8,1.15,7.59,3,0,31.37
331,T09,CR2_S3,CR2,S3,0,0.0,6.579,1.9,1.35,10.98,0,0,17.77
332,T02,S3_CR1,S3,CR1,1,195.6,8.135,1.57,1.15,2.28,1,0,20.99
333,T06,S2_CR1,S2,CR1,1,184.5,8.334,1.39,1.15,3.22,4,0,29.48
334,T10,D1_S1,D1,S1,0,0.0,5.834,1.12,1.15,7.19,3,0,14.25
335,T06,S3_CR2,S3,CR2,1,207.3,6.579,1.9,1.35,3.75,4,0,27.28
336,T01,S1_D1,S1,D1,1,191.8,5.834,1.12,1.15,7.05,3,0,17.4
337,T03,S3_CR2,S3,CR2,1,203.6,6.579,1.9,1.35,4.79,4,1,31.32
338,T09,D1_S1,D1,S1,0,0.0,5.834,1.12,1.15,8.98,2,0,14.69
339,T01,S3_CR2,S3,CR2,1,215.7,6.579,1.9,1.35,2.9,1,0,23.07
340,T03,CR2_S6,CR2,S6,0,0.0,8.342,1.9,1.35,3.25,1,0,22.04
341,T01,S1_CR1,S1,CR1,1,186.3,8.767,0.8,1.15,11.42,5,0,31.4
342,T01,CR2_S6,CR2,S6,0,0.0,8.342,1.9,1.35,3.5,2,0,23.25
343,T02,D1_S5,D1,S5,0,0.0,6.724,1.12,1.15,10.32,0,0,14.91
344,T10,S4_CR2,S4,CR2,1,210.8,6.855,1.9,1.35,5.99,4,0,25.55
345,T06,S6_CR2,S6,CR2,1,195.4,8.342,1.9,1.35,0.67,2,0,24.18
346,T04,D2_S4,D2,S4,0,0.0,6.638,1.49,1.35,4.91,5,0,24.18
347,T07,S3_CR1,S3,CR1,1,214.0,8.135,1.57,1.15,0.1,3,0,21.71
348,T06,S3_CR1,S3,CR1,1,203.5,8.135,1.57,1.15,3.92,4,0,23.42
349,T04,S3_CR2,S3,CR2,1,220.0,6.579,1.9,1.35,10.31,5,0,24.25
350,T10,S3_D2,S3,D2,1,203.0,6.362,1.39,1.35,5.87,7,0,32.42
351,T07,CR2_S3,CR2,S3,0,0.0,6.579,1.9,1.35,7.62,2,0,19.37
352,T10,S3_D2,S3,D2,1,174.3,6.362,1.39,1.35,2.63,4,0,27.96
353,T01,CR1_S5,CR1,S5,0,0.0,10.342,0.89,1.15,8.43,2,0,28.32
354,T01,S5_D1,S5,D1,1,220.0,6.724,1.12,1.15,1.41,1,0,19.45
355,T05,S2_CR1,S2,CR1,1,175.7,8.334,1.39,1.15,2.45,2,0,27.95
356,T09,S4_CR2,S4,CR2,1,183.5,6.855,1.9,1.35,8.26,1,0,24.18
357,T03,D1_S5,D1,S5,0,0.0,6.724,1.12,1.15,10.12,2,0,17.0
358,T09,S1_D1,S1,D1,1,183.0,5.834,1.12,1.15,4.65,3,0,17.05
359,T06,CR1_S5,CR1,S5,0,0.0,10.342,0.89,1.15,11.62,0,0,25.52
360,T08,S3_D2,S3,D2,1,185.1,6.362,1.39,1.35,2.78,1,0,26.78
361,T01,CR1_S2,CR1,S2,0,0.0,8.334,1.39,1.15,5.57,3,0,23.02
362,T05,S3_CR2,S3,CR2,1,199.0,6.579,1.9,1.35,0.8,5,0,28.12
363,T03,S1_D1,S1,D1,1,216.1,5.834,1.12,1.15,2.04,3,0,17.83
364,T09,S5_D1,S5,D1,1,206.8,6.724,1.12,1.15,6.95,4,0,22.83
365,T01,CR1_S5,CR1,S5,0,0.0,10.342,0.89,1.15,7.2,6,0,31.66
366,T07,CR1_S3,CR1,S3,0,0.0,8.135,1.57,1.15,6.4,6,0,20.63
367,T06,D1_S5,D1,S5,0,0.0,6.724,1.12,1.15,0.76,6,0,19.84
368,T07,CR1_S3,CR1,S3,0,0.0,8.135,1.57,1.15,4.98,6,0,18.86
369,T03,CR1_S5,CR1,S5,0,0.0,10.342,0.89,1.15,8.0,2,0,28.41
370,T07,S6_CR2,S6,CR2,1,210.6,8.342,1.9,1.35,5.59,6,1,33.51
371,T03,S3_D2,S3,D2,1,211.7,6.362,1.39,1.35,6.14,0,0,23.04
372,T03,CR1_S2,CR1,S2,0,0.0,8.334,1.39,1.15,11.89,3,0,21.27
373,T02,S4_CR2,S4,CR2,1,191.9,6.855,1.9,1.35,6.33,7,0,28.21
374,T07,D1_S5,D1,S5,0,0.0,6.724,1.12,1.15,4.48,4,0,17.64
375,T01,CR1_S2,CR1,S2,0,0.0,8.334,1.39,1.15,4.97,1,0,21.19
376,T08,CR2_S6,CR2,S6,0,0.0,8.342,1.9,1.35,2.04,0,0,22.43
377,T08,D1_S5,D1,S5,0,0.0,6.724,1.12,1.15,8.23,7,0,21.93
378,T08,S4_CR2,S4,CR2,1,182.9,6.855,1.9,1.35,7.28,6,0,26.26
379,T07,S3_CR2,S3,CR2,1,198.8,6.579,1.9,1.35,11.68,2,0,24.53
380,T06,S5_D1,S5,D1,1,191.9,6.724,1.12,1.15,0.85,1,0,19.12
381,T08,CR2_S3,CR2,S3,0,0.0,6.579,1.9,1.35,0.9,3,0,20.41
382,T06,CR2_S3,CR2,S3,0,0.0,6.579,1.9,1.35,3.08,2,0,17.58
383,T05,CR1_S2,CR1,S2,0,0.0,8.334,1.39,1.15,1.76,2,0,20.02
384,T07,CR1_S3,CR1,S3,0,0.0,8.135,1.57,1.15,9.37,1,1,19.76
385,T02,S4_D2,S4,D2,1,199.7,6.638,1.49,1.35,4.75,3,0,28.0
386,T09,S1_D1,S1,D1,1,197.6,5.834,1.12,1.15,9.18,1,0,14.55
387,T01,CR2_S4,CR2,S4,0,0.0,6.855,1.9,1.35,5.8,5,0,21.02
388,T06,S4_D2,S4,D2,1,190.5,6.638,1.49,1.35,2.11,3,0,24.53
389,T06,CR1_S3,CR1,S3,0,0.0,8.135,1.57,1.15,10.26,2,0,18.41
390,T01,CR1_S3,CR1,S3,0,0.0,8.135,1.57,1.15,11.64,1,0,16.17
391,T10,S3_CR1,S3,CR1,1,212.9,8.135,1.57,1.15,2.1,2,0,20.49
392,T01,D2_S4,D2,S4,0,0.0,6.638,1.49,1.35,0.64,1,0,20.16
393,T07,S3_D2,S3,D2,1,185.5,6.362,1.39,1.35,2.85,6,0,28.84
394,T07,CR1_S1,CR1,S1,0,0.0,8.767,0.8,1.15,9.13,4,0,26.26
395,T01,S4_D2,S4,D2,1,206.3,6.638,1.49,1.35,6.13,4,1,39.84
396,T09,CR2_S4,CR2,S4,0,0.0,6.855,1.9,1.35,0.3,1,1,23.81
397,T01,CR1_S5,CR1,S5,0,0.0,10.342,0.89,1.15,3.37,1,0,28.9
398,T03,S1_CR1,S1,CR1,1,185.8,8.767,0.8,1.15,2.84,4,1,44.67
399,T01,S1_D1,S1,D1,1,197.1,5.834,1.12,1.15,4.14,0,0,15.16
400,T10,CR1_S3,CR1,S3,0,0.0,8.135,1.57,1.15,8.14,5,0,20.14
401,T01,S6_CR2,S6,CR2,1,208.1,8.342,1.9,1.35,11.88,1,0,28.88
402,T08,CR2_S3,CR2,S3,0,0.0,6.579,1.9,1.35,4.12,3,0,20.15
403,T09,CR2_S6,CR2,S6,0,0.0,8.342,1.9,1.35,5.39,2,0,20.59
404,T02,D1_S1,D1,S1,0,0.0,5.834,1.12,1.15,9.05,4,1,16.9
405,T03,D2_S4,D2,S4,0,0.0,6.638,1.49,1.35,10.75,3,0,25.29
406,T10,S5_D1,S5,D1,1,213.3,6.724,1.12,1.15,1.44,2,0,20.49
407,T07,CR2_S6,CR2,S6,0,0.0,8.342,1.9,1.35,7.15,2,0,21.75
408,T04,CR1_S2,CR1,S2,0,0.0,8.334,1.39,1.15,6.98,4,0,25.26
409,T05,S4_D2,S4,D2,1,192.3,6.638,1.49,1.35,9.36,0,0,25.19
410,T08,S6_CR2,S6,CR2,1,173.6,8.342,1.9,1.35,10.75,4,0,29.7
411,T04,D1_S5,D1,S5,0,0.0,6.724,1.12,1.15,5.08,1,0,15.51
412,T10,CR2_S4,CR2,S4,0,0.0,6.855,1.9,1.35,6.28,3,0,19.23
413,T01,S5_D1,S5,D1,1,191.2,6.724,1.12,1.15,10.75,1,1,26.03
414,T06,CR1_S3,CR1,S3,0,0.0,8.135,1.57,1.15,5.6,6,0,21.22
415,T02,S3_CR1,S3,CR1,1,192.2,8.135,1.57,1.15,11.2,2,0,20.09
416,T03,D2_S4,D2,S4,0,0.0,6.638,1.49,1.35,3.99,3,0,22.46
417,T01,S4_D2,S4,D2,1,176.6,6.638,1.49,1.35,8.18,1,0,27.53
418,T04,S5_CR1,S5,CR1,1,188.0,10.342,0.89,1.15,4.26,3,0,34.32
419,T08,CR1_S5,CR1,S5,0,0.0,10.342,0.89,1.15,1.88,1,0,24.2
420,T05,S3_D2,S3,D2,1,199.8,6.362,1.39,1.35,8.78,6,0,30.91
421,T02,S5_D1,S5,D1,1,219.5,6.724,1.12,1.15,5.14,6,0,23.75
422,T09,S3_D2,S3,D2,1,199.6,6.362,1.39,1.35,5.81,4,0,28.78
423,T07,S1_D1,S1,D1,1,201.3,5.834,1.12,1.15,4.15,5,0,18.8
424,T05,CR2_S6,CR2,S6,0,0.0,8.342,1.9,1.35,8.26,2,0,21.67
425,T10,S3_D2,S3,D2,1,207.8,6.362,1.39,1.35,9.32,1,0,26.53
426,T05,CR2_S6,CR2,S6,0,0.0,8.342,1.9,1.35,8.69,3,0,22.12
427,T03,S5_D1,S5,D1,1,191.6,6.724,1.12,1.15,11.38,1,0,19.82
428,T06,S5_D1,S5,D1,1,194.6,6.724,1.12,1.15,8.77,3,0,22.86
429,T08,CR1_S1,CR1,S1,0,0.0,8.767,0.8,1.15,0.74,3,0,20.99
430,T07,CR2_S4,CR2,S4,0,0.0,6.855,1.9,1.35,4.93,2,0,17.29
431,T05,D2_S3,D2,S3,0,0.0,6.362,1.39,1.35,3.98,6,0,26.63
432,T02,S3_CR1,S3,CR1,1,185.9,8.135,1.57,1.15,1.79,1,0,21.34
433,T09,S3_CR1,S3,CR1,1,199.7,8.135,1.57,1.15,4.05,4,0,24.86
434,T02,S5_CR1,S5,CR1,1,199.6,10.342,0.89,1.15,10.5,1,0,31.73
435,T07,D2_S4,D2,S4,0,0.0,6.638,1.49,1.35,0.54,2,1,30.77
436,T02,CR1_S2,CR1,S2,0,0.0,8.334,1.39,1.15,11.73,4,0,23.54
437,T05,D1_S1,D1,S1,0,0.0,5.834,1.12,1.15,5.36,4,0,14.31
438,T05,CR1_S2,CR1,S2,0,0.0,8.334,1.39,1.15,7.24,3,0,22.87
439,T01,CR2_S3,CR2,S3,0,0.0,6.579,1.9,1.35,9.5,2,0,19.75
440,T02,S6_CR2,S6,CR2,1,194.2,8.342,1.9,1.35,7.93,3,0,27.02
441,T09,CR1_S1,CR1,S1,0,0.0,8.767,0.8,1.15,4.94,1,0,22.65
442,T05,CR1_S1,CR1,S1,0,0.0,8.767,0.8,1.15,10.1,4,0,23.97
443,T02,D1_S1,D1,S1,0,0.0,5.834,1.12,1.15,6.77,2,0,14.3
444,T07,CR2_S4,CR2,S4,0,0.0,6.855,1.9,1.35,1.81,6,0,23.86
445,T07,S6_CR2,S6,CR2,1,220.0,8.342,1.9,1.35,3.26,2,0,29.24
446,T02,CR2_S6,CR2,S6,0,0.0,8.342,1.9,1.35,1.61,0,0,18.98
447,T01,S3_CR1,S3,CR1,1,191.8,8.135,1.57,1.15,8.75,1,1,26.15
448,T07,S1_D1,S1,D1,1,215.0,5.834,1.12,1.15,4.61,4,0,18.16
449,T03,S3_D2,S3,D2,1,194.0,6.362,1.39,1.35,1.05,0,0,26.25
450,T05,S1_CR1,S1,CR1,1,191.1,8.767,0.8,1.15,3.82,4,0,26.54
451,T06,CR2_S4,CR2,S4,0,0.0,6.855,1.9,1.35,8.32,6,1,30.4
452,T09,S4_CR2,S4,CR2,1,179.8,6.855,1.9,1.35,2.35,0,0,21.63
453,T06,D1_S1,D1,S1,0,0.0,5.834,1.12,1.15,7.82,3,1,16.23
454,T04,CR1_S1,CR1,S1,0,0.0,8.767,0.8,1.15,5.98,6,0,28.39
455,T09,CR2_S4,CR2,S4,0,0.0,6.855,1.9,1.35,8.42,3,0,18.14
456,T07,S6_CR2,S6,CR2,1,206.5,8.342,1.9,1.35,3.98,4,0,30.69
457,T04,S6_CR2,S6,CR2,1,198.3,8.342,1.9,1.35,11.63,1,0,24.97
458,T05,CR2_S6,CR2,S6,0,0.0,8.342,1.9,1.35,1.94,3,0,20.45
459,T06,D1_S5,D1,S5,0,0.0,6.724,1.12,1.15,7.78,1,0,14.76
460,T02,S4_D2,S4,D2,1,220.0,6.638,1.49,1.35,6.98,2,0,26.37
461,T03,CR1_S2,CR1,S2,0,0.0,8.334,1.39,1.15,8.81,1,0,23.12
462,T09,CR1_S5,CR1,S5,0,0.0,10.342,0.89,1.15,4.15,2,0,27.84
463,T09,D2_S4,D2,S4,0,0.0,6.638,1.49,1.35,2.07,4,0,23.22
464,T07,CR1_S2,CR1,S2,0,0.0,8.334,1.39,1.15,2.41,3,0,20.64
465,T10,S1_CR1,S1,CR1,1,180.3,8.767,0.8,1.15,7.24,4,0,27.22
466,T05,S3_CR1,S3,CR1,1,202.9,8.135,1.57,1.15,4.1,1,0,22.37
467,T02,S3_D2,S3,D2,1,190.5,6.362,1.39,1.35,1.4,0,0,25.85
468,T08,CR2_S4,CR2,S4,0,0.0,6.855,1.9,1.35,9.03,3,0,19.76
469,T07,D1_S5,D1,S5,0,0.0,6.724,1.12,1.15,2.62,3,0,15.82
470,T10,S1_D1,S1,D1,1,211.5,5.834,1.12,1.15,2.22,0,0,16.43
471,T03,S5_D1,S5,D1,1,171.8,6.724,1.12,1.15,8.0,1,0,20.17
472,T08,CR2_S3,CR2,S3,0,0.0,6.579,1.9,1.35,2.43,1,0,14.98
473,T08,CR1_S5,CR1,S5,0,0.0,10.342,0.89,1.15,10.07,1,0,29.9
474,T01,D2_S3,D2,S3,0,0.0,6.362,1.39,1.35,6.79,3,0,25.82
475,T01,CR2_S3,CR2,S3,0,0.0,6.579,1.9,1.35,11.35,2,0,19.65
476,T09,CR2_S6,CR2,S6,0,0.0,8.342,1.9,1.35,6.22,5,0,23.35
477,T07,S1_D1,S1,D1,1,196.5,5.834,1.12,1.15,3.97,4,0,18.49
478,T07,S6_CR2,S6,CR2,1,195.9,8.342,1.9,1.35,2.84,0,0,26.69
479,T06,S6_CR2,S6,CR2,1,210.6,8.342,1.9,1.35,5.7,2,0,28.16
480,T01,S6_CR2,S6,CR2,1,189.8,8.342,1.9,1.35,2.7,3,0,30.19
481,T08,S1_D1,S1,D1,1,181.8,5.834,1.12,1.15,6.26,1,0,15.8
482,T03,D2_S3,D2,S3,0,0.0,6.362,1.39,1.35,8.11,2,0,23.17
483,T01,S6_CR2,S6,CR2,1,186.3,8.342,1.9,1.35,8.03,3,0,26.15
484,T02,S5_D1,S5,D1,1,220.0,6.724,1.12,1.15,6.84,2,0,19.12
485,T01,D2_S3,D2,S3,0,0.0,6.362,1.39,1.35,6.77,6,0,24.52
486,T02,S3_CR2,S3,CR2,1,171.5,6.579,1.9,1.35,2.19,2,0,23.0
487,T04,CR1_S5,CR1,S5,0,0.0,10.342,0.89,1.15,1.54,1,1,34.07
488,T02,S6_CR2,S6,CR2,1,206.3,8.342,1.9,1.35,3.31,1,0,24.46
489,T08,S1_D1,S1,D1,1,201.6,5.834,1.12,1.15,3.55,1,0,16.65
490,T04,D2_S4,D2,S4,0,0.0,6.638,1.49,1.35,3.68,4,0,23.79
491,T09,D2_S4,D2,S4,0,0.0,6.638,1.49,1.35,3.4,2,0,20.37
492,T09,S6_CR2,S6,CR2,1,193.4,8.342,1.9,1.35,6.78,7,0,33.21
493,T06,S5_D1,S5,D1,1,167.8,6.724,1.12,1.15,10.94,0,0,17.99
494,T07,S5_CR1,S5,CR1,1,195.5,10.342,0.89,1.15,11.21,3,0,35.16
495,T04,S4_D2,S4,D2,1,220.0,6.638,1.49,1.35,8.71,1,0,24.8
496,T07,S3_CR1,S3,CR1,1,187.5,8.135,1.57,1.15,3.23,3,0,20.47
497,T06,S2_CR1,S2,CR1,1,189.9,8.334,1.39,1.15,11.48,1,0,27.84
498,T07,CR1_S5,CR1,S5,0,0.0,10.342,0.89,1.15,9.75,0,0,30.34
499,T09,CR2_S3,CR2,S3,0,0.0,6.579,1.9,1.35,9.18,1,0,17.17
500,T03,S4_D2,S4,D2,1,177.9,6.638,1.49,1.35,2.92,1,0,27.6
501,T04,D2_S3,D2,S3,0,0.0,6.362,1.39,1.35,3.95,6,0,26.62
502,T07,S2_CR1,S2,CR1,1,212.3,8.334,1.39,1.15,10.48,1,0,29.18
503,T03,S3_CR2,S3,CR2,1,193.7,6.579,1.9,1.35,9.85,3,0,26.29
504,T01,D1_S1,D1,S1,0,0.0,5.834,1.12,1.15,11.21,2,0,13.2
505,T08,D1_S1,D1,S1,0,0.0,5.834,1.12,1.15,1.35,2,0,14.14
506,T01,S3_D2,S3,D2,1,216.8,6.362,1.39,1.35,2.99,3,0,28.18
507,T09,CR1_S1,CR1,S1,0,0.0,8.767,0.8,1.15,4.43,3,0,23.42
508,T05,CR1_S3,CR1,S3,0,0.0,8.135,1.57,1.15,0.76,2,0,15.12
509,T02,D1_S5,D1,S5,0,0.0,6.724,1.12,1.15,2.35,3,0,19.93
510,T09,CR1_S2,CR1,S2,0,0.0,8.334,1.39,1.15,6.15,6,0,23.64
511,T01,S4_CR2,S4,CR2,1,188.9,6.855,1.9,1.35,10.98,2,0,23.5
512,T10,S1_CR1,S1,CR1,1,190.7,8.767,0.8,1.15,8.47,1,0,29.19
513,T01,S3_CR2,S3,CR2,1,210.0,6.579,1.9,1.35,8.99,1,0,21.44
514,T04,S6_CR2,S6,CR2,1,209.0,8.342,1.9,1.35,0.97,5,0,29.8
515,T02,S2_CR1,S2,CR1,1,187.5,8.334,1.39,1.15,9.7,2,0,27.63
516,T06,S4_CR2,S4,CR2,1,208.7,6.855,1.9,1.35,3.2,4,1,31.51
517,T08,S2_CR1,S2,CR1,1,197.4,8.334,1.39,1.15,4.36,6,0,32.93
518,T01,D1_S5,D1,S5,0,0.0,6.724,1.12,1.15,8.62,1,1,22.12
519,T06,D1_S1,D1,S1,0,0.0,5.834,1.12,1.15,10.38,0,0,12.89
520,T01,CR1_S5,CR1,S5,0,0.0,10.342,0.89,1.15,2.55,0,0,25.56
521,T03,S5_CR1,S5,CR1,1,185.4,10.342,0.89,1.15,3.47,2,0,32.3
522,T05,CR1_S1,CR1,S1,0,0.0,8.767,0.8,1.15,2.01,2,0,21.62
523,T07,CR1_S3,CR1,S3,0,0.0,8.135,1.57,1.15,9.52,1,0,17.13
524,T02,S3_D2,S3,D2,1,193.0,6.362,1.39,1.35,0.52,1,0,27.2
525,T09,S1_CR1,S1,CR1,1,220.0,8.767,0.8,1.15,5.73,8,0,33.67
526,T03,S1_CR1,S1,CR1,1,220.0,8.767,0.8,1.15,11.12,4,0,31.38
527,T02,S3_D2,S3,D2,1,209.7,6.362,1.39,1.35,7.21,4,0,26.56
528,T05,CR1_S2,CR1,S2,0,0.0,8.334,1.39,1.15,6.21,3,0,24.05
529,T08,CR1_S3,CR1,S3,0,0.0,8.135,1.57,1.15,2.43,1,0,17.42
530,T08,S3_CR1,S3,CR1,1,190.2,8.135,1.57,1.15,2.95,2,0,22.98
531,T10,S4_CR2,S4,CR2,1,190.0,6.855,1.9,1.35,3.39,0,0,19.67
532,T09,D2_S3,D2,S3,0,0.0,6.362,1.39,1.35,3.62,3,1,32.18
533,T10,S6_CR2,S6,CR2,1,220.0,8.342,1.9,1.35,3.08,1,0,26.3
534,T01,CR2_S6,CR2,S6,0,0.0,8.342,1.9,1.35,11.54,2,0,23.16
535,T08,CR2_S4,CR2,S4,0,0.0,6.855,1.9,1.35,9.15,3,0,21.38
536,T10,D1_S5,D1,S5,0,0.0,6.724,1.12,1.15,4.74,1,0,16.75
537,T07,CR1_S5,CR1,S5,0,0.0,10.342,0.89,1.15,8.99,2,0,25.09
538,T10,S1_CR1,S1,CR1,1,198.3,8.767,0.8,1.15,8.98,1,0,26.28
539,T07,CR2_S4,CR2,S4,0,0.0,6.855,1.9,1.35,6.43,5,1,22.33
540,T06,S4_D2,S4,D2,1,197.7,6.638,1.49,1.35,1.84,6,0,32.68
541,T05,S6_CR2,S6,CR2,1,210.1,8.342,1.9,1.35,7.17,5,0,28.75
542,T06,S4_CR2,S4,CR2,1,206.8,6.855,1.9,1.35,8.88,1,0,21.76
543,T06,S4_D2,S4,D2,1,220.0,6.638,1.49,1.35,10.04,4,0,29.07
544,T07,CR2_S4,CR2,S4,0,0.0,6.855,1.9,1.35,1.11,2,0,18.84
545,T10,CR1_S2,CR1,S2,0,0.0,8.334,1.39,1.15,2.1,4,0,26.21
546,T05,CR1_S1,CR1,S1,0,0.0,8.767,0.8,1.15,2.21,2,0,20.81
547,T06,CR1_S2,CR1,S2,0,0.0,8.334,1.39,1.15,2.37,2,0,21.72
548,T07,D2_S4,D2,S4,0,0.0,6.638,1.49,1.35,3.32,4,0,20.74
549,T07,CR1_S3,CR1,S3,0,0.0,8.135,1.57,1.15,6.63,4,0,18.74
550,T04,S1_CR1,S1,CR1,1,183.6,8.767,0.8,1.15,1.27,2,0,28.33
551,T05,CR2_S3,CR2,S3,0,0.0,6.579,1.9,1.35,0.74,1,1,21.03
552,T02,CR1_S1,CR1,S1,0,0.0,8.767,0.8,1.15,3.15,1,0,21.42
553,T08,D1_S5,D1,S5,0,0.0,6.724,1.12,1.15,7.85,3,0,18.41
554,T01,CR1_S2,CR1,S2,0,0.0,8.334,1.39,1.15,10.18,2,0,26.35
555,T06,CR2_S4,CR2,S4,0,0.0,6.855,1.9,1.35,11.1,0,0,17.54
556,T02,S6_CR2,S6,CR2,1,206.5,8.342,1.9,1.35,3.81,2,0,27.72
557,T07,S6_CR2,S6,CR2,1,201.0,8.342,1.9,1.35,10.33,1,0,25.87
558,T04,CR1_S5,CR1,S5,0,0.0,10.342,0.89,1.15,8.95,2,0,28.97
559,T04,S6_CR2,S6,CR2,1,181.3,8.342,1.9,1.35,10.14,2,0,25.46
560,T07,S5_D1,S5,D1,1,176.5,6.724,1.12,1.15,8.35,4,0,21.69
561,T04,D2_S3,D2,S3,0,0.0,6.362,1.39,1.35,4.1,4,0,20.09
562,T10,D1_S5,D1,S5,0,0.0,6.724,1.12,1.15,7.45,2,0,17.01
563,T06,CR2_S6,CR2,S6,0,0.0,8.342,1.9,1.35,1.19,2,0,20.97
564,T05,S1_D1,S1,D1,1,170.7,5.834,1.12,1.15,2.44,2,0,14.91
565,T10,S2_CR1,S2,CR1,1,187.1,8.334,1.39,1.15,7.68,5,0,29.74
566,T08,D2_S3,D2,S3,0,0.0,6.362,1.39,1.35,0.7,2,0,21.41
567,T04,S2_CR1,S2,CR1,1,220.0,8.334,1.39,1.15,0.2,2,0,29.37
568,T07,S5_CR1,S5,CR1,1,196.8,10.342,0.89,1.15,1.57,3,0,34.79
569,T06,S4_D2,S4,D2,1,204.3,6.638,1.49,1.35,9.57,3,0,30.82
570,T05,S4_D2,S4,D2,1,183.5,6.638,1.49,1.35,6.6,5,0,29.6
571,T04,S5_D1,S5,D1,1,191.0,6.724,1.12,1.15,10.29,1,0,17.81
572,T05,D1_S1,D1,S1,0,0.0,5.834,1.12,1.15,9.36,1,0,12.84
573,T10,CR2_S3,CR2,S3,0,0.0,6.579,1.9,1.35,5.48,1,0,17.98
574,T01,CR1_S3,CR1,S3,0,0.0,8.135,1.57,1.15,4.22,2,0,18.85
575,T03,S3_CR2,S3,CR2,1,204.8,6.579,1.9,1.35,0.56,0,0,22.66
576,T09,CR1_S2,CR1,S2,0,0.0,8.334,1.39,1.15,6.74,5,0,24.82
577,T04,S1_CR1,S1,CR1,1,194.0,8.767,0.8,1.15,11.34,0,0,29.37
578,T08,D1_S1,D1,S1,0,0.0,5.834,1.12,1.15,6.57,6,0,16.1
579,T06,S2_CR1,S2,CR1,1,212.8,8.334,1.39,1.15,8.76,1,0,30.21
580,T04,S1_D1,S1,D1,1,191.4,5.834,1.12,1.15,3.1,5,0,18.75
581,T08,S1_D1,S1,D1,1,188.5,5.834,1.12,1.15,8.8,3,0,17.11
582,T08,S3_CR2,S3,CR2,1,212.7,6.579,1.9,1.35,3.26,1,0,21.44
583,T06,S4_CR2,S4,CR2,1,200.8,6.855,1.9,1.35,2.05,2,0,25.33
584,T06,S1_D1,S1,D1,1,193.8,5.834,1.12,1.15,4.06,3,0,16.63
585,T07,D2_S4,D2,S4,0,0.0,6.638,1.49,1.35,10.14,0,0,19.91
586,T09,S4_D2,S4,D2,1,210.9,6.638,1.49,1.35,7.0,2,0,27.59
587,T07,S3_CR2,S3,CR2,1,206.4,6.579,1.9,1.35,11.6,2,0,22.97
588,T10,D2_S3,D2,S3,0,0.0,6.362,1.39,1.35,8.84,0,1,23.51
589,T10,S3_CR1,S3,CR1,1,178.8,8.135,1.57,1.15,8.53,0,0,21.8
590,T10,S4_D2,S4,D2,1,196.2,6.638,1.49,1.35,2.9,3,0,28.3
591,T06,S1_D1,S1,D1,1,185.1,5.834,1.12,1.15,2.53,1,0,14.14
592,T01,D1_S5,D1,S5,0,0.0,6.724,1.12,1.15,11.44,0,0,15.07
593,T05,S5_CR1,S5,CR1,1,203.1,10.342,0.89,1.15,1.07,3,1,43.67
594,T08,CR1_S3,CR1,S3,0,0.0,8.135,1.57,1.15,11.72,3,0,18.36
595,T10,S6_CR2,S6,CR2,1,168.8,8.342,1.9,1.35,10.3,3,0,25.23
596,T07,D1_S5,D1,S5,0,0.0,6.724,1.12,1.15,3.65,3,0,16.69
597,T05,S6_CR2,S6,CR2,1,205.2,8.342,1.9,1.35,7.32,4,0,26.93
598,T02,S4_CR2,S4,CR2,1,182.9,6.855,1.9,1.35,6.56,2,0,24.06
599,T06,CR1_S3,CR1,S3,0,0.0,8.135,1.57,1.15,2.18,2,0,17.93
600,T08,CR1_S3,CR1,S3,0,0.0,8.135,1.57,1.15,9.7,1,0,17.42
601,T03,S3_CR1,S3,CR1,1,183.3,8.135,1.57,1.15,9.68,2,0,22.72
602,T02,CR2_S3,CR2,S3,0,0.0,6.579,1.9,1.35,3.18,2,0,18.57
603,T06,S6_CR2,S6,CR2,1,220.0,8.342,1.9,1.35,5.61,5,0,29.01
604,T03,S3_CR1,S3,CR1,1,185.7,8.135,1.57,1.15,11.32,3,0,23.5
605,T06,S5_CR1,S5,CR1,1,174.6,10.342,0.89,1.15,11.97,1,0,34.85
606,T01,CR2_S6,CR2,S6,0,0.0,8.342,1.9,1.35,0.26,0,0,21.14
607,T10,S2_CR1,S2,CR1,1,170.2,8.334,1.39,1.15,9.21,2,0,28.48
608,T06,S3_CR1,S3,CR1,1,193.3,8.135,1.57,1.15,9.41,2,0,23.05
609,T01,D2_S3,D2,S3,0,0.0,6.362,1.39,1.35,4.32,5,0,25.05
610,T06,D2_S3,D2,S3,0,0.0,6.362,1.39,1.35,7.17,4,0,22.53
611,T04,CR1_S3,CR1,S3,0,0.0,8.135,1.57,1.15,10.07,2,0,18.09
612,T10,CR1_S5,CR1,S5,0,0.0,10.342,0.89,1.15,10.12,2,0,28.54
613,T05,CR2_S3,CR2,S3,0,0.0,6.579,1.9,1.35,6.99,2,1,24.74
614,T09,S1_CR1,S1,CR1,1,186.1,8.767,0.8,1.15,6.5,6,0,32.36
615,T09,CR2_S6,CR2,S6,0,0.0,8.342,1.9,1.35,3.67,2,0,23.0
616,T04,D1_S5,D1,S5,0,0.0,6.724,1.12,1.15,3.94,3,0,18.27
617,T07,S5_CR1,S5,CR1,1,210.4,10.342,0.89,1.15,11.4,1,0,34.59
618,T03,S4_CR2,S4,CR2,1,185.5,6.855,1.9,1.35,2.61,1,0,23.39
619,T05,D1_S5,D1,S5,0,0.0,6.724,1.12,1.15,10.74,3,0,16.85
620,T04,S2_CR1,S2,CR1,1,170.0,8.334,1.39,1.15,10.54,2,0,27.54
621,T03,D1_S1,D1,S1,0,0.0,5.834,1.12,1.15,5.43,4,0,16.11
622,T09,D1_S5,D1,S5,0,0.0,6.724,1.12,1.15,5.43,4,0,18.07
623,T09,D2_S4,D2,S4,0,0.0,6.638,1.49,1.35,6.45,4,0,23.93
624,T01,CR2_S6,CR2,S6,0,0.0,8.342,1.9,1.35,4.1,1,0,22.52
625,T02,S2_CR1,S2,CR1,1,187.9,8.334,1.39,1.15,10.64,1,0,26.66
626,T01,D2_S3,D2,S3,0,0.0,6.362,1.39,1.35,5.38,2,0,21.98
627,T09,S3_CR1,S3,CR1,1,181.3,8.135,1.57,1.15,10.5,2,0,21.88
628,T04,S3_D2,S3,D2,1,205.8,6.362,1.39,1.35,3.79,3,0,29.53
629,T04,D2_S3,D2,S3,0,0.0,6.362,1.39,1.35,11.99,1,0,21.53
630,T03,S3_CR1,S3,CR1,1,196.5,8.135,1.57,1.15,7.56,2,0,21.38
631,T09,D2_S4,D2,S4,0,0.0,6.638,1.49,1.35,3.26,2,0,22.13
632,T02,S1_D1,S1,D1,1,196.6,5.834,1.12,1.15,2.0,3,1,21.08
633,T06,S6_CR2,S6,CR2,1,197.1,8.342,1.9,1.35,10.12,3,0,27.1
634,T10,D1_S5,D1,S5,0,0.0,6.724,1.12,1.15,6.42,8,0,21.92
635,T08,D2_S4,D2,S4,0,0.0,6.638,1.49,1.35,1.73,0,1,26.8
636,T10,CR1_S1,CR1,S1,0,0.0,8.767,0.8,1.15,1.95,5,1,28.15
637,T05,S1_D1,S1,D1,1,191.4,5.834,1.12,1.15,5.07,5,0,18.73
638,T07,CR2_S3,CR2,S3,0,0.0,6.579,1.9,1.35,7.54,5,0,22.04
639,T06,S1_CR1,S1,CR1,1,176.7,8.767,0.8,1.15,5.76,8,0,33.92
640,T02,D1_S5,D1,S5,0,0.0,6.724,1.12,1.15,11.43,3,0,17.48
641,T09,S6_CR2,S6,CR2,1,175.2,8.342,1.9,1.35,3.63,0,0,25.47
642,T05,S6_CR2,S6,CR2,1,190.6,8.342,1.9,1.35,0.34,4,0,27.31
643,T08,S2_CR1,S2,CR1,1,207.3,8.334,1.39,1.15,9.32,3,0,27.17
644,T09,S2_CR1,S2,CR1,1,197.3,8.334,1.39,1.15,9.61,2,0,28.05
645,T03,S4_CR2,S4,CR2,1,183.0,6.855,1.9,1.35,8.43,1,0,22.13
646,T10,CR1_S5,CR1,S5,0,0.0,10.342,0.89,1.15,1.76,1,0,26.82
647,T08,D2_S4,D2,S4,0,0.0,6.638,1.49,1.35,4.42,6,0,24.58
648,T02,D1_S1,D1,S1,0,0.0,5.834,1.12,1.15,2.59,2,0,13.51
649,T04,S1_CR1,S1,CR1,1,175.7,8.767,0.8,1.15,3.28,4,0,27.11
650,T03,S6_CR2,S6,CR2,1,210.8,8.342,1.9,1.35,10.84,3,0,27.04
651,T07,S1_CR1,S1,CR1,1,179.1,8.767,0.8,1.15,6.44,3,0,30.19
652,T08,S6_CR2,S6,CR2,1,217.0,8.342,1.9,1.35,0.38,0,0,26.7
653,T08,D2_S4,D2,S4,0,0.0,6.638,1.49,1.35,8.03,2,1,31.46
654,T02,D2_S3,D2,S3,0,0.0,6.362,1.39,1.35,10.5,0,0,20.84
655,T03,S3_D2,S3,D2,1,182.8,6.362,1.39,1.35,2.8,2,0,25.71
656,T01,D2_S4,D2,S4,0,0.0,6.638,1.49,1.35,5.44,3,0,23.23
657,T06,CR2_S6,CR2,S6,0,0.0,8.342,1.9,1.35,6.35,5,0,25.51
658,T01,S4_D2,S4,D2,1,197.1,6.638,1.49,1.35,11.01,5,0,28.62
659,T05,D2_S3,D2,S3,0,0.0,6.362,1.39,1.35,8.27,2,0,22.79
660,T09,D2_S4,D2,S4,0,0.0,6.638,1.49,1.35,3.95,1,0,22.51
661,T10,S5_D1,S5,D1,1,181.1,6.724,1.12,1.15,0.25,2,0,21.64
662,T10,CR2_S6,CR2,S6,0,0.0,8.342,1.9,1.35,8.2,2,0,21.05
663,T09,S4_D2,S4,D2,1,171.3,6.638,1.49,1.35,1.48,0,0,25.84
664,T04,D1_S1,D1,S1,0,0.0,5.834,1.12,1.15,6.54,6,0,17.08
665,T02,S1_D1,S1,D1,1,204.3,5.834,1.12,1.15,1.82,1,0,14.77
666,T08,D1_S1,D1,S1,0,0.0,5.834,1.12,1.15,1.23,4,0,14.96
667,T07,S4_CR2,S4,CR2,1,186.6,6.855,1.9,1.35,6.15,5,0,26.44
668,T05,S5_D1,S5,D1,1,193.8,6.724,1.12,1.15,11.08,0,0,21.63
669,T08,CR1_S2,CR1,S2,0,0.0,8.334,1.39,1.15,0.74,1,0,20.07
670,T07,S1_D1,S1,D1,1,210.2,5.834,1.12,1.15,3.35,1,0,13.8
671,T08,S4_D2,S4,D2,1,206.8,6.638,1.49,1.35,5.99,2,1,33.35
672,T10,S3_CR1,S3,CR1,1,189.4,8.135,1.57,1.15,1.21,2,0,21.65
673,T04,S2_CR1,S2,CR1,1,209.6,8.334,1.39,1.15,9.21,3,0,29.41
674,T09,CR1_S2,CR1,S2,0,0.0,8.334,1.39,1.15,9.27,2,0,23.54
675,T02,S3_CR1,S3,CR1,1,204.7,8.135,1.57,1.15,2.28,1,0,21.93
676,T08,CR1_S3,CR1,S3,0,0.0,8.135,1.57,1.15,11.83,4,0,20.33
677,T09,S2_CR1,S2,CR1,1,189.4,8.334,1.39,1.15,4.69,2,0,23.55
678,T09,D2_S3,D2,S3,0,0.0,6.362,1.39,1.35,2.25,0,0,20.54
679,T01,S1_D1,S1,D1,1,190.2,5.834,1.12,1.15,3.93,1,1,22.17
680,T06,D2_S3,D2,S3,0,0.0,6.362,1.39,1.35,1.45,1,0,21.33
681,T02,CR1_S3,CR1,S3,0,0.0,8.135,1.57,1.15,1.17,2,0,18.8
682,T08,S1_CR1,S1,CR1,1,203.7,8.767,0.8,1.15,7.28,4,0,32.51
683,T07,S3_CR1,S3,CR1,1,196.3,8.135,1.57,1.15,1.02,5,0,22.62
684,T08,CR2_S6,CR2,S6,0,0.0,8.342,1.9,1.35,8.69,3,0,21.53
685,T05,CR1_S1,CR1,S1,0,0.0,8.767,0.8,1.15,6.31,5,0,22.22
686,T08,S5_D1,S5,D1,1,198.7,6.724,1.12,1.15,8.49,1,0,19.34
687,T05,CR2_S3,CR2,S3,0,0.0,6.579,1.9,1.35,8.02,3,0,18.04
688,T08,CR2_S6,CR2,S6,0,0.0,8.342,1.9,1.35,8.94,1,0,20.4
689,T08,S2_CR1,S2,CR1,1,215.2,8.334,1.39,1.15,9.89,1,0,29.34
690,T02,S1_CR1,S1,CR1,1,201.2,8.767,0.8,1.15,5.36,5,0,29.97
691,T05,S6_CR2,S6,CR2,1,174.5,8.342,1.9,1.35,9.61,2,0,28.52
692,T09,S3_CR2,S3,CR2,1,201.4,6.579,1.9,1.35,8.13,4,0,23.12
693,T01,S1_D1,S1,D1,1,191.1,5.834,1.12,1.15,7.54,4,0,16.18
694,T02,CR2_S6,CR2,S6,0,0.0,8.342,1.9,1.35,1.69,3,0,25.3
695,T09,D1_S1,D1,S1,0,0.0,5.834,1.12,1.15,11.52,2,0,11.61
696,T09,CR1_S2,CR1,S2,0,0.0,8.334,1.39,1.15,0.57,2,0,20.04
697,T02,S5_CR1,S5,CR1,1,176.3,10.342,0.89,1.15,9.14,3,0,32.46
698,T08,D2_S3,D2,S3,0,0.0,6.362,1.39,1.35,9.2,2,0,21.84
699,T04,CR2_S4,CR2,S4,0,0.0,6.855,1.9,1.35,0.91,4,0,19.31
700,T02,S1_D1,S1,D1,1,207.8,5.834,1.12,1.15,2.38,2,0,17.06
701,T03,S5_CR1,S5,CR1,1,171.7,10.342,0.89,1.15,1.14,0,0,31.28
702,T01,CR1_S3,CR1,S3,0,0.0,8.135,1.57,1.15,8.22,7,0,21.7
703,T04,CR1_S2,CR1,S2,0,0.0,8.334,1.39,1.15,8.72,1,0,24.51
704,T04,S3_CR1,S3,CR1,1,204.7,8.135,1.57,1.15,7.46,5,0,23.51
705,T07,D2_S3,D2,S3,0,0.0,6.362,1.39,1.35,10.04,1,0,20.63
706,T07,CR2_S6,CR2,S6,0,0.0,8.342,1.9,1.35,2.86,3,0,23.67
707,T07,S1_CR1,S1,CR1,1,195.4,8.767,0.8,1.15,11.8,1,0,28.56
708,T02,S1_D1,S1,D1,1,168.9,5.834,1.12,1.15,8.2,0,0,15.06
709,T05,S5_CR1,S5,CR1,1,201.8,10.342,0.89,1.15,11.77,1,0,32.18
710,T08,S4_D2,S4,D2,1,203.0,6.638,1.49,1.35,8.76,1,0,25.83
711,T06,CR1_S3,CR1,S3,0,0.0,8.135,1.57,1.15,0.11,0,0,16.42
712,T01,S4_CR2,S4,CR2,1,193.5,6.855,1.9,1.35,7.28,4,0,26.37
713,T09,S1_D1,S1,D1,1,207.0,5.834,1.12,1.15,9.0,2,0,15.48
714,T09,CR2_S6,CR2,S6,0,0.0,8.342,1.9,1.35,3.42,1,0,21.61
715,T09,CR1_S1,CR1,S1,0,0.0,8.767,0.8,1.15,6.92,3,0,25.16
716,T01,S5_CR1,S5,CR1,1,201.9,10.342,0.89,1.15,3.25,5,0,37.02
717,T01,S6_CR2,S6,CR2,1,191.6,8.342,1.9,1.35,3.62,3,0,30.56
718,T07,CR1_S5,CR1,S5,0,0.0,10.342,0.89,1.15,6.4,4,0,30.28
719,T06,S6_CR2,S6,CR2,1,195.9,8.342,1.9,1.35,0.69,4,0,29.35
720,T02,D1_S5,D1,S5,0,0.0,6.724,1.12,1.15,9.35,3,0,15.63
721,T10,S5_CR1,S5,CR1,1,214.4,10.342,0.89,1.15,6.59,4,0,35.19
722,T07,CR1_S1,CR1,S1,0,0.0,8.767,0.8,1.15,9.08,3,0,24.96
723,T06,S3_D2,S3,D2,1,201.4,6.362,1.39,1.35,10.38,1,0,24.11
724,T05,CR2_S3,CR2,S3,0,0.0,6.579,1.9,1.35,8.75,3,0,19.17
725,T08,CR1_S2,CR1,S2,0,0.0,8.334,1.39,1.15,3.98,2,0,21.8
726,T03,S6_CR2,S6,CR2,1,206.0,8.342,1.9,1.35,7.29,2,0,27.91
727,T10,S4_CR2,S4,CR2,1,202.9,6.855,1.9,1.35,6.2,4,0,24.35
728,T07,CR2_S3,CR2,S3,0,0.0,6.579,1.9,1.35,8.89,3,0,21.32
729,T10,S5_CR1,S5,CR1,1,172.6,10.342,0.89,1.15,5.51,6,0,35.27
730,T06,S4_CR2,S4,CR2,1,179.8,6.855,1.9,1.35,5.62,4,0,26.11
731,T04,CR1_S5,CR1,S5,0,0.0,10.342,0.89,1.15,1.08,3,0,26.55
732,T09,S6_CR2,S6,CR2,1,188.2,8.342,1.9,1.35,11.33,0,0,26.0
733,T07,S5_CR1,S5,CR1,1,180.5,10.342,0.89,1.15,5.73,5,0,35.35
734,T02,CR2_S4,CR2,S4,0,0.0,6.855,1.9,1.35,5.4,5,0,21.0
735,T03,S3_CR2,S3,CR2,1,220.0,6.579,1.9,1.35,6.24,5,0,28.31
736,T01,CR1_S5,CR1,S5,0,0.0,10.342,0.89,1.15,1.88,0,0,24.18
737,T07,S5_CR1,S5,CR1,1,198.9,10.342,0.89,1.15,6.63,7,0,35.6
738,T10,D2_S3,D2,S3,0,0.0,6.362,1.39,1.35,2.26,1,0,22.44
739,T01,S2_CR1,S2,CR1,1,216.9,8.334,1.39,1.15,9.82,3,0,29.14
740,T10,S4_CR2,S4,CR2,1,193.3,6.855,1.9,1.35,1.57,4,0,27.05
741,T05,D1_S5,D1,S5,0,0.0,6.724,1.12,1.15,2.58,2,0,17.56
742,T05,CR2_S4,CR2,S4,0,0.0,6.855,1.9,1.35,11.02,2,0,18.76
743,T01,S4_CR2,S4,CR2,1,189.7,6.855,1.9,1.35,5.39,2,0,21.48
744,T03,S1_D1,S1,D1,1,211.4,5.834,1.12,1.15,3.3,2,0,14.87
745,T05,CR2_S3,CR2,S3,0,0.0,6.579,1.9,1.35,6.39,3,0,18.76
746,T10,D1_S5,D1,S5,0,0.0,6.724,1.12,1.15,3.94,2,0,16.87
747,T02,S3_CR1,S3,CR1,1,184.4,8.135,1.57,1.15,3.86,4,0,24.07
748,T09,S4_CR2,S4,CR2,1,208.9,6.855,1.9,1.35,11.16,4,0,24.76
749,T09,S1_D1,S1,D1,1,200.3,5.834,1.12,1.15,9.15,2,0,17.28
750,T05,S5_D1,S5,D1,1,198.1,6.724,1.12,1.15,4.56,3,0,22.39
751,T10,D1_S1,D1,S1,0,0.0,5.834,1.12,1.15,6.79,1,0,13.5
752,T10,CR1_S3,CR1,S3,0,0.0,8.135,1.57,1.15,7.85,2,0,18.57
753,T01,S5_D1,S5,D1,1,215.6,6.724,1.12,1.15,3.67,2,0,20.03
754,T04,S4_D2,S4,D2,1,185.0,6.638,1.49,1.35,10.9,0,0,26.82
755,T01,D2_S3,D2,S3,0,0.0,6.362,1.39,1.35,7.7,2,0,24.44
756,T09,S6_CR2,S6,CR2,1,184.3,8.342,1.9,1.35,7.93,2,0,29.31
757,T04,D1_S1,D1,S1,0,0.0,5.834,1.12,1.15,9.25,0,0,10.12
758,T01,S1_CR1,S1,CR1,1,187.7,8.767,0.8,1.15,5.15,2,0,29.99
759,T01,D1_S5,D1,S5,0,0.0,6.724,1.12,1.15,8.33,2,0,17.75
760,T10,S4_CR2,S4,CR2,1,203.4,6.855,1.9,1.35,9.97,2,0,22.36
761,T04,S3_CR2,S3,CR2,1,183.3,6.579,1.9,1.35,3.36,2,0,23.07
762,T09,S4_D2,S4,D2,1,185.3,6.638,1.49,1.35,6.61,5,0,27.78
763,T09,CR2_S3,CR2,S3,0,0.0,6.579,1.9,1.35,3.11,5,0,20.92
764,T01,CR2_S4,CR2,S4,0,0.0,6.855,1.9,1.35,7.09,1,0,18.38
765,T02,CR2_S6,CR2,S6,0,0.0,8.342,1.9,1.35,2.46,4,0,22.98
766,T07,D2_S3,D2,S3,0,0.0,6.362,1.39,1.35,9.63,4,0,23.09
767,T04,S3_D2,S3,D2,1,200.1,6.362,1.39,1.35,0.41,1,0,24.98
768,T01,CR2_S6,CR2,S6,0,0.0,8.342,1.9,1.35,0.89,1,0,18.81
769,T06,S4_D2,S4,D2,1,192.4,6.638,1.49,1.35,3.09,2,1,35.42
770,T02,S3_D2,S3,D2,1,219.4,6.362,1.39,1.35,5.43,1,0,26.36
771,T07,S3_D2,S3,D2,1,201.1,6.362,1.39,1.35,0.11,2,0,26.89
772,T04,S3_CR2,S3,CR2,1,202.3,6.579,1.9,1.35,4.99,4,0,24.49
773,T06,S3_D2,S3,D2,1,197.8,6.362,1.39,1.35,6.86,4,0,28.22
774,T09,S4_D2,S4,D2,1,175.6,6.638,1.49,1.35,9.03,4,0,28.71
775,T08,S5_CR1,S5,CR1,1,207.9,10.342,0.89,1.15,7.87,2,0,35.65
776,T03,CR1_S3,CR1,S3,0,0.0,8.135,1.57,1.15,6.07,2,0,18.38
777,T05,S4_CR2,S4,CR2,1,186.5,6.855,1.9,1.35,3.82,3,0,19.91
778,T10,CR1_S3,CR1,S3,0,0.0,8.135,1.57,1.15,9.07,3,0,18.28
779,T09,S1_D1,S1,D1,1,186.1,5.834,1.12,1.15,4.77,3,0,19.23
780,T07,S2_CR1,S2,CR1,1,169.0,8.334,1.39,1.15,6.02,4,0,32.0
781,T07,CR1_S2,CR1,S2,0,0.0,8.334,1.39,1.15,1.57,4,0,23.38
782,T05,S1_D1,S1,D1,1,183.9,5.834,1.12,1.15,4.6,3,0,17.46
783,T01,S4_D2,S4,D2,1,179.3,6.638,1.49,1.35,11.25,3,0,27.88
784,T02,S5_CR1,S5,CR1,1,204.2,10.342,0.89,1.15,0.55,2,0,34.89
785,T05,CR2_S6,CR2,S6,0,0.0,8.342,1.9,1.35,10.87,0,0,21.56
786,T06,CR1_S3,CR1,S3,0,0.0,8.135,1.57,1.15,0.67,2,0,18.8
787,T06,S4_CR2,S4,CR2,1,191.7,6.855,1.9,1.35,3.85,1,1,27.01
788,T10,S1_CR1,S1,CR1,1,189.5,8.767,0.8,1.15,8.04,0,0,26.43
789,T01,S3_CR1,S3,CR1,1,158.9,8.135,1.57,1.15,1.51,0,0,19.01
790,T09,S1_CR1,S1,CR1,1,220.0,8.767,0.8,1.15,7.27,1,0,25.68
791,T03,S4_D2,S4,D2,1,202.8,6.638,1.49,1.35,11.13,4,0,30.76
792,T02,S4_D2,S4,D2,1,220.0,6.638,1.49,1.35,7.84,4,0,27.94
793,T04,S2_CR1,S2,CR1,1,198.2,8.334,1.39,1.15,8.57,2,0,26.76
794,T01,CR1_S3,CR1,S3,0,0.0,8.135,1.57,1.15,8.02,3,0,19.26
795,T03,S3_D2,S3,D2,1,205.5,6.362,1.39,1.35,2.27,1,0,25.21
796,T06,S5_D1,S5,D1,1,195.4,6.724,1.12,1.15,9.96,2,0,19.37
797,T10,D1_S5,D1,S5,0,0.0,6.724,1.12,1.15,8.11,3,0,16.65
798,T05,D1_S5,D1,S5,0,0.0,6.724,1.12,1.15,8.47,1,0,16.57
799,T10,CR1_S1,CR1,S1,0,0.0,8.767,0.8,1.15,5.76,4,0,23.44
800,T09,S6_CR2,S6,CR2,1,198.9,8.342,1.9,1.35,1.45,0,0,28.14
801,T05,S1_D1,S1,D1,1,169.4,5.834,1.12,1.15,5.17,4,0,19.92
802,T07,S4_CR2,S4,CR2,1,180.8,6.855,1.9,1.35,9.75,1,0,23.75
803,T10,D1_S5,D1,S5,0,0.0,6.724,1.12,1.15,4.85,4,0,16.84
804,T08,CR1_S2,CR1,S2,0,0.0,8.334,1.39,1.15,5.36,4,0,24.57
805,T10,S3_D2,S3,D2,1,187.9,6.362,1.39,1.35,8.28,2,0,26.85
806,T01,D2_S4,D2,S4,0,0.0,6.638,1.49,1.35,2.59,1,0,20.48
807,T10,S2_CR1,S2,CR1,1,212.1,8.334,1.39,1.15,0.07,0,0,26.53
808,T09,CR1_S2,CR1,S2,0,0.0,8.334,1.39,1.15,5.41,7,0,29.75
809,T07,S3_D2,S3,D2,1,188.1,6.362,1.39,1.35,3.49,6,0,32.5
810,T04,S1_D1,S1,D1,1,197.5,5.834,1.12,1.15,7.37,2,0,13.87
811,T04,CR2_S3,CR2,S3,0,0.0,6.579,1.9,1.35,1.68,1,0,18.51
812,T08,CR1_S1,CR1,S1,0,0.0,8.767,0.8,1.15,8.71,0,0,22.06
813,T01,S3_CR1,S3,CR1,1,189.8,8.135,1.57,1.15,11.49,4,0,23.84
814,T07,S3_CR1,S3,CR1,1,175.2,8.135,1.57,1.15,10.4,4,0,24.17
815,T07,D1_S5,D1,S5,0,0.0,6.724,1.12,1.15,10.6,1,0,15.02
816,T09,D2_S4,D2,S4,0,0.0,6.638,1.49,1.35,9.85,1,0,21.09
817,T03,CR2_S3,CR2,S3,0,0.0,6.579,1.9,1.35,6.72,6,0,21.46
818,T05,S3_D2,S3,D2,1,192.8,6.362,1.39,1.35,5.91,1,0,24.69
819,T04,S3_CR2,S3,CR2,1,205.3,6.579,1.9,1.35,9.26,4,0,24.41
820,T08,S2_CR1,S2,CR1,1,197.5,8.334,1.39,1.15,6.01,5,0,28.75
821,T01,CR2_S6,CR2,S6,0,0.0,8.342,1.9,1.35,7.97,2,0,23.03
822,T01,CR2_S3,CR2,S3,0,0.0,6.579,1.9,1.35,3.58,3,0,17.21
823,T09,D2_S3,D2,S3,0,0.0,6.362,1.39,1.35,4.45,5,0,22.93
824,T02,S3_CR1,S3,CR1,1,220.0,8.135,1.57,1.15,8.7,3,1,33.08
825,T07,D2_S4,D2,S4,0,0.0,6.638,1.49,1.35,6.96,4,0,21.95
826,T01,CR2_S6,CR2,S6,0,0.0,8.342,1.9,1.35,3.76,2,0,19.58
827,T09,S3_CR1,S3,CR1,1,186.8,8.135,1.57,1.15,11.65,3,0,25.3
828,T09,S3_CR2,S3,CR2,1,197.9,6.579,1.9,1.35,4.87,2,0,24.71
829,T04,CR1_S1,CR1,S1,0,0.0,8.767,0.8,1.15,4.27,3,0,23.99
830,T01,CR1_S1,CR1,S1,0,0.0,8.767,0.8,1.15,9.35,0,0,23.07
831,T07,S4_D2,S4,D2,1,199.4,6.638,1.49,1.35,2.28,0,0,25.97
832,T08,S3_CR1,S3,CR1,1,192.1,8.135,1.57,1.15,3.59,2,0,21.19
833,T03,S4_CR2,S4,CR2,1,212.6,6.855,1.9,1.35,11.84,3,0,26.21
834,T03,S5_CR1,S5,CR1,1,220.0,10.342,0.89,1.15,3.27,2,0,32.81
835,T05,CR1_S2,CR1,S2,0,0.0,8.334,1.39,1.15,6.99,4,0,24.84
836,T09,S3_CR1,S3,CR1,1,196.0,8.135,1.57,1.15,8.34,2,0,20.94
837,T06,S5_D1,S5,D1,1,184.8,6.724,1.12,1.15,3.35,1,0,17.76
838,T07,CR1_S1,CR1,S1,0,0.0,8.767,0.8,1.15,5.11,3,0,23.56
839,T05,S1_D1,S1,D1,1,181.9,5.834,1.12,1.15,6.51,2,0,16.55
840,T02,S1_D1,S1,D1,1,184.2,5.834,1.12,1.15,7.98,1,0,14.68
841,T04,S3_CR2,S3,CR2,1,210.9,6.579,1.9,1.35,5.34,1,0,22.37
842,T09,S3_CR2,S3,CR2,1,179.1,6.579,1.9,1.35,10.67,4,0,26.01
843,T01,S5_CR1,S5,CR1,1,196.8,10.342,0.89,1.15,7.5,2,0,37.95
844,T10,D2_S3,D2,S3,0,0.0,6.362,1.39,1.35,11.08,2,0,22.18
845,T05,CR1_S1,CR1,S1,0,0.0,8.767,0.8,1.15,7.59,3,0,23.79
846,T07,S1_CR1,S1,CR1,1,212.7,8.767,0.8,1.15,4.7,4,0,30.93
847,T05,S1_CR1,S1,CR1,1,207.7,8.767,0.8,1.15,0.45,0,0,25.79
848,T01,D2_S4,D2,S4,0,0.0,6.638,1.49,1.35,3.08,0,0,20.06
849,T02,S1_D1,S1,D1,1,192.6,5.834,1.12,1.15,2.76,3,0,16.17
850,T04,S4_D2,S4,D2,1,220.0,6.638,1.49,1.35,6.68,5,0,30.26
851,T09,D1_S5,D1,S5,0,0.0,6.724,1.12,1.15,10.52,1,0,15.17
852,T04,S2_CR1,S2,CR1,1,217.9,8.334,1.39,1.15,5.27,3,0,27.03
853,T09,S3_CR2,S3,CR2,1,194.8,6.579,1.9,1.35,3.64,3,0,22.1
854,T09,S4_CR2,S4,CR2,1,187.9,6.855,1.9,1.35,2.36,0,0,20.98
855,T06,S5_CR1,S5,CR1,1,178.5,10.342,0.89,1.15,7.2,5,0,35.34
856,T03,CR1_S3,CR1,S3,0,0.0,8.135,1.57,1.15,8.96,0,0,14.63
857,T07,S6_CR2,S6,CR2,1,187.4,8.342,1.9,1.35,4.73,2,0,28.25
858,T10,S2_CR1,S2,CR1,1,188.1,8.334,1.39,1.15,10.19,2,0,23.18
859,T08,S1_CR1,S1,CR1,1,184.1,8.767,0.8,1.15,9.64,0,0,25.54
860,T07,D2_S3,D2,S3,0,0.0,6.362,1.39,1.35,9.55,3,0,24.02
861,T04,S6_CR2,S6,CR2,1,178.2,8.342,1.9,1.35,1.37,3,0,27.11
862,T06,S3_CR1,S3,CR1,1,202.5,8.135,1.57,1.15,3.89,1,0,20.39
863,T07,S3_D2,S3,D2,1,182.9,6.362,1.39,1.35,5.7,4,0,31.4
864,T07,S1_D1,S1,D1,1,206.6,5.834,1.12,1.15,3.35,1,0,17.41
865,T10,S4_CR2,S4,CR2,1,200.4,6.855,1.9,1.35,0.46,2,0,22.73
866,T09,S1_D1,S1,D1,1,196.3,5.834,1.12,1.15,10.74,2,0,15.13
867,T04,S3_CR2,S3,CR2,1,195.9,6.579,1.9,1.35,9.09,2,0,21.92
868,T05,CR2_S3,CR2,S3,0,0.0,6.579,1.9,1.35,3.88,3,0,20.6
869,T01,CR2_S4,CR2,S4,0,0.0,6.855,1.9,1.35,7.3,4,0,19.42
870,T04,D1_S1,D1,S1,0,0.0,5.834,1.12,1.15,9.08,2,0,14.15
871,T04,S4_D2,S4,D2,1,176.4,6.638,1.49,1.35,8.12,5,0,30.74
872,T02,CR2_S3,CR2,S3,0,0.0,6.579,1.9,1.35,4.93,3,0,19.13
873,T06,S1_D1,S1,D1,1,211.8,5.834,1.12,1.15,2.95,0,0,14.47
874,T05,CR2_S3,CR2,S3,0,0.0,6.579,1.9,1.35,6.4,4,0,19.96
875,T01,S3_D2,S3,D2,1,191.7,6.362,1.39,1.35,8.53,1,0,23.76
876,T09,S1_D1,S1,D1,1,177.5,5.834,1.12,1.15,5.77,4,0,17.14
877,T06,CR1_S1,CR1,S1,0,0.0,8.767,0.8,1.15,5.77,4,0,25.93
878,T04,CR1_S1,CR1,S1,0,0.0,8.767,0.8,1.15,8.76,5,0,26.17
879,T10,D2_S3,D2,S3,0,0.0,6.362,1.39,1.35,6.37,3,0,23.4
880,T09,S4_CR2,S4,CR2,1,172.5,6.855,1.9,1.35,3.84,3,0,24.96
881,T02,CR1_S5,CR1,S5,0,0.0,10.342,0.89,1.15,11.45,3,0,29.4
882,T09,CR2_S6,CR2,S6,0,0.0,8.342,1.9,1.35,1.51,1,0,22.84
883,T10,S1_D1,S1,D1,1,182.4,5.834,1.12,1.15,2.06,2,0,15.05
884,T09,CR1_S2,CR1,S2,0,0.0,8.334,1.39,1.15,2.8,5,0,26.41
885,T08,D1_S5,D1,S5,0,0.0,6.724,1.12,1.15,4.85,3,0,16.99
886,T10,S3_D2,S3,D2,1,200.2,6.362,1.39,1.35,3.03,2,0,26.44
887,T09,CR1_S1,CR1,S1,0,0.0,8.767,0.8,1.15,4.62,3,0,24.52
888,T02,S4_D2,S4,D2,1,172.8,6.638,1.49,1.35,0.63,2,0,25.07
889,T01,CR1_S5,CR1,S5,0,0.0,10.342,0.89,1.15,2.88,4,1,38.07
890,T10,S5_CR1,S5,CR1,1,177.6,10.342,0.89,1.15,2.46,1,1,37.78
891,T10,S4_D2,S4,D2,1,200.4,6.638,1.49,1.35,4.21,5,0,29.27
892,T05,CR2_S6,CR2,S6,0,0.0,8.342,1.9,1.35,5.22,8,0,25.43
893,T09,CR2_S3,CR2,S3,0,0.0,6.579,1.9,1.35,11.14,1,0,17.08
894,T07,CR2_S3,CR2,S3,0,0.0,6.579,1.9,1.35,11.71,2,0,18.43
895,T06,S5_D1,S5,D1,1,209.4,6.724,1.12,1.15,7.55,3,0,22.47
896,T01,S3_D2,S3,D2,1,178.4,6.362,1.39,1.35,7.09,4,0,30.09
897,T09,D2_S3,D2,S3,0,0.0,6.362,1.39,1.35,3.02,3,0,21.25
898,T08,S5_CR1,S5,CR1,1,216.4,10.342,0.89,1.15,0.75,2,0,32.06
899,T10,S4_D2,S4,D2,1,201.7,6.638,1.49,1.35,4.78,0,0,27.04
900,T10,CR2_S3,CR2,S3,0,0.0,6.579,1.9,1.35,0.89,3,0,17.7
901,T06,S2_CR1,S2,CR1,1,195.9,8.334,1.39,1.15,2.49,0,0,26.64
902,T10,S3_D2,S3,D2,1,198.4,6.362,1.39,1.35,9.17,8,0,30.22
903,T05,CR2_S4,CR2,S4,0,0.0,6.855,1.9,1.35,0.71,0,0,17.91
904,T06,S5_D1,S5,D1,1,164.5,6.724,1.12,1.15,9.9,0,0,19.09
905,T07,S3_CR1,S3,CR1,1,211.7,8.135,1.57,1.15,9.64,4,0,23.99
906,T04,S5_D1,S5,D1,1,202.7,6.724,1.12,1.15,10.56,0,0,19.81
907,T09,S3_CR2,S3,CR2,1,193.9,6.579,1.9,1.35,5.88,8,1,38.98
908,T03,S4_D2,S4,D2,1,214.9,6.638,1.49,1.35,7.42,1,0,28.79
909,T02,D2_S4,D2,S4,0,0.0,6.638,1.49,1.35,4.66,2,0,21.26
910,T09,S6_CR2,S6,CR2,1,202.4,8.342,1.9,1.35,10.23,1,0,24.95
911,T04,CR2_S4,CR2,S4,0,0.0,6.855,1.9,1.35,1.08,1,0,19.13
912,T10,CR1_S3,CR1,S3,0,0.0,8.135,1.57,1.15,4.29,3,0,19.06
913,T01,CR2_S6,CR2,S6,0,0.0,8.342,1.9,1.35,5.45,1,0,18.27
914,T09,CR1_S2,CR1,S2,0,0.0,8.334,1.39,1.15,11.77,2,1,30.75
915,T06,S2_CR1,S2,CR1,1,187.4,8.334,1.39,1.15,7.56,5,0,26.23
916,T09,S4_CR2,S4,CR2,1,154.4,6.855,1.9,1.35,2.3,3,0,23.96
917,T03,CR2_S3,CR2,S3,0,0.0,6.579,1.9,1.35,2.16,3,0,18.88
918,T07,S6_CR2,S6,CR2,1,200.1,8.342,1.9,1.35,11.34,1,0,26.35
919,T06,S6_CR2,S6,CR2,1,199.5,8.342,1.9,1.35,10.82,3,0,24.97
920,T06,S1_CR1,S1,CR1,1,197.8,8.767,0.8,1.15,0.27,0,1,39.21
921,T04,S1_CR1,S1,CR1,1,212.6,8.767,0.8,1.15,9.38,1,0,27.43
922,T02,S6_CR2,S6,CR2,1,181.0,8.342,1.9,1.35,0.43,1,1,35.82
923,T03,CR1_S2,CR1,S2,0,0.0,8.334,1.39,1.15,5.12,1,0,22.74
924,T08,S3_D2,S3,D2,1,205.3,6.362,1.39,1.35,7.98,2,0,27.63
925,T02,S4_D2,S4,D2,1,202.8,6.638,1.49,1.35,8.55,2,0,25.49
926,T04,S2_CR1,S2,CR1,1,212.9,8.334,1.39,1.15,5.43,3,1,36.04
927,T09,S5_D1,S5,D1,1,211.1,6.724,1.12,1.15,10.91,0,0,20.86
928,T07,S3_CR1,S3,CR1,1,165.6,8.135,1.57,1.15,1.64,5,0,24.64
929,T05,CR1_S2,CR1,S2,0,0.0,8.334,1.39,1.15,6.16,3,0,23.78
930,T09,S3_D2,S3,D2,1,184.5,6.362,1.39,1.35,4.87,2,0,26.72
931,T09,S5_D1,S5,D1,1,200.7,6.724,1.12,1.15,8.21,2,0,19.55
932,T06,D1_S5,D1,S5,0,0.0,6.724,1.12,1.15,2.1,1,0,15.46
933,T04,S4_CR2,S4,CR2,1,212.8,6.855,1.9,1.35,3.53,1,0,20.77
934,T08,S4_D2,S4,D2,1,189.6,6.638,1.49,1.35,9.31,3,0,28.57
935,T06,S6_CR2,S6,CR2,1,199.5,8.342,1.9,1.35,6.36,6,0,33.59
936,T02,S3_D2,S3,D2,1,194.6,6.362,1.39,1.35,1.86,1,0,25.22
937,T10,S1_D1,S1,D1,1,213.0,5.834,1.12,1.15,0.24,3,0,17.13
938,T05,D1_S5,D1,S5,0,0.0,6.724,1.12,1.15,10.74,5,0,17.77
939,T05,CR1_S2,CR1,S2,0,0.0,8.334,1.39,1.15,3.18,3,0,21.3
940,T03,S4_CR2,S4,CR2,1,179.9,6.855,1.9,1.35,5.29,6,0,26.49
941,T03,CR1_S5,CR1,S5,0,0.0,10.342,0.89,1.15,11.53,0,0,25.68
942,T03,CR2_S3,CR2,S3,0,0.0,6.579,1.9,1.35,6.15,2,0,19.0
943,T03,S4_D2,S4,D2,1,177.7,6.638,1.49,1.35,0.11,2,0,27.44
944,T09,CR1_S2,CR1,S2,0,0.0,8.334,1.39,1.15,7.78,3,0,21.85
945,T02,CR2_S3,CR2,S3,0,0.0,6.579,1.9,1.35,7.53,6,0,19.06
946,T09,D2_S3,D2,S3,0,0.0,6.362,1.39,1.35,5.12,8,0,27.59
947,T04,S4_D2,S4,D2,1,205.0,6.638,1.49,1.35,2.58,1,0,25.09
948,T03,CR1_S5,CR1,S5,0,0.0,10.342,0.89,1.15,3.38,2,0,28.81
949,T05,CR2_S6,CR2,S6,0,0.0,8.342,1.9,1.35,5.18,2,0,22.42
950,T09,D1_S5,D1,S5,0,0.0,6.724,1.12,1.15,9.33,2,0,16.01
951,T05,D1_S5,D1,S5,0,0.0,6.724,1.12,1.15,5.9,1,0,16.61
952,T06,CR2_S6,CR2,S6,0,0.0,8.342,1.9,1.35,6.46,3,0,23.73
953,T03,S5_D1,S5,D1,1,183.5,6.724,1.12,1.15,3.34,3,0,21.2
954,T05,S3_D2,S3,D2,1,187.6,6.362,1.39,1.35,8.79,0,0,20.57
955,T02,D2_S3,D2,S3,0,0.0,6.362,1.39,1.35,0.69,1,0,20.01
956,T04,S1_CR1,S1,CR1,1,190.9,8.767,0.8,1.15,1.89,2,0,31.28
957,T07,D1_S5,D1,S5,0,0.0,6.724,1.12,1.15,2.63,1,0,16.38
958,T04,D2_S3,D2,S3,0,0.0,6.362,1.39,1.35,1.04,0,0,19.91
959,T06,S5_CR1,S5,CR1,1,191.2,10.342,0.89,1.15,6.92,3,0,34.16
960,T05,S1_CR1,S1,CR1,1,205.5,8.767,0.8,1.15,7.0,2,0,26.42
961,T02,CR1_S5,CR1,S5,0,0.0,10.342,0.89,1.15,11.04,0,0,27.5
962,T09,CR1_S2,CR1,S2,0,0.0,8.334,1.39,1.15,2.9,1,0,22.08
963,T05,S5_D1,S5,D1,1,203.1,6.724,1.12,1.15,0.74,2,0,20.97
964,T05,S1_D1,S1,D1,1,194.8,5.834,1.12,1.15,7.3,2,0,16.88
965,T10,CR1_S5,CR1,S5,0,0.0,10.342,0.89,1.15,6.79,4,1,41.3
966,T10,S3_D2,S3,D2,1,176.2,6.362,1.39,1.35,7.02,1,0,25.66
967,T07,CR1_S3,CR1,S3,0,0.0,8.135,1.57,1.15,0.73,2,0,17.84
968,T09,D1_S1,D1,S1,0,0.0,5.834,1.12,1.15,1.68,2,0,13.06
969,T10,CR1_S1,CR1,S1,0,0.0,8.767,0.8,1.15,10.95,5,0,26.06
970,T09,CR1_S5,CR1,S5,0,0.0,10.342,0.89,1.15,9.97,2,0,27.95
971,T09,S3_CR1,S3,CR1,1,195.5,8.135,1.57,1.15,8.66,0,0,22.58
972,T08,S4_CR2,S4,CR2,1,174.5,6.855,1.9,1.35,2.06,3,0,23.33
973,T07,S1_CR1,S1,CR1,1,189.2,8.767,0.8,1.15,4.68,7,0,28.79
974,T09,CR1_S1,CR1,S1,0,0.0,8.767,0.8,1.15,6.78,6,0,25.77
975,T04,S4_D2,S4,D2,1,194.6,6.638,1.49,1.35,7.1,2,0,24.72
976,T02,S1_CR1,S1,CR1,1,205.0,8.767,0.8,1.15,6.65,6,0,32.82
977,T05,S5_D1,S5,D1,1,192.7,6.724,1.12,1.15,7.05,2,0,20.99
978,T01,S6_CR2,S6,CR2,1,166.7,8.342,1.9,1.35,11.73,0,0,25.81
979,T09,S3_D2,S3,D2,1,208.0,6.362,1.39,1.35,7.56,3,0,26.66
980,T03,S1_D1,S1,D1,1,173.9,5.834,1.12,1.15,0.63,1,0,14.35
981,T07,CR1_S2,CR1,S2,0,0.0,8.334,1.39,1.15,3.67,3,0,24.66
982,T06,D2_S4,D2,S4,0,0.0,6.638,1.49,1.35,3.38,2,0,23.86
983,T05,S6_CR2,S6,CR2,1,166.9,8.342,1.9,1.35,7.61,3,0,27.91
984,T08,CR1_S2,CR1,S2,0,0.0,8.334,1.39,1.15,11.9,2,0,25.48
985,T02,S3_D2,S3,D2,1,184.3,6.362,1.39,1.35,2.41,4,0,27.74
986,T06,D1_S5,D1,S5,0,0.0,6.724,1.12,1.15,6.06,1,0,15.61
987,T10,S1_D1,S1,D1,1,218.0,5.834,1.12,1.15,4.44,5,0,20.03
988,T06,S6_CR2,S6,CR2,1,183.4,8.342,1.9,1.35,1.66,2,0,26.11
989,T04,CR2_S3,CR2,S3,0,0.0,6.579,1.9,1.35,8.43,3,0,19.63
990,T05,CR1_S1,CR1,S1,0,0.0,8.767,0.8,1.15,6.92,3,0,24.24
991,T08,S6_CR2,S6,CR2,1,189.6,8.342,1.9,1.35,3.19,3,0,24.69
992,T10,CR2_S4,CR2,S4,0,0.0,6.855,1.9,1.35,3.01,5,0,22.99
993,T02,D1_S1,D1,S1,0,0.0,5.834,1.12,1.15,3.0,3,0,13.99
994,T09,CR1_S5,CR1,S5,0,0.0,10.342,0.89,1.15,4.86,4,0,31.52
995,T10,S3_CR1,S3,CR1,1,211.6,8.135,1.57,1.15,6.52,3,0,19.32
996,T05,S3_D2,S3,D2,1,219.6,6.362,1.39,1.35,4.82,7,0,33.37
997,T10,CR1_S2,CR1,S2,0,0.0,8.334,1.39,1.15,3.25,1,0,20.7
998,T01,S3_D2,S3,D2,1,185.4,6.362,1.39,1.35,9.58,1,0,25.05
999,T09,CR1_S1,CR1,S1,0,0.0,8.767,0.8,1.15,5.51,6,0,25.84
1000,T05,CR1_S3,CR1,S3,0,0.0,8.135,1.57,1.15,1.12,5,0,20.81
1001,T06,CR2_S6,CR2,S6,0,0.0,8.342,1.9,1.35,6.01,5,0,24.45
1002,T03,S2_CR1,S2,CR1,1,208.1,8.334,1.39,1.15,3.2,5,0,34.86
1003,T02,D1_S1,D1,S1,0,0.0,5.834,1.12,1.15,11.14,2,1,17.47
1004,T05,S6_CR2,S6,CR2,1,194.4,8.342,1.9,1.35,10.09,1,0,24.4
1005,T03,S5_D1,S5,D1,1,191.6,6.724,1.12,1.15,6.41,7,0,23.49
1006,T05,CR2_S3,CR2,S3,0,0.0,6.579,1.9,1.35,7.6,1,0,17.23
1007,T08,S3_CR1,S3,CR1,1,188.2,8.135,1.57,1.15,3.72,4,0,22.13
1008,T04,S4_D2,S4,D2,1,204.5,6.638,1.49,1.35,8.66,0,0,25.48
1009,T03,CR2_S6,CR2,S6,0,0.0,8.342,1.9,1.35,7.31,6,0,25.21
1010,T05,D2_S3,D2,S3,0,0.0,6.362,1.39,1.35,1.06,0,0,20.55
1011,T05,CR1_S5,CR1,S5,0,0.0,10.342,0.89,1.15,0.77,2,0,24.94
1012,T06,CR1_S3,CR1,S3,0,0.0,8.135,1.57,1.15,8.55,6,0,19.87
1013,T01,D2_S3,D2,S3,0,0.0,6.362,1.39,1.35,7.39,4,0,24.58
1014,T08,S4_CR2,S4,CR2,1,209.1,6.855,1.9,1.35,6.36,3,0,22.59
1015,T05,S3_CR2,S3,CR2,1,214.5,6.579,1.9,1.35,9.14,0,0,22.53
1016,T07,D1_S5,D1,S5,0,0.0,6.724,1.12,1.15,10.28,0,0,15.63
1017,T09,S1_CR1,S1,CR1,1,210.7,8.767,0.8,1.15,6.16,3,0,27.52
1018,T05,CR1_S3,CR1,S3,0,0.0,8.135,1.57,1.15,8.51,0,0,16.43
1019,T08,CR2_S3,CR2,S3,0,0.0,6.579,1.9,1.35,6.98,2,0,19.58
1020,T07,S3_D2,S3,D2,1,207.2,6.362,1.39,1.35,4.91,2,0,25.61
1021,T05,S5_CR1,S5,CR1,1,204.5,10.342,0.89,1.15,10.52,2,0,29.54
1022,T03,S3_CR1,S3,CR1,1,187.5,8.135,1.57,1.15,7.61,3,0,22.74
1023,T07,CR2_S3,CR2,S3,0,0.0,6.579,1.9,1.35,2.16,1,0,17.88
1024,T03,CR1_S3,CR1,S3,0,0.0,8.135,1.57,1.15,1.04,1,1,20.34
1025,T10,CR1_S1,CR1,S1,0,0.0,8.767,0.8,1.15,3.17,4,0,25.74
1026,T01,D1_S1,D1,S1,0,0.0,5.834,1.12,1.15,9.94,2,0,12.91
1027,T04,D2_S3,D2,S3,0,0.0,6.362,1.39,1.35,3.56,2,0,21.31
1028,T08,S6_CR2,S6,CR2,1,174.8,8.342,1.9,1.35,0.53,3,0,26.43
1029,T04,CR2_S3,CR2,S3,0,0.0,6.579,1.9,1.35,4.56,4,0,21.01
1030,T05,CR1_S2,CR1,S2,0,0.0,8.334,1.39,1.15,3.1,4,0,25.46
1031,T03,D2_S3,D2,S3,0,0.0,6.362,1.39,1.35,4.76,1,0,19.19
1032,T04,CR2_S3,CR2,S3,0,0.0,6.579,1.9,1.35,0.09,1,0,20.64
1033,T05,S3_D2,S3,D2,1,195.8,6.362,1.39,1.35,4.18,2,0,28.26
1034,T06,CR1_S5,CR1,S5,0,0.0,10.342,0.89,1.15,6.2,5,0,29.66
1035,T02,S2_CR1,S2,CR1,1,197.4,8.334,1.39,1.15,6.39,3,0,26.72
1036,T02,S4_D2,S4,D2,1,184.4,6.638,1.49,1.35,5.89,6,0,28.98
1037,T07,D1_S1,D1,S1,0,0.0,5.834,1.12,1.15,4.36,5,0,15.2
1038,T07,CR2_S4,CR2,S4,0,0.0,6.855,1.9,1.35,1.91,0,0,16.21
1039,T10,D1_S5,D1,S5,0,0.0,6.724,1.12,1.15,5.41,3,0,16.24
1040,T01,S3_CR1,S3,CR1,1,207.7,8.135,1.57,1.15,9.44,3,0,23.96
1041,T01,S3_D2,S3,D2,1,191.9,6.362,1.39,1.35,4.83,1,1,35.53
1042,T10,CR2_S3,CR2,S3,0,0.0,6.579,1.9,1.35,1.88,2,1,21.28
1043,T06,D1_S5,D1,S5,0,0.0,6.724,1.12,1.15,0.82,3,0,18.45
1044,T08,S6_CR2,S6,CR2,1,181.5,8.342,1.9,1.35,1.84,1,1,31.84
1045,T01,D1_S5,D1,S5,0,0.0,6.724,1.12,1.15,0.53,4,0,19.45
1046,T03,S6_CR2,S6,CR2,1,200.6,8.342,1.9,1.35,1.25,5,0,29.32
1047,T02,D2_S3,D2,S3,0,0.0,6.362,1.39,1.35,11.01,3,0,23.58
1048,T08,S4_CR2,S4,CR2,1,208.0,6.855,1.9,1.35,10.96,3,0,23.24
1049,T03,CR2_S3,CR2,S3,0,0.0,6.579,1.9,1.35,1.12,1,0,18.78
1050,T07,S4_D2,S4,D2,1,211.4,6.638,1.49,1.35,11.45,3,0,33.27
1051,T10,S2_CR1,S2,CR1,1,198.7,8.334,1.39,1.15,3.06,1,0,29.35
1052,T07,S6_CR2,S6,CR2,1,219.1,8.342,1.9,1.35,4.71,5,0,26.54
1053,T10,D1_S1,D1,S1,0,0.0,5.834,1.12,1.15,3.95,1,0,12.66
1054,T03,D2_S4,D2,S4,0,0.0,6.638,1.49,1.35,4.95,1,0,22.95
1055,T01,CR2_S6,CR2,S6,0,0.0,8.342,1.9,1.35,7.92,2,0,20.77
1056,T06,CR1_S5,CR1,S5,0,0.0,10.342,0.89,1.15,2.48,1,0,26.72
1057,T08,D2_S3,D2,S3,0,0.0,6.362,1.39,1.35,0.03,2,0,21.57
1058,T10,S6_CR2,S6,CR2,1,204.4,8.342,1.9,1.35,5.75,0,0,26.04
1059,T08,D2_S4,D2,S4,0,0.0,6.638,1.49,1.35,9.35,1,0,20.46
1060,T03,CR1_S3,CR1,S3,0,0.0,8.135,1.57,1.15,1.57,1,0,17.6
1061,T09,D2_S4,D2,S4,0,0.0,6.638,1.49,1.35,8.72,3,0,22.22
1062,T05,S5_D1,S5,D1,1,208.4,6.724,1.12,1.15,9.51,1,0,18.68
1063,T09,D2_S4,D2,S4,0,0.0,6.638,1.49,1.35,1.28,2,0,22.53
1064,T09,S3_CR2,S3,CR2,1,175.0,6.579,1.9,1.35,11.65,3,0,23.14
1065,T02,S5_D1,S5,D1,1,212.7,6.724,1.12,1.15,5.06,6,0,24.55
1066,T04,D1_S1,D1,S1,0,0.0,5.834,1.12,1.15,7.91,1,1,14.76
1067,T08,S6_CR2,S6,CR2,1,187.6,8.342,1.9,1.35,5.86,5,0,29.89
1068,T10,CR1_S2,CR1,S2,0,0.0,8.334,1.39,1.15,5.6,3,0,23.15
1069,T03,S3_CR1,S3,CR1,1,196.0,8.135,1.57,1.15,8.36,3,0,23.46
1070,T01,D1_S1,D1,S1,0,0.0,5.834,1.12,1.15,10.59,2,1,17.21
1071,T01,S3_CR1,S3,CR1,1,207.3,8.135,1.57,1.15,9.73,4,0,21.91
1072,T02,S3_CR2,S3,CR2,1,213.1,6.579,1.9,1.35,6.05,4,0,22.35
1073,T10,CR1_S5,CR1,S5,0,0.0,10.342,0.89,1.15,4.03,1,0,29.69
1074,T02,S5_CR1,S5,CR1,1,205.4,10.342,0.89,1.15,0.06,1,0,32.23
1075,T01,S1_D1,S1,D1,1,182.5,5.834,1.12,1.15,6.96,2,0,17.03
1076,T10,CR1_S5,CR1,S5,0,0.0,10.342,0.89,1.15,6.79,2,0,28.84
1077,T10,D1_S1,D1,S1,0,0.0,5.834,1.12,1.15,2.16,1,0,13.08
1078,T09,S3_CR2,S3,CR2,1,204.9,6.579,1.9,1.35,2.64,4,0,25.4
1079,T08,D1_S5,D1,S5,0,0.0,6.724,1.12,1.15,7.57,2,0,16.77
1080,T01,S1_D1,S1,D1,1,177.2,5.834,1.12,1.15,3.17,3,0,17.02
1081,T10,CR1_S5,CR1,S5,0,0.0,10.342,0.89,1.15,6.26,6,0,30.38
1082,T04,S6_CR2,S6,CR2,1,202.6,8.342,1.9,1.35,0.99,2,0,27.08
1083,T10,D1_S5,D1,S5,0,0.0,6.724,1.12,1.15,10.96,3,0,16.76
1084,T02,D1_S1,D1,S1,0,0.0,5.834,1.12,1.15,3.82,7,0,17.95
1085,T02,CR2_S6,CR2,S6,0,0.0,8.342,1.9,1.35,1.63,0,0,22.36
1086,T06,S3_D2,S3,D2,1,193.7,6.362,1.39,1.35,2.23,4,0,27.75
1087,T03,S5_CR1,S5,CR1,1,196.9,10.342,0.89,1.15,2.64,2,0,35.19
1088,T04,S4_D2,S4,D2,1,215.0,6.638,1.49,1.35,1.5,4,0,28.65
1089,T06,D2_S4,D2,S4,0,0.0,6.638,1.49,1.35,2.11,3,0,23.95
1090,T08,CR1_S2,CR1,S2,0,0.0,8.334,1.39,1.15,7.17,1,0,22.85
1091,T06,D1_S5,D1,S5,0,0.0,6.724,1.12,1.15,6.72,6,1,27.53
1092,T06,S4_D2,S4,D2,1,170.5,6.638,1.49,1.35,11.71,3,0,28.89
1093,T03,S4_D2,S4,D2,1,200.4,6.638,1.49,1.35,1.69,1,0,24.34
1094,T02,S5_CR1,S5,CR1,1,203.9,10.342,0.89,1.15,9.09,5,0,39.81
1095,T06,S1_D1,S1,D1,1,190.7,5.834,1.12,1.15,3.8,1,0,15.01
1096,T07,D1_S1,D1,S1,0,0.0,5.834,1.12,1.15,9.03,5,0,15.3
1097,T01,S5_CR1,S5,CR1,1,190.9,10.342,0.89,1.15,0.68,4,1,42.67
1098,T09,D2_S4,D2,S4,0,0.0,6.638,1.49,1.35,0.76,0,0,19.17
1099,T04,CR2_S6,CR2,S6,0,0.0,8.342,1.9,1.35,11.59,1,0,19.62
1100,T03,S4_D2,S4,D2,1,220.0,6.638,1.49,1.35,5.87,3,0,29.25
1101,T02,S2_CR1,S2,CR1,1,185.8,8.334,1.39,1.15,6.67,1,0,30.79
1102,T07,S5_CR1,S5,CR1,1,212.7,10.342,0.89,1.15,10.99,1,0,34.95
1103,T06,D1_S5,D1,S5,0,0.0,6.724,1.12,1.15,8.62,0,0,16.37
1104,T08,S3_CR2,S3,CR2,1,194.6,6.579,1.9,1.35,8.18,3,1,28.44
1105,T09,S5_CR1,S5,CR1,1,182.5,10.342,0.89,1.15,0.38,3,0,35.14
1106,T05,D1_S1,D1,S1,0,0.0,5.834,1.12,1.15,4.7,3,0,15.36
1107,T08,D2_S3,D2,S3,0,0.0,6.362,1.39,1.35,2.75,3,0,19.65
1108,T05,S4_D2,S4,D2,1,186.5,6.638,1.49,1.35,5.02,4,0,27.65
1109,T04,S3_D2,S3,D2,1,186.4,6.362,1.39,1.35,9.15,4,0,31.52
1110,T04,S2_CR1,S2,CR1,1,175.3,8.334,1.39,1.15,10.19,2,0,27.59
1111,T05,S5_D1,S5,D1,1,200.6,6.724,1.12,1.15,11.83,2,0,21.41
1112,T07,D1_S1,D1,S1,0,0.0,5.834,1.12,1.15,2.46,2,0,12.98
1113,T03,S4_D2,S4,D2,1,183.3,6.638,1.49,1.35,6.84,5,0,29.05
1114,T05,S3_CR1,S3,CR1,1,195.5,8.135,1.57,1.15,8.48,2,0,21.11
1115,T04,CR1_S5,CR1,S5,0,0.0,10.342,0.89,1.15,10.33,4,0,29.63
1116,T02,S1_D1,S1,D1,1,169.1,5.834,1.12,1.15,3.2,4,0,18.63
1117,T01,D1_S5,D1,S5,0,0.0,6.724,1.12,1.15,2.21,1,0,15.92
1118,T05,S6_CR2,S6,CR2,1,194.4,8.342,1.9,1.35,4.78,3,0,27.15
1119,T04,S3_CR2,S3,CR2,1,194.4,6.579,1.9,1.35,7.48,4,0,26.21
1120,T08,S6_CR2,S6,CR2,1,188.2,8.342,1.9,1.35,7.89,6,0,30.85
1121,T10,S2_CR1,S2,CR1,1,185.0,8.334,1.39,1.15,8.56,0,1,30.04
1122,T05,CR2_S4,CR2,S4,0,0.0,6.855,1.9,1.35,11.72,2,0,16.87
1123,T09,S1_CR1,S1,CR1,1,220.0,8.767,0.8,1.15,2.29,3,0,28.48
1124,T06,S3_D2,S3,D2,1,172.8,6.362,1.39,1.35,6.61,3,1,31.96
1125,T07,S3_CR2,S3,CR2,1,209.1,6.579,1.9,1.35,1.7,4,0,29.0
1126,T10,D1_S1,D1,S1,0,0.0,5.834,1.12,1.15,1.28,2,0,12.96
1127,T06,CR1_S5,CR1,S5,0,0.0,10.342,0.89,1.15,1.2,5,0,28.98
1128,T10,D2_S3,D2,S3,0,0.0,6.362,1.39,1.35,7.28,6,0,27.03
1129,T05,S1_D1,S1,D1,1,205.2,5.834,1.12,1.15,8.5,3,0,17.79
1130,T09,S5_D1,S5,D1,1,196.6,6.724,1.12,1.15,7.76,1,0,21.21
1131,T02,CR1_S5,CR1,S5,0,0.0,10.342,0.89,1.15,6.03,3,0,29.26
1132,T04,CR1_S5,CR1,S5,0,0.0,10.342,0.89,1.15,1.85,3,0,25.58
1133,T06,S6_CR2,S6,CR2,1,187.4,8.342,1.9,1.35,5.02,4,0,29.35
1134,T10,D1_S1,D1,S1,0,0.0,5.834,1.12,1.15,8.96,2,0,12.74
1135,T09,S4_CR2,S4,CR2,1,217.0,6.855,1.9,1.35,1.73,4,0,25.88
1136,T05,S3_D2,S3,D2,1,173.6,6.362,1.39,1.35,11.93,6,0,30.58
1137,T03,CR2_S6,CR2,S6,0,0.0,8.342,1.9,1.35,0.25,0,0,20.02
1138,T04,S3_D2,S3,D2,1,193.7,6.362,1.39,1.35,7.48,5,0,28.63
1139,T10,S1_D1,S1,D1,1,182.3,5.834,1.12,1.15,4.98,2,0,17.14
1140,T10,S6_CR2,S6,CR2,1,178.0,8.342,1.9,1.35,0.11,1,0,25.27
1141,T09,CR1_S1,CR1,S1,0,0.0,8.767,0.8,1.15,7.08,1,1,24.34
1142,T07,S5_D1,S5,D1,1,212.0,6.724,1.12,1.15,5.44,3,0,20.79
1143,T05,S1_CR1,S1,CR1,1,166.4,8.767,0.8,1.15,5.93,8,0,31.91
1144,T06,S5_D1,S5,D1,1,197.1,6.724,1.12,1.15,0.52,3,0,21.74
1145,T04,CR2_S4,CR2,S4,0,0.0,6.855,1.9,1.35,7.35,7,0,23.61
1146,T02,S1_D1,S1,D1,1,220.0,5.834,1.12,1.15,9.0,1,0,17.05
1147,T06,D1_S1,D1,S1,0,0.0,5.834,1.12,1.15,0.11,2,0,15.4
1148,T08,D2_S3,D2,S3,0,0.0,6.362,1.39,1.35,3.02,2,0,24.11
1149,T05,CR2_S6,CR2,S6,0,0.0,8.342,1.9,1.35,5.39,4,0,21.95
1150,T06,CR1_S3,CR1,S3,0,0.0,8.135,1.57,1.15,2.7,4,0,19.01
1151,T02,D1_S1,D1,S1,0,0.0,5.834,1.12,1.15,8.16,0,0,10.82
1152,T08,S4_CR2,S4,CR2,1,177.4,6.855,1.9,1.35,7.78,5,0,26.08
1153,T08,CR1_S2,CR1,S2,0,0.0,8.334,1.39,1.15,10.93,2,0,19.31
1154,T08,D2_S3,D2,S3,0,0.0,6.362,1.39,1.35,0.29,1,0,21.31
1155,T01,CR2_S6,CR2,S6,0,0.0,8.342,1.9,1.35,7.41,6,0,24.27
1156,T05,D2_S4,D2,S4,0,0.0,6.638,1.49,1.35,10.73,2,0,22.4
1157,T05,S3_D2,S3,D2,1,212.5,6.362,1.39,1.35,11.21,2,0,26.31
1158,T09,CR2_S6,CR2,S6,0,0.0,8.342,1.9,1.35,5.33,2,0,22.06
1159,T07,D1_S5,D1,S5,0,0.0,6.724,1.12,1.15,1.19,2,0,17.15
1160,T06,CR1_S5,CR1,S5,0,0.0,10.342,0.89,1.15,3.42,3,0,29.82
1161,T05,CR1_S1,CR1,S1,0,0.0,8.767,0.8,1.15,5.47,2,0,23.29
1162,T04,CR2_S4,CR2,S4,0,0.0,6.855,1.9,1.35,0.39,1,0,17.94
1163,T03,D2_S4,D2,S4,0,0.0,6.638,1.49,1.35,0.6,1,0,20.66
1164,T09,S4_D2,S4,D2,1,209.2,6.638,1.49,1.35,1.13,3,0,26.85
1165,T10,CR1_S2,CR1,S2,0,0.0,8.334,1.39,1.15,6.94,3,0,21.66
1166,T09,CR1_S1,CR1,S1,0,0.0,8.767,0.8,1.15,1.99,4,0,25.12
1167,T06,S1_D1,S1,D1,1,188.7,5.834,1.12,1.15,5.79,4,1,24.3
1168,T10,CR2_S4,CR2,S4,0,0.0,6.855,1.9,1.35,9.98,1,0,17.46
1169,T08,CR2_S3,CR2,S3,0,0.0,6.579,1.9,1.35,6.69,3,0,21.27
1170,T06,S5_D1,S5,D1,1,180.4,6.724,1.12,1.15,4.89,5,0,22.25
1171,T10,S3_CR1,S3,CR1,1,220.0,8.135,1.57,1.15,5.2,2,0,22.59
1172,T04,CR2_S6,CR2,S6,0,0.0,8.342,1.9,1.35,11.51,4,0,24.65
1173,T05,S5_D1,S5,D1,1,195.4,6.724,1.12,1.15,5.2,4,0,23.94
1174,T03,S4_D2,S4,D2,1,178.7,6.638,1.49,1.35,6.31,4,0,31.92
1175,T05,CR1_S1,CR1,S1,0,0.0,8.767,0.8,1.15,9.32,1,0,20.83
1176,T04,CR1_S5,CR1,S5,0,0.0,10.342,0.89,1.15,8.66,1,0,27.26
1177,T03,S3_CR2,S3,CR2,1,195.9,6.579,1.9,1.35,0.31,3,0,26.97
1178,T03,S3_CR1,S3,CR1,1,195.7,8.135,1.57,1.15,11.6,5,0,21.54
1179,T09,S3_CR1,S3,CR1,1,208.9,8.135,1.57,1.15,11.25,0,0,20.23
1180,T01,CR2_S6,CR2,S6,0,0.0,8.342,1.9,1.35,7.51,4,0,24.49
1181,T03,CR2_S4,CR2,S4,0,0.0,6.855,1.9,1.35,1.3,1,0,18.27
1182,T10,D2_S4,D2,S4,0,0.0,6.638,1.49,1.35,9.04,2,0,19.94
1183,T04,S3_CR1,S3,CR1,1,204.4,8.135,1.57,1.15,3.65,2,0,20.67
1184,T02,CR1_S3,CR1,S3,0,0.0,8.135,1.57,1.15,7.2,2,0,17.29
1185,T03,S6_CR2,S6,CR2,1,214.1,8.342,1.9,1.35,1.83,0,0,23.29
1186,T07,S5_CR1,S5,CR1,1,197.3,10.342,0.89,1.15,7.07,5,0,32.21
1187,T02,S4_CR2,S4,CR2,1,215.0,6.855,1.9,1.35,3.53,2,0,22.89
1188,T10,CR2_S4,CR2,S4,0,0.0,6.855,1.9,1.35,3.3,3,0,20.37
1189,T07,S1_CR1,S1,CR1,1,188.0,8.767,0.8,1.15,6.92,5,0,33.77
1190,T09,D2_S4,D2,S4,0,0.0,6.638,1.49,1.35,10.94,5,0,26.17
1191,T04,D1_S1,D1,S1,0,0.0,5.834,1.12,1.15,0.97,4,0,15.12
1192,T07,CR1_S1,CR1,S1,0,0.0,8.767,0.8,1.15,4.25,2,0,20.28
1193,T10,CR2_S3,CR2,S3,0,0.0,6.579,1.9,1.35,1.69,2,0,18.57
1194,T04,CR1_S2,CR1,S2,0,0.0,8.334,1.39,1.15,8.31,3,0,24.44
1195,T10,S3_CR1,S3,CR1,1,181.2,8.135,1.57,1.15,7.16,8,0,27.23
1196,T06,S4_CR2,S4,CR2,1,200.8,6.855,1.9,1.35,11.92,0,0,22.75
1197,T01,D2_S4,D2,S4,0,0.0,6.638,1.49,1.35,4.74,5,0,24.7
1198,T06,S2_CR1,S2,CR1,1,189.2,8.334,1.39,1.15,5.52,4,0,31.14
1199,T05,CR2_S4,CR2,S4,0,0.0,6.855,1.9,1.35,11.09,5,0,22.16
1200,T04,S1_CR1,S1,CR1,1,186.0,8.767,0.8,1.15,9.21,3,0,30.22
1201,T09,S1_CR1,S1,CR1,1,209.4,8.767,0.8,1.15,1.07,2,0,29.96
1202,T04,S5_D1,S5,D1,1,196.8,6.724,1.12,1.15,6.39,3,0,18.89
1203,T09,CR1_S1,CR1,S1,0,0.0,8.767,0.8,1.15,4.9,2,0,21.52
1204,T03,S6_CR2,S6,CR2,1,171.9,8.342,1.9,1.35,8.62,3,0,27.96
1205,T03,S3_D2,S3,D2,1,190.9,6.362,1.39,1.35,3.77,7,0,31.65
1206,T08,CR2_S3,CR2,S3,0,0.0,6.579,1.9,1.35,10.77,4,0,20.29
1207,T10,CR2_S4,CR2,S4,0,0.0,6.855,1.9,1.35,4.84,5,1,31.65
1208,T06,CR2_S6,CR2,S6,0,0.0,8.342,1.9,1.35,10.22,2,0,23.89
1209,T09,D1_S1,D1,S1,0,0.0,5.834,1.12,1.15,5.36,4,0,13.98
1210,T02,CR2_S4,CR2,S4,0,0.0,6.855,1.9,1.35,0.17,2,0,19.32
1211,T07,S1_D1,S1,D1,1,187.3,5.834,1.12,1.15,11.32,1,0,16.35
1212,T10,S3_D2,S3,D2,1,162.1,6.362,1.39,1.35,6.96,1,0,26.51
1213,T09,S3_D2,S3,D2,1,176.2,6.362,1.39,1.35,4.06,3,0,29.04
1214,T10,S3_D2,S3,D2,1,179.4,6.362,1.39,1.35,7.61,3,0,27.12
1215,T05,D1_S5,D1,S5,0,0.0,6.724,1.12,1.15,8.23,3,0,17.97
1216,T08,S4_CR2,S4,CR2,1,175.4,6.855,1.9,1.35,9.4,2,0,23.26
1217,T07,D2_S3,D2,S3,0,0.0,6.362,1.39,1.35,11.98,1,0,21.1
1218,T10,S6_CR2,S6,CR2,1,188.7,8.342,1.9,1.35,8.02,2,0,24.77
1219,T01,CR1_S3,CR1,S3,0,0.0,8.135,1.57,1.15,8.36,1,0,15.13
1220,T03,S5_CR1,S5,CR1,1,182.6,10.342,0.89,1.15,10.02,1,0,37.81
1221,T06,CR1_S3,CR1,S3,0,0.0,8.135,1.57,1.15,2.77,2,0,15.51
1222,T05,S4_CR2,S4,CR2,1,193.5,6.855,1.9,1.35,4.16,4,0,25.36
1223,T07,S1_CR1,S1,CR1,1,211.2,8.767,0.8,1.15,4.8,1,0,27.02
1224,T07,S3_D2,S3,D2,1,175.0,6.362,1.39,1.35,3.89,6,0,31.33
1225,T06,S2_CR1,S2,CR1,1,213.1,8.334,1.39,1.15,9.14,1,0,27.88
1226,T03,CR1_S5,CR1,S5,0,0.0,10.342,0.89,1.15,2.67,0,0,26.02
1227,T09,D1_S5,D1,S5,0,0.0,6.724,1.12,1.15,10.86,1,0,15.57
1228,T02,S3_CR2,S3,CR2,1,200.7,6.579,1.9,1.35,2.57,1,0,21.43
1229,T05,S1_D1,S1,D1,1,189.5,5.834,1.12,1.15,1.3,5,0,18.92
1230,T03,S4_D2,S4,D2,1,202.6,6.638,1.49,1.35,0.16,1,0,27.07
1231,T02,S2_CR1,S2,CR1,1,186.8,8.334,1.39,1.15,8.27,3,0,30.12
1232,T01,D2_S3,D2,S3,0,0.0,6.362,1.39,1.35,4.78,3,0,23.28
1233,T07,CR2_S3,CR2,S3,0,0.0,6.579,1.9,1.35,0.05,2,0,18.71
1234,T03,S3_D2,S3,D2,1,192.7,6.362,1.39,1.35,4.33,0,0,25.65
1235,T05,S3_D2,S3,D2,1,170.9,6.362,1.39,1.35,1.67,1,0,27.15
1236,T10,CR2_S4,CR2,S4,0,0.0,6.855,1.9,1.35,3.27,4,0,20.31
1237,T07,S5_D1,S5,D1,1,194.4,6.724,1.12,1.15,4.2,4,0,25.18
1238,T09,S3_D2,S3,D2,1,182.4,6.362,1.39,1.35,8.8,4,0,28.59
1239,T07,S5_CR1,S5,CR1,1,220.0,10.342,0.89,1.15,10.14,2,0,32.88
1240,T04,S3_CR2,S3,CR2,1,198.9,6.579,1.9,1.35,4.51,5,0,24.57
1241,T01,CR1_S2,CR1,S2,0,0.0,8.334,1.39,1.15,4.44,3,0,23.05
1242,T07,D1_S5,D1,S5,0,0.0,6.724,1.12,1.15,10.64,2,0,16.51
1243,T04,S2_CR1,S2,CR1,1,184.9,8.334,1.39,1.15,7.6,5,0,30.76
1244,T01,CR1_S5,CR1,S5,0,0.0,10.342,0.89,1.15,7.78,2,0,24.48
1245,T10,D1_S1,D1,S1,0,0.0,5.834,1.12,1.15,6.68,4,0,15.77
1246,T07,D1_S1,D1,S1,0,0.0,5.834,1.12,1.15,2.59,3,0,14.44
1247,T02,CR1_S3,CR1,S3,0,0.0,8.135,1.57,1.15,6.9,2,0,18.54
1248,T03,D1_S1,D1,S1,0,0.0,5.834,1.12,1.15,3.0,6,0,16.6
1249,T06,S1_CR1,S1,CR1,1,193.4,8.767,0.8,1.15,8.36,4,0,28.36
1250,T07,S1_CR1,S1,CR1,1,208.6,8.767,0.8,1.15,7.45,0,0,20.87
1251,T08,S1_D1,S1,D1,1,177.4,5.834,1.12,1.15,4.54,8,0,20.65
1252,T09,S3_D2,S3,D2,1,185.6,6.362,1.39,1.35,2.69,3,0,30.14
1253,T05,CR1_S2,CR1,S2,0,0.0,8.334,1.39,1.15,1.22,0,0,22.12
1254,T04,S1_D1,S1,D1,1,171.9,5.834,1.12,1.15,1.46,5,0,17.96
1255,T06,CR1_S5,CR1,S5,0,0.0,10.342,0.89,1.15,3.8,2,0,25.53
1256,T01,CR1_S2,CR1,S2,0,0.0,8.334,1.39,1.15,1.33,2,0,22.75
1257,T10,S1_D1,S1,D1,1,215.8,5.834,1.12,1.15,3.44,2,0,17.29
1258,T05,S5_CR1,S5,CR1,1,203.6,10.342,0.89,1.15,4.27,3,0,39.92
1259,T08,S6_CR2,S6,CR2,1,220.0,8.342,1.9,1.35,3.85,4,0,29.42
1260,T06,S3_CR2,S3,CR2,1,192.6,6.579,1.9,1.35,11.4,3,0,24.04
1261,T06,CR2_S3,CR2,S3,0,0.0,6.579,1.9,1.35,2.48,1,0,17.75
1262,T10,D2_S4,D2,S4,0,0.0,6.638,1.49,1.35,8.39,2,0,23.9
1263,T06,D2_S4,D2,S4,0,0.0,6.638,1.49,1.35,5.83,7,0,29.08
1264,T10,S6_CR2,S6,CR2,1,195.3,8.342,1.9,1.35,10.63,1,0,28.64
1265,T01,CR1_S2,CR1,S2,0,0.0,8.334,1.39,1.15,8.14,2,0,21.76
1266,T04,CR2_S3,CR2,S3,0,0.0,6.579,1.9,1.35,5.47,6,0,22.04
1267,T06,D1_S1,D1,S1,0,0.0,5.834,1.12,1.15,11.41,0,1,14.64
1268,T09,S4_D2,S4,D2,1,168.2,6.638,1.49,1.35,6.94,2,0,25.87
1269,T08,CR1_S3,CR1,S3,0,0.0,8.135,1.57,1.15,0.71,3,0,19.37
1270,T07,D1_S1,D1,S1,0,0.0,5.834,1.12,1.15,3.13,4,0,14.02
1271,T09,S3_D2,S3,D2,1,194.8,6.362,1.39,1.35,3.99,2,0,31.26
1272,T02,S6_CR2,S6,CR2,1,216.7,8.342,1.9,1.35,4.83,2,0,31.87
1273,T05,S5_D1,S5,D1,1,191.2,6.724,1.12,1.15,4.93,2,0,19.65
1274,T06,S5_D1,S5,D1,1,205.1,6.724,1.12,1.15,5.7,6,0,23.4
1275,T01,S3_D2,S3,D2,1,201.0,6.362,1.39,1.35,0.51,1,0,27.23
1276,T03,S1_CR1,S1,CR1,1,204.8,8.767,0.8,1.15,4.79,6,0,30.94
1277,T07,S4_D2,S4,D2,1,171.6,6.638,1.49,1.35,8.48,5,1,39.65
1278,T10,S6_CR2,S6,CR2,1,178.7,8.342,1.9,1.35,6.74,8,0,31.89
1279,T07,CR1_S1,CR1,S1,0,0.0,8.767,0.8,1.15,1.59,1,0,20.41
1280,T02,CR2_S6,CR2,S6,0,0.0,8.342,1.9,1.35,11.92,1,0,20.69
1281,T10,S6_CR2,S6,CR2,1,185.5,8.342,1.9,1.35,6.84,5,0,28.71
1282,T02,CR1_S5,CR1,S5,0,0.0,10.342,0.89,1.15,11.23,1,0,28.01
1283,T09,CR2_S3,CR2,S3,0,0.0,6.579,1.9,1.35,11.99,5,0,19.92
1284,T09,D2_S3,D2,S3,0,0.0,6.362,1.39,1.35,4.34,1,0,23.9
1285,T08,CR1_S5,CR1,S5,0,0.0,10.342,0.89,1.15,3.46,4,0,31.07
1286,T10,S1_CR1,S1,CR1,1,186.3,8.767,0.8,1.15,0.18,3,0,29.43
1287,T01,D1_S1,D1,S1,0,0.0,5.834,1.12,1.15,5.45,2,0,13.16
1288,T07,S1_CR1,S1,CR1,1,220.0,8.767,0.8,1.15,10.28,1,0,26.02
1289,T05,CR2_S6,CR2,S6,0,0.0,8.342,1.9,1.35,8.62,1,0,18.67
1290,T07,S3_D2,S3,D2,1,213.3,6.362,1.39,1.35,5.33,2,0,31.83
1291,T05,S4_CR2,S4,CR2,1,181.9,6.855,1.9,1.35,0.78,5,0,25.36
1292,T01,S4_CR2,S4,CR2,1,194.5,6.855,1.9,1.35,2.44,7,0,28.47
1293,T01,CR2_S6,CR2,S6,0,0.0,8.342,1.9,1.35,0.25,1,0,20.81
1294,T05,S5_CR1,S5,CR1,1,164.2,10.342,0.89,1.15,9.26,4,0,33.54
1295,T10,D1_S1,D1,S1,0,0.0,5.834,1.12,1.15,4.44,1,0,12.15
1296,T07,D1_S1,D1,S1,0,0.0,5.834,1.12,1.15,8.46,1,0,13.18
1297,T02,S1_CR1,S1,CR1,1,198.3,8.767,0.8,1.15,5.44,3,0,26.93
1298,T07,CR1_S2,CR1,S2,0,0.0,8.334,1.39,1.15,10.1,2,0,23.39
1299,T03,CR1_S5,CR1,S5,0,0.0,10.342,0.89,1.15,1.24,2,0,29.17
1300,T07,S3_CR1,S3,CR1,1,190.6,8.135,1.57,1.15,0.41,4,0,23.1
1301,T09,D2_S4,D2,S4,0,0.0,6.638,1.49,1.35,11.26,2,0,22.3
1302,T05,S3_CR2,S3,CR2,1,218.1,6.579,1.9,1.35,5.15,7,0,29.73
1303,T01,CR2_S4,CR2,S4,0,0.0,6.855,1.9,1.35,5.27,3,0,17.53
1304,T07,S1_CR1,S1,CR1,1,194.0,8.767,0.8,1.15,9.44,2,0,28.29
1305,T02,S4_CR2,S4,CR2,1,220.0,6.855,1.9,1.35,1.15,3,0,23.58
1306,T10,S2_CR1,S2,CR1,1,213.6,8.334,1.39,1.15,8.99,3,0,30.09
1307,T02,D1_S5,D1,S5,0,0.0,6.724,1.12,1.15,9.52,4,0,18.02
1308,T07,S6_CR2,S6,CR2,1,207.4,8.342,1.9,1.35,4.98,4,0,32.14
1309,T05,D2_S4,D2,S4,0,0.0,6.638,1.49,1.35,2.42,1,0,22.81
1310,T01,CR2_S3,CR2,S3,0,0.0,6.579,1.9,1.35,3.03,4,0,18.97
1311,T02,CR1_S2,CR1,S2,0,0.0,8.334,1.39,1.15,0.6,1,1,23.78
1312,T08,S1_D1,S1,D1,1,178.0,5.834,1.12,1.15,10.2,7,0,21.54
1313,T05,CR2_S3,CR2,S3,0,0.0,6.579,1.9,1.35,9.47,2,0,18.76
1314,T10,S1_D1,S1,D1,1,200.1,5.834,1.12,1.15,8.04,3,0,16.79
1315,T01,S6_CR2,S6,CR2,1,182.9,8.342,1.9,1.35,1.23,4,0,28.59
1316,T07,CR1_S5,CR1,S5,0,0.0,10.342,0.89,1.15,1.55,1,0,26.72
1317,T02,S3_D2,S3,D2,1,209.0,6.362,1.39,1.35,3.53,0,0,28.34
1318,T06,D1_S5,D1,S5,0,0.0,6.724,1.12,1.15,1.85,2,0,18.03
1319,T03,S3_CR1,S3,CR1,1,171.4,8.135,1.57,1.15,5.36,2,0,23.0
1320,T01,S1_CR1,S1,CR1,1,200.6,8.767,0.8,1.15,1.27,3,0,31.11
1321,T04,D1_S1,D1,S1,0,0.0,5.834,1.12,1.15,0.71,2,1,19.67
1322,T05,CR1_S5,CR1,S5,0,0.0,10.342,0.89,1.15,9.67,1,0,28.26
1323,T04,S5_D1,S5,D1,1,185.3,6.724,1.12,1.15,0.82,0,0,17.11
1324,T03,S4_D2,S4,D2,1,210.0,6.638,1.49,1.35,7.4,7,0,31.13
1325,T04,S4_D2,S4,D2,1,173.9,6.638,1.49,1.35,5.83,2,0,27.69
1326,T07,S5_D1,S5,D1,1,196.0,6.724,1.12,1.15,2.55,4,0,23.92
1327,T01,S5_D1,S5,D1,1,205.2,6.724,1.12,1.15,6.42,7,0,25.09
1328,T08,S1_CR1,S1,CR1,1,190.9,8.767,0.8,1.15,2.02,3,0,30.13
1329,T06,D2_S3,D2,S3,0,0.0,6.362,1.39,1.35,5.85,5,0,26.26
1330,T02,CR2_S6,CR2,S6,0,0.0,8.342,1.9,1.35,0.14,3,0,22.88
1331,T04,S1_D1,S1,D1,1,209.8,5.834,1.12,1.15,1.15,3,0,16.86
1332,T05,S3_CR2,S3,CR2,1,201.7,6.579,1.9,1.35,5.07,1,0,21.67
1333,T03,S2_CR1,S2,CR1,1,161.7,8.334,1.39,1.15,4.79,5,0,30.17
1334,T02,D2_S4,D2,S4,0,0.0,6.638,1.49,1.35,7.86,0,0,20.15
1335,T09,D1_S5,D1,S5,0,0.0,6.724,1.12,1.15,11.48,1,0,17.47
1336,T09,S3_CR1,S3,CR1,1,195.0,8.135,1.57,1.15,10.15,2,0,21.39
1337,T08,CR2_S3,CR2,S3,0,0.0,6.579,1.9,1.35,11.46,2,0,19.21
1338,T09,S4_CR2,S4,CR2,1,212.7,6.855,1.9,1.35,0.6,1,0,20.55
1339,T10,S3_CR2,S3,CR2,1,206.6,6.579,1.9,1.35,0.6,2,0,22.68
1340,T01,D1_S1,D1,S1,0,0.0,5.834,1.12,1.15,8.58,3,0,11.54
1341,T08,S1_CR1,S1,CR1,1,184.2,8.767,0.8,1.15,9.89,4,0,29.6
1342,T03,S4_D2,S4,D2,1,180.7,6.638,1.49,1.35,0.04,2,0,27.89
1343,T02,S1_D1,S1,D1,1,166.9,5.834,1.12,1.15,6.92,2,0,15.63
1344,T09,S4_D2,S4,D2,1,172.6,6.638,1.49,1.35,1.21,0,0,24.75
1345,T08,S6_CR2,S6,CR2,1,213.7,8.342,1.9,1.35,11.23,2,0,28.76
1346,T02,S5_CR1,S5,CR1,1,220.0,10.342,0.89,1.15,0.59,2,0,29.88
1347,T09,CR1_S3,CR1,S3,0,0.0,8.135,1.57,1.15,3.18,1,0,16.5
1348,T01,S1_CR1,S1,CR1,1,177.8,8.767,0.8,1.15,9.49,3,0,25.19
1349,T07,S3_D2,S3,D2,1,204.4,6.362,1.39,1.35,11.64,5,0,30.44
1350,T06,CR1_S2,CR1,S2,0,0.0,8.334,1.39,1.15,9.08,1,0,22.37
1351,T02,CR1_S2,CR1,S2,0,0.0,8.334,1.39,1.15,4.81,1,0,22.92
1352,T09,S5_CR1,S5,CR1,1,189.0,10.342,0.89,1.15,0.78,2,0,35.16
1353,T09,S3_CR1,S3,CR1,1,197.8,8.135,1.57,1.15,8.4,1,0,18.25
1354,T06,D1_S1,D1,S1,0,0.0,5.834,1.12,1.15,7.52,4,0,15.2
1355,T01,S6_CR2,S6,CR2,1,197.4,8.342,1.9,1.35,0.96,2,0,27.87
1356,T09,D1_S5,D1,S5,0,0.0,6.724,1.12,1.15,4.1,6,0,21.16
1357,T04,CR1_S2,CR1,S2,0,0.0,8.334,1.39,1.15,11.46,2,0,22.85
1358,T05,D1_S1,D1,S1,0,0.0,5.834,1.12,1.15,10.67,3,0,12.93
1359,T05,S6_CR2,S6,CR2,1,209.0,8.342,1.9,1.35,5.84,3,0,28.76
1360,T04,S3_CR2,S3,CR2,1,184.6,6.579,1.9,1.35,9.07,2,0,24.73
1361,T03,D1_S5,D1,S5,0,0.0,6.724,1.12,1.15,0.71,1,0,16.01
1362,T04,S3_CR2,S3,CR2,1,195.7,6.579,1.9,1.35,4.43,2,0,23.08
1363,T08,D1_S5,D1,S5,0,0.0,6.724,1.12,1.15,2.6,1,0,15.35
1364,T07,S6_CR2,S6,CR2,1,204.4,8.342,1.9,1.35,7.66,2,1,36.96
1365,T09,S1_CR1,S1,CR1,1,192.1,8.767,0.8,1.15,5.65,7,1,35.33
1366,T04,CR2_S3,CR2,S3,0,0.0,6.579,1.9,1.35,11.84,5,0,20.62
1367,T10,D1_S5,D1,S5,0,0.0,6.724,1.12,1.15,0.48,2,0,18.51
1368,T08,S4_CR2,S4,CR2,1,169.6,6.855,1.9,1.35,1.15,1,0,23.14
1369,T05,S5_CR1,S5,CR1,1,203.1,10.342,0.89,1.15,11.72,1,1,44.46
1370,T03,D2_S4,D2,S4,0,0.0,6.638,1.49,1.35,2.45,3,0,20.42
1371,T04,CR2_S4,CR2,S4,0,0.0,6.855,1.9,1.35,8.83,0,0,16.93
1372,T01,CR1_S1,CR1,S1,0,0.0,8.767,0.8,1.15,3.19,4,0,23.45
1373,T03,S5_D1,S5,D1,1,211.8,6.724,1.12,1.15,7.24,5,0,22.54
1374,T06,D2_S3,D2,S3,0,0.0,6.362,1.39,1.35,5.28,6,0,24.45
1375,T10,CR2_S3,CR2,S3,0,0.0,6.579,1.9,1.35,6.18,6,0,23.32
1376,T06,D2_S4,D2,S4,0,0.0,6.638,1.49,1.35,9.5,2,0,21.0
1377,T01,S3_D2,S3,D2,1,202.2,6.362,1.39,1.35,6.61,1,0,24.97
1378,T03,CR2_S4,CR2,S4,0,0.0,6.855,1.9,1.35,8.54,0,0,17.61
1379,T03,S5_D1,S5,D1,1,203.5,6.724,1.12,1.15,9.74,3,0,20.18
1380,T01,CR1_S1,CR1,S1,0,0.0,8.767,0.8,1.15,5.62,6,0,26.87
1381,T09,CR2_S6,CR2,S6,0,0.0,8.342,1.9,1.35,2.98,0,0,19.97
1382,T05,S3_D2,S3,D2,1,178.3,6.362,1.39,1.35,9.95,6,0,28.85
1383,T03,S5_D1,S5,D1,1,210.8,6.724,1.12,1.15,5.2,3,0,22.04
1384,T07,D1_S5,D1,S5,0,0.0,6.724,1.12,1.15,4.51,2,0,18.1
1385,T07,S5_D1,S5,D1,1,194.3,6.724,1.12,1.15,8.3,5,0,22.92
1386,T01,S1_CR1,S1,CR1,1,204.2,8.767,0.8,1.15,3.31,2,0,27.26
1387,T05,S6_CR2,S6,CR2,1,207.6,8.342,1.9,1.35,1.9,2,0,28.6
1388,T10,CR1_S5,CR1,S5,0,0.0,10.342,0.89,1.15,7.34,2,0,25.42
1389,T04,D1_S5,D1,S5,0,0.0,6.724,1.12,1.15,7.37,4,0,17.91
1390,T03,CR1_S3,CR1,S3,0,0.0,8.135,1.57,1.15,7.21,2,0,19.12
1391,T03,CR2_S6,CR2,S6,0,0.0,8.342,1.9,1.35,4.81,3,0,20.07
1392,T06,D2_S3,D2,S3,0,0.0,6.362,1.39,1.35,6.51,4,0,22.58
1393,T08,CR1_S3,CR1,S3,0,0.0,8.135,1.57,1.15,9.6,2,0,17.89
1394,T09,S5_D1,S5,D1,1,187.9,6.724,1.12,1.15,10.24,3,0,22.09
1395,T09,S1_CR1,S1,CR1,1,220.0,8.767,0.8,1.15,10.89,2,0,30.79
1396,T03,S3_D2,S3,D2,1,179.8,6.362,1.39,1.35,1.01,1,0,26.5
1397,T03,S4_D2,S4,D2,1,198.5,6.638,1.49,1.35,2.01,2,0,30.72
1398,T09,S3_D2,S3,D2,1,176.7,6.362,1.39,1.35,2.36,2,0,25.28
1399,T03,CR2_S3,CR2,S3,0,0.0,6.579,1.9,1.35,9.76,5,0,18.24
1400,T04,S4_CR2,S4,CR2,1,194.9,6.855,1.9,1.35,0.67,2,0,23.14
1401,T06,CR2_S6,CR2,S6,0,0.0,8.342,1.9,1.35,5.29,6,0,26.34
1402,T09,S3_CR1,S3,CR1,1,180.0,8.135,1.57,1.15,8.08,0,0,18.79
1403,T06,S1_D1,S1,D1,1,172.6,5.834,1.12,1.15,10.61,0,0,14.85
1404,T07,S5_D1,S5,D1,1,186.7,6.724,1.12,1.15,1.45,0,0,17.08
1405,T03,D1_S1,D1,S1,0,0.0,5.834,1.12,1.15,6.4,3,0,14.31
1406,T06,CR2_S6,CR2,S6,0,0.0,8.342,1.9,1.35,7.49,4,0,22.23
1407,T04,D1_S5,D1,S5,0,0.0,6.724,1.12,1.15,0.75,0,0,14.52
1408,T04,D1_S5,D1,S5,0,0.0,6.724,1.12,1.15,5.32,3,0,18.28
1409,T02,CR2_S4,CR2,S4,0,0.0,6.855,1.9,1.35,9.34,2,0,21.97
1410,T05,S2_CR1,S2,CR1,1,185.1,8.334,1.39,1.15,11.37,1,0,26.63
1411,T10,S2_CR1,S2,CR1,1,189.1,8.334,1.39,1.15,8.87,3,0,29.43
1412,T02,D2_S4,D2,S4,0,0.0,6.638,1.49,1.35,11.44,2,1,26.41
1413,T02,S1_CR1,S1,CR1,1,177.8,8.767,0.8,1.15,5.71,3,0,30.86
1414,T01,S1_CR1,S1,CR1,1,220.0,8.767,0.8,1.15,11.71,1,0,31.27
1415,T03,S3_D2,S3,D2,1,191.1,6.362,1.39,1.35,7.9,3,0,28.57
1416,T08,CR2_S4,CR2,S4,0,0.0,6.855,1.9,1.35,8.46,2,0,18.61
1417,T02,S3_CR2,S3,CR2,1,190.9,6.579,1.9,1.35,4.34,6,0,27.58
1418,T03,CR1_S1,CR1,S1,0,0.0,8.767,0.8,1.15,7.84,3,0,23.88
1419,T04,D2_S4,D2,S4,0,0.0,6.638,1.49,1.35,11.63,2,0,21.49
1420,T03,D2_S4,D2,S4,0,0.0,6.638,1.49,1.35,3.62,3,0,20.14
1421,T04,S1_D1,S1,D1,1,197.1,5.834,1.12,1.15,1.1,2,0,14.82
1422,T07,CR2_S3,CR2,S3,0,0.0,6.579,1.9,1.35,11.51,1,1,19.99
1423,T10,D1_S1,D1,S1,0,0.0,5.834,1.12,1.15,2.06,2,0,13.39
1424,T04,CR1_S5,CR1,S5,0,0.0,10.342,0.89,1.15,7.36,4,0,27.63
1425,T06,CR1_S1,CR1,S1,0,0.0,8.767,0.8,1.15,11.33,3,1,24.95
1426,T08,CR2_S3,CR2,S3,0,0.0,6.579,1.9,1.35,1.23,2,0,17.77
1427,T03,S5_CR1,S5,CR1,1,211.0,10.342,0.89,1.15,2.47,4,0,39.86
1428,T06,D1_S5,D1,S5,0,0.0,6.724,1.12,1.15,9.09,2,0,17.62
1429,T06,S3_CR2,S3,CR2,1,194.1,6.579,1.9,1.35,6.05,7,0,27.25
1430,T06,S1_CR1,S1,CR1,1,162.6,8.767,0.8,1.15,2.23,0,0,27.14
1431,T09,S1_CR1,S1,CR1,1,171.3,8.767,0.8,1.15,6.5,3,0,29.36
1432,T02,S3_CR2,S3,CR2,1,184.9,6.579,1.9,1.35,5.84,5,0,26.11
1433,T04,CR2_S3,CR2,S3,0,0.0,6.579,1.9,1.35,0.07,1,0,17.27
1434,T08,CR1_S3,CR1,S3,0,0.0,8.135,1.57,1.15,7.24,2,0,16.36
1435,T02,S4_D2,S4,D2,1,183.9,6.638,1.49,1.35,8.81,2,0,24.87
1436,T07,CR1_S5,CR1,S5,0,0.0,10.342,0.89,1.15,4.07,2,0,24.14
1437,T04,S4_CR2,S4,CR2,1,196.2,6.855,1.9,1.35,3.52,1,0,22.1
1438,T09,S3_CR2,S3,CR2,1,193.5,6.579,1.9,1.35,8.96,3,0,23.46
1439,T05,S3_D2,S3,D2,1,180.7,6.362,1.39,1.35,7.22,5,0,30.05
1440,T07,D1_S1,D1,S1,0,0.0,5.834,1.12,1.15,6.69,5,0,15.12
1441,T06,CR2_S6,CR2,S6,0,0.0,8.342,1.9,1.35,3.89,3,0,20.87
1442,T04,S4_D2,S4,D2,1,196.3,6.638,1.49,1.35,10.02,5,0,27.27
1443,T09,S1_CR1,S1,CR1,1,192.4,8.767,0.8,1.15,6.0,2,0,31.69
1444,T06,S4_CR2,S4,CR2,1,205.0,6.855,1.9,1.35,6.86,2,0,21.86
1445,T08,CR1_S5,CR1,S5,0,0.0,10.342,0.89,1.15,2.19,3,0,26.18
1446,T03,D2_S3,D2,S3,0,0.0,6.362,1.39,1.35,3.72,3,0,23.86
1447,T05,S6_CR2,S6,CR2,1,220.0,8.342,1.9,1.35,6.48,4,0,27.13
1448,T10,S6_CR2,S6,CR2,1,182.0,8.342,1.9,1.35,4.27,3,0,27.96
1449,T07,CR1_S2,CR1,S2,0,0.0,8.334,1.39,1.15,9.43,2,0,24.47
1450,T04,CR1_S1,CR1,S1,0,0.0,8.767,0.8,1.15,9.76,3,0,20.57
1451,T03,D2_S3,D2,S3,0,0.0,6.362,1.39,1.35,8.41,3,0,22.8
1452,T04,S3_CR2,S3,CR2,1,178.7,6.579,1.9,1.35,0.55,0,0,25.44
1453,T05,CR1_S2,CR1,S2,0,0.0,8.334,1.39,1.15,5.65,4,0,23.81
1454,T05,S1_CR1,S1,CR1,1,189.4,8.767,0.8,1.15,1.69,2,0,29.13
1455,T09,CR1_S1,CR1,S1,0,0.0,8.767,0.8,1.15,3.32,3,0,24.51
1456,T09,CR2_S3,CR2,S3,0,0.0,6.579,1.9,1.35,1.29,3,0,21.12
1457,T07,S6_CR2,S6,CR2,1,184.9,8.342,1.9,1.35,4.54,5,0,28.98
1458,T03,S5_CR1,S5,CR1,1,201.7,10.342,0.89,1.15,5.93,3,0,36.47
1459,T02,S3_CR1,S3,CR1,1,170.8,8.135,1.57,1.15,0.78,2,0,20.75
1460,T02,CR2_S6,CR2,S6,0,0.0,8.342,1.9,1.35,5.59,4,0,23.61
1461,T01,CR1_S3,CR1,S3,0,0.0,8.135,1.57,1.15,2.31,1,0,16.94
1462,T09,CR2_S4,CR2,S4,0,0.0,6.855,1.9,1.35,2.58,1,0,19.27
1463,T06,S5_CR1,S5,CR1,1,220.0,10.342,0.89,1.15,8.26,1,0,31.97
1464,T06,D2_S4,D2,S4,0,0.0,6.638,1.49,1.35,9.78,3,1,33.53
1465,T10,S5_CR1,S5,CR1,1,204.5,10.342,0.89,1.15,7.11,4,0,37.4
1466,T04,CR1_S2,CR1,S2,0,0.0,8.334,1.39,1.15,4.94,2,0,22.54
1467,T07,S1_D1,S1,D1,1,187.1,5.834,1.12,1.15,6.57,3,0,17.94
1468,T02,S3_CR1,S3,CR1,1,190.5,8.135,1.57,1.15,4.58,1,0,22.02
1469,T01,S1_D1,S1,D1,1,191.4,5.834,1.12,1.15,8.14,3,0,17.45
1470,T08,D2_S4,D2,S4,0,0.0,6.638,1.49,1.35,8.74,1,0,23.42
1471,T07,CR2_S3,CR2,S3,0,0.0,6.579,1.9,1.35,0.77,2,0,20.54
1472,T07,S4_D2,S4,D2,1,191.3,6.638,1.49,1.35,11.44,1,1,33.27
1473,T02,CR2_S4,CR2,S4,0,0.0,6.855,1.9,1.35,3.78,3,0,20.48
1474,T03,CR1_S1,CR1,S1,0,0.0,8.767,0.8,1.15,0.26,2,0,22.02
1475,T09,CR2_S4,CR2,S4,0,0.0,6.855,1.9,1.35,11.04,3,0,19.11
1476,T03,CR1_S3,CR1,S3,0,0.0,8.135,1.57,1.15,5.9,1,0,16.17
1477,T10,CR1_S1,CR1,S1,0,0.0,8.767,0.8,1.15,3.71,8,0,28.25
1478,T06,S5_CR1,S5,CR1,1,211.4,10.342,0.89,1.15,9.47,2,0,37.17
1479,T06,S5_D1,S5,D1,1,164.4,6.724,1.12,1.15,11.23,4,0,21.47
1480,T01,D2_S3,D2,S3,0,0.0,6.362,1.39,1.35,5.91,3,0,23.35
1481,T08,CR2_S6,CR2,S6,0,0.0,8.342,1.9,1.35,11.62,1,0,22.78
1482,T10,D2_S3,D2,S3,0,0.0,6.362,1.39,1.35,3.83,2,1,30.19
1483,T09,CR2_S4,CR2,S4,0,0.0,6.855,1.9,1.35,5.33,4,0,18.0
1484,T01,S1_D1,S1,D1,1,209.2,5.834,1.12,1.15,3.78,5,0,18.66
1485,T04,S3_D2,S3,D2,1,216.8,6.362,1.39,1.35,2.02,1,0,24.99
1486,T04,S4_CR2,S4,CR2,1,183.9,6.855,1.9,1.35,8.54,3,0,23.53
1487,T04,S6_CR2,S6,CR2,1,215.0,8.342,1.9,1.35,3.74,1,0,26.07
1488,T03,CR1_S2,CR1,S2,0,0.0,8.334,1.39,1.15,6.13,4,0,25.72
1489,T07,S2_CR1,S2,CR1,1,189.0,8.334,1.39,1.15,5.1,2,0,27.49
1490,T02,S3_CR1,S3,CR1,1,201.4,8.135,1.57,1.15,7.66,3,0,22.61
1491,T01,D2_S3,D2,S3,0,0.0,6.362,1.39,1.35,8.12,2,0,23.91
1492,T01,S5_D1,S5,D1,1,194.7,6.724,1.12,1.15,0.67,3,0,20.69
1493,T01,CR1_S2,CR1,S2,0,0.0,8.334,1.39,1.15,10.73,1,0,22.6
1494,T01,CR1_S5,CR1,S5,0,0.0,10.342,0.89,1.15,6.83,3,0,26.57
1495,T09,S4_D2,S4,D2,1,181.6,6.638,1.49,1.35,8.51,0,0,24.01
1496,T02,D1_S1,D1,S1,0,0.0,5.834,1.12,1.15,11.92,0,0,12.28
1497,T05,D1_S1,D1,S1,0,0.0,5.834,1.12,1.15,8.95,3,1,19.28
1498,T09,D2_S3,D2,S3,0,0.0,6.362,1.39,1.35,3.5,2,0,21.8
1499,T04,D2_S3,D2,S3,0,0.0,6.362,1.39,1.35,3.74,2,0,21.66
1500,T01,D2_S3,D2,S3,0,0.0,6.362,1.39,1.35,4.77,3,1,30.95
1501,T01,S3_CR2,S3,CR2,1,200.9,6.579,1.9,1.35,9.98,2,0,23.53
1502,T09,D2_S4,D2,S4,0,0.0,6.638,1.49,1.35,1.93,1,0,23.5
1503,T03,S3_D2,S3,D2,1,158.5,6.362,1.39,1.35,1.68,2,0,27.46
1504,T08,S4_CR2,S4,CR2,1,210.9,6.855,1.9,1.35,9.04,3,0,23.94
1505,T03,S3_D2,S3,D2,1,190.8,6.362,1.39,1.35,6.21,3,0,26.62
1506,T10,S1_D1,S1,D1,1,180.4,5.834,1.12,1.15,5.59,2,0,16.94
1507,T09,S4_D2,S4,D2,1,179.6,6.638,1.49,1.35,8.2,3,0,26.82
1508,T09,CR2_S4,CR2,S4,0,0.0,6.855,1.9,1.35,1.17,3,0,17.99
1509,T03,S1_D1,S1,D1,1,188.9,5.834,1.12,1.15,10.18,1,0,16.02
1510,T02,S3_CR2,S3,CR2,1,206.5,6.579,1.9,1.35,8.84,2,1,29.38
1511,T09,CR2_S3,CR2,S3,0,0.0,6.579,1.9,1.35,4.99,4,0,21.4
1512,T02,S5_CR1,S5,CR1,1,180.2,10.342,0.89,1.15,10.48,2,0,32.68
1513,T03,S4_CR2,S4,CR2,1,206.6,6.855,1.9,1.35,4.29,2,0,21.79
1514,T07,S1_CR1,S1,CR1,1,186.9,8.767,0.8,1.15,9.45,2,0,26.27
1515,T03,S4_CR2,S4,CR2,1,214.6,6.855,1.9,1.35,6.93,2,0,23.47
1516,T10,D1_S5,D1,S5,0,0.0,6.724,1.12,1.15,9.18,3,0,19.36
1517,T01,S1_D1,S1,D1,1,187.7,5.834,1.12,1.15,3.42,2,0,16.99
1518,T10,S6_CR2,S6,CR2,1,197.5,8.342,1.9,1.35,2.27,3,0,26.88
1519,T10,CR1_S5,CR1,S5,0,0.0,10.342,0.89,1.15,9.0,0,0,25.53
1520,T10,S1_CR1,S1,CR1,1,220.0,8.767,0.8,1.15,11.0,2,0,29.97
1521,T05,S3_D2,S3,D2,1,183.8,6.362,1.39,1.35,2.5,1,0,27.04
1522,T09,S3_CR1,S3,CR1,1,189.9,8.135,1.57,1.15,4.21,2,0,21.35
1523,T05,S1_D1,S1,D1,1,181.8,5.834,1.12,1.15,10.66,2,0,16.96
1524,T06,S1_CR1,S1,CR1,1,157.5,8.767,0.8,1.15,0.31,1,0,26.83
1525,T07,D1_S1,D1,S1,0,0.0,5.834,1.12,1.15,7.61,3,0,13.2
1526,T08,D1_S5,D1,S5,0,0.0,6.724,1.12,1.15,10.17,4,0,15.2
1527,T05,S6_CR2,S6,CR2,1,219.1,8.342,1.9,1.35,10.56,3,0,27.28
1528,T02,D2_S4,D2,S4,0,0.0,6.638,1.49,1.35,9.67,1,0,19.94
1529,T01,D1_S1,D1,S1,0,0.0,5.834,1.12,1.15,5.3,4,0,14.05
1530,T01,S3_CR1,S3,CR1,1,197.7,8.135,1.57,1.15,11.48,3,0,22.93
1531,T03,S3_CR2,S3,CR2,1,195.8,6.579,1.9,1.35,10.74,3,0,24.97
1532,T05,CR2_S3,CR2,S3,0,0.0,6.579,1.9,1.35,9.8,0,0,15.53
1533,T06,CR1_S2,CR1,S2,0,0.0,8.334,1.39,1.15,1.27,1,0,21.74
1534,T04,CR1_S1,CR1,S1,0,0.0,8.767,0.8,1.15,1.69,0,0,20.4
1535,T08,CR1_S2,CR1,S2,0,0.0,8.334,1.39,1.15,8.75,1,0,19.83
1536,T04,CR1_S1,CR1,S1,0,0.0,8.767,0.8,1.15,8.46,2,0,20.3
1537,T03,S2_CR1,S2,CR1,1,214.9,8.334,1.39,1.15,6.45,5,0,28.66
1538,T08,S1_D1,S1,D1,1,177.2,5.834,1.12,1.15,9.08,4,0,17.57
1539,T04,S5_D1,S5,D1,1,189.6,6.724,1.12,1.15,5.96,4,0,22.65
1540,T06,CR1_S3,CR1,S3,0,0.0,8.135,1.57,1.15,9.8,4,0,18.79
1541,T10,CR2_S3,CR2,S3,0,0.0,6.579,1.9,1.35,6.74,5,0,20.58
1542,T08,CR1_S2,CR1,S2,0,0.0,8.334,1.39,1.15,9.76,0,0,21.59
1543,T09,S3_D2,S3,D2,1,186.2,6.362,1.39,1.35,1.76,3,0,27.08
1544,T03,D2_S4,D2,S4,0,0.0,6.638,1.49,1.35,11.5,2,0,20.06
1545,T05,S1_D1,S1,D1,1,209.8,5.834,1.12,1.15,6.61,8,0,21.57
1546,T06,CR1_S1,CR1,S1,0,0.0,8.767,0.8,1.15,4.2,3,0,21.72
1547,T03,S3_CR2,S3,CR2,1,192.5,6.579,1.9,1.35,9.1,0,1,31.42
1548,T10,S3_D2,S3,D2,1,193.8,6.362,1.39,1.35,10.99,2,0,29.37
1549,T03,CR1_S2,CR1,S2,0,0.0,8.334,1.39,1.15,8.63,1,0,21.48
1550,T08,S4_D2,S4,D2,1,195.0,6.638,1.49,1.35,5.07,2,0,24.09
1551,T07,S3_CR2,S3,CR2,1,219.1,6.579,1.9,1.35,6.45,4,0,25.69
1552,T10,S1_CR1,S1,CR1,1,205.6,8.767,0.8,1.15,9.76,0,0,28.21
1553,T08,S5_D1,S5,D1,1,201.4,6.724,1.12,1.15,1.01,1,0,18.84
1554,T08,S4_CR2,S4,CR2,1,187.1,6.855,1.9,1.35,2.86,1,0,21.74
1555,T04,S4_CR2,S4,CR2,1,201.3,6.855,1.9,1.35,8.57,0,0,21.94
1556,T10,CR2_S6,CR2,S6,0,0.0,8.342,1.9,1.35,11.5,3,0,24.15
1557,T03,D2_S4,D2,S4,0,0.0,6.638,1.49,1.35,1.59,0,0,18.4
1558,T10,CR1_S3,CR1,S3,0,0.0,8.135,1.57,1.15,9.43,1,0,17.71
1559,T03,D1_S1,D1,S1,0,0.0,5.834,1.12,1.15,8.65,5,1,22.69
1560,T01,S3_CR1,S3,CR1,1,173.4,8.135,1.57,1.15,0.26,0,0,22.49
1561,T10,D2_S3,D2,S3,0,0.0,6.362,1.39,1.35,6.29,5,0,25.14
1562,T10,S6_CR2,S6,CR2,1,188.7,8.342,1.9,1.35,10.13,2,0,24.59
1563,T07,D2_S3,D2,S3,0,0.0,6.362,1.39,1.35,10.04,3,1,32.48
1564,T01,S5_CR1,S5,CR1,1,189.1,10.342,0.89,1.15,1.4,3,0,35.48
1565,T09,CR1_S1,CR1,S1,0,0.0,8.767,0.8,1.15,9.47,1,1,28.45
1566,T10,D1_S1,D1,S1,0,0.0,5.834,1.12,1.15,7.32,1,0,13.5
1567,T03,S3_CR1,S3,CR1,1,195.8,8.135,1.57,1.15,8.06,1,0,21.56
1568,T03,CR1_S3,CR1,S3,0,0.0,8.135,1.57,1.15,6.56,3,0,18.06
1569,T05,S4_CR2,S4,CR2,1,204.7,6.855,1.9,1.35,7.86,2,0,22.64
1570,T05,S2_CR1,S2,CR1,1,210.4,8.334,1.39,1.15,10.73,4,0,29.49
1571,T06,D1_S1,D1,S1,0,0.0,5.834,1.12,1.15,2.34,0,0,11.9
1572,T05,CR1_S5,CR1,S5,0,0.0,10.342,0.89,1.15,9.28,1,0,24.57
1573,T02,S4_CR2,S4,CR2,1,178.7,6.855,1.9,1.35,0.43,2,0,26.02
1574,T02,CR1_S1,CR1,S1,0,0.0,8.767,0.8,1.15,11.68,1,0,22.4
1575,T06,D2_S4,D2,S4,0,0.0,6.638,1.49,1.35,0.58,4,0,22.96
1576,T07,CR1_S5,CR1,S5,0,0.0,10.342,0.89,1.15,2.93,4,0,27.09
1577,T07,D2_S4,D2,S4,0,0.0,6.638,1.49,1.35,10.83,0,0,20.45
1578,T01,S5_CR1,S5,CR1,1,187.3,10.342,0.89,1.15,0.31,3,0,37.02
1579,T05,S4_CR2,S4,CR2,1,189.9,6.855,1.9,1.35,5.66,7,0,29.06
1580,T09,D1_S1,D1,S1,0,0.0,5.834,1.12,1.15,5.28,5,0,15.26
1581,T05,S6_CR2,S6,CR2,1,209.4,8.342,1.9,1.35,2.2,1,0,23.87
1582,T02,CR1_S2,CR1,S2,0,0.0,8.334,1.39,1.15,7.2,3,0,22.78
1583,T10,CR2_S4,CR2,S4,0,0.0,6.855,1.9,1.35,5.98,2,0,19.67
1584,T01,S3_D2,S3,D2,1,170.0,6.362,1.39,1.35,2.24,2,0,29.16
1585,T02,CR2_S6,CR2,S6,0,0.0,8.342,1.9,1.35,9.19,3,0,22.45
1586,T01,D2_S4,D2,S4,0,0.0,6.638,1.49,1.35,5.78,2,0,21.64
1587,T03,S1_D1,S1,D1,1,182.8,5.834,1.12,1.15,8.81,7,0,20.54
1588,T02,S1_CR1,S1,CR1,1,189.7,8.767,0.8,1.15,3.26,6,0,31.35
1589,T03,CR2_S4,CR2,S4,0,0.0,6.855,1.9,1.35,8.37,3,0,20.91
1590,T07,CR1_S1,CR1,S1,0,0.0,8.767,0.8,1.15,6.19,3,0,23.77
1591,T05,S6_CR2,S6,CR2,1,197.1,8.342,1.9,1.35,2.95,2,0,24.07
1592,T08,CR1_S1,CR1,S1,0,0.0,8.767,0.8,1.15,4.5,6,0,25.69
1593,T04,S6_CR2,S6,CR2,1,182.9,8.342,1.9,1.35,10.03,2,0,28.04
1594,T10,S6_CR2,S6,CR2,1,202.6,8.342,1.9,1.35,5.88,2,0,26.79
1595,T04,CR1_S2,CR1,S2,0,0.0,8.334,1.39,1.15,7.52,2,0,23.16
1596,T07,CR1_S2,CR1,S2,0,0.0,8.334,1.39,1.15,1.4,1,0,22.56
1597,T05,S4_CR2,S4,CR2,1,167.7,6.855,1.9,1.35,0.58,3,0,24.64
1598,T08,CR1_S5,CR1,S5,0,0.0,10.342,0.89,1.15,3.23,1,0,27.3
1599,T08,CR2_S4,CR2,S4,0,0.0,6.855,1.9,1.35,0.14,4,0,19.8
1600,T10,CR2_S3,CR2,S3,0,0.0,6.579,1.9,1.35,6.4,4,0,20.42
1601,T05,CR1_S1,CR1,S1,0,0.0,8.767,0.8,1.15,3.01,7,0,27.74
1602,T05,CR1_S5,CR1,S5,0,0.0,10.342,0.89,1.15,6.28,2,0,30.64
1603,T01,CR2_S3,CR2,S3,0,0.0,6.579,1.9,1.35,5.13,2,0,18.13
1604,T09,CR1_S5,CR1,S5,0,0.0,10.342,0.89,1.15,6.45,5,0,28.7
1605,T09,D1_S5,D1,S5,0,0.0,6.724,1.12,1.15,6.82,6,0,19.91
1606,T02,CR2_S6,CR2,S6,0,0.0,8.342,1.9,1.35,9.96,6,0,26.25
1607,T05,S1_CR1,S1,CR1,1,220.0,8.767,0.8,1.15,3.71,3,0,32.31
1608,T02,S4_CR2,S4,CR2,1,193.9,6.855,1.9,1.35,10.92,1,0,22.93
1609,T07,S6_CR2,S6,CR2,1,196.6,8.342,1.9,1.35,1.57,2,0,26.64
1610,T09,CR1_S1,CR1,S1,0,0.0,8.767,0.8,1.15,11.95,2,0,22.98
1611,T10,CR2_S4,CR2,S4,0,0.0,6.855,1.9,1.35,3.7,2,0,17.2
1612,T03,D1_S5,D1,S5,0,0.0,6.724,1.12,1.15,7.56,6,0,19.26
1613,T09,S3_D2,S3,D2,1,203.0,6.362,1.39,1.35,4.31,4,0,26.06
1614,T08,S1_D1,S1,D1,1,218.2,5.834,1.12,1.15,8.44,4,0,17.54
1615,T02,D1_S5,D1,S5,0,0.0,6.724,1.12,1.15,3.82,1,0,16.49
1616,T03,S4_D2,S4,D2,1,180.1,6.638,1.49,1.35,5.04,3,0,27.68
1617,T05,D1_S1,D1,S1,0,0.0,5.834,1.12,1.15,4.96,0,0,10.5
1618,T03,CR1_S2,CR1,S2,0,0.0,8.334,1.39,1.15,0.88,2,0,24.05
1619,T08,D1_S1,D1,S1,0,0.0,5.834,1.12,1.15,11.05,2,0,12.32
1620,T07,CR1_S3,CR1,S3,0,0.0,8.135,1.57,1.15,4.73,1,0,16.84
1621,T07,CR1_S5,CR1,S5,0,0.0,10.342,0.89,1.15,0.35,2,0,28.13
1622,T08,CR1_S1,CR1,S1,0,0.0,8.767,0.8,1.15,9.38,2,0,22.7
1623,T06,D1_S5,D1,S5,0,0.0,6.724,1.12,1.15,10.89,3,0,16.53
1624,T01,CR2_S6,CR2,S6,0,0.0,8.342,1.9,1.35,4.63,6,0,25.13
1625,T04,D2_S3,D2,S3,0,0.0,6.362,1.39,1.35,4.14,2,0,19.69
1626,T02,CR1_S2,CR1,S2,0,0.0,8.334,1.39,1.15,9.41,4,0,23.58
1627,T05,CR2_S4,CR2,S4,0,0.0,6.855,1.9,1.35,9.22,1,0,17.74
1628,T06,S1_CR1,S1,CR1,1,216.9,8.767,0.8,1.15,4.94,4,1,35.57
1629,T08,S3_D2,S3,D2,1,198.2,6.362,1.39,1.35,3.99,4,0,30.16
1630,T10,S1_CR1,S1,CR1,1,190.0,8.767,0.8,1.15,7.0,3,0,28.35
1631,T07,D1_S5,D1,S5,0,0.0,6.724,1.12,1.15,4.76,2,0,16.95
1632,T01,CR2_S6,CR2,S6,0,0.0,8.342,1.9,1.35,6.56,6,0,25.98
1633,T01,S3_CR2,S3,CR2,1,211.1,6.579,1.9,1.35,8.38,1,0,22.72
1634,T01,S3_D2,S3,D2,1,180.8,6.362,1.39,1.35,3.26,3,0,29.69
1635,T03,CR1_S3,CR1,S3,0,0.0,8.135,1.57,1.15,4.61,4,0,20.42
1636,T06,D1_S5,D1,S5,0,0.0,6.724,1.12,1.15,8.27,0,0,16.34
1637,T04,CR1_S2,CR1,S2,0,0.0,8.334,1.39,1.15,9.31,0,0,21.93
1638,T03,CR1_S5,CR1,S5,0,0.0,10.342,0.89,1.15,8.93,1,0,26.11
1639,T01,S5_CR1,S5,CR1,1,194.4,10.342,0.89,1.15,1.1,1,0,33.49
1640,T08,S1_CR1,S1,CR1,1,190.0,8.767,0.8,1.15,11.34,2,1,38.07
1641,T04,D2_S4,D2,S4,0,0.0,6.638,1.49,1.35,0.92,2,0,22.13
1642,T05,D2_S4,D2,S4,0,0.0,6.638,1.49,1.35,6.66,3,0,23.19
1643,T07,S3_D2,S3,D2,1,186.0,6.362,1.39,1.35,11.23,3,0,26.22
1644,T06,S6_CR2,S6,CR2,1,189.9,8.342,1.9,1.35,2.71,1,0,23.59
1645,T05,CR1_S1,CR1,S1,0,0.0,8.767,0.8,1.15,5.82,5,0,28.42
1646,T07,S6_CR2,S6,CR2,1,181.1,8.342,1.9,1.35,5.29,4,0,28.55
1647,T02,S1_CR1,S1,CR1,1,180.9,8.767,0.8,1.15,9.83,6,0,29.99
1648,T01,S3_CR1,S3,CR1,1,206.8,8.135,1.57,1.15,11.45,1,0,21.35
1649,T03,S4_D2,S4,D2,1,172.7,6.638,1.49,1.35,4.0,3,0,29.1
1650,T05,S6_CR2,S6,CR2,1,209.3,8.342,1.9,1.35,4.64,6,0,29.95
1651,T07,S3_D2,S3,D2,1,220.0,6.362,1.39,1.35,1.99,2,0,30.49
1652,T09,D2_S4,D2,S4,0,0.0,6.638,1.49,1.35,2.57,2,0,21.02
1653,T04,S2_CR1,S2,CR1,1,182.7,8.334,1.39,1.15,9.82,2,0,23.54
1654,T10,S6_CR2,S6,CR2,1,208.2,8.342,1.9,1.35,7.38,3,0,29.26
1655,T09,S5_D1,S5,D1,1,189.5,6.724,1.12,1.15,9.67,1,0,20.89
1656,T07,S3_D2,S3,D2,1,187.3,6.362,1.39,1.35,11.66,2,0,27.39
1657,T03,S2_CR1,S2,CR1,1,190.4,8.334,1.39,1.15,6.3,8,0,30.86
1658,T05,CR1_S3,CR1,S3,0,0.0,8.135,1.57,1.15,6.99,6,0,20.22
1659,T10,D1_S1,D1,S1,0,0.0,5.834,1.12,1.15,6.89,3,0,13.99
1660,T07,D1_S1,D1,S1,0,0.0,5.834,1.12,1.15,7.3,4,0,14.82
1661,T04,S3_CR2,S3,CR2,1,220.0,6.579,1.9,1.35,8.91,6,0,22.84
1662,T01,CR1_S2,CR1,S2,0,0.0,8.334,1.39,1.15,10.8,2,0,20.51
1663,T03,S3_CR1,S3,CR1,1,193.2,8.135,1.57,1.15,7.85,1,0,21.21
1664,T02,S1_CR1,S1,CR1,1,189.9,8.767,0.8,1.15,4.57,4,0,26.5
1665,T09,CR1_S1,CR1,S1,0,0.0,8.767,0.8,1.15,7.67,3,0,24.64
1666,T10,S3_D2,S3,D2,1,174.6,6.362,1.39,1.35,4.04,0,0,23.86
1667,T01,CR2_S6,CR2,S6,0,0.0,8.342,1.9,1.35,11.86,0,0,20.6
1668,T08,CR2_S3,CR2,S3,0,0.0,6.579,1.9,1.35,5.86,7,0,23.32
1669,T09,CR1_S2,CR1,S2,0,0.0,8.334,1.39,1.15,1.64,0,0,20.88
1670,T10,CR1_S5,CR1,S5,0,0.0,10.342,0.89,1.15,2.24,3,0,28.2
1671,T06,S1_D1,S1,D1,1,207.0,5.834,1.12,1.15,2.41,2,0,16.84
1672,T09,S4_D2,S4,D2,1,183.6,6.638,1.49,1.35,5.6,6,0,28.96
1673,T10,S6_CR2,S6,CR2,1,172.4,8.342,1.9,1.35,1.4,3,0,28.02
1674,T07,S4_CR2,S4,CR2,1,177.7,6.855,1.9,1.35,8.97,3,0,22.49
1675,T04,S3_D2,S3,D2,1,188.5,6.362,1.39,1.35,4.27,2,0,23.25
1676,T09,CR2_S4,CR2,S4,0,0.0,6.855,1.9,1.35,6.78,3,0,19.8
1677,T04,S5_D1,S5,D1,1,199.5,6.724,1.12,1.15,5.34,2,0,20.88
1678,T02,S6_CR2,S6,CR2,1,176.6,8.342,1.9,1.35,5.49,4,0,26.5
1679,T07,S3_CR2,S3,CR2,1,195.1,6.579,1.9,1.35,2.28,3,0,26.08
1680,T09,S3_CR1,S3,CR1,1,171.3,8.135,1.57,1.15,0.66,2,0,21.84
1681,T03,CR2_S4,CR2,S4,0,0.0,6.855,1.9,1.35,7.27,6,0,21.66
1682,T01,S2_CR1,S2,CR1,1,174.2,8.334,1.39,1.15,6.63,4,1,40.4
1683,T08,S3_D2,S3,D2,1,179.6,6.362,1.39,1.35,11.26,4,0,31.41
1684,T04,S3_D2,S3,D2,1,190.9,6.362,1.39,1.35,1.04,0,0,28.46
1685,T02,D2_S4,D2,S4,0,0.0,6.638,1.49,1.35,11.9,2,0,21.22
1686,T07,S3_D2,S3,D2,1,205.5,6.362,1.39,1.35,6.33,4,0,28.45
1687,T07,CR1_S3,CR1,S3,0,0.0,8.135,1.57,1.15,11.9,2,0,18.07
1688,T01,S2_CR1,S2,CR1,1,203.0,8.334,1.39,1.15,8.47,2,0,27.77
1689,T05,S1_D1,S1,D1,1,193.3,5.834,1.12,1.15,9.29,2,0,16.98
1690,T08,CR1_S3,CR1,S3,0,0.0,8.135,1.57,1.15,5.94,3,0,18.0
1691,T01,S3_CR1,S3,CR1,1,197.3,8.135,1.57,1.15,5.32,4,0,23.66
1692,T09,S3_CR1,S3,CR1,1,191.9,8.135,1.57,1.15,7.61,4,1,29.87
1693,T10,CR1_S1,CR1,S1,0,0.0,8.767,0.8,1.15,5.1,2,0,22.14
1694,T09,S1_D1,S1,D1,1,196.3,5.834,1.12,1.15,9.61,1,0,15.92
1695,T09,S5_CR1,S5,CR1,1,207.6,10.342,0.89,1.15,11.97,3,0,38.87
1696,T04,CR1_S2,CR1,S2,0,0.0,8.334,1.39,1.15,11.12,4,0,20.88
1697,T06,D1_S5,D1,S5,0,0.0,6.724,1.12,1.15,11.73,2,0,16.83
1698,T09,S1_D1,S1,D1,1,202.6,5.834,1.12,1.15,5.53,6,0,20.3
1699,T01,S2_CR1,S2,CR1,1,188.6,8.334,1.39,1.15,2.42,0,0,27.18
1700,T07,S6_CR2,S6,CR2,1,206.2,8.342,1.9,1.35,8.61,3,0,25.43
1701,T03,CR2_S3,CR2,S3,0,0.0,6.579,1.9,1.35,7.4,5,0,21.05
1702,T06,S4_CR2,S4,CR2,1,203.8,6.855,1.9,1.35,9.12,3,0,24.57
1703,T01,CR2_S3,CR2,S3,0,0.0,6.579,1.9,1.35,3.42,5,0,23.89
1704,T09,D2_S3,D2,S3,0,0.0,6.362,1.39,1.35,2.53,2,0,21.07
1705,T10,S3_D2,S3,D2,1,196.4,6.362,1.39,1.35,1.19,1,0,28.67
1706,T01,S1_D1,S1,D1,1,183.4,5.834,1.12,1.15,9.21,0,0,14.69
1707,T02,S2_CR1,S2,CR1,1,185.2,8.334,1.39,1.15,4.72,5,0,32.0
1708,T03,S6_CR2,S6,CR2,1,182.5,8.342,1.9,1.35,4.18,3,0,28.49
1709,T03,S3_D2,S3,D2,1,191.7,6.362,1.39,1.35,0.46,2,0,25.34
1710,T05,D2_S3,D2,S3,0,0.0,6.362,1.39,1.35,8.33,5,0,25.8
1711,T08,S3_CR1,S3,CR1,1,182.5,8.135,1.57,1.15,9.26,0,0,19.87
1712,T09,S3_CR2,S3,CR2,1,191.6,6.579,1.9,1.35,6.75,5,0,25.25
1713,T08,S5_CR1,S5,CR1,1,185.7,10.342,0.89,1.15,3.07,4,0,38.15
1714,T06,CR1_S1,CR1,S1,0,0.0,8.767,0.8,1.15,10.56,0,0,19.09
1715,T09,CR1_S3,CR1,S3,0,0.0,8.135,1.57,1.15,5.42,2,0,17.46
1716,T06,D1_S5,D1,S5,0,0.0,6.724,1.12,1.15,2.82,0,1,18.86
1717,T06,D2_S4,D2,S4,0,0.0,6.638,1.49,1.35,4.58,3,0,24.86
1718,T04,S3_CR1,S3,CR1,1,202.4,8.135,1.57,1.15,7.04,2,0,22.21
1719,T03,S1_CR1,S1,CR1,1,207.1,8.767,0.8,1.15,10.7,2,0,26.69
1720,T01,D1_S1,D1,S1,0,0.0,5.834,1.12,1.15,2.61,2,0,13.49
1721,T09,CR1_S1,CR1,S1,0,0.0,8.767,0.8,1.15,4.92,2,0,20.54
1722,T02,S6_CR2,S6,CR2,1,194.9,8.342,1.9,1.35,1.01,3,0,27.38
1723,T04,S5_CR1,S5,CR1,1,176.5,10.342,0.89,1.15,9.96,2,0,33.82
1724,T01,S4_D2,S4,D2,1,187.6,6.638,1.49,1.35,3.46,2,0,29.29
1725,T08,S3_CR1,S3,CR1,1,195.0,8.135,1.57,1.15,10.25,2,0,20.85
1726,T07,S3_CR2,S3,CR2,1,216.0,6.579,1.9,1.35,5.88,1,0,20.62
1727,T08,S1_CR1,S1,CR1,1,187.8,8.767,0.8,1.15,4.08,2,0,28.48
1728,T07,CR1_S2,CR1,S2,0,0.0,8.334,1.39,1.15,9.34,3,1,32.1
1729,T04,S6_CR2,S6,CR2,1,194.9,8.342,1.9,1.35,0.47,2,0,27.19
1730,T06,S3_CR2,S3,CR2,1,190.1,6.579,1.9,1.35,8.45,3,0,23.57
1731,T05,CR1_S3,CR1,S3,0,0.0,8.135,1.57,1.15,11.23,1,0,16.37
1732,T01,S1_CR1,S1,CR1,1,198.4,8.767,0.8,1.15,5.11,2,0,29.29
1733,T05,CR1_S1,CR1,S1,0,0.0,8.767,0.8,1.15,4.57,2,0,25.62
1734,T01,CR1_S5,CR1,S5,0,0.0,10.342,0.89,1.15,5.61,3,0,28.4
1735,T05,S4_D2,S4,D2,1,201.5,6.638,1.49,1.35,3.67,3,0,30.73
1736,T07,D2_S4,D2,S4,0,0.0,6.638,1.49,1.35,9.87,1,0,22.5
1737,T01,S2_CR1,S2,CR1,1,197.5,8.334,1.39,1.15,11.58,3,0,27.75
1738,T10,S1_D1,S1,D1,1,210.8,5.834,1.12,1.15,4.02,3,0,17.11
1739,T07,CR1_S5,CR1,S5,0,0.0,10.342,0.89,1.15,5.29,6,0,31.56
1740,T03,D2_S3,D2,S3,0,0.0,6.362,1.39,1.35,5.01,6,0,27.4
1741,T09,S4_CR2,S4,CR2,1,174.5,6.855,1.9,1.35,6.8,8,1,34.58
1742,T03,CR1_S1,CR1,S1,0,0.0,8.767,0.8,1.15,0.89,1,0,22.11
1743,T10,CR2_S4,CR2,S4,0,0.0,6.855,1.9,1.35,11.58,2,0,19.04
1744,T06,CR2_S6,CR2,S6,0,0.0,8.342,1.9,1.35,10.69,2,0,21.12
1745,T04,S5_D1,S5,D1,1,202.9,6.724,1.12,1.15,9.81,3,0,21.78
1746,T08,S2_CR1,S2,CR1,1,200.9,8.334,1.39,1.15,0.54,1,0,28.8
1747,T04,CR2_S6,CR2,S6,0,0.0,8.342,1.9,1.35,9.58,0,0,18.81
1748,T09,D2_S3,D2,S3,0,0.0,6.362,1.39,1.35,11.98,4,0,22.98
1749,T01,S4_D2,S4,D2,1,206.1,6.638,1.49,1.35,6.64,3,0,26.4
1750,T03,S6_CR2,S6,CR2,1,155.5,8.342,1.9,1.35,7.69,2,0,25.87
1751,T02,S3_D2,S3,D2,1,180.6,6.362,1.39,1.35,9.42,4,0,28.85
1752,T04,CR2_S4,CR2,S4,0,0.0,6.855,1.9,1.35,7.01,2,0,19.15
1753,T01,CR2_S4,CR2,S4,0,0.0,6.855,1.9,1.35,4.66,6,0,20.28
1754,T04,CR1_S3,CR1,S3,0,0.0,8.135,1.57,1.15,11.31,3,0,18.48
1755,T09,CR2_S4,CR2,S4,0,0.0,6.855,1.9,1.35,9.5,3,0,19.55
1756,T07,CR2_S3,CR2,S3,0,0.0,6.579,1.9,1.35,6.71,4,0,20.76
1757,T03,CR1_S1,CR1,S1,0,0.0,8.767,0.8,1.15,2.72,2,0,22.26
1758,T08,S2_CR1,S2,CR1,1,178.7,8.334,1.39,1.15,11.61,0,0,28.44
1759,T08,CR2_S4,CR2,S4,0,0.0,6.855,1.9,1.35,0.47,1,0,18.23
1760,T10,CR1_S3,CR1,S3,0,0.0,8.135,1.57,1.15,6.9,3,0,18.54
1761,T10,S2_CR1,S2,CR1,1,190.0,8.334,1.39,1.15,0.46,3,0,29.37
1762,T01,CR1_S2,CR1,S2,0,0.0,8.334,1.39,1.15,5.43,4,0,21.22
1763,T05,S1_D1,S1,D1,1,178.1,5.834,1.12,1.15,8.29,0,0,13.96
1764,T09,D2_S4,D2,S4,0,0.0,6.638,1.49,1.35,0.62,2,1,29.04
1765,T02,D1_S1,D1,S1,0,0.0,5.834,1.12,1.15,7.9,3,0,14.18
1766,T08,S1_D1,S1,D1,1,196.7,5.834,1.12,1.15,7.55,2,0,16.77
1767,T05,S3_D2,S3,D2,1,178.5,6.362,1.39,1.35,9.5,2,0,25.68
1768,T09,CR2_S4,CR2,S4,0,0.0,6.855,1.9,1.35,3.1,1,0,17.48
1769,T10,CR1_S1,CR1,S1,0,0.0,8.767,0.8,1.15,3.76,2,0,22.61
1770,T08,D2_S3,D2,S3,0,0.0,6.362,1.39,1.35,8.19,5,0,25.1
1771,T07,S5_D1,S5,D1,1,194.9,6.724,1.12,1.15,0.15,3,0,20.85
1772,T05,CR1_S3,CR1,S3,0,0.0,8.135,1.57,1.15,2.37,0,0,17.17
1773,T02,S3_CR2,S3,CR2,1,206.0,6.579,1.9,1.35,7.21,4,1,29.33
1774,T03,S4_D2,S4,D2,1,182.3,6.638,1.49,1.35,5.59,2,0,27.4
1775,T02,S4_D2,S4,D2,1,220.0,6.638,1.49,1.35,5.21,4,0,31.11
1776,T10,S5_D1,S5,D1,1,184.0,6.724,1.12,1.15,7.85,2,0,20.19
1777,T08,S3_CR1,S3,CR1,1,217.3,8.135,1.57,1.15,2.42,1,0,21.58
1778,T06,CR2_S3,CR2,S3,0,0.0,6.579,1.9,1.35,8.82,2,0,21.73
1779,T04,S3_D2,S3,D2,1,176.3,6.362,1.39,1.35,1.47,3,0,27.99
1780,T10,D1_S5,D1,S5,0,0.0,6.724,1.12,1.15,5.16,4,0,18.14
1781,T06,D2_S4,D2,S4,0,0.0,6.638,1.49,1.35,9.34,4,0,24.63
1782,T01,S4_D2,S4,D2,1,183.7,6.638,1.49,1.35,10.71,1,0,26.21
1783,T10,CR2_S4,CR2,S4,0,0.0,6.855,1.9,1.35,4.88,8,0,23.73
1784,T04,S5_D1,S5,D1,1,183.3,6.724,1.12,1.15,1.12,6,1,34.55
1785,T03,S2_CR1,S2,CR1,1,206.9,8.334,1.39,1.15,1.8,3,0,29.21
1786,T10,D2_S3,D2,S3,0,0.0,6.362,1.39,1.35,2.85,2,0,23.47
1787,T10,S1_D1,S1,D1,1,183.0,5.834,1.12,1.15,6.51,2,0,14.54
1788,T10,D2_S3,D2,S3,0,0.0,6.362,1.39,1.35,8.85,1,0,21.57
1789,T06,S3_CR2,S3,CR2,1,184.8,6.579,1.9,1.35,3.73,4,0,24.25
1790,T01,D1_S1,D1,S1,0,0.0,5.834,1.12,1.15,5.53,4,0,12.9
1791,T07,D1_S5,D1,S5,0,0.0,6.724,1.12,1.15,5.28,7,0,21.53
1792,T03,CR2_S4,CR2,S4,0,0.0,6.855,1.9,1.35,11.54,5,0,21.91
1793,T06,D1_S5,D1,S5,0,0.0,6.724,1.12,1.15,10.03,1,0,13.77
1794,T07,S5_CR1,S5,CR1,1,185.7,10.342,0.89,1.15,2.91,3,0,30.72
1795,T06,CR2_S3,CR2,S3,0,0.0,6.579,1.9,1.35,11.56,3,0,20.14
1796,T10,CR1_S1,CR1,S1,0,0.0,8.767,0.8,1.15,0.0,5,0,23.88
1797,T07,CR1_S3,CR1,S3,0,0.0,8.135,1.57,1.15,2.66,1,0,16.16
1798,T04,CR2_S6,CR2,S6,0,0.0,8.342,1.9,1.35,6.06,6,0,25.12
1799,T03,S5_D1,S5,D1,1,188.7,6.724,1.12,1.15,7.84,5,1,25.92
1800,T08,D2_S3,D2,S3,0,0.0,6.362,1.39,1.35,2.58,2,0,21.19
1801,T09,CR1_S3,CR1,S3,0,0.0,8.135,1.57,1.15,5.62,4,0,20.32
1802,T03,S5_D1,S5,D1,1,213.1,6.724,1.12,1.15,9.78,3,0,22.22
1803,T04,CR2_S4,CR2,S4,0,0.0,6.855,1.9,1.35,1.75,2,0,20.78
1804,T07,D1_S5,D1,S5,0,0.0,6.724,1.12,1.15,9.92,0,0,15.71
1805,T05,S5_D1,S5,D1,1,210.9,6.724,1.12,1.15,5.72,4,0,22.49
1806,T02,CR1_S1,CR1,S1,0,0.0,8.767,0.8,1.15,7.4,3,1,37.29
1807,T01,S1_D1,S1,D1,1,176.4,5.834,1.12,1.15,1.89,4,0,18.62
1808,T04,S3_D2,S3,D2,1,215.5,6.362,1.39,1.35,5.97,7,0,31.45
1809,T06,S4_CR2,S4,CR2,1,186.2,6.855,1.9,1.35,8.61,2,0,27.55
1810,T01,D1_S5,D1,S5,0,0.0,6.724,1.12,1.15,8.2,2,0,18.46
1811,T04,CR2_S3,CR2,S3,0,0.0,6.579,1.9,1.35,11.05,4,0,21.19
1812,T10,S2_CR1,S2,CR1,1,193.8,8.334,1.39,1.15,3.19,3,0,30.18
1813,T06,S3_CR1,S3,CR1,1,193.4,8.135,1.57,1.15,9.59,3,0,24.27
1814,T09,S4_D2,S4,D2,1,195.0,6.638,1.49,1.35,6.55,7,0,32.86
1815,T03,S5_D1,S5,D1,1,185.8,6.724,1.12,1.15,4.47,3,0,22.58
1816,T10,S3_CR2,S3,CR2,1,219.9,6.579,1.9,1.35,7.93,3,0,23.97
1817,T07,S1_CR1,S1,CR1,1,166.9,8.767,0.8,1.15,2.46,1,0,29.6
1818,T06,S3_D2,S3,D2,1,202.1,6.362,1.39,1.35,4.8,3,0,27.99
1819,T07,S3_CR2,S3,CR2,1,212.0,6.579,1.9,1.35,6.17,3,0,24.4
1820,T01,CR2_S3,CR2,S3,0,0.0,6.579,1.9,1.35,3.45,0,0,20.14
1821,T10,S4_D2,S4,D2,1,198.1,6.638,1.49,1.35,7.82,4,0,28.91
1822,T03,CR1_S3,CR1,S3,0,0.0,8.135,1.57,1.15,9.08,3,0,19.05
1823,T04,CR2_S6,CR2,S6,0,0.0,8.342,1.9,1.35,4.92,4,0,24.15
1824,T02,S3_D2,S3,D2,1,188.6,6.362,1.39,1.35,0.35,3,0,27.79
1825,T01,S2_CR1,S2,CR1,1,196.2,8.334,1.39,1.15,10.88,6,0,32.77
1826,T10,D2_S3,D2,S3,0,0.0,6.362,1.39,1.35,11.46,3,0,22.58
1827,T07,CR1_S3,CR1,S3,0,0.0,8.135,1.57,1.15,5.35,3,0,17.66
1828,T09,S5_D1,S5,D1,1,208.6,6.724,1.12,1.15,8.0,2,0,23.73
1829,T05,S3_D2,S3,D2,1,201.1,6.362,1.39,1.35,2.73,2,0,29.0
1830,T08,CR1_S1,CR1,S1,0,0.0,8.767,0.8,1.15,7.85,6,0,29.86
1831,T02,S3_D2,S3,D2,1,218.9,6.362,1.39,1.35,10.16,1,0,28.81
1832,T10,D2_S4,D2,S4,0,0.0,6.638,1.49,1.35,8.19,2,0,22.69
1833,T02,S4_CR2,S4,CR2,1,197.5,6.855,1.9,1.35,0.85,2,0,23.64
1834,T06,D2_S3,D2,S3,0,0.0,6.362,1.39,1.35,10.77,3,0,23.18
1835,T02,CR1_S1,CR1,S1,0,0.0,8.767,0.8,1.15,1.97,2,0,21.37
1836,T09,S5_D1,S5,D1,1,187.4,6.724,1.12,1.15,7.5,4,0,23.98
1837,T04,S5_D1,S5,D1,1,201.4,6.724,1.12,1.15,7.52,6,0,24.01
1838,T06,S3_D2,S3,D2,1,182.5,6.362,1.39,1.35,8.88,4,0,25.71
1839,T07,CR1_S1,CR1,S1,0,0.0,8.767,0.8,1.15,11.25,1,0,21.87
1840,T01,CR2_S6,CR2,S6,0,0.0,8.342,1.9,1.35,1.19,5,1,31.06
1841,T07,S6_CR2,S6,CR2,1,190.1,8.342,1.9,1.35,0.85,2,0,27.96
1842,T07,D2_S3,D2,S3,0,0.0,6.362,1.39,1.35,8.44,2,0,19.54
1843,T07,S5_CR1,S5,CR1,1,196.2,10.342,0.89,1.15,6.28,4,0,35.25
1844,T01,D2_S3,D2,S3,0,0.0,6.362,1.39,1.35,7.55,5,0,23.7
1845,T01,CR1_S5,CR1,S5,0,0.0,10.342,0.89,1.15,7.23,5,0,27.96
1846,T03,D1_S5,D1,S5,0,0.0,6.724,1.12,1.15,2.87,4,0,17.65
1847,T02,S6_CR2,S6,CR2,1,204.8,8.342,1.9,1.35,6.85,4,0,28.96
1848,T10,S1_CR1,S1,CR1,1,187.4,8.767,0.8,1.15,0.27,2,0,27.87
1849,T05,CR2_S4,CR2,S4,0,0.0,6.855,1.9,1.35,6.55,7,0,22.86
1850,T09,CR2_S4,CR2,S4,0,0.0,6.855,1.9,1.35,4.49,4,0,22.3
1851,T03,CR1_S2,CR1,S2,0,0.0,8.334,1.39,1.15,3.08,2,0,23.1
1852,T04,S4_D2,S4,D2,1,216.1,6.638,1.49,1.35,5.7,4,0,29.12
1853,T09,S5_CR1,S5,CR1,1,207.4,10.342,0.89,1.15,10.95,4,0,37.71
1854,T06,S1_D1,S1,D1,1,183.6,5.834,1.12,1.15,3.49,2,0,16.13
1855,T05,D1_S1,D1,S1,0,0.0,5.834,1.12,1.15,9.6,2,0,14.31
1856,T05,S5_CR1,S5,CR1,1,189.4,10.342,0.89,1.15,2.92,8,0,39.95
1857,T02,S2_CR1,S2,CR1,1,208.6,8.334,1.39,1.15,2.81,1,0,27.37
1858,T10,CR1_S5,CR1,S5,0,0.0,10.342,0.89,1.15,9.44,3,0,28.21
1859,T01,S3_CR1,S3,CR1,1,212.7,8.135,1.57,1.15,10.98,5,0,26.53
1860,T03,S4_CR2,S4,CR2,1,168.4,6.855,1.9,1.35,9.14,4,0,23.84
1861,T10,S4_CR2,S4,CR2,1,204.0,6.855,1.9,1.35,4.23,2,0,22.09
1862,T05,D1_S1,D1,S1,0,0.0,5.834,1.12,1.15,1.18,4,0,16.47
1863,T03,S1_CR1,S1,CR1,1,220.0,8.767,0.8,1.15,8.89,2,0,28.95
1864,T02,D2_S4,D2,S4,0,0.0,6.638,1.49,1.35,1.59,3,0,22.19
1865,T08,CR1_S5,CR1,S5,0,0.0,10.342,0.89,1.15,11.66,1,0,25.2
1866,T09,S6_CR2,S6,CR2,1,195.8,8.342,1.9,1.35,8.74,3,0,28.25
1867,T03,CR2_S6,CR2,S6,0,0.0,8.342,1.9,1.35,2.7,2,0,21.03
1868,T05,CR1_S1,CR1,S1,0,0.0,8.767,0.8,1.15,2.79,1,0,24.52
1869,T02,S2_CR1,S2,CR1,1,195.8,8.334,1.39,1.15,2.62,2,0,31.7
1870,T04,S3_D2,S3,D2,1,194.8,6.362,1.39,1.35,7.66,1,0,27.14
1871,T09,S3_D2,S3,D2,1,175.4,6.362,1.39,1.35,7.04,2,0,26.68
1872,T07,CR2_S4,CR2,S4,0,0.0,6.855,1.9,1.35,3.2,2,0,20.72
1873,T05,CR1_S5,CR1,S5,0,0.0,10.342,0.89,1.15,11.84,2,0,27.86
1874,T01,D1_S1,D1,S1,0,0.0,5.834,1.12,1.15,0.44,1,0,11.46
1875,T10,S3_D2,S3,D2,1,205.0,6.362,1.39,1.35,3.54,0,0,28.14
1876,T07,S4_CR2,S4,CR2,1,191.4,6.855,1.9,1.35,8.61,4,0,26.23
1877,T08,S1_D1,S1,D1,1,183.1,5.834,1.12,1.15,0.18,1,0,15.93
1878,T06,CR1_S3,CR1,S3,0,0.0,8.135,1.57,1.15,7.97,3,0,17.3
1879,T01,S3_CR1,S3,CR1,1,205.6,8.135,1.57,1.15,3.16,1,0,22.02
1880,T04,D2_S4,D2,S4,0,0.0,6.638,1.49,1.35,5.33,4,0,24.62
1881,T01,S3_CR1,S3,CR1,1,168.4,8.135,1.57,1.15,5.63,4,0,20.03
1882,T01,S5_D1,S5,D1,1,203.2,6.724,1.12,1.15,11.6,3,0,20.87
1883,T06,CR1_S2,CR1,S2,0,0.0,8.334,1.39,1.15,8.18,3,0,24.56
1884,T07,CR1_S3,CR1,S3,0,0.0,8.135,1.57,1.15,7.14,2,0,16.52
1885,T08,S4_D2,S4,D2,1,206.6,6.638,1.49,1.35,10.38,4,0,27.47
1886,T03,D1_S1,D1,S1,0,0.0,5.834,1.12,1.15,11.77,2,0,13.85
1887,T09,CR2_S4,CR2,S4,0,0.0,6.855,1.9,1.35,5.66,2,0,20.2
1888,T02,CR2_S4,CR2,S4,0,0.0,6.855,1.9,1.35,11.04,2,0,18.7
1889,T10,S3_CR2,S3,CR2,1,194.2,6.579,1.9,1.35,8.49,0,0,19.5
1890,T08,CR2_S6,CR2,S6,0,0.0,8.342,1.9,1.35,11.83,3,0,23.42
1891,T04,S4_D2,S4,D2,1,204.5,6.638,1.49,1.35,1.76,1,0,26.95
1892,T08,D1_S5,D1,S5,0,0.0,6.724,1.12,1.15,5.03,1,0,17.36
1893,T03,CR2_S3,CR2,S3,0,0.0,6.579,1.9,1.35,11.24,2,0,18.54
1894,T06,D2_S3,D2,S3,0,0.0,6.362,1.39,1.35,1.67,1,0,21.22
1895,T02,CR2_S3,CR2,S3,0,0.0,6.579,1.9,1.35,3.75,2,0,19.22
1896,T02,S5_D1,S5,D1,1,169.0,6.724,1.12,1.15,8.96,3,0,22.82
1897,T01,CR1_S2,CR1,S2,0,0.0,8.334,1.39,1.15,5.14,3,0,25.1
1898,T10,D2_S4,D2,S4,0,0.0,6.638,1.49,1.35,7.62,5,0,23.81
1899,T05,S3_D2,S3,D2,1,181.5,6.362,1.39,1.35,10.23,1,0,27.39
1900,T10,D1_S1,D1,S1,0,0.0,5.834,1.12,1.15,8.04,6,0,16.12
1901,T06,S3_D2,S3,D2,1,201.2,6.362,1.39,1.35,8.67,5,0,29.48
1902,T02,S4_CR2,S4,CR2,1,202.2,6.855,1.9,1.35,1.07,2,0,21.67
1903,T05,CR1_S3,CR1,S3,0,0.0,8.135,1.57,1.15,4.59,1,0,15.25
1904,T04,CR1_S1,CR1,S1,0,0.0,8.767,0.8,1.15,9.95,5,0,26.29
1905,T02,S1_D1,S1,D1,1,210.1,5.834,1.12,1.15,10.77,0,0,13.92
1906,T04,S1_CR1,S1,CR1,1,193.3,8.767,0.8,1.15,8.77,2,0,26.57
1907,T10,S5_CR1,S5,CR1,1,181.8,10.342,0.89,1.15,6.71,4,0,37.24
1908,T10,CR1_S2,CR1,S2,0,0.0,8.334,1.39,1.15,1.39,4,0,25.61
1909,T03,CR2_S4,CR2,S4,0,0.0,6.855,1.9,1.35,8.85,4,0,20.06
1910,T07,S6_CR2,S6,CR2,1,194.9,8.342,1.9,1.35,5.08,3,0,23.22
1911,T02,D1_S1,D1,S1,0,0.0,5.834,1.12,1.15,5.34,3,0,12.87
1912,T01,S1_D1,S1,D1,1,214.8,5.834,1.12,1.15,3.34,2,0,16.27
1913,T02,S1_D1,S1,D1,1,209.7,5.834,1.12,1.15,1.75,3,0,16.13
1914,T09,CR2_S3,CR2,S3,0,0.0,6.579,1.9,1.35,5.89,5,0,24.88
1915,T05,CR2_S3,CR2,S3,0,0.0,6.579,1.9,1.35,8.53,1,0,18.79
1916,T02,S2_CR1,S2,CR1,1,193.9,8.334,1.39,1.15,11.53,1,0,24.79
1917,T06,S3_D2,S3,D2,1,201.8,6.362,1.39,1.35,9.29,1,0,27.8
1918,T08,D1_S1,D1,S1,0,0.0,5.834,1.12,1.15,6.81,5,0,16.26
1919,T10,S2_CR1,S2,CR1,1,192.9,8.334,1.39,1.15,8.83,0,0,27.44
1920,T10,CR2_S6,CR2,S6,0,0.0,8.342,1.9,1.35,5.22,4,0,24.29
1921,T01,D2_S4,D2,S4,0,0.0,6.638,1.49,1.35,10.06,2,0,25.05
1922,T04,S5_D1,S5,D1,1,207.1,6.724,1.12,1.15,7.19,3,0,19.05
1923,T06,CR1_S3,CR1,S3,0,0.0,8.135,1.57,1.15,9.46,2,0,16.9
1924,T09,S5_CR1,S5,CR1,1,209.1,10.342,0.89,1.15,3.24,4,0,37.77
1925,T04,D1_S5,D1,S5,0,0.0,6.724,1.12,1.15,7.52,0,0,15.93
1926,T03,CR2_S3,CR2,S3,0,0.0,6.579,1.9,1.35,6.8,5,0,22.05
1927,T01,CR2_S3,CR2,S3,0,0.0,6.579,1.9,1.35,2.22,3,0,19.43
1928,T04,S4_D2,S4,D2,1,197.4,6.638,1.49,1.35,5.15,0,0,24.73
1929,T10,S1_CR1,S1,CR1,1,190.0,8.767,0.8,1.15,3.33,5,0,28.02
1930,T10,S3_D2,S3,D2,1,209.5,6.362,1.39,1.35,2.11,1,0,28.03
1931,T01,S6_CR2,S6,CR2,1,220.0,8.342,1.9,1.35,3.41,2,0,28.47
1932,T01,S1_CR1,S1,CR1,1,172.6,8.767,0.8,1.15,7.53,3,0,27.64
1933,T08,S1_D1,S1,D1,1,192.4,5.834,1.12,1.15,2.61,1,0,14.9
1934,T02,S6_CR2,S6,CR2,1,186.6,8.342,1.9,1.35,5.66,2,0,28.46
1935,T09,D2_S4,D2,S4,0,0.0,6.638,1.49,1.35,6.88,2,1,30.36
1936,T09,S4_D2,S4,D2,1,202.2,6.638,1.49,1.35,11.91,2,0,28.36
1937,T05,CR2_S6,CR2,S6,0,0.0,8.342,1.9,1.35,1.08,4,0,23.98
1938,T04,S2_CR1,S2,CR1,1,209.3,8.334,1.39,1.15,4.89,3,1,33.16
1939,T10,S3_CR1,S3,CR1,1,174.5,8.135,1.57,1.15,1.87,4,0,24.04
1940,T10,S3_CR2,S3,CR2,1,191.3,6.579,1.9,1.35,4.25,4,0,25.05
1941,T06,S1_D1,S1,D1,1,211.3,5.834,1.12,1.15,0.68,2,0,16.16
1942,T05,S5_D1,S5,D1,1,205.1,6.724,1.12,1.15,1.44,0,0,18.04
1943,T03,CR1_S3,CR1,S3,0,0.0,8.135,1.57,1.15,3.31,4,0,18.19
1944,T10,S4_D2,S4,D2,1,183.9,6.638,1.49,1.35,3.89,2,0,28.67
1945,T05,CR2_S3,CR2,S3,0,0.0,6.579,1.9,1.35,9.84,2,1,26.17
1946,T01,S2_CR1,S2,CR1,1,209.7,8.334,1.39,1.15,7.73,3,0,31.41
1947,T04,CR1_S1,CR1,S1,0,0.0,8.767,0.8,1.15,11.58,4,0,21.82
1948,T06,S5_D1,S5,D1,1,165.7,6.724,1.12,1.15,6.47,4,1,27.75
1949,T02,S4_D2,S4,D2,1,199.3,6.638,1.49,1.35,2.38,1,0,29.17
1950,T01,D2_S4,D2,S4,0,0.0,6.638,1.49,1.35,1.78,2,0,23.63
1951,T08,S1_D1,S1,D1,1,192.7,5.834,1.12,1.15,4.73,6,0,21.22
1952,T03,S5_D1,S5,D1,1,220.0,6.724,1.12,1.15,0.05,4,0,22.23
1953,T09,S5_D1,S5,D1,1,157.2,6.724,1.12,1.15,0.29,1,0,20.73
1954,T04,CR1_S1,CR1,S1,0,0.0,8.767,0.8,1.15,2.97,5,0,24.92
1955,T10,CR1_S5,CR1,S5,0,0.0,10.342,0.89,1.15,8.41,4,0,30.03
1956,T04,CR2_S4,CR2,S4,0,0.0,6.855,1.9,1.35,11.48,2,0,21.2
1957,T07,CR2_S4,CR2,S4,0,0.0,6.855,1.9,1.35,9.65,3,0,20.06
1958,T08,CR2_S3,CR2,S3,0,0.0,6.579,1.9,1.35,1.65,1,0,16.62
1959,T01,CR2_S4,CR2,S4,0,0.0,6.855,1.9,1.35,9.01,2,0,17.13
1960,T05,S4_D2,S4,D2,1,216.4,6.638,1.49,1.35,3.94,5,0,28.15
1961,T09,D2_S3,D2,S3,0,0.0,6.362,1.39,1.35,1.53,2,1,30.2
1962,T03,S1_D1,S1,D1,1,179.0,5.834,1.12,1.15,0.5,2,0,16.55
1963,T06,S4_D2,S4,D2,1,182.0,6.638,1.49,1.35,0.56,1,0,26.48
1964,T02,S5_CR1,S5,CR1,1,198.4,10.342,0.89,1.15,9.79,5,0,37.46
1965,T05,D1_S1,D1,S1,0,0.0,5.834,1.12,1.15,9.73,3,0,13.44
1966,T06,S5_D1,S5,D1,1,190.1,6.724,1.12,1.15,5.96,4,1,27.81
1967,T07,S5_D1,S5,D1,1,203.6,6.724,1.12,1.15,5.19,1,0,20.83
1968,T06,S3_CR1,S3,CR1,1,211.6,8.135,1.57,1.15,8.11,5,0,26.56
1969,T06,CR1_S3,CR1,S3,0,0.0,8.135,1.57,1.15,9.82,2,0,16.84
1970,T07,S3_D2,S3,D2,1,184.9,6.362,1.39,1.35,1.36,0,0,24.33
1971,T03,S3_CR1,S3,CR1,1,216.8,8.135,1.57,1.15,2.7,2,0,20.12
1972,T09,CR2_S4,CR2,S4,0,0.0,6.855,1.9,1.35,11.65,0,0,19.45
1973,T09,S3_CR2,S3,CR2,1,187.1,6.579,1.9,1.35,3.85,4,0,25.13
1974,T09,S1_D1,S1,D1,1,185.6,5.834,1.12,1.15,3.91,1,0,14.65
1975,T07,CR2_S4,CR2,S4,0,0.0,6.855,1.9,1.35,10.23,1,0,19.68
1976,T03,S3_CR1,S3,CR1,1,205.1,8.135,1.57,1.15,11.8,0,0,19.22
1977,T06,CR1_S2,CR1,S2,0,0.0,8.334,1.39,1.15,2.0,1,0,21.77
1978,T09,CR1_S1,CR1,S1,0,0.0,8.767,0.8,1.15,3.49,1,0,22.18
1979,T01,CR1_S2,CR1,S2,0,0.0,8.334,1.39,1.15,8.67,4,0,24.9
1980,T06,S3_CR1,S3,CR1,1,220.0,8.135,1.57,1.15,6.58,4,0,25.69
1981,T06,S2_CR1,S2,CR1,1,177.1,8.334,1.39,1.15,8.22,2,1,37.16
1982,T08,S1_CR1,S1,CR1,1,181.9,8.767,0.8,1.15,6.62,3,0,25.61
1983,T04,S5_D1,S5,D1,1,182.7,6.724,1.12,1.15,10.84,0,0,20.75
1984,T04,S1_D1,S1,D1,1,198.3,5.834,1.12,1.15,4.23,1,0,15.55
1985,T10,CR1_S1,CR1,S1,0,0.0,8.767,0.8,1.15,4.36,5,0,26.92
1986,T02,CR1_S3,CR1,S3,0,0.0,8.135,1.57,1.15,4.07,1,0,17.24
1987,T07,CR1_S2,CR1,S2,0,0.0,8.334,1.39,1.15,3.77,4,0,24.69
1988,T06,S5_CR1,S5,CR1,1,191.5,10.342,0.89,1.15,9.01,4,1,43.31
1989,T09,S2_CR1,S2,CR1,1,171.0,8.334,1.39,1.15,0.71,2,0,27.33
1990,T10,S6_CR2,S6,CR2,1,220.0,8.342,1.9,1.35,5.95,3,0,27.76
1991,T05,CR2_S6,CR2,S6,0,0.0,8.342,1.9,1.35,10.08,4,0,24.17
1992,T03,S5_CR1,S5,CR1,1,212.8,10.342,0.89,1.15,0.7,2,0,34.43
1993,T02,S3_CR1,S3,CR1,1,218.9,8.135,1.57,1.15,5.99,4,1,30.03
1994,T08,CR2_S6,CR2,S6,0,0.0,8.342,1.9,1.35,4.49,2,0,20.62
1995,T09,D1_S1,D1,S1,0,0.0,5.834,1.12,1.15,7.79,2,0,12.67
1996,T06,CR1_S2,CR1,S2,0,0.0,8.334,1.39,1.15,5.33,1,1,26.3
1997,T01,S4_D2,S4,D2,1,207.7,6.638,1.49,1.35,10.62,3,0,30.6
1998,T09,S3_CR2,S3,CR2,1,211.5,6.579,1.9,1.35,1.96,2,0,22.53
1999,T03,S1_CR1,S1,CR1,1,217.4,8.767,0.8,1.15,5.11,3,0,28.9
2000,T07,S5_D1,S5,D1,1,205.0,6.724,1.12,1.15,0.38,0,0,18.86
2001,T04,CR1_S5,CR1,S5,0,0.0,10.342,0.89,1.15,10.45,1,0,26.52
2002,T09,CR2_S4,CR2,S4,0,0.0,6.855,1.9,1.35,4.57,5,0,17.07
2003,T04,D2_S4,D2,S4,0,0.0,6.638,1.49,1.35,11.16,3,0,24.76
2004,T08,S4_D2,S4,D2,1,173.4,6.638,1.49,1.35,5.62,4,0,27.62
2005,T05,CR2_S6,CR2,S6,0,0.0,8.342,1.9,1.35,8.16,3,0,22.39
2006,T04,D2_S4,D2,S4,0,0.0,6.638,1.49,1.35,4.79,5,0,23.83
2007,T02,CR2_S6,CR2,S6,0,0.0,8.342,1.9,1.35,1.9,2,0,20.32
2008,T01,S4_CR2,S4,CR2,1,190.2,6.855,1.9,1.35,11.99,1,0,24.28
2009,T08,S1_CR1,S1,CR1,1,188.0,8.767,0.8,1.15,11.47,2,0,25.11
2010,T03,S2_CR1,S2,CR1,1,190.5,8.334,1.39,1.15,2.65,2,0,28.22
2011,T01,D2_S3,D2,S3,0,0.0,6.362,1.39,1.35,11.84,1,0,21.69
2012,T10,CR1_S1,CR1,S1,0,0.0,8.767,0.8,1.15,3.26,2,0,20.86
2013,T08,S5_CR1,S5,CR1,1,207.3,10.342,0.89,1.15,1.07,3,0,33.03
2014,T08,CR2_S4,CR2,S4,0,0.0,6.855,1.9,1.35,9.36,1,0,19.03
2015,T06,CR1_S1,CR1,S1,0,0.0,8.767,0.8,1.15,6.08,2,0,24.1
2016,T08,S5_D1,S5,D1,1,220.0,6.724,1.12,1.15,7.57,5,0,23.3
2017,T08,D1_S1,D1,S1,0,0.0,5.834,1.12,1.15,4.57,1,0,12.75
2018,T02,CR2_S4,CR2,S4,0,0.0,6.855,1.9,1.35,9.38,1,0,19.95
2019,T02,CR2_S6,CR2,S6,0,0.0,8.342,1.9,1.35,8.44,3,0,25.02
2020,T02,S3_D2,S3,D2,1,220.0,6.362,1.39,1.35,3.32,2,0,27.45
2021,T01,S3_D2,S3,D2,1,204.7,6.362,1.39,1.35,8.32,0,0,23.81
2022,T10,S3_CR2,S3,CR2,1,194.2,6.579,1.9,1.35,9.56,1,0,21.97
2023,T01,S1_D1,S1,D1,1,208.3,5.834,1.12,1.15,6.61,8,0,19.65
2024,T04,D1_S5,D1,S5,0,0.0,6.724,1.12,1.15,8.53,2,0,16.89
2025,T01,S6_CR2,S6,CR2,1,178.3,8.342,1.9,1.35,6.5,2,1,34.91
2026,T07,D2_S3,D2,S3,0,0.0,6.362,1.39,1.35,6.87,5,0,23.85
2027,T07,D1_S5,D1,S5,0,0.0,6.724,1.12,1.15,5.28,8,0,22.08
2028,T01,S1_D1,S1,D1,1,210.4,5.834,1.12,1.15,6.19,4,0,19.15
2029,T01,CR2_S6,CR2,S6,0,0.0,8.342,1.9,1.35,8.14,4,0,24.31
2030,T08,S1_D1,S1,D1,1,193.1,5.834,1.12,1.15,2.42,1,0,15.2
2031,T09,S5_CR1,S5,CR1,1,218.3,10.342,0.89,1.15,8.98,2,0,32.44
2032,T05,S5_CR1,S5,CR1,1,207.2,10.342,0.89,1.15,10.94,3,0,35.33
2033,T09,S3_CR2,S3,CR2,1,186.1,6.579,1.9,1.35,5.63,8,0,26.75
2034,T03,CR1_S3,CR1,S3,0,0.0,8.135,1.57,1.15,6.27,5,0,20.19
2035,T08,S4_D2,S4,D2,1,186.3,6.638,1.49,1.35,9.53,3,0,26.23
2036,T10,S5_D1,S5,D1,1,202.6,6.724,1.12,1.15,5.67,1,0,20.59
2037,T09,CR2_S6,CR2,S6,0,0.0,8.342,1.9,1.35,7.81,4,0,24.0
2038,T10,D2_S4,D2,S4,0,0.0,6.638,1.49,1.35,10.68,5,0,23.08
2039,T07,CR1_S2,CR1,S2,0,0.0,8.334,1.39,1.15,11.83,1,0,22.39
2040,T09,CR1_S2,CR1,S2,0,0.0,8.334,1.39,1.15,10.59,2,0,22.78
2041,T09,CR2_S4,CR2,S4,0,0.0,6.855,1.9,1.35,11.45,1,0,19.24
2042,T01,S3_CR2,S3,CR2,1,218.1,6.579,1.9,1.35,9.95,4,0,26.32
2043,T05,S6_CR2,S6,CR2,1,196.4,8.342,1.9,1.35,4.77,8,0,27.95
2044,T06,S1_D1,S1,D1,1,181.3,5.834,1.12,1.15,11.71,1,0,14.91
2045,T06,S3_CR2,S3,CR2,1,196.8,6.579,1.9,1.35,8.95,1,0,22.4
2046,T02,CR1_S1,CR1,S1,0,0.0,8.767,0.8,1.15,2.28,2,0,21.79
2047,T05,D2_S3,D2,S3,0,0.0,6.362,1.39,1.35,8.0,4,0,22.84
2048,T06,CR2_S6,CR2,S6,0,0.0,8.342,1.9,1.35,1.21,1,0,21.99
2049,T10,S3_CR2,S3,CR2,1,220.0,6.579,1.9,1.35,4.46,7,0,28.04
2050,T07,S2_CR1,S2,CR1,1,186.4,8.334,1.39,1.15,5.17,5,0,31.74
2051,T01,CR1_S5,CR1,S5,0,0.0,10.342,0.89,1.15,1.04,3,0,28.89
2052,T01,S5_CR1,S5,CR1,1,175.9,10.342,0.89,1.15,1.66,2,0,30.9
2053,T03,S5_CR1,S5,CR1,1,182.9,10.342,0.89,1.15,10.79,4,0,35.73
2054,T04,S3_CR2,S3,CR2,1,194.3,6.579,1.9,1.35,0.68,4,0,23.34
2055,T05,S1_CR1,S1,CR1,1,208.0,8.767,0.8,1.15,5.15,4,0,29.49
2056,T06,S6_CR2,S6,CR2,1,175.8,8.342,1.9,1.35,0.29,4,0,27.35
2057,T07,CR1_S5,CR1,S5,0,0.0,10.342,0.89,1.15,10.99,2,0,26.08
2058,T05,CR1_S1,CR1,S1,0,0.0,8.767,0.8,1.15,4.49,4,0,24.38
2059,T02,CR1_S1,CR1,S1,0,0.0,8.767,0.8,1.15,9.72,5,0,25.34
2060,T05,S2_CR1,S2,CR1,1,178.4,8.334,1.39,1.15,0.89,2,0,26.0
2061,T05,CR1_S1,CR1,S1,0,0.0,8.767,0.8,1.15,3.46,0,0,20.12
2062,T04,CR1_S2,CR1,S2,0,0.0,8.334,1.39,1.15,7.03,4,0,23.91
2063,T08,S3_D2,S3,D2,1,206.5,6.362,1.39,1.35,4.01,3,0,28.31
2064,T02,CR2_S3,CR2,S3,0,0.0,6.579,1.9,1.35,9.28,5,0,20.24
2065,T06,CR2_S6,CR2,S6,0,0.0,8.342,1.9,1.35,5.8,3,0,24.19
2066,T06,S3_D2,S3,D2,1,193.2,6.362,1.39,1.35,0.58,1,0,28.02
2067,T10,CR1_S2,CR1,S2,0,0.0,8.334,1.39,1.15,1.42,1,0,18.57
2068,T03,S5_CR1,S5,CR1,1,178.0,10.342,0.89,1.15,11.25,0,0,32.57
2069,T04,CR2_S6,CR2,S6,0,0.0,8.342,1.9,1.35,9.95,2,0,23.68
2070,T04,S1_CR1,S1,CR1,1,189.5,8.767,0.8,1.15,6.93,3,0,28.51
2071,T07,D2_S4,D2,S4,0,0.0,6.638,1.49,1.35,1.93,2,0,21.79
2072,T10,CR1_S2,CR1,S2,0,0.0,8.334,1.39,1.15,11.94,4,0,24.12
2073,T02,CR1_S3,CR1,S3,0,0.0,8.135,1.57,1.15,0.54,0,0,16.41
2074,T03,D2_S4,D2,S4,0,0.0,6.638,1.49,1.35,8.63,2,0,23.37
2075,T02,CR1_S5,CR1,S5,0,0.0,10.342,0.89,1.15,8.7,4,0,27.75
2076,T04,S4_D2,S4,D2,1,173.3,6.638,1.49,1.35,8.6,2,0,28.26
2077,T02,S3_D2,S3,D2,1,190.1,6.362,1.39,1.35,8.54,3,0,28.87
2078,T03,CR1_S5,CR1,S5,0,0.0,10.342,0.89,1.15,7.71,2,0,25.46
2079,T06,CR1_S2,CR1,S2,0,0.0,8.334,1.39,1.15,9.86,2,0,21.18
2080,T04,D2_S3,D2,S3,0,0.0,6.362,1.39,1.35,5.51,5,0,25.83
2081,T06,S5_D1,S5,D1,1,207.4,6.724,1.12,1.15,0.24,3,0,22.77
2082,T04,S3_CR1,S3,CR1,1,202.1,8.135,1.57,1.15,2.04,0,0,17.61
2083,T03,S3_D2,S3,D2,1,204.4,6.362,1.39,1.35,0.26,1,0,27.62
2084,T09,CR1_S3,CR1,S3,0,0.0,8.135,1.57,1.15,8.95,2,0,17.15
2085,T09,D2_S4,D2,S4,0,0.0,6.638,1.49,1.35,4.87,1,0,22.43
2086,T01,CR2_S4,CR2,S4,0,0.0,6.855,1.9,1.35,2.65,1,0,19.71
2087,T07,CR1_S1,CR1,S1,0,0.0,8.767,0.8,1.15,11.39,0,0,22.11
2088,T10,S3_D2,S3,D2,1,211.5,6.362,1.39,1.35,8.84,3,0,27.5
2089,T07,D1_S1,D1,S1,0,0.0,5.834,1.12,1.15,10.29,0,0,12.57
2090,T08,S1_CR1,S1,CR1,1,202.0,8.767,0.8,1.15,1.68,3,1,39.79
2091,T09,S5_CR1,S5,CR1,1,220.0,10.342,0.89,1.15,10.98,1,0,35.72
2092,T05,D1_S5,D1,S5,0,0.0,6.724,1.12,1.15,0.53,1,0,16.73
2093,T01,S5_D1,S5,D1,1,168.6,6.724,1.12,1.15,3.44,2,0,19.76
2094,T10,S3_D2,S3,D2,1,175.6,6.362,1.39,1.35,10.49,6,0,31.76
2095,T01,S1_CR1,S1,CR1,1,182.4,8.767,0.8,1.15,4.97,6,1,43.88
2096,T04,CR2_S6,CR2,S6,0,0.0,8.342,1.9,1.35,4.58,1,0,22.01
2097,T08,S2_CR1,S2,CR1,1,194.6,8.334,1.39,1.15,0.32,2,0,27.69
2098,T08,S3_CR2,S3,CR2,1,188.9,6.579,1.9,1.35,10.31,5,0,27.65
2099,T10,D2_S3,D2,S3,0,0.0,6.362,1.39,1.35,7.29,3,0,22.85
2100,T05,S3_CR1,S3,CR1,1,192.4,8.135,1.57,1.15,9.86,4,1,30.21
2101,T04,S3_CR2,S3,CR2,1,179.5,6.579,1.9,1.35,4.56,3,1,34.77
2102,T04,S4_D2,S4,D2,1,209.4,6.638,1.49,1.35,6.42,5,0,31.49
2103,T09,D2_S4,D2,S4,0,0.0,6.638,1.49,1.35,10.42,3,0,23.13
2104,T01,S5_CR1,S5,CR1,1,198.6,10.342,0.89,1.15,7.32,6,0,41.13
2105,T04,S2_CR1,S2,CR1,1,203.5,8.334,1.39,1.15,3.26,1,0,28.57
2106,T04,CR1_S1,CR1,S1,0,0.0,8.767,0.8,1.15,10.76,5,0,22.51
2107,T10,CR2_S6,CR2,S6,0,0.0,8.342,1.9,1.35,10.27,3,0,21.49
2108,T02,S5_CR1,S5,CR1,1,199.2,10.342,0.89,1.15,10.48,1,0,33.34
2109,T02,CR1_S5,CR1,S5,0,0.0,10.342,0.89,1.15,4.65,2,0,28.73
2110,T03,S3_CR2,S3,CR2,1,203.7,6.579,1.9,1.35,0.49,3,0,25.67
2111,T05,S5_CR1,S5,CR1,1,181.5,10.342,0.89,1.15,8.18,5,0,39.24
2112,T09,S1_CR1,S1,CR1,1,175.8,8.767,0.8,1.15,0.9,1,0,25.87
2113,T02,S2_CR1,S2,CR1,1,190.6,8.334,1.39,1.15,1.87,1,0,26.67
2114,T03,D2_S3,D2,S3,0,0.0,6.362,1.39,1.35,10.95,1,0,19.79
2115,T01,S5_CR1,S5,CR1,1,196.6,10.342,0.89,1.15,1.99,2,0,34.92
2116,T05,D1_S1,D1,S1,0,0.0,5.834,1.12,1.15,3.06,1,0,13.8
2117,T08,S4_D2,S4,D2,1,205.0,6.638,1.49,1.35,10.74,2,0,25.41
2118,T07,CR2_S4,CR2,S4,0,0.0,6.855,1.9,1.35,7.28,4,0,16.92
2119,T07,S1_D1,S1,D1,1,220.0,5.834,1.12,1.15,5.13,3,0,16.57
2120,T04,CR2_S3,CR2,S3,0,0.0,6.579,1.9,1.35,2.78,2,0,18.8
2121,T02,CR1_S5,CR1,S5,0,0.0,10.342,0.89,1.15,11.18,2,0,25.4
2122,T10,S5_CR1,S5,CR1,1,175.0,10.342,0.89,1.15,1.76,1,0,36.11
2123,T10,D1_S5,D1,S5,0,0.0,6.724,1.12,1.15,7.09,5,0,18.32
2124,T04,D2_S4,D2,S4,0,0.0,6.638,1.49,1.35,4.18,4,0,24.74
2125,T09,CR1_S3,CR1,S3,0,0.0,8.135,1.57,1.15,6.86,3,0,18.88
2126,T08,S6_CR2,S6,CR2,1,198.9,8.342,1.9,1.35,1.87,1,0,28.44
2127,T06,D2_S3,D2,S3,0,0.0,6.362,1.39,1.35,3.01,3,0,23.61
2128,T10,D1_S5,D1,S5,0,0.0,6.724,1.12,1.15,8.95,1,0,14.49
2129,T05,S3_CR2,S3,CR2,1,192.6,6.579,1.9,1.35,9.61,2,0,21.65
2130,T08,D2_S3,D2,S3,0,0.0,6.362,1.39,1.35,6.79,6,0,23.58
2131,T03,S3_CR1,S3,CR1,1,178.7,8.135,1.57,1.15,10.52,3,0,24.72
2132,T07,S5_CR1,S5,CR1,1,185.9,10.342,0.89,1.15,7.35,2,0,36.44
2133,T05,S3_CR1,S3,CR1,1,188.3,8.135,1.57,1.15,5.87,4,0,24.01
2134,T04,CR1_S3,CR1,S3,0,0.0,8.135,1.57,1.15,3.48,1,1,19.11
2135,T08,S1_CR1,S1,CR1,1,202.5,8.767,0.8,1.15,5.81,2,0,30.11
2136,T08,CR1_S2,CR1,S2,0,0.0,8.334,1.39,1.15,0.76,0,1,24.92
2137,T07,D2_S4,D2,S4,0,0.0,6.638,1.49,1.35,8.22,4,0,24.62
2138,T10,D1_S1,D1,S1,0,0.0,5.834,1.12,1.15,7.2,6,0,18.61
2139,T08,D2_S4,D2,S4,0,0.0,6.638,1.49,1.35,8.23,3,0,22.88
2140,T01,CR2_S4,CR2,S4,0,0.0,6.855,1.9,1.35,9.57,2,0,18.2
2141,T02,S1_CR1,S1,CR1,1,169.5,8.767,0.8,1.15,8.53,2,0,30.23
2142,T09,CR2_S3,CR2,S3,0,0.0,6.579,1.9,1.35,8.51,4,0,20.42
2143,T10,CR2_S6,CR2,S6,0,0.0,8.342,1.9,1.35,5.93,3,0,21.27
2144,T10,D2_S4,D2,S4,0,0.0,6.638,1.49,1.35,5.23,0,0,21.75
2145,T10,S5_D1,S5,D1,1,183.7,6.724,1.12,1.15,9.93,2,0,18.56
2146,T04,S2_CR1,S2,CR1,1,198.5,8.334,1.39,1.15,3.3,0,0,25.2
2147,T02,S4_D2,S4,D2,1,206.3,6.638,1.49,1.35,5.4,2,0,27.72
2148,T01,S1_D1,S1,D1,1,215.2,5.834,1.12,1.15,3.54,2,0,17.03
2149,T04,S4_D2,S4,D2,1,173.0,6.638,1.49,1.35,9.26,1,0,27.35
2150,T02,S3_CR1,S3,CR1,1,198.2,8.135,1.57,1.15,5.25,2,0,20.98
2151,T06,CR1_S3,CR1,S3,0,0.0,8.135,1.57,1.15,4.34,1,0,17.02
2152,T04,D1_S1,D1,S1,0,0.0,5.834,1.12,1.15,7.93,3,0,14.67
2153,T03,S4_CR2,S4,CR2,1,181.5,6.855,1.9,1.35,6.13,7,1,31.53
2154,T09,CR1_S3,CR1,S3,0,0.0,8.135,1.57,1.15,9.11,1,0,16.29
2155,T01,S4_CR2,S4,CR2,1,189.8,6.855,1.9,1.35,6.95,3,0,25.19
2156,T05,S3_CR1,S3,CR1,1,210.1,8.135,1.57,1.15,1.02,4,0,23.0
2157,T01,S4_CR2,S4,CR2,1,220.0,6.855,1.9,1.35,8.57,1,0,22.35
2158,T05,D2_S4,D2,S4,0,0.0,6.638,1.49,1.35,8.97,2,1,29.53
2159,T03,CR2_S6,CR2,S6,0,0.0,8.342,1.9,1.35,1.39,2,0,20.72
2160,T03,S4_CR2,S4,CR2,1,184.8,6.855,1.9,1.35,1.57,0,0,19.31
2161,T02,D1_S5,D1,S5,0,0.0,6.724,1.12,1.15,6.37,3,0,16.93
2162,T08,CR1_S2,CR1,S2,0,0.0,8.334,1.39,1.15,2.62,3,0,23.18
2163,T03,D1_S1,D1,S1,0,0.0,5.834,1.12,1.15,10.62,3,0,14.17
2164,T06,D2_S4,D2,S4,0,0.0,6.638,1.49,1.35,3.3,3,0,20.59
2165,T05,S1_D1,S1,D1,1,203.4,5.834,1.12,1.15,4.03,1,0,14.54
2166,T01,CR2_S4,CR2,S4,0,0.0,6.855,1.9,1.35,1.62,2,0,19.78
2167,T10,S4_D2,S4,D2,1,201.5,6.638,1.49,1.35,4.97,5,0,30.22
2168,T04,S5_CR1,S5,CR1,1,206.7,10.342,0.89,1.15,8.35,6,0,34.13
2169,T04,CR2_S4,CR2,S4,0,0.0,6.855,1.9,1.35,1.85,2,0,20.3
2170,T05,CR1_S3,CR1,S3,0,0.0,8.135,1.57,1.15,2.84,3,0,19.29
2171,T06,S4_D2,S4,D2,1,187.1,6.638,1.49,1.35,2.07,2,0,24.29
2172,T08,S4_D2,S4,D2,1,215.3,6.638,1.49,1.35,9.09,2,0,29.59
2173,T07,S3_CR2,S3,CR2,1,190.4,6.579,1.9,1.35,2.28,0,0,22.51
2174,T08,D2_S4,D2,S4,0,0.0,6.638,1.49,1.35,3.92,3,1,27.91
2175,T03,CR1_S3,CR1,S3,0,0.0,8.135,1.57,1.15,8.69,1,0,16.43
2176,T01,D2_S3,D2,S3,0,0.0,6.362,1.39,1.35,10.74,0,0,21.55
2177,T01,S3_D2,S3,D2,1,210.0,6.362,1.39,1.35,10.3,1,0,27.19
2178,T02,D1_S1,D1,S1,0,0.0,5.834,1.12,1.15,7.88,6,0,17.97
2179,T05,CR2_S6,CR2,S6,0,0.0,8.342,1.9,1.35,5.12,4,0,26.45
2180,T08,S2_CR1,S2,CR1,1,190.4,8.334,1.39,1.15,5.92,4,0,30.94
2181,T07,CR1_S1,CR1,S1,0,0.0,8.767,0.8,1.15,2.51,0,0,20.57
2182,T10,CR1_S2,CR1,S2,0,0.0,8.334,1.39,1.15,11.33,1,0,21.98
2183,T09,S1_CR1,S1,CR1,1,189.4,8.767,0.8,1.15,11.36,1,0,27.62
2184,T04,CR1_S3,CR1,S3,0,0.0,8.135,1.57,1.15,8.14,6,0,23.54
2185,T04,D1_S1,D1,S1,0,0.0,5.834,1.12,1.15,3.97,1,0,12.65
2186,T08,D1_S5,D1,S5,0,0.0,6.724,1.12,1.15,10.7,2,0,16.95
2187,T07,S1_D1,S1,D1,1,188.9,5.834,1.12,1.15,0.9,1,0,15.35
2188,T06,S3_CR1,S3,CR1,1,187.6,8.135,1.57,1.15,5.91,7,1,31.76
2189,T02,S5_D1,S5,D1,1,211.4,6.724,1.12,1.15,10.94,3,0,22.91
2190,T02,S6_CR2,S6,CR2,1,192.1,8.342,1.9,1.35,10.16,1,1,34.09
2191,T08,S4_CR2,S4,CR2,1,204.4,6.855,1.9,1.35,11.67,1,0,22.84
2192,T03,S6_CR2,S6,CR2,1,197.0,8.342,1.9,1.35,7.7,4,0,27.98
2193,T10,D2_S3,D2,S3,0,0.0,6.362,1.39,1.35,6.36,7,0,25.06
2194,T04,CR2_S4,CR2,S4,0,0.0,6.855,1.9,1.35,9.34,1,0,16.21
2195,T05,S5_D1,S5,D1,1,203.2,6.724,1.12,1.15,7.46,4,0,21.88
2196,T06,S4_D2,S4,D2,1,202.8,6.638,1.49,1.35,3.38,0,0,26.63
2197,T05,S6_CR2,S6,CR2,1,192.2,8.342,1.9,1.35,1.82,1,0,27.6
2198,T04,S5_CR1,S5,CR1,1,171.4,10.342,0.89,1.15,9.7,2,0,34.44
2199,T07,D1_S1,D1,S1,0,0.0,5.834,1.12,1.15,7.59,3,0,14.74
2200,T07,CR2_S6,CR2,S6,0,0.0,8.342,1.9,1.35,10.54,2,0,24.28
2201,T03,CR1_S2,CR1,S2,0,0.0,8.334,1.39,1.15,9.19,1,0,22.22
2202,T05,S3_D2,S3,D2,1,183.4,6.362,1.39,1.35,5.67,6,0,30.81
2203,T08,S4_CR2,S4,CR2,1,197.3,6.855,1.9,1.35,6.22,4,0,26.35
2204,T02,CR2_S4,CR2,S4,0,0.0,6.855,1.9,1.35,7.31,3,0,18.19
2205,T06,D2_S4,D2,S4,0,0.0,6.638,1.49,1.35,3.03,2,1,28.42
2206,T07,S3_CR2,S3,CR2,1,200.9,6.579,1.9,1.35,6.01,4,0,27.49
2207,T09,S1_D1,S1,D1,1,217.0,5.834,1.12,1.15,9.19,2,0,16.37
2208,T02,D2_S4,D2,S4,0,0.0,6.638,1.49,1.35,10.99,2,0,21.42
2209,T04,S3_D2,S3,D2,1,168.0,6.362,1.39,1.35,4.2,5,0,30.19
2210,T03,D1_S5,D1,S5,0,0.0,6.724,1.12,1.15,5.42,5,0,18.86
2211,T04,S1_CR1,S1,CR1,1,182.2,8.767,0.8,1.15,3.27,0,0,30.51
2212,T09,CR1_S3,CR1,S3,0,0.0,8.135,1.57,1.15,3.7,3,0,16.6
2213,T08,CR2_S3,CR2,S3,0,0.0,6.579,1.9,1.35,2.15,3,0,18.98
2214,T03,CR2_S6,CR2,S6,0,0.0,8.342,1.9,1.35,10.6,1,0,21.12
2215,T09,S3_CR1,S3,CR1,1,219.2,8.135,1.57,1.15,2.53,3,0,22.26
2216,T08,D2_S3,D2,S3,0,0.0,6.362,1.39,1.35,7.92,2,0,23.71
2217,T10,CR2_S6,CR2,S6,0,0.0,8.342,1.9,1.35,4.34,3,0,22.12
2218,T06,CR2_S4,CR2,S4,0,0.0,6.855,1.9,1.35,11.12,2,0,17.98
2219,T02,S2_CR1,S2,CR1,1,158.6,8.334,1.39,1.15,7.31,3,1,32.63
2220,T02,CR1_S2,CR1,S2,0,0.0,8.334,1.39,1.15,2.57,1,0,20.54
2221,T05,D2_S3,D2,S3,0,0.0,6.362,1.39,1.35,0.89,1,0,21.04
2222,T05,CR2_S6,CR2,S6,0,0.0,8.342,1.9,1.35,10.58,2,0,24.08
2223,T01,D1_S1,D1,S1,0,0.0,5.834,1.12,1.15,7.91,1,0,12.94
2224,T05,S4_CR2,S4,CR2,1,188.2,6.855,1.9,1.35,7.28,3,0,25.91
2225,T09,D2_S3,D2,S3,0,0.0,6.362,1.39,1.35,11.67,0,0,20.46
2226,T07,D1_S5,D1,S5,0,0.0,6.724,1.12,1.15,1.58,5,1,26.53
2227,T02,S6_CR2,S6,CR2,1,184.2,8.342,1.9,1.35,2.47,1,0,24.21
2228,T05,S1_D1,S1,D1,1,220.0,5.834,1.12,1.15,5.96,5,0,16.87
2229,T08,D2_S4,D2,S4,0,0.0,6.638,1.49,1.35,8.52,1,0,21.26
2230,T07,D2_S4,D2,S4,0,0.0,6.638,1.49,1.35,8.49,3,1,28.11
2231,T04,D2_S4,D2,S4,0,0.0,6.638,1.49,1.35,11.44,1,0,23.43
2232,T09,CR2_S6,CR2,S6,0,0.0,8.342,1.9,1.35,11.86,2,0,22.85
2233,T09,D1_S1,D1,S1,0,0.0,5.834,1.12,1.15,6.74,2,0,13.07
2234,T10,CR1_S2,CR1,S2,0,0.0,8.334,1.39,1.15,5.52,4,0,26.55
2235,T07,S4_D2,S4,D2,1,196.1,6.638,1.49,1.35,0.84,2,0,27.99
2236,T08,S3_CR1,S3,CR1,1,187.6,8.135,1.57,1.15,4.9,3,0,20.99
2237,T06,D2_S3,D2,S3,0,0.0,6.362,1.39,1.35,3.03,1,0,22.09
2238,T02,D2_S4,D2,S4,0,0.0,6.638,1.49,1.35,11.23,3,0,23.77
2239,T07,CR2_S3,CR2,S3,0,0.0,6.579,1.9,1.35,7.25,2,0,17.31
2240,T09,S2_CR1,S2,CR1,1,203.5,8.334,1.39,1.15,10.13,1,0,28.81
2241,T07,CR2_S3,CR2,S3,0,0.0,6.579,1.9,1.35,6.67,4,0,20.37
2242,T07,S3_D2,S3,D2,1,196.5,6.362,1.39,1.35,3.96,6,1,38.33
2243,T01,S3_CR2,S3,CR2,1,207.4,6.579,1.9,1.35,6.46,6,0,26.31
2244,T10,CR1_S2,CR1,S2,0,0.0,8.334,1.39,1.15,3.45,2,0,21.62
2245,T08,S3_CR1,S3,CR1,1,186.9,8.135,1.57,1.15,6.52,4,0,19.75
2246,T07,D1_S1,D1,S1,0,0.0,5.834,1.12,1.15,10.14,3,0,14.13
2247,T07,S1_CR1,S1,CR1,1,197.2,8.767,0.8,1.15,9.51,0,0,26.64
2248,T07,S3_D2,S3,D2,1,178.8,6.362,1.39,1.35,2.34,0,0,23.11
2249,T04,S3_CR1,S3,CR1,1,204.8,8.135,1.57,1.15,11.44,1,0,20.66
2250,T10,S1_D1,S1,D1,1,195.0,5.834,1.12,1.15,7.57,0,0,15.99
2251,T07,S6_CR2,S6,CR2,1,157.2,8.342,1.9,1.35,6.67,2,0,28.06
2252,T10,D2_S4,D2,S4,0,0.0,6.638,1.49,1.35,2.56,6,0,21.74
2253,T01,S3_CR2,S3,CR2,1,209.4,6.579,1.9,1.35,6.72,3,0,24.08
2254,T03,S3_D2,S3,D2,1,199.3,6.362,1.39,1.35,4.52,1,0,28.36
2255,T04,CR1_S1,CR1,S1,0,0.0,8.767,0.8,1.15,2.83,3,0,24.14
2256,T09,D2_S3,D2,S3,0,0.0,6.362,1.39,1.35,2.19,1,0,20.26
2257,T09,CR1_S2,CR1,S2,0,0.0,8.334,1.39,1.15,10.73,0,0,22.04
2258,T06,S1_D1,S1,D1,1,211.3,5.834,1.12,1.15,6.07,4,0,18.48
2259,T02,D2_S4,D2,S4,0,0.0,6.638,1.49,1.35,1.32,3,0,21.58
2260,T10,CR1_S3,CR1,S3,0,0.0,8.135,1.57,1.15,6.46,5,0,20.41
2261,T10,D1_S1,D1,S1,0,0.0,5.834,1.12,1.15,3.62,3,0,13.42
2262,T01,D1_S1,D1,S1,0,0.0,5.834,1.12,1.15,11.02,3,1,16.94
2263,T09,CR2_S3,CR2,S3,0,0.0,6.579,1.9,1.35,4.01,3,0,18.36
2264,T03,D1_S1,D1,S1,0,0.0,5.834,1.12,1.15,11.96,4,0,15.49
2265,T02,S6_CR2,S6,CR2,1,173.3,8.342,1.9,1.35,2.75,5,0,29.99
2266,T01,CR2_S6,CR2,S6,0,0.0,8.342,1.9,1.35,1.23,2,0,22.7
2267,T09,S3_D2,S3,D2,1,184.0,6.362,1.39,1.35,5.13,4,0,27.32
2268,T04,D2_S3,D2,S3,0,0.0,6.362,1.39,1.35,5.16,2,0,20.57
2269,T09,S5_CR1,S5,CR1,1,187.9,10.342,0.89,1.15,2.95,2,0,36.76
2270,T05,D2_S3,D2,S3,0,0.0,6.362,1.39,1.35,3.52,5,0,24.55
2271,T04,S6_CR2,S6,CR2,1,195.0,8.342,1.9,1.35,7.38,6,0,29.86
2272,T01,CR1_S1,CR1,S1,0,0.0,8.767,0.8,1.15,4.72,6,0,26.74
2273,T01,S2_CR1,S2,CR1,1,200.3,8.334,1.39,1.15,0.9,6,0,30.23
2274,T10,S4_CR2,S4,CR2,1,186.1,6.855,1.9,1.35,11.7,7,0,27.17
2275,T08,S3_D2,S3,D2,1,196.2,6.362,1.39,1.35,6.09,8,0,30.41
2276,T05,S1_D1,S1,D1,1,173.4,5.834,1.12,1.15,6.76,2,0,17.08
2277,T04,S4_D2,S4,D2,1,216.4,6.638,1.49,1.35,7.23,4,0,30.65
2278,T08,S5_CR1,S5,CR1,1,168.9,10.342,0.89,1.15,9.27,2,0,35.45
2279,T01,S5_CR1,S5,CR1,1,196.1,10.342,0.89,1.15,0.52,1,0,32.09
2280,T09,S6_CR2,S6,CR2,1,180.9,8.342,1.9,1.35,8.22,2,0,24.83
2281,T02,CR1_S3,CR1,S3,0,0.0,8.135,1.57,1.15,7.06,4,1,23.44
2282,T03,S3_CR1,S3,CR1,1,194.9,8.135,1.57,1.15,7.67,1,0,21.08
2283,T07,CR2_S4,CR2,S4,0,0.0,6.855,1.9,1.35,4.08,3,1,27.7
2284,T01,CR1_S1,CR1,S1,0,0.0,8.767,0.8,1.15,10.44,3,0,22.48
2285,T05,S6_CR2,S6,CR2,1,183.6,8.342,1.9,1.35,11.61,2,1,41.11
2286,T10,D2_S3,D2,S3,0,0.0,6.362,1.39,1.35,7.96,2,0,22.98
2287,T02,S3_CR1,S3,CR1,1,175.2,8.135,1.57,1.15,11.27,2,0,20.64
2288,T01,D2_S4,D2,S4,0,0.0,6.638,1.49,1.35,1.74,0,0,20.64
2289,T05,CR2_S4,CR2,S4,0,0.0,6.855,1.9,1.35,0.69,3,0,18.91
2290,T04,S4_CR2,S4,CR2,1,197.0,6.855,1.9,1.35,6.73,4,1,32.23
2291,T10,S5_D1,S5,D1,1,199.8,6.724,1.12,1.15,3.38,2,0,21.44
2292,T06,S6_CR2,S6,CR2,1,201.8,8.342,1.9,1.35,4.77,2,0,25.92
2293,T01,CR1_S2,CR1,S2,0,0.0,8.334,1.39,1.15,5.76,5,1,27.58
2294,T07,CR1_S1,CR1,S1,0,0.0,8.767,0.8,1.15,6.1,2,0,24.56
2295,T08,D1_S1,D1,S1,0,0.0,5.834,1.12,1.15,8.17,2,0,12.13
2296,T02,S3_CR2,S3,CR2,1,197.4,6.579,1.9,1.35,1.64,2,0,22.98
2297,T04,CR1_S1,CR1,S1,0,0.0,8.767,0.8,1.15,7.03,3,0,22.77
2298,T05,S3_CR2,S3,CR2,1,219.8,6.579,1.9,1.35,8.5,4,0,23.85
2299,T02,S3_CR2,S3,CR2,1,208.6,6.579,1.9,1.35,8.92,2,0,22.46
2300,T08,S6_CR2,S6,CR2,1,196.4,8.342,1.9,1.35,7.13,3,0,26.78
2301,T04,CR2_S6,CR2,S6,0,0.0,8.342,1.9,1.35,3.16,3,0,23.66
2302,T10,D2_S4,D2,S4,0,0.0,6.638,1.49,1.35,3.63,5,0,24.93
2303,T02,D2_S3,D2,S3,0,0.0,6.362,1.39,1.35,1.13,3,0,21.83
2304,T04,CR2_S6,CR2,S6,0,0.0,8.342,1.9,1.35,2.07,6,0,23.32
2305,T10,CR1_S2,CR1,S2,0,0.0,8.334,1.39,1.15,0.07,0,0,20.84
2306,T03,S3_CR2,S3,CR2,1,174.7,6.579,1.9,1.35,6.13,5,0,24.48
2307,T01,S6_CR2,S6,CR2,1,200.4,8.342,1.9,1.35,8.43,1,0,25.44
2308,T03,S3_CR1,S3,CR1,1,207.4,8.135,1.57,1.15,0.12,0,0,19.2
2309,T03,S3_CR1,S3,CR1,1,205.5,8.135,1.57,1.15,4.33,1,0,21.64
2310,T08,S4_D2,S4,D2,1,187.8,6.638,1.49,1.35,7.03,4,0,27.17
2311,T05,S4_D2,S4,D2,1,193.5,6.638,1.49,1.35,9.6,0,0,25.77
2312,T03,CR1_S2,CR1,S2,0,0.0,8.334,1.39,1.15,0.53,6,0,26.71
2313,T07,CR2_S6,CR2,S6,0,0.0,8.342,1.9,1.35,11.65,4,1,31.47
2314,T08,CR1_S5,CR1,S5,0,0.0,10.342,0.89,1.15,2.77,2,0,27.5
2315,T05,S1_D1,S1,D1,1,185.0,5.834,1.12,1.15,7.59,6,0,20.21
2316,T04,S1_CR1,S1,CR1,1,180.0,8.767,0.8,1.15,7.23,2,0,28.61
2317,T09,CR2_S3,CR2,S3,0,0.0,6.579,1.9,1.35,10.65,2,0,18.82
2318,T08,S3_CR2,S3,CR2,1,186.4,6.579,1.9,1.35,10.35,2,0,21.15
2319,T02,CR1_S2,CR1,S2,0,0.0,8.334,1.39,1.15,10.43,0,0,22.37
2320,T04,S2_CR1,S2,CR1,1,198.6,8.334,1.39,1.15,6.24,2,0,28.57
2321,T01,S2_CR1,S2,CR1,1,199.9,8.334,1.39,1.15,7.65,4,0,30.11
2322,T06,S1_D1,S1,D1,1,196.7,5.834,1.12,1.15,11.53,1,0,15.92
2323,T07,S4_D2,S4,D2,1,172.1,6.638,1.49,1.35,0.22,1,0,26.65
2324,T07,S4_D2,S4,D2,1,179.4,6.638,1.49,1.35,0.87,1,0,27.0
2325,T05,S3_D2,S3,D2,1,190.6,6.362,1.39,1.35,10.44,6,0,31.05
2326,T01,S1_CR1,S1,CR1,1,177.0,8.767,0.8,1.15,5.96,4,0,29.21
2327,T02,S3_D2,S3,D2,1,199.5,6.362,1.39,1.35,8.19,0,0,27.94
2328,T02,S1_CR1,S1,CR1,1,212.8,8.767,0.8,1.15,8.64,3,0,29.34
2329,T02,CR1_S2,CR1,S2,0,0.0,8.334,1.39,1.15,0.3,0,0,20.99
2330,T01,S1_D1,S1,D1,1,164.8,5.834,1.12,1.15,3.08,0,0,14.78
2331,T02,S1_CR1,S1,CR1,1,197.7,8.767,0.8,1.15,7.98,6,0,29.65
2332,T09,CR2_S4,CR2,S4,0,0.0,6.855,1.9,1.35,8.75,1,0,18.07
2333,T10,S4_D2,S4,D2,1,190.5,6.638,1.49,1.35,0.03,3,0,27.14
2334,T10,S2_CR1,S2,CR1,1,192.5,8.334,1.39,1.15,2.05,2,0,28.34
2335,T01,S3_D2,S3,D2,1,180.9,6.362,1.39,1.35,7.72,6,0,35.41
2336,T06,S4_CR2,S4,CR2,1,197.2,6.855,1.9,1.35,8.71,2,0,23.96
2337,T04,CR1_S5,CR1,S5,0,0.0,10.342,0.89,1.15,6.53,4,0,30.4
2338,T09,CR1_S2,CR1,S2,0,0.0,8.334,1.39,1.15,10.81,0,0,20.12
2339,T07,D2_S3,D2,S3,0,0.0,6.362,1.39,1.35,1.38,1,0,20.06
2340,T03,S4_D2,S4,D2,1,211.8,6.638,1.49,1.35,2.09,0,0,25.54
2341,T02,S4_D2,S4,D2,1,195.8,6.638,1.49,1.35,5.64,4,0,29.28
2342,T03,CR1_S5,CR1,S5,0,0.0,10.342,0.89,1.15,1.6,0,0,27.4
2343,T08,CR2_S4,CR2,S4,0,0.0,6.855,1.9,1.35,7.37,3,0,21.87
2344,T02,S3_CR2,S3,CR2,1,210.9,6.579,1.9,1.35,8.44,3,0,20.65
2345,T03,CR1_S1,CR1,S1,0,0.0,8.767,0.8,1.15,4.68,3,0,22.44
2346,T08,CR1_S2,CR1,S2,0,0.0,8.334,1.39,1.15,0.56,0,0,20.18
2347,T08,S4_CR2,S4,CR2,1,201.3,6.855,1.9,1.35,6.85,7,0,26.69
2348,T10,S1_D1,S1,D1,1,191.2,5.834,1.12,1.15,0.1,2,0,16.19
2349,T02,S3_D2,S3,D2,1,194.7,6.362,1.39,1.35,2.63,2,0,24.71
2350,T10,D1_S5,D1,S5,0,0.0,6.724,1.12,1.15,8.05,3,0,16.97
2351,T04,S5_D1,S5,D1,1,202.2,6.724,1.12,1.15,6.62,6,0,25.03
2352,T09,S1_CR1,S1,CR1,1,180.9,8.767,0.8,1.15,10.69,0,0,28.38
2353,T01,S1_CR1,S1,CR1,1,203.5,8.767,0.8,1.15,2.16,1,0,25.55
2354,T01,S3_CR2,S3,CR2,1,209.8,6.579,1.9,1.35,8.89,2,0,24.73
2355,T08,S6_CR2,S6,CR2,1,195.6,8.342,1.9,1.35,1.63,1,0,25.34
2356,T08,S5_D1,S5,D1,1,205.4,6.724,1.12,1.15,8.7,1,0,20.55
2357,T05,S2_CR1,S2,CR1,1,194.5,8.334,1.39,1.15,5.92,4,0,29.89
2358,T03,CR1_S5,CR1,S5,0,0.0,10.342,0.89,1.15,10.92,1,0,22.58
2359,T04,CR1_S2,CR1,S2,0,0.0,8.334,1.39,1.15,7.43,1,0,20.4
2360,T02,S3_CR2,S3,CR2,1,220.0,6.579,1.9,1.35,4.78,0,0,21.35
2361,T06,CR1_S3,CR1,S3,0,0.0,8.135,1.57,1.15,8.89,3,0,18.24
2362,T01,D2_S4,D2,S4,0,0.0,6.638,1.49,1.35,2.16,2,0,23.32
2363,T05,S1_CR1,S1,CR1,1,196.5,8.767,0.8,1.15,4.26,6,0,30.91
2364,T04,S6_CR2,S6,CR2,1,220.0,8.342,1.9,1.35,6.25,3,0,31.65
2365,T05,S2_CR1,S2,CR1,1,215.1,8.334,1.39,1.15,3.49,2,0,25.91
2366,T02,D1_S5,D1,S5,0,0.0,6.724,1.12,1.15,7.99,3,0,17.54
2367,T02,S1_CR1,S1,CR1,1,189.0,8.767,0.8,1.15,0.13,1,1,35.03
2368,T07,D2_S3,D2,S3,0,0.0,6.362,1.39,1.35,11.98,1,0,20.63
2369,T09,S1_D1,S1,D1,1,192.3,5.834,1.12,1.15,6.28,4,0,16.09
2370,T05,D2_S3,D2,S3,0,0.0,6.362,1.39,1.35,5.0,6,1,29.67
2371,T07,D2_S3,D2,S3,0,0.0,6.362,1.39,1.35,3.47,5,0,25.74
2372,T03,CR1_S3,CR1,S3,0,0.0,8.135,1.57,1.15,11.02,2,0,17.73
2373,T01,CR2_S3,CR2,S3,0,0.0,6.579,1.9,1.35,8.38,6,0,23.29
2374,T05,CR1_S5,CR1,S5,0,0.0,10.342,0.89,1.15,3.75,2,0,28.62
2375,T07,D2_S3,D2,S3,0,0.0,6.362,1.39,1.35,6.19,5,1,27.06
2376,T05,S4_CR2,S4,CR2,1,202.5,6.855,1.9,1.35,8.35,2,0,23.84
2377,T07,S6_CR2,S6,CR2,1,215.0,8.342,1.9,1.35,5.29,1,0,28.43
2378,T02,S6_CR2,S6,CR2,1,197.5,8.342,1.9,1.35,11.32,0,0,26.7
2379,T06,CR2_S6,CR2,S6,0,0.0,8.342,1.9,1.35,2.15,2,0,23.0
2380,T04,S3_D2,S3,D2,1,177.8,6.362,1.39,1.35,5.94,3,0,26.97
2381,T10,S4_D2,S4,D2,1,196.3,6.638,1.49,1.35,7.44,6,0,31.82
2382,T07,CR2_S6,CR2,S6,0,0.0,8.342,1.9,1.35,8.39,1,0,22.15
2383,T09,S6_CR2,S6,CR2,1,175.3,8.342,1.9,1.35,11.6,4,0,30.36
2384,T07,S5_D1,S5,D1,1,199.5,6.724,1.12,1.15,3.19,4,0,24.66
2385,T05,S6_CR2,S6,CR2,1,196.4,8.342,1.9,1.35,3.62,5,0,30.44
2386,T04,CR2_S4,CR2,S4,0,0.0,6.855,1.9,1.35,5.62,6,0,20.54
2387,T01,S3_CR1,S3,CR1,1,204.2,8.135,1.57,1.15,0.45,3,0,24.68
2388,T04,S3_D2,S3,D2,1,209.4,6.362,1.39,1.35,6.9,4,0,27.57
2389,T03,D2_S3,D2,S3,0,0.0,6.362,1.39,1.35,8.18,4,0,26.01
2390,T04,CR1_S1,CR1,S1,0,0.0,8.767,0.8,1.15,1.52,4,0,25.49
2391,T06,S3_CR2,S3,CR2,1,182.5,6.579,1.9,1.35,2.28,3,0,22.38
2392,T04,D1_S5,D1,S5,0,0.0,6.724,1.12,1.15,5.58,2,0,18.63
2393,T03,D2_S3,D2,S3,0,0.0,6.362,1.39,1.35,1.93,2,1,29.65
2394,T01,S5_D1,S5,D1,1,212.5,6.724,1.12,1.15,4.05,4,0,22.17
2395,T10,S1_CR1,S1,CR1,1,207.3,8.767,0.8,1.15,11.99,2,0,28.46
2396,T07,D2_S3,D2,S3,0,0.0,6.362,1.39,1.35,7.33,2,0,22.65
2397,T03,S4_CR2,S4,CR2,1,185.2,6.855,1.9,1.35,10.77,3,0,23.78
2398,T05,D2_S4,D2,S4,0,0.0,6.638,1.49,1.35,10.78,4,0,21.78
2399,T03,S5_CR1,S5,CR1,1,193.0,10.342,0.89,1.15,2.79,4,0,35.91
2400,T02,CR1_S3,CR1,S3,0,0.0,8.135,1.57,1.15,4.2,2,0,17.53
2401,T07,S4_CR2,S4,CR2,1,207.6,6.855,1.9,1.35,4.46,2,0,24.37
2402,T05,S5_D1,S5,D1,1,173.0,6.724,1.12,1.15,4.92,3,0,20.16
2403,T05,CR2_S4,CR2,S4,0,0.0,6.855,1.9,1.35,4.44,2,0,19.41
2404,T02,S2_CR1,S2,CR1,1,193.4,8.334,1.39,1.15,2.7,0,0,23.34
2405,T07,CR2_S3,CR2,S3,0,0.0,6.579,1.9,1.35,1.96,4,0,21.23
2406,T09,D2_S3,D2,S3,0,0.0,6.362,1.39,1.35,11.18,0,0,20.88
2407,T09,CR2_S4,CR2,S4,0,0.0,6.855,1.9,1.35,2.13,0,0,15.92
2408,T06,S2_CR1,S2,CR1,1,186.7,8.334,1.39,1.15,4.79,4,0,27.16
2409,T04,S3_CR1,S3,CR1,1,161.9,8.135,1.57,1.15,3.63,3,0,23.24
2410,T08,S4_D2,S4,D2,1,220.0,6.638,1.49,1.35,3.47,3,0,25.64
2411,T01,S1_D1,S1,D1,1,188.1,5.834,1.12,1.15,0.54,2,0,16.9
2412,T04,D2_S3,D2,S3,0,0.0,6.362,1.39,1.35,9.55,3,0,22.11
2413,T09,D1_S1,D1,S1,0,0.0,5.834,1.12,1.15,9.85,1,0,12.58
2414,T05,S6_CR2,S6,CR2,1,187.9,8.342,1.9,1.35,1.29,0,0,24.41
2415,T09,CR2_S4,CR2,S4,0,0.0,6.855,1.9,1.35,7.05,1,0,17.85
2416,T01,D2_S3,D2,S3,0,0.0,6.362,1.39,1.35,10.54,4,0,22.81
2417,T04,S3_CR2,S3,CR2,1,210.5,6.579,1.9,1.35,6.18,8,0,27.69
2418,T02,S1_D1,S1,D1,1,209.8,5.834,1.12,1.15,5.98,1,0,16.3
2419,T07,S4_D2,S4,D2,1,209.9,6.638,1.49,1.35,10.16,2,0,24.74
2420,T07,S1_CR1,S1,CR1,1,177.1,8.767,0.8,1.15,11.7,3,0,28.48
2421,T05,S4_CR2,S4,CR2,1,220.0,6.855,1.9,1.35,3.97,1,0,21.58
2422,T10,S4_CR2,S4,CR2,1,198.3,6.855,1.9,1.35,6.03,0,0,21.18
2423,T02,S1_CR1,S1,CR1,1,201.0,8.767,0.8,1.15,6.02,4,0,27.74
2424,T09,D1_S5,D1,S5,0,0.0,6.724,1.12,1.15,0.73,2,0,17.78
2425,T09,S6_CR2,S6,CR2,1,206.4,8.342,1.9,1.35,0.82,2,0,24.95
2426,T09,D2_S4,D2,S4,0,0.0,6.638,1.49,1.35,11.52,1,0,21.25
2427,T04,S5_CR1,S5,CR1,1,183.0,10.342,0.89,1.15,3.72,2,0,33.36
2428,T10,S1_D1,S1,D1,1,180.3,5.834,1.12,1.15,10.51,3,0,16.5
2429,T06,D2_S4,D2,S4,0,0.0,6.638,1.49,1.35,2.91,1,1,26.25
2430,T09,D2_S3,D2,S3,0,0.0,6.362,1.39,1.35,1.96,3,0,21.51
2431,T05,CR1_S5,CR1,S5,0,0.0,10.342,0.89,1.15,10.99,1,0,27.21
2432,T03,S5_D1,S5,D1,1,195.6,6.724,1.12,1.15,0.17,4,0,22.43
2433,T09,CR1_S2,CR1,S2,0,0.0,8.334,1.39,1.15,1.29,1,0,21.85
2434,T10,S6_CR2,S6,CR2,1,197.4,8.342,1.9,1.35,7.31,4,1,36.81
2435,T10,S1_CR1,S1,CR1,1,189.5,8.767,0.8,1.15,5.44,4,0,29.04
2436,T07,D1_S5,D1,S5,0,0.0,6.724,1.12,1.15,10.23,2,0,15.19
2437,T02,S3_CR2,S3,CR2,1,177.8,6.579,1.9,1.35,3.33,1,0,22.86
2438,T10,S5_D1,S5,D1,1,176.1,6.724,1.12,1.15,0.54,1,0,21.29
2439,T05,S3_CR2,S3,CR2,1,220.0,6.579,1.9,1.35,9.75,1,0,22.3
2440,T05,CR1_S3,CR1,S3,0,0.0,8.135,1.57,1.15,8.58,4,0,19.29
2441,T10,CR2_S6,CR2,S6,0,0.0,8.342,1.9,1.35,3.05,3,0,23.27
2442,T09,CR2_S4,CR2,S4,0,0.0,6.855,1.9,1.35,5.06,1,0,19.55
2443,T08,S3_CR2,S3,CR2,1,172.3,6.579,1.9,1.35,2.19,2,0,23.27
2444,T01,S3_D2,S3,D2,1,213.9,6.362,1.39,1.35,7.04,4,0,28.31
2445,T06,S3_CR1,S3,CR1,1,188.9,8.135,1.57,1.15,6.74,8,0,29.22
2446,T09,S3_CR2,S3,CR2,1,192.7,6.579,1.9,1.35,3.72,4,0,24.96
2447,T06,CR1_S3,CR1,S3,0,0.0,8.135,1.57,1.15,9.7,4,0,19.21
2448,T08,CR1_S2,CR1,S2,0,0.0,8.334,1.39,1.15,10.63,3,1,24.92
2449,T07,S1_D1,S1,D1,1,189.6,5.834,1.12,1.15,4.5,6,0,18.62
2450,T02,S1_CR1,S1,CR1,1,212.0,8.767,0.8,1.15,8.03,2,0,28.85
2451,T08,S6_CR2,S6,CR2,1,195.0,8.342,1.9,1.35,2.64,1,0,27.45
2452,T09,CR2_S4,CR2,S4,0,0.0,6.855,1.9,1.35,5.52,3,0,20.69
2453,T01,CR1_S1,CR1,S1,0,0.0,8.767,0.8,1.15,0.99,2,0,20.25
2454,T03,S3_D2,S3,D2,1,214.4,6.362,1.39,1.35,1.83,2,0,26.8
2455,T03,CR1_S5,CR1,S5,0,0.0,10.342,0.89,1.15,7.7,2,0,27.07
2456,T01,CR1_S5,CR1,S5,0,0.0,10.342,0.89,1.15,11.83,2,0,26.76
2457,T05,S2_CR1,S2,CR1,1,183.1,8.334,1.39,1.15,6.62,1,0,28.33
2458,T05,S1_CR1,S1,CR1,1,177.9,8.767,0.8,1.15,5.67,4,0,29.95
2459,T02,D1_S1,D1,S1,0,0.0,5.834,1.12,1.15,6.18,6,0,15.49
2460,T01,S2_CR1,S2,CR1,1,194.7,8.334,1.39,1.15,0.55,2,0,30.93
2461,T08,D2_S3,D2,S3,0,0.0,6.362,1.39,1.35,10.49,1,0,22.47
2462,T01,CR1_S5,CR1,S5,0,0.0,10.342,0.89,1.15,2.36,1,0,26.36
2463,T09,S4_CR2,S4,CR2,1,200.5,6.855,1.9,1.35,8.97,1,0,22.87
2464,T09,S1_CR1,S1,CR1,1,209.8,8.767,0.8,1.15,11.96,3,0,30.94
2465,T06,D1_S5,D1,S5,0,0.0,6.724,1.12,1.15,6.03,2,0,16.93
2466,T05,D1_S5,D1,S5,0,0.0,6.724,1.12,1.15,11.76,1,1,19.69
2467,T04,CR1_S1,CR1,S1,0,0.0,8.767,0.8,1.15,7.07,1,0,23.36
2468,T09,S6_CR2,S6,CR2,1,205.2,8.342,1.9,1.35,6.94,7,0,31.07
2469,T09,S3_CR2,S3,CR2,1,184.4,6.579,1.9,1.35,3.05,5,0,24.92
2470,T08,S4_CR2,S4,CR2,1,220.0,6.855,1.9,1.35,11.01,4,1,28.9
2471,T03,CR2_S6,CR2,S6,0,0.0,8.342,1.9,1.35,11.01,4,0,20.65
2472,T08,S3_CR2,S3,CR2,1,184.5,6.579,1.9,1.35,3.18,1,0,22.17
2473,T08,D2_S3,D2,S3,0,0.0,6.362,1.39,1.35,3.89,2,0,21.63
2474,T09,S2_CR1,S2,CR1,1,203.1,8.334,1.39,1.15,5.42,0,0,26.56
2475,T08,S1_D1,S1,D1,1,216.0,5.834,1.12,1.15,7.42,3,0,16.78
2476,T09,S3_CR1,S3,CR1,1,189.5,8.135,1.57,1.15,5.58,5,0,26.12
2477,T06,S1_CR1,S1,CR1,1,203.4,8.767,0.8,1.15,11.3,2,0,27.71
2478,T03,S5_D1,S5,D1,1,215.2,6.724,1.12,1.15,8.83,0,0,18.41
2479,T10,D2_S3,D2,S3,0,0.0,6.362,1.39,1.35,10.42,3,0,23.32
2480,T01,S3_CR2,S3,CR2,1,167.8,6.579,1.9,1.35,1.24,1,0,23.82
2481,T09,S1_D1,S1,D1,1,195.6,5.834,1.12,1.15,6.7,2,0,15.35
2482,T02,CR2_S4,CR2,S4,0,0.0,6.855,1.9,1.35,1.3,4,0,22.49
2483,T01,CR2_S3,CR2,S3,0,0.0,6.579,1.9,1.35,1.13,5,0,22.64
2484,T02,CR2_S6,CR2,S6,0,0.0,8.342,1.9,1.35,9.35,1,0,22.55
2485,T07,S6_CR2,S6,CR2,1,206.0,8.342,1.9,1.35,7.84,2,0,25.94
2486,T05,D2_S4,D2,S4,0,0.0,6.638,1.49,1.35,11.11,3,0,23.29
2487,T04,CR1_S1,CR1,S1,0,0.0,8.767,0.8,1.15,3.64,3,0,22.74
2488,T05,CR1_S3,CR1,S3,0,0.0,8.135,1.57,1.15,7.16,2,0,16.64
2489,T02,CR2_S3,CR2,S3,0,0.0,6.579,1.9,1.35,7.99,1,0,19.16
2490,T02,S3_D2,S3,D2,1,199.2,6.362,1.39,1.35,1.43,1,0,28.09
2491,T03,S3_CR2,S3,CR2,1,173.9,6.579,1.9,1.35,2.71,2,0,23.03
2492,T08,D2_S3,D2,S3,0,0.0,6.362,1.39,1.35,0.74,1,0,21.84
2493,T07,CR1_S5,CR1,S5,0,0.0,10.342,0.89,1.15,11.58,2,0,27.69
2494,T10,CR1_S3,CR1,S3,0,0.0,8.135,1.57,1.15,3.48,3,0,17.44
2495,T01,S3_CR1,S3,CR1,1,179.0,8.135,1.57,1.15,4.6,2,0,21.33
2496,T10,S6_CR2,S6,CR2,1,202.4,8.342,1.9,1.35,0.37,3,0,27.84
2497,T03,S1_CR1,S1,CR1,1,191.6,8.767,0.8,1.15,7.46,6,0,31.17
2498,T06,S6_CR2,S6,CR2,1,183.9,8.342,1.9,1.35,6.69,5,0,28.01
2499,T04,S1_D1,S1,D1,1,181.4,5.834,1.12,1.15,4.56,3,0,16.37
2500,T05,D2_S4,D2,S4,0,0.0,6.638,1.49,1.35,3.26,1,0,22.29
2501,T05,S5_CR1,S5,CR1,1,205.3,10.342,0.89,1.15,1.08,3,0,30.81
2502,T03,S5_D1,S5,D1,1,201.7,6.724,1.12,1.15,10.27,2,0,19.89
2503,T10,CR2_S3,CR2,S3,0,0.0,6.579,1.9,1.35,9.59,4,0,20.06
2504,T05,S6_CR2,S6,CR2,1,184.4,8.342,1.9,1.35,10.57,1,0,26.65
2505,T05,S3_CR2,S3,CR2,1,205.9,6.579,1.9,1.35,7.69,2,0,23.93
2506,T09,CR2_S4,CR2,S4,0,0.0,6.855,1.9,1.35,3.39,2,0,18.44
2507,T08,S3_D2,S3,D2,1,197.0,6.362,1.39,1.35,2.69,1,0,23.08
2508,T07,S4_D2,S4,D2,1,194.6,6.638,1.49,1.35,9.02,1,0,27.22
2509,T05,CR2_S4,CR2,S4,0,0.0,6.855,1.9,1.35,8.78,1,0,18.71
2510,T07,CR1_S5,CR1,S5,0,0.0,10.342,0.89,1.15,6.44,5,0,29.33
2511,T07,S3_CR1,S3,CR1,1,185.7,8.135,1.57,1.15,10.73,2,0,21.64
2512,T10,S3_CR1,S3,CR1,1,202.0,8.135,1.57,1.15,4.74,6,0,25.28
2513,T05,S5_D1,S5,D1,1,194.0,6.724,1.12,1.15,3.83,4,0,23.33
2514,T06,D1_S1,D1,S1,0,0.0,5.834,1.12,1.15,8.5,0,0,11.68
2515,T05,D1_S1,D1,S1,0,0.0,5.834,1.12,1.15,6.29,3,0,12.96
2516,T01,S3_D2,S3,D2,1,187.9,6.362,1.39,1.35,7.9,4,0,29.52
2517,T08,S4_D2,S4,D2,1,194.2,6.638,1.49,1.35,0.25,0,0,24.58
2518,T09,CR1_S1,CR1,S1,0,0.0,8.767,0.8,1.15,2.78,1,0,22.84
2519,T09,CR2_S3,CR2,S3,0,0.0,6.579,1.9,1.35,7.33,2,0,20.12
2520,T08,D2_S4,D2,S4,0,0.0,6.638,1.49,1.35,6.93,2,0,20.84
2521,T02,D2_S3,D2,S3,0,0.0,6.362,1.39,1.35,3.83,3,1,26.79
2522,T01,D1_S1,D1,S1,0,0.0,5.834,1.12,1.15,2.64,2,1,14.9
2523,T09,CR2_S6,CR2,S6,0,0.0,8.342,1.9,1.35,7.71,7,1,38.07
2524,T08,CR2_S6,CR2,S6,0,0.0,8.342,1.9,1.35,2.36,3,0,22.47
2525,T10,CR2_S3,CR2,S3,0,0.0,6.579,1.9,1.35,10.55,1,0,18.06
2526,T04,S1_D1,S1,D1,1,180.1,5.834,1.12,1.15,8.94,1,0,16.5
2527,T09,S6_CR2,S6,CR2,1,197.2,8.342,1.9,1.35,0.7,2,0,28.3
2528,T03,CR2_S3,CR2,S3,0,0.0,6.579,1.9,1.35,6.49,3,0,18.88
2529,T08,D2_S4,D2,S4,0,0.0,6.638,1.49,1.35,7.04,4,0,26.3
2530,T01,CR2_S3,CR2,S3,0,0.0,6.579,1.9,1.35,3.97,4,0,21.12
2531,T01,CR1_S3,CR1,S3,0,0.0,8.135,1.57,1.15,7.93,3,0,17.32
2532,T01,CR1_S5,CR1,S5,0,0.0,10.342,0.89,1.15,0.8,0,0,25.99
2533,T04,S5_CR1,S5,CR1,1,168.6,10.342,0.89,1.15,6.51,4,0,36.47
2534,T08,CR1_S1,CR1,S1,0,0.0,8.767,0.8,1.15,1.54,0,0,21.08
2535,T07,S6_CR2,S6,CR2,1,216.0,8.342,1.9,1.35,6.52,2,0,28.44
2536,T09,S1_CR1,S1,CR1,1,204.9,8.767,0.8,1.15,4.3,2,0,25.32
2537,T03,S2_CR1,S2,CR1,1,220.0,8.334,1.39,1.15,1.14,1,1,33.59
2538,T01,S2_CR1,S2,CR1,1,200.8,8.334,1.39,1.15,0.25,1,0,28.18
2539,T05,S3_CR2,S3,CR2,1,181.9,6.579,1.9,1.35,10.65,1,0,21.84
2540,T01,D1_S5,D1,S5,0,0.0,6.724,1.12,1.15,11.0,1,0,17.03
2541,T02,CR2_S3,CR2,S3,0,0.0,6.579,1.9,1.35,11.38,5,0,21.94
2542,T03,CR1_S1,CR1,S1,0,0.0,8.767,0.8,1.15,1.86,3,0,24.19
2543,T03,S1_CR1,S1,CR1,1,193.8,8.767,0.8,1.15,7.89,2,0,29.94
2544,T03,S2_CR1,S2,CR1,1,220.0,8.334,1.39,1.15,4.99,2,0,27.24
2545,T10,S5_CR1,S5,CR1,1,195.6,10.342,0.89,1.15,1.29,2,0,32.79
2546,T07,CR2_S3,CR2,S3,0,0.0,6.579,1.9,1.35,5.0,3,0,20.05
2547,T03,D2_S4,D2,S4,0,0.0,6.638,1.49,1.35,9.82,1,0,22.7
2548,T08,S3_CR2,S3,CR2,1,213.2,6.579,1.9,1.35,9.81,3,1,27.2
2549,T05,S3_CR2,S3,CR2,1,208.3,6.579,1.9,1.35,3.03,4,0,24.56
2550,T01,D1_S5,D1,S5,0,0.0,6.724,1.12,1.15,6.17,8,0,21.1
2551,T04,S4_CR2,S4,CR2,1,219.9,6.855,1.9,1.35,0.62,3,0,24.16
2552,T09,CR1_S5,CR1,S5,0,0.0,10.342,0.89,1.15,7.54,6,0,29.4
2553,T02,S1_CR1,S1,CR1,1,203.9,8.767,0.8,1.15,9.1,3,0,28.9
2554,T03,CR1_S2,CR1,S2,0,0.0,8.334,1.39,1.15,6.86,8,0,27.08
2555,T06,CR2_S4,CR2,S4,0,0.0,6.855,1.9,1.35,11.95,0,0,16.78
2556,T10,S3_D2,S3,D2,1,178.1,6.362,1.39,1.35,11.5,5,0,32.27
2557,T04,CR2_S4,CR2,S4,0,0.0,6.855,1.9,1.35,1.98,2,0,17.0
2558,T08,S4_CR2,S4,CR2,1,175.5,6.855,1.9,1.35,9.69,3,0,25.23
2559,T06,S4_CR2,S4,CR2,1,168.8,6.855,1.9,1.35,11.75,3,0,24.5
2560,T10,S3_D2,S3,D2,1,220.0,6.362,1.39,1.35,11.92,3,0,28.82
2561,T10,S2_CR1,S2,CR1,1,164.0,8.334,1.39,1.15,0.78,2,0,27.03
2562,T09,S3_CR2,S3,CR2,1,177.8,6.579,1.9,1.35,3.53,2,0,23.57
2563,T01,S1_D1,S1,D1,1,202.2,5.834,1.12,1.15,0.41,2,0,15.73
2564,T02,S5_CR1,S5,CR1,1,184.8,10.342,0.89,1.15,9.89,2,0,36.53
2565,T07,CR2_S6,CR2,S6,0,0.0,8.342,1.9,1.35,5.44,4,0,25.19
2566,T01,CR2_S3,CR2,S3,0,0.0,6.579,1.9,1.35,11.76,1,0,18.01
2567,T03,CR1_S5,CR1,S5,0,0.0,10.342,0.89,1.15,9.4,1,0,24.81
2568,T04,D2_S4,D2,S4,0,0.0,6.638,1.49,1.35,8.93,5,1,36.42
2569,T01,S3_D2,S3,D2,1,181.2,6.362,1.39,1.35,9.04,4,1,41.46
2570,T05,S3_D2,S3,D2,1,194.4,6.362,1.39,1.35,11.86,2,0,24.59
2571,T04,S1_D1,S1,D1,1,209.6,5.834,1.12,1.15,3.32,0,0,14.81
2572,T10,CR2_S4,CR2,S4,0,0.0,6.855,1.9,1.35,4.06,2,0,18.7
2573,T09,D1_S5,D1,S5,0,0.0,6.724,1.12,1.15,6.14,4,0,18.75
2574,T07,S2_CR1,S2,CR1,1,196.4,8.334,1.39,1.15,3.21,0,0,26.93
2575,T03,S2_CR1,S2,CR1,1,196.2,8.334,1.39,1.15,9.4,1,0,25.46
2576,T07,S5_D1,S5,D1,1,202.4,6.724,1.12,1.15,10.66,2,0,19.35
2577,T07,S5_CR1,S5,CR1,1,168.8,10.342,0.89,1.15,3.89,6,0,33.3
2578,T07,S2_CR1,S2,CR1,1,196.1,8.334,1.39,1.15,2.69,1,0,29.11
2579,T07,S4_CR2,S4,CR2,1,199.4,6.855,1.9,1.35,0.96,3,0,25.28
2580,T03,CR1_S3,CR1,S3,0,0.0,8.135,1.57,1.15,2.83,3,0,18.46
2581,T10,CR2_S6,CR2,S6,0,0.0,8.342,1.9,1.35,0.74,0,0,17.94
2582,T06,S1_D1,S1,D1,1,216.6,5.834,1.12,1.15,6.69,5,0,17.37
2583,T05,S5_D1,S5,D1,1,192.5,6.724,1.12,1.15,1.98,2,0,20.15
2584,T09,S2_CR1,S2,CR1,1,209.8,8.334,1.39,1.15,9.27,2,0,25.17
2585,T09,S3_CR2,S3,CR2,1,209.4,6.579,1.9,1.35,1.78,1,0,24.64
2586,T07,S1_D1,S1,D1,1,204.4,5.834,1.12,1.15,9.14,1,1,19.6
2587,T10,S3_CR1,S3,CR1,1,190.4,8.135,1.57,1.15,9.19,3,0,20.39
2588,T03,S4_CR2,S4,CR2,1,179.9,6.855,1.9,1.35,0.56,2,0,22.87
2589,T09,S2_CR1,S2,CR1,1,213.7,8.334,1.39,1.15,0.75,2,0,25.28
2590,T02,S3_D2,S3,D2,1,205.8,6.362,1.39,1.35,5.63,6,1,38.03
2591,T03,S4_CR2,S4,CR2,1,202.2,6.855,1.9,1.35,3.59,1,0,21.48
2592,T09,S5_D1,S5,D1,1,174.3,6.724,1.12,1.15,5.31,7,0,24.32
2593,T06,S5_D1,S5,D1,1,207.0,6.724,1.12,1.15,4.51,4,0,24.6
2594,T03,S3_D2,S3,D2,1,211.6,6.362,1.39,1.35,8.29,1,0,25.57
2595,T01,S4_D2,S4,D2,1,179.4,6.638,1.49,1.35,8.94,2,0,26.06
2596,T08,CR2_S4,CR2,S4,0,0.0,6.855,1.9,1.35,0.29,2,0,18.3
2597,T10,S3_D2,S3,D2,1,162.7,6.362,1.39,1.35,3.04,1,0,27.0
2598,T01,S5_CR1,S5,CR1,1,210.3,10.342,0.89,1.15,0.94,3,0,34.21
2599,T09,D2_S3,D2,S3,0,0.0,6.362,1.39,1.35,11.69,1,1,31.08
2600,T07,S3_CR1,S3,CR1,1,199.0,8.135,1.57,1.15,10.89,3,0,25.68
2601,T05,S6_CR2,S6,CR2,1,195.7,8.342,1.9,1.35,7.87,3,0,28.07
2602,T10,CR1_S2,CR1,S2,0,0.0,8.334,1.39,1.15,0.49,3,0,24.92
2603,T09,S6_CR2,S6,CR2,1,207.2,8.342,1.9,1.35,3.7,3,0,27.17
2604,T05,CR2_S6,CR2,S6,0,0.0,8.342,1.9,1.35,7.86,2,0,20.38
2605,T06,CR2_S4,CR2,S4,0,0.0,6.855,1.9,1.35,5.69,1,0,16.97
2606,T04,S3_CR2,S3,CR2,1,205.9,6.579,1.9,1.35,2.79,5,0,27.66
2607,T08,CR1_S1,CR1,S1,0,0.0,8.767,0.8,1.15,6.99,3,0,23.12
2608,T09,D2_S4,D2,S4,0,0.0,6.638,1.49,1.35,8.65,3,0,21.25
2609,T10,CR1_S5,CR1,S5,0,0.0,10.342,0.89,1.15,11.49,1,0,26.85
2610,T01,S3_CR2,S3,CR2,1,188.7,6.579,1.9,1.35,0.7,3,0,20.91
2611,T03,S3_D2,S3,D2,1,203.7,6.362,1.39,1.35,7.32,6,0,32.0
2612,T05,CR1_S5,CR1,S5,0,0.0,10.342,0.89,1.15,3.44,1,0,25.87
2613,T10,S6_CR2,S6,CR2,1,171.6,8.342,1.9,1.35,5.9,2,0,26.33
2614,T09,D1_S1,D1,S1,0,0.0,5.834,1.12,1.15,9.42,3,0,13.57
2615,T05,S4_CR2,S4,CR2,1,197.6,6.855,1.9,1.35,11.81,3,0,21.41
2616,T09,S2_CR1,S2,CR1,1,182.8,8.334,1.39,1.15,10.69,2,0,28.35
2617,T06,S5_CR1,S5,CR1,1,205.3,10.342,0.89,1.15,7.37,1,0,36.06
2618,T07,CR2_S3,CR2,S3,0,0.0,6.579,1.9,1.35,1.99,1,0,17.41
2619,T09,D1_S1,D1,S1,0,0.0,5.834,1.12,1.15,3.16,1,0,13.38
2620,T02,S1_D1,S1,D1,1,189.0,5.834,1.12,1.15,7.66,3,0,17.15
2621,T07,CR2_S3,CR2,S3,0,0.0,6.579,1.9,1.35,3.3,1,0,17.77
2622,T05,S3_D2,S3,D2,1,208.9,6.362,1.39,1.35,1.09,3,0,29.79
2623,T04,S1_D1,S1,D1,1,172.7,5.834,1.12,1.15,2.0,3,0,17.62
2624,T02,S1_CR1,S1,CR1,1,195.5,8.767,0.8,1.15,1.04,5,0,30.24
2625,T09,CR2_S6,CR2,S6,0,0.0,8.342,1.9,1.35,7.62,6,0,25.0
2626,T02,S4_D2,S4,D2,1,184.3,6.638,1.49,1.35,11.71,0,0,27.17
2627,T02,S3_CR1,S3,CR1,1,181.3,8.135,1.57,1.15,5.19,2,0,20.98
2628,T10,D2_S3,D2,S3,0,0.0,6.362,1.39,1.35,11.2,7,0,26.73
2629,T06,S5_CR1,S5,CR1,1,220.0,10.342,0.89,1.15,2.03,6,0,40.28
2630,T05,D1_S5,D1,S5,0,0.0,6.724,1.12,1.15,4.13,1,0,16.65
2631,T08,S6_CR2,S6,CR2,1,186.9,8.342,1.9,1.35,9.17,3,0,25.71
2632,T01,D1_S5,D1,S5,0,0.0,6.724,1.12,1.15,6.34,8,0,21.04
2633,T08,CR1_S1,CR1,S1,0,0.0,8.767,0.8,1.15,0.4,3,0,24.09
2634,T08,CR1_S1,CR1,S1,0,0.0,8.767,0.8,1.15,5.27,1,0,24.11
2635,T04,S4_CR2,S4,CR2,1,194.1,6.855,1.9,1.35,10.02,1,0,24.39
2636,T04,CR2_S6,CR2,S6,0,0.0,8.342,1.9,1.35,4.83,3,0,22.25
2637,T02,CR2_S6,CR2,S6,0,0.0,8.342,1.9,1.35,6.07,8,1,35.41
2638,T10,S6_CR2,S6,CR2,1,171.1,8.342,1.9,1.35,10.39,1,0,27.47
2639,T04,D1_S1,D1,S1,0,0.0,5.834,1.12,1.15,3.17,7,0,17.2
2640,T06,S3_CR1,S3,CR1,1,191.9,8.135,1.57,1.15,11.38,3,0,23.24
2641,T09,CR1_S2,CR1,S2,0,0.0,8.334,1.39,1.15,5.11,2,0,23.68
2642,T06,S2_CR1,S2,CR1,1,205.2,8.334,1.39,1.15,5.38,4,0,30.75
2643,T04,CR1_S3,CR1,S3,0,0.0,8.135,1.57,1.15,0.29,3,0,18.5
2644,T07,S4_D2,S4,D2,1,200.2,6.638,1.49,1.35,2.76,0,0,26.48
2645,T06,S3_D2,S3,D2,1,189.0,6.362,1.39,1.35,3.14,0,0,24.58
2646,T06,S5_D1,S5,D1,1,201.8,6.724,1.12,1.15,0.24,3,0,24.25
2647,T08,CR1_S5,CR1,S5,0,0.0,10.342,0.89,1.15,11.26,0,0,23.61
2648,T01,S5_CR1,S5,CR1,1,220.0,10.342,0.89,1.15,9.28,1,0,30.07
2649,T08,CR2_S6,CR2,S6,0,0.0,8.342,1.9,1.35,7.81,3,0,24.6
2650,T03,S5_CR1,S5,CR1,1,184.3,10.342,0.89,1.15,2.22,1,0,35.76
2651,T08,CR1_S1,CR1,S1,0,0.0,8.767,0.8,1.15,8.13,3,0,23.53
2652,T08,D1_S1,D1,S1,0,0.0,5.834,1.12,1.15,10.84,1,0,12.99
2653,T04,S2_CR1,S2,CR1,1,209.3,8.334,1.39,1.15,9.58,1,0,26.48
2654,T10,D2_S3,D2,S3,0,0.0,6.362,1.39,1.35,4.81,3,0,23.0
2655,T10,S3_D2,S3,D2,1,205.5,6.362,1.39,1.35,0.98,4,0,31.87
2656,T01,D1_S5,D1,S5,0,0.0,6.724,1.12,1.15,8.68,4,0,19.52
2657,T09,D1_S5,D1,S5,0,0.0,6.724,1.12,1.15,3.1,2,1,19.57
2658,T04,D1_S5,D1,S5,0,0.0,6.724,1.12,1.15,2.67,3,0,18.57
2659,T01,CR1_S5,CR1,S5,0,0.0,10.342,0.89,1.15,5.9,6,0,31.34
2660,T08,S2_CR1,S2,CR1,1,204.0,8.334,1.39,1.15,10.08,6,0,31.19
2661,T03,CR1_S3,CR1,S3,0,0.0,8.135,1.57,1.15,1.77,4,1,25.94
2662,T02,D2_S3,D2,S3,0,0.0,6.362,1.39,1.35,9.17,2,0,20.84
2663,T03,D1_S5,D1,S5,0,0.0,6.724,1.12,1.15,4.83,2,1,20.81
2664,T05,S4_D2,S4,D2,1,209.3,6.638,1.49,1.35,2.31,3,0,29.93
2665,T03,CR2_S4,CR2,S4,0,0.0,6.855,1.9,1.35,2.43,3,0,18.47
2666,T09,CR1_S5,CR1,S5,0,0.0,10.342,0.89,1.15,7.95,4,0,28.74
2667,T04,S1_D1,S1,D1,1,185.8,5.834,1.12,1.15,5.64,3,0,15.3
2668,T02,S3_CR2,S3,CR2,1,184.2,6.579,1.9,1.35,5.93,4,0,22.02
2669,T10,D1_S5,D1,S5,0,0.0,6.724,1.12,1.15,11.4,2,0,14.76
2670,T01,D2_S4,D2,S4,0,0.0,6.638,1.49,1.35,2.13,0,0,19.65
2671,T01,CR1_S3,CR1,S3,0,0.0,8.135,1.57,1.15,5.02,7,0,21.36
2672,T05,D1_S5,D1,S5,0,0.0,6.724,1.12,1.15,0.64,2,0,17.71
2673,T02,S3_D2,S3,D2,1,190.9,6.362,1.39,1.35,6.76,7,0,32.99
2674,T06,S3_CR2,S3,CR2,1,199.3,6.579,1.9,1.35,3.25,5,0,26.54
2675,T01,D1_S5,D1,S5,0,0.0,6.724,1.12,1.15,10.37,0,0,14.5
2676,T09,S5_D1,S5,D1,1,172.3,6.724,1.12,1.15,5.13,7,0,25.89
2677,T09,S5_CR1,S5,CR1,1,219.5,10.342,0.89,1.15,7.29,3,0,30.19
2678,T08,CR1_S1,CR1,S1,0,0.0,8.767,0.8,1.15,5.17,8,0,28.06
2679,T01,CR1_S3,CR1,S3,0,0.0,8.135,1.57,1.15,9.49,2,0,18.8
2680,T03,D2_S3,D2,S3,0,0.0,6.362,1.39,1.35,4.59,2,0,21.87
2681,T04,CR1_S3,CR1,S3,0,0.0,8.135,1.57,1.15,11.18,0,0,14.14
2682,T03,S4_CR2,S4,CR2,1,186.1,6.855,1.9,1.35,5.99,2,0,23.35
2683,T04,S3_CR1,S3,CR1,1,205.4,8.135,1.57,1.15,1.96,2,0,19.9
2684,T03,S4_D2,S4,D2,1,167.0,6.638,1.49,1.35,2.84,5,0,29.05
2685,T05,S2_CR1,S2,CR1,1,201.5,8.334,1.39,1.15,7.45,5,0,26.99
2686,T06,CR1_S5,CR1,S5,0,0.0,10.342,0.89,1.15,2.56,4,0,29.43
2687,T04,S4_D2,S4,D2,1,191.8,6.638,1.49,1.35,6.84,2,0,27.03
2688,T06,S4_CR2,S4,CR2,1,214.7,6.855,1.9,1.35,3.02,2,0,24.6
2689,T09,CR2_S3,CR2,S3,0,0.0,6.579,1.9,1.35,10.2,0,0,17.16
2690,T08,CR2_S6,CR2,S6,0,0.0,8.342,1.9,1.35,6.98,4,0,23.33
2691,T09,S4_D2,S4,D2,1,168.4,6.638,1.49,1.35,2.73,0,0,28.69
2692,T06,S5_CR1,S5,CR1,1,202.7,10.342,0.89,1.15,6.52,4,0,34.77
2693,T10,S1_CR1,S1,CR1,1,195.1,8.767,0.8,1.15,4.11,2,0,27.05
2694,T10,S1_CR1,S1,CR1,1,183.6,8.767,0.8,1.15,2.91,2,0,33.32
2695,T05,S3_CR2,S3,CR2,1,209.7,6.579,1.9,1.35,9.78,0,0,20.74
2696,T08,CR1_S1,CR1,S1,0,0.0,8.767,0.8,1.15,6.93,5,0,25.81
2697,T05,S5_D1,S5,D1,1,162.2,6.724,1.12,1.15,0.03,2,0,21.34
2698,T10,D1_S5,D1,S5,0,0.0,6.724,1.12,1.15,2.42,1,0,16.64
2699,T08,CR1_S2,CR1,S2,0,0.0,8.334,1.39,1.15,0.91,2,0,21.91
2700,T04,CR1_S3,CR1,S3,0,0.0,8.135,1.57,1.15,6.71,1,0,16.31
2701,T01,CR2_S3,CR2,S3,0,0.0,6.579,1.9,1.35,6.2,4,0,20.83
2702,T10,S5_D1,S5,D1,1,178.6,6.724,1.12,1.15,9.72,2,1,25.32
2703,T05,S3_D2,S3,D2,1,195.6,6.362,1.39,1.35,3.71,2,0,26.68
2704,T04,D1_S5,D1,S5,0,0.0,6.724,1.12,1.15,5.63,8,0,20.41
2705,T09,D2_S3,D2,S3,0,0.0,6.362,1.39,1.35,3.63,4,0,20.83
2706,T01,D2_S3,D2,S3,0,0.0,6.362,1.39,1.35,10.08,4,0,23.56
2707,T04,CR2_S4,CR2,S4,0,0.0,6.855,1.9,1.35,10.04,0,0,17.19
2708,T05,S4_D2,S4,D2,1,196.7,6.638,1.49,1.35,5.89,4,0,33.84
2709,T05,S3_CR2,S3,CR2,1,172.9,6.579,1.9,1.35,10.99,1,0,22.84
2710,T03,S4_CR2,S4,CR2,1,198.2,6.855,1.9,1.35,11.42,0,0,22.54
2711,T05,CR2_S4,CR2,S4,0,0.0,6.855,1.9,1.35,9.46,4,0,18.92
2712,T05,CR2_S4,CR2,S4,0,0.0,6.855,1.9,1.35,0.65,5,0,20.04
2713,T03,S4_CR2,S4,CR2,1,168.5,6.855,1.9,1.35,5.02,3,0,23.41
2714,T07,CR1_S1,CR1,S1,0,0.0,8.767,0.8,1.15,11.3,2,0,24.19
2715,T04,S3_CR2,S3,CR2,1,202.5,6.579,1.9,1.35,7.27,1,0,20.31
2716,T07,S2_CR1,S2,CR1,1,179.7,8.334,1.39,1.15,3.35,1,0,27.48
2717,T08,CR1_S5,CR1,S5,0,0.0,10.342,0.89,1.15,0.85,2,0,27.07
2718,T05,S3_CR2,S3,CR2,1,207.0,6.579,1.9,1.35,10.27,1,0,22.28
2719,T02,S6_CR2,S6,CR2,1,187.6,8.342,1.9,1.35,11.83,1,0,28.39
2720,T10,D1_S5,D1,S5,0,0.0,6.724,1.12,1.15,8.49,5,0,20.37
2721,T10,S2_CR1,S2,CR1,1,197.3,8.334,1.39,1.15,11.06,3,0,28.93
2722,T10,CR2_S4,CR2,S4,0,0.0,6.855,1.9,1.35,7.6,2,0,18.71
2723,T04,S3_CR1,S3,CR1,1,163.0,8.135,1.57,1.15,7.53,1,1,24.95
2724,T04,S3_D2,S3,D2,1,172.6,6.362,1.39,1.35,9.97,6,0,28.8
2725,T10,CR2_S6,CR2,S6,0,0.0,8.342,1.9,1.35,6.73,2,0,21.93
2726,T03,D2_S3,D2,S3,0,0.0,6.362,1.39,1.35,7.4,2,0,22.74
2727,T09,S4_CR2,S4,CR2,1,195.6,6.855,1.9,1.35,6.34,8,0,27.18
2728,T03,S1_CR1,S1,CR1,1,207.3,8.767,0.8,1.15,8.75,2,0,29.5
2729,T04,S6_CR2,S6,CR2,1,220.0,8.342,1.9,1.35,10.59,5,0,27.38
2730,T09,S3_D2,S3,D2,1,203.1,6.362,1.39,1.35,8.11,5,0,25.54
2731,T09,CR2_S3,CR2,S3,0,0.0,6.579,1.9,1.35,4.98,0,0,17.94
2732,T04,S4_D2,S4,D2,1,203.5,6.638,1.49,1.35,8.68,1,0,26.76
2733,T06,D1_S1,D1,S1,0,0.0,5.834,1.12,1.15,2.41,2,0,13.25
2734,T04,D1_S1,D1,S1,0,0.0,5.834,1.12,1.15,8.01,3,0,14.7
2735,T03,CR1_S5,CR1,S5,0,0.0,10.342,0.89,1.15,7.13,6,0,33.0
2736,T10,S1_CR1,S1,CR1,1,202.2,8.767,0.8,1.15,3.37,1,0,29.76
2737,T05,CR1_S3,CR1,S3,0,0.0,8.135,1.57,1.15,11.97,2,0,17.26
2738,T09,D2_S4,D2,S4,0,0.0,6.638,1.49,1.35,3.88,5,0,23.46
2739,T01,CR2_S4,CR2,S4,0,0.0,6.855,1.9,1.35,3.52,3,0,19.45
2740,T06,S3_D2,S3,D2,1,191.8,6.362,1.39,1.35,10.03,1,0,27.01
2741,T01,D1_S1,D1,S1,0,0.0,5.834,1.12,1.15,2.69,2,0,13.95
2742,T01,D1_S5,D1,S5,0,0.0,6.724,1.12,1.15,0.07,2,0,16.38
2743,T08,S5_D1,S5,D1,1,193.6,6.724,1.12,1.15,4.73,6,0,22.83
2744,T09,S3_CR1,S3,CR1,1,179.8,8.135,1.57,1.15,7.49,2,0,20.66
2745,T05,S3_D2,S3,D2,1,175.5,6.362,1.39,1.35,1.52,1,0,24.74
2746,T06,D2_S3,D2,S3,0,0.0,6.362,1.39,1.35,1.72,1,0,17.98
2747,T05,CR1_S5,CR1,S5,0,0.0,10.342,0.89,1.15,8.95,2,0,28.6
2748,T05,S4_CR2,S4,CR2,1,209.1,6.855,1.9,1.35,3.12,4,0,23.81
2749,T06,S1_CR1,S1,CR1,1,202.6,8.767,0.8,1.15,8.15,4,0,26.67
2750,T02,D2_S3,D2,S3,0,0.0,6.362,1.39,1.35,5.36,3,0,23.77
2751,T03,CR1_S1,CR1,S1,0,0.0,8.767,0.8,1.15,4.59,3,0,22.99
2752,T06,CR1_S5,CR1,S5,0,0.0,10.342,0.89,1.15,7.92,2,0,29.67
2753,T10,S6_CR2,S6,CR2,1,165.0,8.342,1.9,1.35,7.82,3,0,30.76
2754,T10,S5_D1,S5,D1,1,203.6,6.724,1.12,1.15,4.1,5,0,23.34
2755,T03,CR2_S3,CR2,S3,0,0.0,6.579,1.9,1.35,2.64,3,0,19.27
2756,T06,D1_S1,D1,S1,0,0.0,5.834,1.12,1.15,8.98,3,0,15.1
2757,T05,CR1_S3,CR1,S3,0,0.0,8.135,1.57,1.15,8.17,5,0,19.99
2758,T10,S4_D2,S4,D2,1,189.4,6.638,1.49,1.35,10.25,4,0,28.65
2759,T02,S2_CR1,S2,CR1,1,198.2,8.334,1.39,1.15,11.81,3,0,26.94
2760,T05,D1_S5,D1,S5,0,0.0,6.724,1.12,1.15,1.95,2,0,16.41
2761,T04,S1_CR1,S1,CR1,1,217.9,8.767,0.8,1.15,9.43,1,0,28.36
2762,T04,S3_CR2,S3,CR2,1,214.9,6.579,1.9,1.35,1.07,2,0,22.92
2763,T08,CR1_S1,CR1,S1,0,0.0,8.767,0.8,1.15,8.31,3,0,23.13
2764,T03,S5_D1,S5,D1,1,220.0,6.724,1.12,1.15,10.56,1,0,18.43
2765,T08,D1_S1,D1,S1,0,0.0,5.834,1.12,1.15,8.04,4,0,15.67
2766,T06,CR1_S2,CR1,S2,0,0.0,8.334,1.39,1.15,8.1,0,0,20.35
2767,T10,S5_CR1,S5,CR1,1,200.9,10.342,0.89,1.15,7.73,3,0,32.99
2768,T03,CR1_S5,CR1,S5,0,0.0,10.342,0.89,1.15,8.17,3,0,25.98
2769,T05,D2_S4,D2,S4,0,0.0,6.638,1.49,1.35,8.92,1,0,19.51
2770,T10,CR1_S5,CR1,S5,0,0.0,10.342,0.89,1.15,7.04,3,0,30.26
2771,T06,S3_CR2,S3,CR2,1,191.3,6.579,1.9,1.35,3.31,2,0,24.75
2772,T01,S5_CR1,S5,CR1,1,209.9,10.342,0.89,1.15,2.93,4,0,39.22
2773,T01,CR1_S3,CR1,S3,0,0.0,8.135,1.57,1.15,8.82,2,0,17.3
2774,T02,CR1_S1,CR1,S1,0,0.0,8.767,0.8,1.15,11.98,0,0,21.26
2775,T09,CR2_S4,CR2,S4,0,0.0,6.855,1.9,1.35,7.72,2,0,19.84
2776,T04,S1_D1,S1,D1,1,192.3,5.834,1.12,1.15,0.63,1,1,17.94
2777,T02,S3_D2,S3,D2,1,197.3,6.362,1.39,1.35,1.04,2,0,26.0
2778,T05,S3_D2,S3,D2,1,205.4,6.362,1.39,1.35,11.58,2,0,28.3
2779,T01,CR1_S1,CR1,S1,0,0.0,8.767,0.8,1.15,1.17,3,0,22.91
2780,T07,S1_CR1,S1,CR1,1,185.8,8.767,0.8,1.15,1.16,3,0,31.99
2781,T02,CR2_S6,CR2,S6,0,0.0,8.342,1.9,1.35,4.07,4,0,26.53
2782,T08,CR2_S4,CR2,S4,0,0.0,6.855,1.9,1.35,5.44,6,0,19.51
2783,T02,D1_S5,D1,S5,0,0.0,6.724,1.12,1.15,3.06,4,0,14.85
2784,T04,D1_S1,D1,S1,0,0.0,5.834,1.12,1.15,10.0,2,0,13.6
2785,T10,S3_CR1,S3,CR1,1,191.2,8.135,1.57,1.15,11.89,1,0,22.16
2786,T07,CR1_S5,CR1,S5,0,0.0,10.342,0.89,1.15,0.24,3,0,28.95
2787,T05,CR1_S3,CR1,S3,0,0.0,8.135,1.57,1.15,4.38,4,0,19.14
2788,T09,S4_CR2,S4,CR2,1,205.3,6.855,1.9,1.35,0.53,2,0,25.81
2789,T09,CR2_S3,CR2,S3,0,0.0,6.579,1.9,1.35,1.94,2,0,20.14
2790,T05,CR1_S2,CR1,S2,0,0.0,8.334,1.39,1.15,0.03,1,0,20.94
2791,T06,S6_CR2,S6,CR2,1,205.5,8.342,1.9,1.35,5.63,5,0,27.59
2792,T06,S5_D1,S5,D1,1,212.6,6.724,1.12,1.15,6.71,3,0,19.54
2793,T03,CR1_S3,CR1,S3,0,0.0,8.135,1.57,1.15,3.26,3,0,17.1
2794,T01,CR2_S4,CR2,S4,0,0.0,6.855,1.9,1.35,5.33,4,0,19.04
2795,T09,D2_S3,D2,S3,0,0.0,6.362,1.39,1.35,10.77,2,1,33.19
2796,T07,S1_CR1,S1,CR1,1,180.1,8.767,0.8,1.15,0.26,1,0,27.13
2797,T04,S3_D2,S3,D2,1,177.8,6.362,1.39,1.35,11.11,4,0,30.32
2798,T01,S5_D1,S5,D1,1,180.0,6.724,1.12,1.15,5.97,5,0,23.69
2799,T06,S5_CR1,S5,CR1,1,205.6,10.342,0.89,1.15,4.04,4,0,32.1
2800,T06,S2_CR1,S2,CR1,1,200.4,8.334,1.39,1.15,8.36,0,0,24.06
2801,T01,CR2_S3,CR2,S3,0,0.0,6.579,1.9,1.35,3.64,3,0,20.03
2802,T07,CR2_S4,CR2,S4,0,0.0,6.855,1.9,1.35,0.8,3,0,20.53
2803,T07,CR2_S4,CR2,S4,0,0.0,6.855,1.9,1.35,9.2,1,0,18.19
2804,T05,CR2_S4,CR2,S4,0,0.0,6.855,1.9,1.35,5.83,5,0,21.14
2805,T04,D2_S4,D2,S4,0,0.0,6.638,1.49,1.35,1.49,1,0,22.78
2806,T02,S1_D1,S1,D1,1,201.4,5.834,1.12,1.15,9.92,2,0,16.3
2807,T06,S3_CR1,S3,CR1,1,218.0,8.135,1.57,1.15,8.72,1,0,22.68
2808,T07,S4_CR2,S4,CR2,1,179.4,6.855,1.9,1.35,1.49,2,0,21.71
2809,T05,D2_S4,D2,S4,0,0.0,6.638,1.49,1.35,10.81,2,0,20.58
2810,T08,S4_CR2,S4,CR2,1,175.4,6.855,1.9,1.35,0.13,1,0,22.5
2811,T03,S2_CR1,S2,CR1,1,217.9,8.334,1.39,1.15,9.62,4,1,37.63
2812,T05,S1_CR1,S1,CR1,1,169.4,8.767,0.8,1.15,2.81,0,0,26.56
2813,T08,S1_CR1,S1,CR1,1,183.3,8.767,0.8,1.15,11.9,1,0,30.24
2814,T03,CR2_S4,CR2,S4,0,0.0,6.855,1.9,1.35,3.61,8,0,24.74
2815,T04,S3_D2,S3,D2,1,219.5,6.362,1.39,1.35,7.0,2,0,26.87
2816,T02,S3_D2,S3,D2,1,212.5,6.362,1.39,1.35,8.9,4,0,29.03
2817,T04,D1_S1,D1,S1,0,0.0,5.834,1.12,1.15,0.16,4,0,15.36
2818,T01,S1_CR1,S1,CR1,1,180.7,8.767,0.8,1.15,9.43,3,0,27.55
2819,T09,S3_CR1,S3,CR1,1,182.8,8.135,1.57,1.15,5.5,2,0,21.69
2820,T04,CR2_S3,CR2,S3,0,0.0,6.579,1.9,1.35,9.06,1,0,18.75
2821,T10,D1_S1,D1,S1,0,0.0,5.834,1.12,1.15,9.19,3,0,14.01
2822,T07,S1_CR1,S1,CR1,1,189.4,8.767,0.8,1.15,2.68,2,0,28.58
2823,T04,CR2_S4,CR2,S4,0,0.0,6.855,1.9,1.35,7.43,2,0,19.91
2824,T01,CR2_S3,CR2,S3,0,0.0,6.579,1.9,1.35,10.69,3,0,19.21
2825,T04,CR1_S3,CR1,S3,0,0.0,8.135,1.57,1.15,3.95,2,0,18.03
2826,T05,S4_D2,S4,D2,1,218.3,6.638,1.49,1.35,6.44,3,0,25.81
2827,T08,CR1_S3,CR1,S3,0,0.0,8.135,1.57,1.15,3.08,1,0,18.79
2828,T06,CR2_S6,CR2,S6,0,0.0,8.342,1.9,1.35,11.4,4,0,22.95
2829,T01,CR1_S1,CR1,S1,0,0.0,8.767,0.8,1.15,11.73,0,0,21.32
2830,T08,S1_D1,S1,D1,1,198.6,5.834,1.12,1.15,10.27,1,0,13.27
2831,T02,CR1_S5,CR1,S5,0,0.0,10.342,0.89,1.15,9.66,1,0,28.21
2832,T07,CR1_S2,CR1,S2,0,0.0,8.334,1.39,1.15,5.13,3,0,22.07
2833,T09,CR2_S6,CR2,S6,0,0.0,8.342,1.9,1.35,5.98,3,0,23.2
2834,T07,S1_D1,S1,D1,1,209.4,5.834,1.12,1.15,4.59,0,0,14.85
2835,T05,D2_S4,D2,S4,0,0.0,6.638,1.49,1.35,2.54,2,0,20.51
2836,T04,CR2_S4,CR2,S4,0,0.0,6.855,1.9,1.35,2.83,0,0,17.0
2837,T09,S1_D1,S1,D1,1,192.6,5.834,1.12,1.15,0.75,1,0,15.14
2838,T08,CR2_S6,CR2,S6,0,0.0,8.342,1.9,1.35,5.14,4,0,23.28
2839,T09,D2_S4,D2,S4,0,0.0,6.638,1.49,1.35,4.79,2,0,21.18
2840,T02,CR1_S3,CR1,S3,0,0.0,8.135,1.57,1.15,0.73,3,0,16.08
2841,T06,S3_CR1,S3,CR1,1,189.9,8.135,1.57,1.15,10.98,2,0,21.63
2842,T07,CR1_S3,CR1,S3,0,0.0,8.135,1.57,1.15,11.56,2,0,17.79
2843,T04,S2_CR1,S2,CR1,1,194.3,8.334,1.39,1.15,10.93,8,0,34.52
2844,T07,CR1_S1,CR1,S1,0,0.0,8.767,0.8,1.15,3.53,1,0,21.55
2845,T04,S1_D1,S1,D1,1,197.5,5.834,1.12,1.15,9.01,3,0,17.69
2846,T08,S3_D2,S3,D2,1,181.2,6.362,1.39,1.35,5.37,1,0,24.72
2847,T03,CR2_S3,CR2,S3,0,0.0,6.579,1.9,1.35,5.98,6,0,20.33
2848,T02,S3_D2,S3,D2,1,187.4,6.362,1.39,1.35,9.81,5,0,30.05
2849,T03,D1_S1,D1,S1,0,0.0,5.834,1.12,1.15,11.2,2,0,12.49
2850,T02,CR1_S5,CR1,S5,0,0.0,10.342,0.89,1.15,3.03,0,0,24.89
2851,T05,S6_CR2,S6,CR2,1,185.4,8.342,1.9,1.35,11.72,1,0,24.59
2852,T02,CR1_S1,CR1,S1,0,0.0,8.767,0.8,1.15,4.52,7,0,28.93
2853,T06,CR2_S4,CR2,S4,0,0.0,6.855,1.9,1.35,11.42,2,0,20.47
2854,T01,S3_CR2,S3,CR2,1,212.7,6.579,1.9,1.35,0.75,3,0,25.27
2855,T08,S3_CR2,S3,CR2,1,188.9,6.579,1.9,1.35,2.92,2,0,21.5
2856,T02,S3_CR1,S3,CR1,1,179.7,8.135,1.57,1.15,11.04,2,0,22.97
2857,T05,CR2_S4,CR2,S4,0,0.0,6.855,1.9,1.35,7.22,6,0,21.88
2858,T09,S5_D1,S5,D1,1,176.0,6.724,1.12,1.15,9.37,3,0,20.81
2859,T05,S1_CR1,S1,CR1,1,214.3,8.767,0.8,1.15,9.8,2,0,29.73
2860,T03,S4_D2,S4,D2,1,192.8,6.638,1.49,1.35,2.17,3,0,24.66
2861,T08,CR2_S3,CR2,S3,0,0.0,6.579,1.9,1.35,2.04,0,1,23.09
2862,T07,CR1_S1,CR1,S1,0,0.0,8.767,0.8,1.15,8.67,3,0,25.12
2863,T09,CR1_S3,CR1,S3,0,0.0,8.135,1.57,1.15,3.91,2,0,17.25
2864,T02,S5_D1,S5,D1,1,199.8,6.724,1.12,1.15,4.58,2,0,20.15
2865,T03,S3_CR2,S3,CR2,1,191.1,6.579,1.9,1.35,8.88,2,0,25.01
2866,T02,S3_CR1,S3,CR1,1,216.8,8.135,1.57,1.15,10.66,4,1,27.95
2867,T05,CR1_S3,CR1,S3,0,0.0,8.135,1.57,1.15,9.52,2,0,18.2
2868,T08,S5_CR1,S5,CR1,1,174.0,10.342,0.89,1.15,5.43,3,0,34.35
2869,T09,S2_CR1,S2,CR1,1,187.9,8.334,1.39,1.15,8.96,0,0,27.49
2870,T05,D1_S1,D1,S1,0,0.0,5.834,1.12,1.15,7.52,3,0,13.16
2871,T09,S3_CR2,S3,CR2,1,169.3,6.579,1.9,1.35,7.97,1,0,24.2
2872,T08,S3_CR1,S3,CR1,1,199.8,8.135,1.57,1.15,5.73,0,0,18.69
2873,T04,S3_CR1,S3,CR1,1,182.5,8.135,1.57,1.15,1.91,2,0,20.64
2874,T02,D1_S1,D1,S1,0,0.0,5.834,1.12,1.15,8.01,0,0,12.36
2875,T02,CR1_S2,CR1,S2,0,0.0,8.334,1.39,1.15,11.65,1,0,20.73
2876,T06,S4_D2,S4,D2,1,179.5,6.638,1.49,1.35,8.42,2,0,23.52
2877,T09,S5_D1,S5,D1,1,180.4,6.724,1.12,1.15,1.53,4,0,24.47
2878,T04,S3_CR1,S3,CR1,1,195.9,8.135,1.57,1.15,2.58,2,0,20.48
2879,T01,D2_S4,D2,S4,0,0.0,6.638,1.49,1.35,10.07,2,0,22.53
2880,T06,D1_S5,D1,S5,0,0.0,6.724,1.12,1.15,7.23,0,0,14.42
2881,T10,S4_D2,S4,D2,1,189.8,6.638,1.49,1.35,0.52,4,0,27.03
2882,T05,S1_CR1,S1,CR1,1,212.3,8.767,0.8,1.15,8.39,4,0,31.29
2883,T09,D1_S5,D1,S5,0,0.0,6.724,1.12,1.15,2.92,0,0,17.25
2884,T08,CR1_S5,CR1,S5,0,0.0,10.342,0.89,1.15,9.12,4,0,28.05
2885,T07,S1_D1,S1,D1,1,188.7,5.834,1.12,1.15,6.01,3,0,18.54
2886,T02,D1_S1,D1,S1,0,0.0,5.834,1.12,1.15,10.97,2,0,12.91
2887,T07,S2_CR1,S2,CR1,1,184.2,8.334,1.39,1.15,8.33,2,0,29.09
2888,T04,CR1_S1,CR1,S1,0,0.0,8.767,0.8,1.15,2.65,3,0,22.64
2889,T09,S1_CR1,S1,CR1,1,178.8,8.767,0.8,1.15,3.57,2,0,29.0
2890,T05,CR2_S3,CR2,S3,0,0.0,6.579,1.9,1.35,11.74,2,0,19.27
2891,T03,CR2_S3,CR2,S3,0,0.0,6.579,1.9,1.35,4.27,3,0,19.11
2892,T01,D2_S4,D2,S4,0,0.0,6.638,1.49,1.35,0.71,2,0,23.0
2893,T10,S5_D1,S5,D1,1,206.6,6.724,1.12,1.15,9.39,5,0,23.36
2894,T08,S2_CR1,S2,CR1,1,203.9,8.334,1.39,1.15,8.91,3,0,32.68
2895,T06,CR1_S2,CR1,S2,0,0.0,8.334,1.39,1.15,7.89,4,0,26.17
2896,T04,CR1_S3,CR1,S3,0,0.0,8.135,1.57,1.15,12.0,1,0,14.11
2897,T09,S3_D2,S3,D2,1,184.9,6.362,1.39,1.35,6.82,6,0,29.63
2898,T06,CR1_S1,CR1,S1,0,0.0,8.767,0.8,1.15,0.62,1,0,22.31
2899,T02,CR1_S3,CR1,S3,0,0.0,8.135,1.57,1.15,0.66,1,0,15.53
2900,T03,D2_S4,D2,S4,0,0.0,6.638,1.49,1.35,5.02,4,0,24.65
2901,T03,CR1_S5,CR1,S5,0,0.0,10.342,0.89,1.15,2.56,1,0,29.54
2902,T04,S3_CR2,S3,CR2,1,181.4,6.579,1.9,1.35,11.36,1,0,18.75
2903,T02,CR1_S5,CR1,S5,0,0.0,10.342,0.89,1.15,7.22,8,0,34.34
2904,T07,CR1_S3,CR1,S3,0,0.0,8.135,1.57,1.15,0.17,3,0,18.15
2905,T07,CR1_S1,CR1,S1,0,0.0,8.767,0.8,1.15,4.19,3,0,22.57
2906,T07,S1_D1,S1,D1,1,220.0,5.834,1.12,1.15,3.29,2,0,17.18
2907,T03,S3_CR2,S3,CR2,1,194.6,6.579,1.9,1.35,0.89,1,0,24.29
2908,T09,S5_D1,S5,D1,1,191.4,6.724,1.12,1.15,7.16,1,0,21.39
2909,T05,D1_S1,D1,S1,0,0.0,5.834,1.12,1.15,3.71,2,0,12.94
2910,T02,D1_S1,D1,S1,0,0.0,5.834,1.12,1.15,1.31,2,0,12.79
2911,T07,CR2_S4,CR2,S4,0,0.0,6.855,1.9,1.35,0.0,3,0,18.11
2912,T10,CR2_S6,CR2,S6,0,0.0,8.342,1.9,1.35,5.56,4,0,26.31
2913,T08,S4_D2,S4,D2,1,198.5,6.638,1.49,1.35,3.49,1,0,24.87
2914,T03,CR1_S3,CR1,S3,0,0.0,8.135,1.57,1.15,11.93,3,0,17.74
2915,T10,CR1_S3,CR1,S3,0,0.0,8.135,1.57,1.15,5.21,3,0,19.78
2916,T10,S4_CR2,S4,CR2,1,190.8,6.855,1.9,1.35,0.89,2,0,24.08
2917,T05,S4_D2,S4,D2,1,174.4,6.638,1.49,1.35,7.97,3,0,29.98
2918,T01,S3_CR2,S3,CR2,1,203.1,6.579,1.9,1.35,9.65,1,0,20.81
2919,T04,D1_S5,D1,S5,0,0.0,6.724,1.12,1.15,9.9,0,0,13.91
2920,T07,S6_CR2,S6,CR2,1,190.5,8.342,1.9,1.35,0.43,2,0,27.1
2921,T04,S6_CR2,S6,CR2,1,149.2,8.342,1.9,1.35,11.96,4,0,29.52
2922,T03,S6_CR2,S6,CR2,1,181.2,8.342,1.9,1.35,7.87,3,0,29.94
2923,T08,S2_CR1,S2,CR1,1,184.6,8.334,1.39,1.15,9.93,5,0,31.51
2924,T09,S3_D2,S3,D2,1,205.6,6.362,1.39,1.35,2.29,1,0,26.05
2925,T08,S5_CR1,S5,CR1,1,180.3,10.342,0.89,1.15,3.18,2,0,36.25
2926,T08,S1_CR1,S1,CR1,1,208.5,8.767,0.8,1.15,2.8,4,0,32.08
2927,T02,S3_CR1,S3,CR1,1,205.3,8.135,1.57,1.15,0.0,2,0,21.59
2928,T06,D1_S1,D1,S1,0,0.0,5.834,1.12,1.15,5.43,3,0,15.26
2929,T04,S3_D2,S3,D2,1,191.8,6.362,1.39,1.35,4.23,4,0,29.41
2930,T03,S3_CR1,S3,CR1,1,220.0,8.135,1.57,1.15,7.23,8,0,26.71
2931,T07,S4_CR2,S4,CR2,1,201.5,6.855,1.9,1.35,4.54,3,0,25.06
2932,T10,D2_S3,D2,S3,0,0.0,6.362,1.39,1.35,9.43,2,0,21.94
2933,T09,S5_D1,S5,D1,1,191.0,6.724,1.12,1.15,2.22,2,0,22.7
2934,T04,CR1_S1,CR1,S1,0,0.0,8.767,0.8,1.15,1.83,3,0,22.56
2935,T07,S1_CR1,S1,CR1,1,218.9,8.767,0.8,1.15,1.28,2,0,26.77
2936,T08,S3_CR2,S3,CR2,1,204.3,6.579,1.9,1.35,11.0,3,1,31.37
2937,T03,S1_D1,S1,D1,1,188.1,5.834,1.12,1.15,9.63,3,0,17.78
2938,T01,D2_S4,D2,S4,0,0.0,6.638,1.49,1.35,6.57,5,0,23.81
2939,T04,S1_D1,S1,D1,1,151.4,5.834,1.12,1.15,6.63,2,1,22.44
2940,T07,S3_CR1,S3,CR1,1,206.6,8.135,1.57,1.15,6.7,4,0,23.35
2941,T05,S1_CR1,S1,CR1,1,202.3,8.767,0.8,1.15,0.72,1,0,29.1
2942,T09,CR1_S5,CR1,S5,0,0.0,10.342,0.89,1.15,7.8,8,0,36.05
2943,T01,D2_S4,D2,S4,0,0.0,6.638,1.49,1.35,5.9,4,0,25.28
2944,T03,S6_CR2,S6,CR2,1,201.3,8.342,1.9,1.35,2.52,4,0,28.72
2945,T09,S4_D2,S4,D2,1,179.6,6.638,1.49,1.35,7.62,5,0,26.39
2946,T09,CR2_S6,CR2,S6,0,0.0,8.342,1.9,1.35,10.59,2,0,23.98
2947,T06,S1_D1,S1,D1,1,211.1,5.834,1.12,1.15,8.37,0,0,15.27
2948,T01,D2_S3,D2,S3,0,0.0,6.362,1.39,1.35,3.07,1,0,21.11
2949,T01,S6_CR2,S6,CR2,1,220.0,8.342,1.9,1.35,1.03,1,0,24.91
2950,T03,CR1_S1,CR1,S1,0,0.0,8.767,0.8,1.15,6.48,5,0,28.36
2951,T03,S3_D2,S3,D2,1,215.1,6.362,1.39,1.35,1.55,2,1,35.08
2952,T06,CR2_S6,CR2,S6,0,0.0,8.342,1.9,1.35,2.79,3,0,22.36
2953,T04,CR2_S6,CR2,S6,0,0.0,8.342,1.9,1.35,7.01,2,0,20.32
2954,T07,D2_S3,D2,S3,0,0.0,6.362,1.39,1.35,2.6,2,1,24.71
2955,T07,S1_CR1,S1,CR1,1,191.7,8.767,0.8,1.15,8.05,1,0,30.94
2956,T06,S3_CR1,S3,CR1,1,186.0,8.135,1.57,1.15,5.96,1,0,21.13
2957,T06,S1_CR1,S1,CR1,1,180.2,8.767,0.8,1.15,5.09,1,0,27.58
2958,T01,S5_D1,S5,D1,1,192.6,6.724,1.12,1.15,10.89,1,0,18.75
2959,T02,D2_S3,D2,S3,0,0.0,6.362,1.39,1.35,7.22,3,0,20.56
2960,T03,CR2_S6,CR2,S6,0,0.0,8.342,1.9,1.35,7.73,4,0,23.98
2961,T10,CR2_S3,CR2,S3,0,0.0,6.579,1.9,1.35,11.83,2,0,19.27
2962,T05,S1_CR1,S1,CR1,1,188.3,8.767,0.8,1.15,5.58,2,0,27.15
2963,T02,S1_CR1,S1,CR1,1,194.7,8.767,0.8,1.15,3.86,4,0,30.71
2964,T02,D1_S1,D1,S1,0,0.0,5.834,1.12,1.15,3.24,3,0,14.6
2965,T03,D1_S1,D1,S1,0,0.0,5.834,1.12,1.15,3.94,6,0,15.34
2966,T09,S5_D1,S5,D1,1,195.9,6.724,1.12,1.15,10.99,2,0,19.85
2967,T10,S6_CR2,S6,CR2,1,199.2,8.342,1.9,1.35,2.26,4,0,31.34
2968,T09,S2_CR1,S2,CR1,1,200.0,8.334,1.39,1.15,8.49,3,1,30.03
2969,T06,S4_CR2,S4,CR2,1,179.5,6.855,1.9,1.35,0.53,2,0,22.82
2970,T09,S3_CR2,S3,CR2,1,195.9,6.579,1.9,1.35,10.74,5,0,22.6
2971,T05,S5_D1,S5,D1,1,197.0,6.724,1.12,1.15,2.84,1,0,22.59
2972,T05,S5_CR1,S5,CR1,1,171.8,10.342,0.89,1.15,5.17,5,0,35.76
2973,T08,CR1_S5,CR1,S5,0,0.0,10.342,0.89,1.15,4.85,4,0,26.21
2974,T01,CR1_S5,CR1,S5,0,0.0,10.342,0.89,1.15,4.04,1,0,27.24
2975,T01,S2_CR1,S2,CR1,1,206.9,8.334,1.39,1.15,6.44,5,0,31.29
2976,T06,D2_S3,D2,S3,0,0.0,6.362,1.39,1.35,3.84,2,0,23.65
2977,T09,CR2_S3,CR2,S3,0,0.0,6.579,1.9,1.35,0.21,0,0,17.94
2978,T05,CR2_S3,CR2,S3,0,0.0,6.579,1.9,1.35,3.62,5,0,21.56
2979,T10,S3_CR1,S3,CR1,1,203.4,8.135,1.57,1.15,1.13,2,0,23.47
2980,T05,CR2_S3,CR2,S3,0,0.0,6.579,1.9,1.35,8.36,3,0,19.67
2981,T04,CR1_S2,CR1,S2,0,0.0,8.334,1.39,1.15,10.23,3,0,23.46
2982,T06,CR1_S5,CR1,S5,0,0.0,10.342,0.89,1.15,1.33,0,0,25.01
2983,T04,S3_CR1,S3,CR1,1,215.0,8.135,1.57,1.15,6.35,4,0,23.68
2984,T07,S1_CR1,S1,CR1,1,179.8,8.767,0.8,1.15,1.76,1,0,26.85
2985,T08,S5_D1,S5,D1,1,197.4,6.724,1.12,1.15,7.49,2,0,21.51
2986,T05,S6_CR2,S6,CR2,1,182.3,8.342,1.9,1.35,6.78,4,0,27.54
2987,T03,CR1_S5,CR1,S5,0,0.0,10.342,0.89,1.15,9.22,4,1,34.89
2988,T07,D1_S1,D1,S1,0,0.0,5.834,1.12,1.15,1.79,2,0,13.02
2989,T01,D2_S3,D2,S3,0,0.0,6.362,1.39,1.35,2.59,4,0,23.89
2990,T06,S1_CR1,S1,CR1,1,202.0,8.767,0.8,1.15,6.67,1,0,27.79
2991,T10,S4_D2,S4,D2,1,218.3,6.638,1.49,1.35,0.44,2,0,27.48
2992,T01,S4_D2,S4,D2,1,169.5,6.638,1.49,1.35,5.04,2,0,30.27
2993,T09,D2_S3,D2,S3,0,0.0,6.362,1.39,1.35,6.02,3,0,22.3
2994,T04,CR2_S3,CR2,S3,0,0.0,6.579,1.9,1.35,3.79,6,0,23.97
2995,T06,S3_CR2,S3,CR2,1,206.9,6.579,1.9,1.35,10.1,2,1,29.18
2996,T03,S4_CR2,S4,CR2,1,198.9,6.855,1.9,1.35,6.64,6,0,25.55
2997,T03,S3_D2,S3,D2,1,186.8,6.362,1.39,1.35,3.4,2,0,24.37
2998,T01,D2_S3,D2,S3,0,0.0,6.362,1.39,1.35,8.55,0,0,21.39
2999,T07,S3_D2,S3,D2,1,207.3,6.362,1.39,1.35,1.89,2,0,27.61
3000,T03,S1_D1,S1,D1,1,177.5,5.834,1.12,1.15,2.64,1,0,16.14
3001,T01,D1_S5,D1,S5,0,0.0,6.724,1.12,1.15,10.0,1,0,16.03
3002,T09,D2_S4,D2,S4,0,0.0,6.638,1.49,1.35,0.7,0,0,20.42
3003,T05,D2_S4,D2,S4,0,0.0,6.638,1.49,1.35,11.22,2,0,21.6
3004,T06,S3_CR1,S3,CR1,1,187.3,8.135,1.57,1.15,1.01,1,0,19.45
3005,T08,D2_S4,D2,S4,0,0.0,6.638,1.49,1.35,11.0,0,0,21.87
3006,T02,D2_S4,D2,S4,0,0.0,6.638,1.49,1.35,4.47,2,0,21.86
3007,T07,S1_CR1,S1,CR1,1,205.3,8.767,0.8,1.15,8.47,1,0,29.11
3008,T09,S3_D2,S3,D2,1,203.6,6.362,1.39,1.35,11.2,1,0,27.25
3009,T07,D2_S4,D2,S4,0,0.0,6.638,1.49,1.35,2.06,2,0,22.02
3010,T02,CR2_S3,CR2,S3,0,0.0,6.579,1.9,1.35,11.99,6,0,23.84
3011,T03,S4_D2,S4,D2,1,200.3,6.638,1.49,1.35,7.08,3,0,26.19
3012,T03,S1_CR1,S1,CR1,1,180.4,8.767,0.8,1.15,10.19,2,0,31.3
3013,T04,S2_CR1,S2,CR1,1,198.0,8.334,1.39,1.15,9.89,0,0,26.81
3014,T09,S4_CR2,S4,CR2,1,191.2,6.855,1.9,1.35,6.34,1,0,25.52
3015,T05,S4_CR2,S4,CR2,1,193.0,6.855,1.9,1.35,4.15,3,0,24.5
3016,T03,S4_D2,S4,D2,1,220.0,6.638,1.49,1.35,8.1,3,0,31.21
3017,T02,S3_D2,S3,D2,1,203.8,6.362,1.39,1.35,5.53,4,0,28.85
3018,T05,D1_S1,D1,S1,0,0.0,5.834,1.12,1.15,0.33,5,0,15.03
3019,T07,D2_S3,D2,S3,0,0.0,6.362,1.39,1.35,0.31,3,0,21.96
3020,T02,S3_CR1,S3,CR1,1,187.9,8.135,1.57,1.15,2.97,3,0,21.79
3021,T10,S3_CR1,S3,CR1,1,208.5,8.135,1.57,1.15,7.39,5,0,23.61
3022,T08,S2_CR1,S2,CR1,1,171.0,8.334,1.39,1.15,2.32,1,0,23.34
3023,T10,CR1_S3,CR1,S3,0,0.0,8.135,1.57,1.15,3.63,2,0,17.66
3024,T05,CR2_S6,CR2,S6,0,0.0,8.342,1.9,1.35,7.88,2,0,21.99
3025,T01,CR1_S1,CR1,S1,0,0.0,8.767,0.8,1.15,2.42,4,0,22.06
3026,T05,S6_CR2,S6,CR2,1,160.9,8.342,1.9,1.35,11.88,4,0,29.5
3027,T08,D1_S1,D1,S1,0,0.0,5.834,1.12,1.15,8.31,3,0,13.09
3028,T06,S4_CR2,S4,CR2,1,190.1,6.855,1.9,1.35,9.01,0,0,20.94
3029,T08,CR2_S6,CR2,S6,0,0.0,8.342,1.9,1.35,7.61,3,0,22.49
3030,T05,CR1_S2,CR1,S2,0,0.0,8.334,1.39,1.15,0.07,1,0,22.05
3031,T03,D2_S4,D2,S4,0,0.0,6.638,1.49,1.35,8.84,3,0,21.56
3032,T03,S4_D2,S4,D2,1,190.7,6.638,1.49,1.35,11.76,1,0,28.21
3033,T05,D1_S1,D1,S1,0,0.0,5.834,1.12,1.15,3.42,1,0,12.17
3034,T09,CR2_S4,CR2,S4,0,0.0,6.855,1.9,1.35,10.94,0,0,18.15
3035,T01,S3_CR2,S3,CR2,1,200.5,6.579,1.9,1.35,8.47,1,0,20.97
3036,T08,CR1_S3,CR1,S3,0,0.0,8.135,1.57,1.15,3.26,1,0,18.77
3037,T02,CR1_S3,CR1,S3,0,0.0,8.135,1.57,1.15,3.59,2,0,20.33
3038,T10,S2_CR1,S2,CR1,1,215.9,8.334,1.39,1.15,6.8,5,0,30.48
3039,T10,CR2_S4,CR2,S4,0,0.0,6.855,1.9,1.35,9.93,2,0,17.34
3040,T08,S4_D2,S4,D2,1,217.5,6.638,1.49,1.35,3.65,2,0,29.44
3041,T03,D2_S4,D2,S4,0,0.0,6.638,1.49,1.35,6.9,3,0,22.64
3042,T05,S5_CR1,S5,CR1,1,186.7,10.342,0.89,1.15,11.22,1,0,34.58
3043,T06,S1_CR1,S1,CR1,1,203.7,8.767,0.8,1.15,3.84,1,0,27.54
3044,T03,S6_CR2,S6,CR2,1,220.0,8.342,1.9,1.35,2.23,1,0,24.33
3045,T01,S4_D2,S4,D2,1,190.9,6.638,1.49,1.35,5.77,5,0,31.02
3046,T09,D1_S5,D1,S5,0,0.0,6.724,1.12,1.15,8.37,3,0,19.37
3047,T10,S3_D2,S3,D2,1,184.8,6.362,1.39,1.35,5.34,5,0,29.37
3048,T02,S5_CR1,S5,CR1,1,194.9,10.342,0.89,1.15,2.32,2,0,33.31
3049,T06,S1_D1,S1,D1,1,195.1,5.834,1.12,1.15,6.21,5,0,19.9
3050,T07,S3_CR2,S3,CR2,1,195.5,6.579,1.9,1.35,3.91,2,0,24.68
3051,T04,CR1_S2,CR1,S2,0,0.0,8.334,1.39,1.15,9.42,0,0,19.38
3052,T10,CR1_S3,CR1,S3,0,0.0,8.135,1.57,1.15,4.95,1,0,18.57
3053,T07,D1_S5,D1,S5,0,0.0,6.724,1.12,1.15,0.26,2,0,16.33
3054,T06,CR1_S3,CR1,S3,0,0.0,8.135,1.57,1.15,5.71,1,0,15.26
3055,T10,S4_CR2,S4,CR2,1,208.8,6.855,1.9,1.35,10.17,3,0,24.42
3056,T03,S4_D2,S4,D2,1,193.2,6.638,1.49,1.35,7.98,4,0,28.91
3057,T04,D2_S3,D2,S3,0,0.0,6.362,1.39,1.35,4.11,3,0,21.47
3058,T08,CR2_S4,CR2,S4,0,0.0,6.855,1.9,1.35,1.27,0,1,20.11
3059,T09,S1_CR1,S1,CR1,1,190.5,8.767,0.8,1.15,10.98,1,0,26.94
3060,T08,S4_D2,S4,D2,1,167.1,6.638,1.49,1.35,8.74,1,0,25.0
3061,T04,S1_CR1,S1,CR1,1,206.8,8.767,0.8,1.15,5.99,4,0,29.83
3062,T08,CR1_S2,CR1,S2,0,0.0,8.334,1.39,1.15,11.39,3,0,22.82
3063,T08,D2_S4,D2,S4,0,0.0,6.638,1.49,1.35,4.94,3,0,23.61
3064,T04,CR1_S1,CR1,S1,0,0.0,8.767,0.8,1.15,7.57,5,1,33.26
3065,T10,D1_S1,D1,S1,0,0.0,5.834,1.12,1.15,4.68,1,0,13.07
3066,T03,CR1_S3,CR1,S3,0,0.0,8.135,1.57,1.15,5.48,8,0,21.53
3067,T01,CR1_S2,CR1,S2,0,0.0,8.334,1.39,1.15,7.72,4,1,27.31
3068,T03,D2_S3,D2,S3,0,0.0,6.362,1.39,1.35,3.17,0,0,21.29
3069,T09,CR2_S3,CR2,S3,0,0.0,6.579,1.9,1.35,1.4,3,0,20.49
3070,T05,CR1_S5,CR1,S5,0,0.0,10.342,0.89,1.15,11.49,1,0,30.15
3071,T10,D1_S5,D1,S5,0,0.0,6.724,1.12,1.15,3.34,1,0,14.16
3072,T04,S5_D1,S5,D1,1,198.7,6.724,1.12,1.15,9.08,2,0,20.21
3073,T09,S1_D1,S1,D1,1,206.7,5.834,1.12,1.15,8.18,2,0,15.32
3074,T03,S6_CR2,S6,CR2,1,195.5,8.342,1.9,1.35,5.36,3,0,26.93
3075,T09,S4_CR2,S4,CR2,1,199.5,6.855,1.9,1.35,11.84,5,0,27.13
3076,T04,CR1_S5,CR1,S5,0,0.0,10.342,0.89,1.15,9.97,1,0,28.82
3077,T10,S6_CR2,S6,CR2,1,184.0,8.342,1.9,1.35,9.64,2,0,24.71
3078,T10,CR1_S2,CR1,S2,0,0.0,8.334,1.39,1.15,8.08,6,0,26.74
3079,T02,S5_CR1,S5,CR1,1,220.0,10.342,0.89,1.15,4.1,3,0,35.43
3080,T09,S3_D2,S3,D2,1,179.9,6.362,1.39,1.35,8.34,2,0,28.63
3081,T04,CR2_S6,CR2,S6,0,0.0,8.342,1.9,1.35,4.78,2,0,21.92
3082,T07,CR2_S6,CR2,S6,0,0.0,8.342,1.9,1.35,2.81,3,0,20.41
3083,T07,CR1_S2,CR1,S2,0,0.0,8.334,1.39,1.15,0.22,2,0,22.74
3084,T01,CR1_S3,CR1,S3,0,0.0,8.135,1.57,1.15,5.19,3,0,18.83
3085,T04,S1_D1,S1,D1,1,186.4,5.834,1.12,1.15,11.77,4,0,16.84
3086,T01,S5_D1,S5,D1,1,204.7,6.724,1.12,1.15,2.73,1,0,19.4
3087,T08,S2_CR1,S2,CR1,1,191.2,8.334,1.39,1.15,6.67,2,0,25.08
3088,T01,D2_S3,D2,S3,0,0.0,6.362,1.39,1.35,6.16,4,0,24.5
3089,T07,CR2_S4,CR2,S4,0,0.0,6.855,1.9,1.35,7.71,1,0,18.85
3090,T05,S5_D1,S5,D1,1,189.6,6.724,1.12,1.15,5.92,3,1,22.53
3091,T07,D2_S4,D2,S4,0,0.0,6.638,1.49,1.35,5.11,4,0,23.58
3092,T07,S4_D2,S4,D2,1,201.2,6.638,1.49,1.35,8.04,6,0,31.15
3093,T01,CR2_S4,CR2,S4,0,0.0,6.855,1.9,1.35,5.21,6,0,19.6
3094,T08,CR2_S4,CR2,S4,0,0.0,6.855,1.9,1.35,0.07,1,0,17.31
3095,T06,D2_S3,D2,S3,0,0.0,6.362,1.39,1.35,0.81,2,0,21.7
3096,T04,CR1_S2,CR1,S2,0,0.0,8.334,1.39,1.15,0.85,0,0,21.59
3097,T10,D2_S3,D2,S3,0,0.0,6.362,1.39,1.35,3.53,2,0,20.12
3098,T06,CR1_S2,CR1,S2,0,0.0,8.334,1.39,1.15,6.62,2,0,25.62
3099,T06,D1_S1,D1,S1,0,0.0,5.834,1.12,1.15,9.46,3,0,13.19
3100,T07,D1_S5,D1,S5,0,0.0,6.724,1.12,1.15,2.03,0,0,15.0
3101,T09,S2_CR1,S2,CR1,1,202.9,8.334,1.39,1.15,4.45,2,0,27.81
3102,T01,S3_D2,S3,D2,1,220.0,6.362,1.39,1.35,9.33,2,0,27.67
3103,T04,S3_D2,S3,D2,1,195.8,6.362,1.39,1.35,3.92,4,0,27.46
3104,T07,D1_S5,D1,S5,0,0.0,6.724,1.12,1.15,8.34,3,0,17.2
3105,T10,D2_S3,D2,S3,0,0.0,6.362,1.39,1.35,10.29,5,0,24.26
3106,T03,CR2_S3,CR2,S3,0,0.0,6.579,1.9,1.35,4.4,3,1,27.16
3107,T01,S1_CR1,S1,CR1,1,178.5,8.767,0.8,1.15,3.78,0,0,26.66
3108,T06,S3_D2,S3,D2,1,172.2,6.362,1.39,1.35,7.47,3,0,25.5
3109,T06,CR2_S6,CR2,S6,0,0.0,8.342,1.9,1.35,10.67,4,0,25.67
3110,T05,S5_D1,S5,D1,1,179.6,6.724,1.12,1.15,9.97,1,0,21.48
3111,T05,S3_CR1,S3,CR1,1,199.2,8.135,1.57,1.15,7.87,1,0,21.19
3112,T08,S3_CR2,S3,CR2,1,206.8,6.579,1.9,1.35,6.89,1,0,21.53
3113,T06,CR1_S3,CR1,S3,0,0.0,8.135,1.57,1.15,1.4,2,0,18.5
3114,T08,S1_D1,S1,D1,1,194.5,5.834,1.12,1.15,9.62,0,0,15.24
3115,T08,S1_D1,S1,D1,1,199.5,5.834,1.12,1.15,5.2,2,0,15.67
3116,T08,CR2_S6,CR2,S6,0,0.0,8.342,1.9,1.35,7.5,6,0,27.43
3117,T09,S1_CR1,S1,CR1,1,213.4,8.767,0.8,1.15,7.32,5,0,35.03
3118,T02,S1_D1,S1,D1,1,195.3,5.834,1.12,1.15,3.71,3,0,18.59
3119,T09,CR1_S5,CR1,S5,0,0.0,10.342,0.89,1.15,8.01,2,0,29.39
3120,T03,CR1_S5,CR1,S5,0,0.0,10.342,0.89,1.15,6.25,4,0,27.26
3121,T07,D1_S5,D1,S5,0,0.0,6.724,1.12,1.15,0.87,4,1,23.12
3122,T02,D1_S5,D1,S5,0,0.0,6.724,1.12,1.15,9.07,3,0,17.85
3123,T01,CR1_S1,CR1,S1,0,0.0,8.767,0.8,1.15,8.47,1,0,21.94
3124,T04,CR1_S1,CR1,S1,0,0.0,8.767,0.8,1.15,9.68,3,0,22.34
3125,T05,S4_CR2,S4,CR2,1,185.9,6.855,1.9,1.35,3.5,3,0,22.4
3126,T08,CR1_S2,CR1,S2,0,0.0,8.334,1.39,1.15,10.72,1,0,20.35
3127,T05,CR2_S3,CR2,S3,0,0.0,6.579,1.9,1.35,3.61,3,0,19.35
3128,T03,D2_S3,D2,S3,0,0.0,6.362,1.39,1.35,11.59,4,0,24.62
3129,T01,S2_CR1,S2,CR1,1,167.9,8.334,1.39,1.15,11.82,0,0,28.72
3130,T10,S2_CR1,S2,CR1,1,217.7,8.334,1.39,1.15,8.69,2,0,27.85
3131,T10,S4_D2,S4,D2,1,203.0,6.638,1.49,1.35,5.13,3,0,28.67
3132,T06,S6_CR2,S6,CR2,1,192.8,8.342,1.9,1.35,2.66,2,0,24.23
3133,T04,S1_CR1,S1,CR1,1,179.8,8.767,0.8,1.15,8.94,7,1,45.44
3134,T08,S1_CR1,S1,CR1,1,205.1,8.767,0.8,1.15,7.68,3,0,26.06
3135,T01,S5_CR1,S5,CR1,1,210.6,10.342,0.89,1.15,1.46,0,0,33.15
3136,T10,CR1_S5,CR1,S5,0,0.0,10.342,0.89,1.15,10.44,3,0,25.78
3137,T10,S5_D1,S5,D1,1,177.5,6.724,1.12,1.15,9.93,3,0,22.31
3138,T10,CR2_S6,CR2,S6,0,0.0,8.342,1.9,1.35,6.88,3,0,21.85
3139,T08,CR2_S4,CR2,S4,0,0.0,6.855,1.9,1.35,4.38,1,0,20.28
3140,T08,D2_S3,D2,S3,0,0.0,6.362,1.39,1.35,11.79,3,0,25.29
3141,T04,CR2_S6,CR2,S6,0,0.0,8.342,1.9,1.35,10.74,1,0,20.66
3142,T08,S6_CR2,S6,CR2,1,218.3,8.342,1.9,1.35,10.52,2,0,26.14
3143,T05,S5_CR1,S5,CR1,1,192.7,10.342,0.89,1.15,5.28,5,0,36.96
3144,T07,S5_CR1,S5,CR1,1,200.8,10.342,0.89,1.15,2.05,1,0,34.97
3145,T02,S4_D2,S4,D2,1,188.0,6.638,1.49,1.35,0.48,3,0,24.69
3146,T02,D2_S4,D2,S4,0,0.0,6.638,1.49,1.35,3.16,2,0,20.09
3147,T04,S4_CR2,S4,CR2,1,188.5,6.855,1.9,1.35,8.73,2,0,21.65
3148,T10,D1_S5,D1,S5,0,0.0,6.724,1.12,1.15,6.23,1,0,16.08
3149,T02,S1_CR1,S1,CR1,1,199.9,8.767,0.8,1.15,6.56,3,0,27.18
3150,T04,D2_S4,D2,S4,0,0.0,6.638,1.49,1.35,3.03,4,0,24.51
3151,T03,CR1_S3,CR1,S3,0,0.0,8.135,1.57,1.15,11.75,2,0,18.86
3152,T09,D2_S3,D2,S3,0,0.0,6.362,1.39,1.35,0.94,0,0,21.53
3153,T03,D1_S5,D1,S5,0,0.0,6.724,1.12,1.15,6.66,4,0,18.69
3154,T08,CR2_S3,CR2,S3,0,0.0,6.579,1.9,1.35,7.05,2,0,17.62
3155,T04,S3_CR1,S3,CR1,1,206.9,8.135,1.57,1.15,1.55,2,0,21.73
3156,T05,S4_D2,S4,D2,1,174.6,6.638,1.49,1.35,5.89,2,0,30.67
3157,T03,S1_CR1,S1,CR1,1,183.2,8.767,0.8,1.15,6.94,2,0,26.61
3158,T07,CR2_S4,CR2,S4,0,0.0,6.855,1.9,1.35,5.94,6,0,21.09
3159,T05,S3_CR1,S3,CR1,1,174.1,8.135,1.57,1.15,4.92,5,0,24.28
3160,T03,S4_D2,S4,D2,1,211.4,6.638,1.49,1.35,3.24,1,0,23.44
3161,T09,CR1_S5,CR1,S5,0,0.0,10.342,0.89,1.15,5.48,2,0,23.83
3162,T10,S6_CR2,S6,CR2,1,192.4,8.342,1.9,1.35,6.75,4,0,27.47
3163,T05,CR1_S1,CR1,S1,0,0.0,8.767,0.8,1.15,11.54,3,0,23.34
3164,T06,CR2_S4,CR2,S4,0,0.0,6.855,1.9,1.35,4.92,5,0,20.88
3165,T04,CR1_S2,CR1,S2,0,0.0,8.334,1.39,1.15,2.23,6,0,26.64
3166,T01,D1_S1,D1,S1,0,0.0,5.834,1.12,1.15,4.78,0,0,12.06
3167,T04,CR1_S5,CR1,S5,0,0.0,10.342,0.89,1.15,0.39,2,0,25.81
3168,T08,CR2_S3,CR2,S3,0,0.0,6.579,1.9,1.35,3.83,1,0,18.75
3169,T08,CR1_S1,CR1,S1,0,0.0,8.767,0.8,1.15,1.02,7,0,26.48
3170,T10,S1_D1,S1,D1,1,209.5,5.834,1.12,1.15,5.69,7,0,20.88
3171,T09,S3_D2,S3,D2,1,172.8,6.362,1.39,1.35,4.29,0,0,23.47
3172,T01,S4_CR2,S4,CR2,1,206.0,6.855,1.9,1.35,3.37,1,0,24.73
3173,T05,D1_S5,D1,S5,0,0.0,6.724,1.12,1.15,3.45,4,0,17.58
3174,T07,S2_CR1,S2,CR1,1,175.1,8.334,1.39,1.15,6.41,1,0,30.57
3175,T01,S5_CR1,S5,CR1,1,189.8,10.342,0.89,1.15,1.73,2,0,32.29
3176,T10,S6_CR2,S6,CR2,1,188.6,8.342,1.9,1.35,2.55,3,0,26.67
3177,T04,S2_CR1,S2,CR1,1,189.9,8.334,1.39,1.15,8.27,0,1,33.07
3178,T09,S2_CR1,S2,CR1,1,191.8,8.334,1.39,1.15,5.46,8,1,43.39
3179,T09,CR2_S3,CR2,S3,0,0.0,6.579,1.9,1.35,6.89,3,0,18.04
3180,T04,S2_CR1,S2,CR1,1,201.8,8.334,1.39,1.15,7.13,3,1,36.23
3181,T08,S4_D2,S4,D2,1,181.0,6.638,1.49,1.35,8.42,2,1,33.02
3182,T04,S5_D1,S5,D1,1,185.5,6.724,1.12,1.15,5.92,3,0,22.84
3183,T01,D1_S5,D1,S5,0,0.0,6.724,1.12,1.15,3.09,3,0,18.1
3184,T01,S3_D2,S3,D2,1,177.2,6.362,1.39,1.35,0.16,2,0,28.05
3185,T04,D2_S3,D2,S3,0,0.0,6.362,1.39,1.35,0.12,1,0,22.28
3186,T06,S4_CR2,S4,CR2,1,161.3,6.855,1.9,1.35,6.63,4,0,24.72
3187,T10,S6_CR2,S6,CR2,1,216.1,8.342,1.9,1.35,0.34,2,0,25.15
3188,T03,D2_S4,D2,S4,0,0.0,6.638,1.49,1.35,3.21,5,1,28.88
3189,T08,D2_S4,D2,S4,0,0.0,6.638,1.49,1.35,6.08,8,0,24.17
3190,T10,S3_CR1,S3,CR1,1,198.8,8.135,1.57,1.15,7.21,5,0,23.04
3191,T05,D2_S3,D2,S3,0,0.0,6.362,1.39,1.35,0.7,3,1,31.7
3192,T09,S6_CR2,S6,CR2,1,186.6,8.342,1.9,1.35,7.17,3,0,31.83
3193,T08,D2_S4,D2,S4,0,0.0,6.638,1.49,1.35,8.91,5,0,26.64
3194,T06,S5_D1,S5,D1,1,205.5,6.724,1.12,1.15,6.26,6,0,24.85
3195,T07,D2_S4,D2,S4,0,0.0,6.638,1.49,1.35,0.04,1,0,23.81
3196,T10,D1_S1,D1,S1,0,0.0,5.834,1.12,1.15,4.0,4,0,16.38
3197,T07,CR2_S4,CR2,S4,0,0.0,6.855,1.9,1.35,3.7,3,1,28.84
3198,T05,CR1_S1,CR1,S1,0,0.0,8.767,0.8,1.15,5.46,2,0,23.43
3199,T01,S5_CR1,S5,CR1,1,216.9,10.342,0.89,1.15,5.67,2,0,34.69
3200,T08,S5_CR1,S5,CR1,1,209.0,10.342,0.89,1.15,2.01,4,0,39.24
3201,T06,D2_S4,D2,S4,0,0.0,6.638,1.49,1.35,8.68,1,0,21.4
3202,T02,CR1_S2,CR1,S2,0,0.0,8.334,1.39,1.15,3.8,5,0,22.51
3203,T06,CR1_S5,CR1,S5,0,0.0,10.342,0.89,1.15,0.02,2,0,27.44
3204,T10,S3_D2,S3,D2,1,170.3,6.362,1.39,1.35,8.75,2,0,25.78
3205,T01,S5_CR1,S5,CR1,1,176.0,10.342,0.89,1.15,2.03,1,0,33.12
3206,T03,S1_D1,S1,D1,1,220.0,5.834,1.12,1.15,5.7,4,0,18.02
3207,T05,S3_D2,S3,D2,1,203.5,6.362,1.39,1.35,6.15,7,0,31.42
3208,T03,S6_CR2,S6,CR2,1,200.5,8.342,1.9,1.35,5.73,5,0,30.99
3209,T03,CR1_S5,CR1,S5,0,0.0,10.342,0.89,1.15,3.02,4,0,31.05
3210,T08,S1_D1,S1,D1,1,186.8,5.834,1.12,1.15,7.18,5,0,19.43
3211,T07,CR2_S4,CR2,S4,0,0.0,6.855,1.9,1.35,3.59,3,0,20.88
3212,T05,S2_CR1,S2,CR1,1,181.0,8.334,1.39,1.15,11.9,3,0,27.66
3213,T04,CR1_S2,CR1,S2,0,0.0,8.334,1.39,1.15,4.38,2,0,22.81
3214,T01,S3_D2,S3,D2,1,205.2,6.362,1.39,1.35,6.91,4,1,38.26
3215,T10,CR1_S1,CR1,S1,0,0.0,8.767,0.8,1.15,6.29,5,0,27.16
3216,T08,CR1_S5,CR1,S5,0,0.0,10.342,0.89,1.15,6.25,5,0,29.53
3217,T02,S5_D1,S5,D1,1,200.0,6.724,1.12,1.15,11.07,5,0,22.84
3218,T04,S6_CR2,S6,CR2,1,213.1,8.342,1.9,1.35,7.36,3,0,29.25
3219,T01,CR1_S1,CR1,S1,0,0.0,8.767,0.8,1.15,3.9,0,0,23.35
3220,T01,CR1_S3,CR1,S3,0,0.0,8.135,1.57,1.15,11.35,2,1,21.56
3221,T08,S4_CR2,S4,CR2,1,202.2,6.855,1.9,1.35,5.74,4,1,32.54
3222,T09,S4_CR2,S4,CR2,1,196.3,6.855,1.9,1.35,0.75,2,0,24.41
3223,T09,S3_CR2,S3,CR2,1,179.1,6.579,1.9,1.35,3.02,3,0,24.29
3224,T06,CR2_S3,CR2,S3,0,0.0,6.579,1.9,1.35,8.28,2,0,18.97
3225,T02,CR1_S1,CR1,S1,0,0.0,8.767,0.8,1.15,10.77,3,0,21.94
3226,T07,S1_D1,S1,D1,1,201.7,5.834,1.12,1.15,1.67,4,0,17.2
3227,T04,S3_CR1,S3,CR1,1,201.9,8.135,1.57,1.15,6.8,0,0,20.88
3228,T04,CR1_S1,CR1,S1,0,0.0,8.767,0.8,1.15,0.57,3,0,25.42
3229,T02,D1_S1,D1,S1,0,0.0,5.834,1.12,1.15,2.52,3,0,15.24
3230,T05,D1_S5,D1,S5,0,0.0,6.724,1.12,1.15,11.16,1,0,15.58
3231,T08,S1_D1,S1,D1,1,172.5,5.834,1.12,1.15,9.95,0,0,15.81
3232,T06,S6_CR2,S6,CR2,1,213.9,8.342,1.9,1.35,3.17,0,0,28.76
3233,T05,S5_CR1,S5,CR1,1,187.6,10.342,0.89,1.15,11.49,1,0,34.82
3234,T08,CR1_S1,CR1,S1,0,0.0,8.767,0.8,1.15,7.87,3,0,19.87
3235,T01,D2_S4,D2,S4,0,0.0,6.638,1.49,1.35,7.38,3,0,24.36
3236,T10,S3_CR2,S3,CR2,1,200.7,6.579,1.9,1.35,1.94,2,0,24.04
3237,T05,CR1_S5,CR1,S5,0,0.0,10.342,0.89,1.15,6.17,8,0,28.79
3238,T03,S1_D1,S1,D1,1,187.8,5.834,1.12,1.15,0.9,2,0,15.54
3239,T04,S5_CR1,S5,CR1,1,200.5,10.342,0.89,1.15,3.36,1,0,34.87
3240,T04,CR2_S3,CR2,S3,0,0.0,6.579,1.9,1.35,7.96,2,0,19.59
3241,T04,S2_CR1,S2,CR1,1,198.2,8.334,1.39,1.15,11.44,1,0,28.18
3242,T06,CR1_S2,CR1,S2,0,0.0,8.334,1.39,1.15,10.83,0,0,18.7
3243,T02,S4_D2,S4,D2,1,190.2,6.638,1.49,1.35,1.97,3,0,29.34
3244,T04,CR1_S3,CR1,S3,0,0.0,8.135,1.57,1.15,4.89,2,0,17.46
3245,T07,CR1_S3,CR1,S3,0,0.0,8.135,1.57,1.15,9.12,2,0,17.16
3246,T09,S3_CR1,S3,CR1,1,177.2,8.135,1.57,1.15,3.91,8,0,23.7
3247,T10,S6_CR2,S6,CR2,1,213.5,8.342,1.9,1.35,8.32,2,0,24.5
3248,T07,D1_S1,D1,S1,0,0.0,5.834,1.12,1.15,7.79,4,0,14.18
3249,T07,CR2_S6,CR2,S6,0,0.0,8.342,1.9,1.35,10.56,4,0,22.66
3250,T05,CR2_S6,CR2,S6,0,0.0,8.342,1.9,1.35,3.88,4,0,24.67
3251,T05,CR1_S5,CR1,S5,0,0.0,10.342,0.89,1.15,11.42,2,0,27.26
3252,T03,CR2_S3,CR2,S3,0,0.0,6.579,1.9,1.35,4.79,6,0,22.11
3253,T07,CR2_S3,CR2,S3,0,0.0,6.579,1.9,1.35,3.86,4,0,21.48
3254,T05,CR1_S5,CR1,S5,0,0.0,10.342,0.89,1.15,0.98,0,0,25.05
3255,T09,S4_D2,S4,D2,1,197.1,6.638,1.49,1.35,11.6,3,0,26.81
3256,T05,S3_D2,S3,D2,1,219.2,6.362,1.39,1.35,8.16,2,0,28.06
3257,T07,CR1_S5,CR1,S5,0,0.0,10.342,0.89,1.15,11.95,5,0,30.98
3258,T04,S3_D2,S3,D2,1,220.0,6.362,1.39,1.35,10.5,1,0,27.48
3259,T07,CR1_S2,CR1,S2,0,0.0,8.334,1.39,1.15,8.4,3,0,22.26
3260,T09,CR2_S3,CR2,S3,0,0.0,6.579,1.9,1.35,0.31,0,0,18.86
3261,T06,S3_CR2,S3,CR2,1,166.4,6.579,1.9,1.35,8.14,3,0,21.67
3262,T10,D1_S5,D1,S5,0,0.0,6.724,1.12,1.15,7.58,4,0,18.42
3263,T08,S3_CR2,S3,CR2,1,187.3,6.579,1.9,1.35,6.15,3,0,25.34
3264,T07,S1_CR1,S1,CR1,1,197.4,8.767,0.8,1.15,11.79,2,0,30.83
3265,T07,S5_CR1,S5,CR1,1,200.2,10.342,0.89,1.15,0.77,1,0,34.97
3266,T09,S1_D1,S1,D1,1,174.2,5.834,1.12,1.15,7.02,4,0,16.49
3267,T03,S3_D2,S3,D2,1,211.4,6.362,1.39,1.35,0.24,4,0,30.21
3268,T08,CR2_S4,CR2,S4,0,0.0,6.855,1.9,1.35,11.86,7,0,22.92
3269,T05,S6_CR2,S6,CR2,1,194.1,8.342,1.9,1.35,5.76,5,0,27.92
3270,T01,D1_S5,D1,S5,0,0.0,6.724,1.12,1.15,9.27,1,0,15.51
3271,T08,S3_CR1,S3,CR1,1,170.9,8.135,1.57,1.15,10.92,1,0,24.15
3272,T05,S6_CR2,S6,CR2,1,175.1,8.342,1.9,1.35,8.01,5,0,29.94
3273,T02,S5_D1,S5,D1,1,192.0,6.724,1.12,1.15,10.39,2,0,22.11
3274,T06,CR2_S4,CR2,S4,0,0.0,6.855,1.9,1.35,3.52,2,0,18.0
3275,T06,D2_S4,D2,S4,0,0.0,6.638,1.49,1.35,5.99,3,0,23.59
3276,T03,S2_CR1,S2,CR1,1,196.2,8.334,1.39,1.15,10.2,4,0,26.5
3277,T01,D1_S1,D1,S1,0,0.0,5.834,1.12,1.15,7.42,2,0,12.57
3278,T04,S3_CR1,S3,CR1,1,199.2,8.135,1.57,1.15,4.78,1,0,19.68
3279,T10,CR1_S1,CR1,S1,0,0.0,8.767,0.8,1.15,4.35,5,0,25.73
3280,T04,S1_CR1,S1,CR1,1,199.8,8.767,0.8,1.15,0.14,2,0,29.28
3281,T09,CR2_S6,CR2,S6,0,0.0,8.342,1.9,1.35,2.05,1,0,19.93
3282,T03,CR1_S1,CR1,S1,0,0.0,8.767,0.8,1.15,1.21,1,0,24.19
3283,T07,S4_CR2,S4,CR2,1,201.2,6.855,1.9,1.35,5.82,4,0,26.83
3284,T02,CR1_S1,CR1,S1,0,0.0,8.767,0.8,1.15,6.48,2,1,27.08
3285,T06,CR2_S4,CR2,S4,0,0.0,6.855,1.9,1.35,6.24,6,0,20.14
3286,T05,CR1_S5,CR1,S5,0,0.0,10.342,0.89,1.15,4.64,4,0,29.64
3287,T03,D2_S4,D2,S4,0,0.0,6.638,1.49,1.35,7.87,2,0,23.22
3288,T09,CR1_S3,CR1,S3,0,0.0,8.135,1.57,1.15,2.88,1,0,16.35
3289,T07,D1_S5,D1,S5,0,0.0,6.724,1.12,1.15,6.47,4,0,17.49
3290,T06,S3_CR1,S3,CR1,1,201.8,8.135,1.57,1.15,10.14,3,0,22.32
3291,T07,S3_D2,S3,D2,1,198.2,6.362,1.39,1.35,4.98,3,0,27.22
3292,T06,S3_CR2,S3,CR2,1,213.6,6.579,1.9,1.35,11.99,1,0,22.04
3293,T02,S1_CR1,S1,CR1,1,196.5,8.767,0.8,1.15,3.08,3,0,30.13
3294,T08,CR1_S1,CR1,S1,0,0.0,8.767,0.8,1.15,9.48,3,0,23.43
3295,T04,D1_S5,D1,S5,0,0.0,6.724,1.12,1.15,3.74,1,0,14.4
3296,T07,S5_D1,S5,D1,1,220.0,6.724,1.12,1.15,6.7,5,0,24.15
3297,T06,CR2_S3,CR2,S3,0,0.0,6.579,1.9,1.35,11.9,1,0,16.9
3298,T10,S3_D2,S3,D2,1,195.9,6.362,1.39,1.35,4.03,6,0,29.31
3299,T01,S4_D2,S4,D2,1,198.4,6.638,1.49,1.35,4.53,2,0,29.22
3300,T08,S1_D1,S1,D1,1,191.0,5.834,1.12,1.15,1.11,8,0,20.48
3301,T01,CR2_S6,CR2,S6,0,0.0,8.342,1.9,1.35,9.85,2,0,21.19
3302,T01,CR2_S4,CR2,S4,0,0.0,6.855,1.9,1.35,0.8,0,0,16.11
3303,T03,CR2_S4,CR2,S4,0,0.0,6.855,1.9,1.35,0.37,2,0,18.99
3304,T01,S4_D2,S4,D2,1,204.2,6.638,1.49,1.35,1.29,6,0,29.31
3305,T03,S1_CR1,S1,CR1,1,203.9,8.767,0.8,1.15,10.69,2,0,30.83
3306,T05,S3_CR2,S3,CR2,1,204.4,6.579,1.9,1.35,11.13,0,0,22.83
3307,T09,D2_S4,D2,S4,0,0.0,6.638,1.49,1.35,9.41,3,0,24.19
3308,T06,CR1_S1,CR1,S1,0,0.0,8.767,0.8,1.15,6.24,4,0,25.95
3309,T10,S4_D2,S4,D2,1,207.6,6.638,1.49,1.35,1.2,3,0,27.93
3310,T03,D1_S5,D1,S5,0,0.0,6.724,1.12,1.15,11.62,1,0,15.0
3311,T04,CR2_S6,CR2,S6,0,0.0,8.342,1.9,1.35,5.59,5,0,23.98
3312,T07,S4_D2,S4,D2,1,187.5,6.638,1.49,1.35,9.99,4,0,26.53
3313,T01,D1_S1,D1,S1,0,0.0,5.834,1.12,1.15,3.7,3,0,13.24
3314,T06,S4_D2,S4,D2,1,162.6,6.638,1.49,1.35,6.51,2,0,27.65
3315,T07,S5_CR1,S5,CR1,1,190.3,10.342,0.89,1.15,9.61,1,0,34.86
3316,T04,CR1_S5,CR1,S5,0,0.0,10.342,0.89,1.15,6.9,3,0,31.72
3317,T01,S3_D2,S3,D2,1,183.4,6.362,1.39,1.35,11.18,4,0,28.83
3318,T07,D2_S3,D2,S3,0,0.0,6.362,1.39,1.35,9.09,0,0,21.37
3319,T06,CR2_S6,CR2,S6,0,0.0,8.342,1.9,1.35,9.39,1,0,21.14
3320,T02,S4_D2,S4,D2,1,181.0,6.638,1.49,1.35,7.11,4,0,28.53
3321,T10,D2_S3,D2,S3,0,0.0,6.362,1.39,1.35,5.54,3,0,22.51
3322,T02,S4_D2,S4,D2,1,220.0,6.638,1.49,1.35,8.79,5,1,40.72
3323,T06,CR1_S2,CR1,S2,0,0.0,8.334,1.39,1.15,5.94,3,0,22.6
3324,T02,S1_CR1,S1,CR1,1,192.3,8.767,0.8,1.15,10.01,2,0,27.0
3325,T09,S2_CR1,S2,CR1,1,183.9,8.334,1.39,1.15,11.77,2,1,31.32
3326,T08,D2_S4,D2,S4,0,0.0,6.638,1.49,1.35,2.26,3,0,23.26
3327,T04,CR1_S5,CR1,S5,0,0.0,10.342,0.89,1.15,7.07,3,0,28.94
3328,T10,S5_CR1,S5,CR1,1,214.5,10.342,0.89,1.15,11.84,0,0,35.68
3329,T09,D2_S4,D2,S4,0,0.0,6.638,1.49,1.35,0.62,1,0,22.82
3330,T06,CR2_S3,CR2,S3,0,0.0,6.579,1.9,1.35,4.77,2,0,19.7
3331,T10,S4_CR2,S4,CR2,1,180.5,6.855,1.9,1.35,2.24,0,0,21.02
3332,T02,S4_D2,S4,D2,1,205.4,6.638,1.49,1.35,4.85,0,0,23.86
3333,T06,D2_S3,D2,S3,0,0.0,6.362,1.39,1.35,2.2,0,0,22.05
3334,T05,CR2_S4,CR2,S4,0,0.0,6.855,1.9,1.35,5.11,2,0,16.96
3335,T08,CR1_S1,CR1,S1,0,0.0,8.767,0.8,1.15,11.23,1,0,21.18
3336,T02,S4_CR2,S4,CR2,1,220.0,6.855,1.9,1.35,3.28,2,0,23.52
3337,T08,S5_CR1,S5,CR1,1,220.0,10.342,0.89,1.15,5.31,3,0,39.04
3338,T05,CR1_S1,CR1,S1,0,0.0,8.767,0.8,1.15,2.96,4,0,25.52
3339,T02,CR1_S1,CR1,S1,0,0.0,8.767,0.8,1.15,7.94,1,0,22.91
3340,T08,CR2_S4,CR2,S4,0,0.0,6.855,1.9,1.35,6.54,6,0,22.66
3341,T06,D2_S4,D2,S4,0,0.0,6.638,1.49,1.35,11.98,2,0,19.66
3342,T10,S3_CR2,S3,CR2,1,195.6,6.579,1.9,1.35,6.18,2,0,22.14
3343,T01,CR1_S1,CR1,S1,0,0.0,8.767,0.8,1.15,2.44,1,0,24.68
3344,T06,S5_CR1,S5,CR1,1,196.2,10.342,0.89,1.15,5.9,3,0,32.55
3345,T06,S1_CR1,S1,CR1,1,197.0,8.767,0.8,1.15,3.34,2,1,35.78
3346,T10,S4_D2,S4,D2,1,187.2,6.638,1.49,1.35,3.5,3,0,28.93
3347,T01,S5_D1,S5,D1,1,199.6,6.724,1.12,1.15,9.42,2,0,18.8
3348,T05,CR1_S1,CR1,S1,0,0.0,8.767,0.8,1.15,4.57,2,0,21.14
3349,T09,S1_D1,S1,D1,1,209.6,5.834,1.12,1.15,8.2,1,0,16.4
3350,T04,S6_CR2,S6,CR2,1,176.1,8.342,1.9,1.35,11.72,0,0,24.62
3351,T10,S2_CR1,S2,CR1,1,180.6,8.334,1.39,1.15,8.32,2,0,27.06
3352,T03,D2_S4,D2,S4,0,0.0,6.638,1.49,1.35,10.97,2,0,21.63
3353,T06,CR1_S5,CR1,S5,0,0.0,10.342,0.89,1.15,10.66,0,0,21.89
3354,T02,CR2_S3,CR2,S3,0,0.0,6.579,1.9,1.35,6.29,3,0,18.39
3355,T09,S5_CR1,S5,CR1,1,212.1,10.342,0.89,1.15,2.32,1,0,31.07
3356,T09,S5_D1,S5,D1,1,179.6,6.724,1.12,1.15,3.02,5,0,24.78
3357,T10,CR1_S2,CR1,S2,0,0.0,8.334,1.39,1.15,7.25,5,0,25.23
3358,T06,S3_D2,S3,D2,1,198.5,6.362,1.39,1.35,4.67,6,0,31.0
3359,T04,S5_D1,S5,D1,1,211.3,6.724,1.12,1.15,9.32,1,0,21.93
3360,T03,S4_D2,S4,D2,1,219.3,6.638,1.49,1.35,6.32,8,0,33.4
3361,T07,S1_CR1,S1,CR1,1,192.4,8.767,0.8,1.15,0.02,2,0,24.96
3362,T07,CR2_S6,CR2,S6,0,0.0,8.342,1.9,1.35,5.22,5,0,26.4
3363,T07,CR1_S3,CR1,S3,0,0.0,8.135,1.57,1.15,2.34,6,0,20.29
3364,T10,CR1_S2,CR1,S2,0,0.0,8.334,1.39,1.15,2.8,1,0,20.86
3365,T08,S4_CR2,S4,CR2,1,207.8,6.855,1.9,1.35,8.74,2,0,22.91
3366,T04,S3_CR2,S3,CR2,1,192.3,6.579,1.9,1.35,2.04,2,0,24.46
3367,T07,S5_D1,S5,D1,1,205.2,6.724,1.12,1.15,9.06,1,0,19.02
3368,T03,S3_CR1,S3,CR1,1,175.5,8.135,1.57,1.15,10.84,0,0,19.1
3369,T05,CR2_S3,CR2,S3,0,0.0,6.579,1.9,1.35,1.58,1,0,16.91
3370,T05,CR1_S3,CR1,S3,0,0.0,8.135,1.57,1.15,11.83,2,0,18.09
3371,T10,D1_S5,D1,S5,0,0.0,6.724,1.12,1.15,7.69,1,0,14.49
3372,T03,CR2_S6,CR2,S6,0,0.0,8.342,1.9,1.35,8.72,2,0,22.92
3373,T05,S3_D2,S3,D2,1,191.7,6.362,1.39,1.35,2.08,0,0,23.68
3374,T06,S3_CR2,S3,CR2,1,198.5,6.579,1.9,1.35,11.35,1,0,24.02
3375,T05,CR1_S2,CR1,S2,0,0.0,8.334,1.39,1.15,4.64,5,0,23.27
3376,T06,S3_CR2,S3,CR2,1,185.5,6.579,1.9,1.35,9.44,2,0,23.37
3377,T05,S3_CR1,S3,CR1,1,201.4,8.135,1.57,1.15,4.26,4,0,24.97
3378,T10,S3_CR2,S3,CR2,1,215.1,6.579,1.9,1.35,1.67,2,0,24.47
3379,T03,CR2_S4,CR2,S4,0,0.0,6.855,1.9,1.35,11.75,2,0,18.81
3380,T08,CR2_S3,CR2,S3,0,0.0,6.579,1.9,1.35,4.2,2,0,20.57
3381,T04,CR1_S3,CR1,S3,0,0.0,8.135,1.57,1.15,7.1,3,0,16.35
3382,T03,S3_D2,S3,D2,1,196.1,6.362,1.39,1.35,9.59,2,0,26.1
3383,T01,CR1_S2,CR1,S2,0,0.0,8.334,1.39,1.15,11.53,3,0,26.15
3384,T07,S3_CR2,S3,CR2,1,185.5,6.579,1.9,1.35,7.58,3,0,24.59
3385,T02,D1_S1,D1,S1,0,0.0,5.834,1.12,1.15,7.9,0,0,11.55
3386,T07,S4_D2,S4,D2,1,168.7,6.638,1.49,1.35,11.39,5,0,29.41
3387,T04,S3_CR1,S3,CR1,1,195.4,8.135,1.57,1.15,8.13,5,0,25.4
3388,T06,S3_CR2,S3,CR2,1,210.3,6.579,1.9,1.35,8.71,2,0,22.63
3389,T07,CR2_S6,CR2,S6,0,0.0,8.342,1.9,1.35,7.29,2,0,23.99
3390,T02,CR1_S2,CR1,S2,0,0.0,8.334,1.39,1.15,10.21,3,0,23.56
3391,T03,S4_D2,S4,D2,1,204.0,6.638,1.49,1.35,5.39,1,1,36.44
3392,T01,D2_S3,D2,S3,0,0.0,6.362,1.39,1.35,6.63,6,0,26.06
3393,T07,S4_CR2,S4,CR2,1,178.9,6.855,1.9,1.35,2.83,2,0,22.8
3394,T04,CR1_S1,CR1,S1,0,0.0,8.767,0.8,1.15,4.03,1,0,23.88
3395,T07,S1_D1,S1,D1,1,209.1,5.834,1.12,1.15,1.83,1,0,16.58
3396,T10,CR1_S2,CR1,S2,0,0.0,8.334,1.39,1.15,0.84,3,0,20.07
3397,T07,D2_S4,D2,S4,0,0.0,6.638,1.49,1.35,2.52,2,0,21.08
3398,T04,S3_CR2,S3,CR2,1,180.2,6.579,1.9,1.35,4.15,2,0,24.82
3399,T02,S1_D1,S1,D1,1,204.1,5.834,1.12,1.15,1.9,1,0,15.7
3400,T07,S2_CR1,S2,CR1,1,168.7,8.334,1.39,1.15,2.6,4,0,26.87
3401,T08,S6_CR2,S6,CR2,1,178.1,8.342,1.9,1.35,5.46,3,0,27.12
3402,T07,CR1_S3,CR1,S3,0,0.0,8.135,1.57,1.15,10.8,1,0,18.02
3403,T07,S3_CR2,S3,CR2,1,200.2,6.579,1.9,1.35,2.43,0,0,21.08
3404,T04,S2_CR1,S2,CR1,1,173.2,8.334,1.39,1.15,5.89,4,0,27.95
3405,T07,S3_D2,S3,D2,1,211.6,6.362,1.39,1.35,0.34,2,0,26.98
3406,T08,S1_CR1,S1,CR1,1,198.7,8.767,0.8,1.15,2.29,1,0,26.9
3407,T02,D1_S1,D1,S1,0,0.0,5.834,1.12,1.15,8.84,6,0,15.66
3408,T06,S5_D1,S5,D1,1,206.3,6.724,1.12,1.15,1.4,2,0,22.68
3409,T03,S5_CR1,S5,CR1,1,174.8,10.342,0.89,1.15,9.93,2,0,30.37
3410,T06,CR1_S2,CR1,S2,0,0.0,8.334,1.39,1.15,2.55,4,0,26.18
3411,T08,D2_S3,D2,S3,0,0.0,6.362,1.39,1.35,1.27,4,0,24.24
3412,T06,CR2_S6,CR2,S6,0,0.0,8.342,1.9,1.35,0.14,4,0,23.74
3413,T02,D2_S3,D2,S3,0,0.0,6.362,1.39,1.35,3.15,4,0,24.09
3414,T10,CR1_S1,CR1,S1,0,0.0,8.767,0.8,1.15,2.2,0,0,23.17
3415,T09,S2_CR1,S2,CR1,1,217.8,8.334,1.39,1.15,0.98,0,1,30.85
3416,T05,CR2_S4,CR2,S4,0,0.0,6.855,1.9,1.35,5.92,1,0,17.9
3417,T03,CR2_S6,CR2,S6,0,0.0,8.342,1.9,1.35,11.54,1,0,18.92
3418,T03,CR1_S3,CR1,S3,0,0.0,8.135,1.57,1.15,9.5,1,0,17.49
3419,T08,CR2_S6,CR2,S6,0,0.0,8.342,1.9,1.35,11.04,1,0,22.4
3420,T03,S3_CR1,S3,CR1,1,218.4,8.135,1.57,1.15,6.11,3,0,21.91
3421,T06,S3_CR2,S3,CR2,1,219.7,6.579,1.9,1.35,5.98,4,0,26.41
3422,T09,S4_D2,S4,D2,1,185.5,6.638,1.49,1.35,1.84,2,0,29.5
3423,T01,S3_D2,S3,D2,1,211.6,6.362,1.39,1.35,6.04,8,0,32.9
3424,T03,S5_CR1,S5,CR1,1,196.6,10.342,0.89,1.15,6.24,5,0,35.21
3425,T02,D1_S5,D1,S5,0,0.0,6.724,1.12,1.15,7.48,6,0,21.36
3426,T02,D1_S1,D1,S1,0,0.0,5.834,1.12,1.15,2.36,2,0,13.51
3427,T01,S4_D2,S4,D2,1,194.2,6.638,1.49,1.35,5.78,3,0,26.12
3428,T04,S1_D1,S1,D1,1,175.1,5.834,1.12,1.15,7.34,1,1,23.09
3429,T10,S3_CR1,S3,CR1,1,196.7,8.135,1.57,1.15,4.48,3,0,22.66
3430,T09,CR1_S3,CR1,S3,0,0.0,8.135,1.57,1.15,10.42,0,0,17.78
3431,T07,S3_CR1,S3,CR1,1,198.7,8.135,1.57,1.15,4.36,4,0,24.35
3432,T06,S5_CR1,S5,CR1,1,184.1,10.342,0.89,1.15,6.03,5,0,37.44
3433,T10,CR1_S3,CR1,S3,0,0.0,8.135,1.57,1.15,0.44,4,0,20.3
3434,T05,S1_CR1,S1,CR1,1,193.8,8.767,0.8,1.15,0.59,1,1,38.54
3435,T04,S3_CR1,S3,CR1,1,197.0,8.135,1.57,1.15,1.04,1,0,21.55
3436,T06,D2_S4,D2,S4,0,0.0,6.638,1.49,1.35,7.74,0,0,20.05
3437,T05,S1_CR1,S1,CR1,1,199.6,8.767,0.8,1.15,2.44,2,0,31.48
3438,T08,CR1_S2,CR1,S2,0,0.0,8.334,1.39,1.15,10.56,0,0,20.18
3439,T04,CR1_S3,CR1,S3,0,0.0,8.135,1.57,1.15,7.63,1,0,16.37
3440,T04,D1_S5,D1,S5,0,0.0,6.724,1.12,1.15,0.0,0,0,14.52
3441,T04,S6_CR2,S6,CR2,1,206.1,8.342,1.9,1.35,2.39,1,1,30.56
3442,T09,CR1_S3,CR1,S3,0,0.0,8.135,1.57,1.15,4.87,6,0,21.34
3443,T02,S5_D1,S5,D1,1,184.9,6.724,1.12,1.15,1.75,0,0,19.87
3444,T03,S4_CR2,S4,CR2,1,189.2,6.855,1.9,1.35,7.92,4,0,23.62
3445,T01,S3_CR2,S3,CR2,1,176.3,6.579,1.9,1.35,9.07,1,0,24.04
3446,T04,S1_CR1,S1,CR1,1,186.0,8.767,0.8,1.15,9.3,1,0,26.79
3447,T05,S6_CR2,S6,CR2,1,190.8,8.342,1.9,1.35,1.62,3,0,31.23
3448,T04,CR2_S3,CR2,S3,0,0.0,6.579,1.9,1.35,10.13,3,0,21.89
3449,T03,D2_S4,D2,S4,0,0.0,6.638,1.49,1.35,2.28,2,0,20.68
3450,T01,S5_CR1,S5,CR1,1,191.4,10.342,0.89,1.15,2.61,4,0,35.22
3451,T06,S2_CR1,S2,CR1,1,212.6,8.334,1.39,1.15,6.26,3,0,29.67
3452,T10,S4_CR2,S4,CR2,1,180.4,6.855,1.9,1.35,2.7,3,0,26.5
3453,T05,S3_CR1,S3,CR1,1,199.9,8.135,1.57,1.15,5.72,4,0,22.49
3454,T08,S6_CR2,S6,CR2,1,197.1,8.342,1.9,1.35,1.88,2,0,27.8
3455,T05,S3_CR1,S3,CR1,1,191.2,8.135,1.57,1.15,5.58,3,0,22.95
3456,T10,CR2_S6,CR2,S6,0,0.0,8.342,1.9,1.35,7.56,3,0,19.85
3457,T08,CR1_S3,CR1,S3,0,0.0,8.135,1.57,1.15,9.61,1,0,15.34
3458,T05,CR1_S5,CR1,S5,0,0.0,10.342,0.89,1.15,9.88,3,0,28.39
3459,T09,S3_D2,S3,D2,1,181.3,6.362,1.39,1.35,3.28,4,0,29.83
3460,T08,D2_S3,D2,S3,0,0.0,6.362,1.39,1.35,8.01,3,0,22.22
3461,T01,S6_CR2,S6,CR2,1,198.4,8.342,1.9,1.35,10.81,4,0,29.01
3462,T02,S2_CR1,S2,CR1,1,206.2,8.334,1.39,1.15,5.4,4,0,29.48
3463,T09,S3_CR1,S3,CR1,1,216.2,8.135,1.57,1.15,3.81,0,0,19.49
3464,T04,CR1_S3,CR1,S3,0,0.0,8.135,1.57,1.15,7.53,3,0,18.6
3465,T09,CR1_S2,CR1,S2,0,0.0,8.334,1.39,1.15,3.9,2,0,23.48
3466,T05,D2_S3,D2,S3,0,0.0,6.362,1.39,1.35,7.73,1,0,21.21
3467,T08,D2_S3,D2,S3,0,0.0,6.362,1.39,1.35,2.27,3,0,19.68
3468,T03,D2_S4,D2,S4,0,0.0,6.638,1.49,1.35,10.7,2,0,20.62
3469,T07,CR1_S1,CR1,S1,0,0.0,8.767,0.8,1.15,1.71,1,0,22.04
3470,T04,CR2_S6,CR2,S6,0,0.0,8.342,1.9,1.35,8.27,1,0,20.62
3471,T05,CR1_S5,CR1,S5,0,0.0,10.342,0.89,1.15,8.38,1,0,26.19
3472,T07,CR2_S6,CR2,S6,0,0.0,8.342,1.9,1.35,9.84,4,0,21.65
3473,T08,CR1_S2,CR1,S2,0,0.0,8.334,1.39,1.15,7.08,2,0,24.59
3474,T01,D1_S5,D1,S5,0,0.0,6.724,1.12,1.15,5.53,4,0,20.75
3475,T02,S5_CR1,S5,CR1,1,202.7,10.342,0.89,1.15,5.59,7,0,39.67
3476,T07,CR1_S2,CR1,S2,0,0.0,8.334,1.39,1.15,1.84,1,0,22.4
3477,T03,CR1_S2,CR1,S2,0,0.0,8.334,1.39,1.15,11.93,6,0,26.84
3478,T01,D1_S1,D1,S1,0,0.0,5.834,1.12,1.15,7.55,5,0,16.32
3479,T02,CR1_S2,CR1,S2,0,0.0,8.334,1.39,1.15,4.7,4,0,23.33
3480,T08,D2_S3,D2,S3,0,0.0,6.362,1.39,1.35,8.53,4,0,24.68
3481,T08,CR1_S3,CR1,S3,0,0.0,8.135,1.57,1.15,4.97,5,0,19.33
3482,T07,S1_D1,S1,D1,1,204.8,5.834,1.12,1.15,4.94,7,0,21.62
3483,T01,S1_D1,S1,D1,1,217.9,5.834,1.12,1.15,10.87,1,0,15.98
3484,T05,D1_S1,D1,S1,0,0.0,5.834,1.12,1.15,1.61,4,1,18.36
3485,T07,S1_CR1,S1,CR1,1,191.3,8.767,0.8,1.15,9.77,2,0,26.62
3486,T09,D1_S5,D1,S5,0,0.0,6.724,1.12,1.15,4.22,8,0,22.33
3487,T09,D1_S5,D1,S5,0,0.0,6.724,1.12,1.15,1.48,1,0,16.43
3488,T07,S4_D2,S4,D2,1,220.0,6.638,1.49,1.35,0.69,0,0,25.35
3489,T02,D2_S4,D2,S4,0,0.0,6.638,1.49,1.35,4.83,2,0,21.96
3490,T02,S3_CR2,S3,CR2,1,183.2,6.579,1.9,1.35,5.87,0,0,20.94
3491,T07,D1_S1,D1,S1,0,0.0,5.834,1.12,1.15,10.34,1,0,11.42
3492,T08,S5_CR1,S5,CR1,1,189.4,10.342,0.89,1.15,3.12,0,0,35.04
3493,T07,D2_S4,D2,S4,0,0.0,6.638,1.49,1.35,3.35,4,0,22.2
3494,T04,D2_S3,D2,S3,0,0.0,6.362,1.39,1.35,2.33,5,0,27.74
3495,T07,D2_S4,D2,S4,0,0.0,6.638,1.49,1.35,6.8,5,0,24.79
3496,T10,S1_CR1,S1,CR1,1,195.3,8.767,0.8,1.15,6.34,4,0,25.84
3497,T08,S4_CR2,S4,CR2,1,187.2,6.855,1.9,1.35,3.74,3,0,22.19
3498,T10,CR1_S2,CR1,S2,0,0.0,8.334,1.39,1.15,0.0,1,0,21.03
3499,T05,CR2_S4,CR2,S4,0,0.0,6.855,1.9,1.35,11.05,2,0,17.41
3500,T09,CR1_S5,CR1,S5,0,0.0,10.342,0.89,1.15,10.84,1,0,28.01
3501,T01,S4_CR2,S4,CR2,1,183.1,6.855,1.9,1.35,5.47,5,0,26.53
3502,T01,S4_CR2,S4,CR2,1,174.3,6.855,1.9,1.35,4.12,3,1,32.21
3503,T08,S3_CR2,S3,CR2,1,196.4,6.579,1.9,1.35,2.49,4,0,25.72
3504,T06,S6_CR2,S6,CR2,1,180.5,8.342,1.9,1.35,2.62,1,0,28.89
3505,T04,D1_S5,D1,S5,0,0.0,6.724,1.12,1.15,7.81,4,0,19.28
3506,T05,S3_CR2,S3,CR2,1,190.3,6.579,1.9,1.35,9.97,3,0,23.71
3507,T06,S6_CR2,S6,CR2,1,184.7,8.342,1.9,1.35,0.69,2,0,26.24
3508,T02,CR1_S1,CR1,S1,0,0.0,8.767,0.8,1.15,0.84,1,0,23.45
3509,T05,D2_S3,D2,S3,0,0.0,6.362,1.39,1.35,7.12,6,0,26.64
3510,T01,S3_CR1,S3,CR1,1,212.0,8.135,1.57,1.15,6.87,8,0,28.14
3511,T04,CR1_S2,CR1,S2,0,0.0,8.334,1.39,1.15,5.45,4,0,26.21
3512,T05,CR1_S3,CR1,S3,0,0.0,8.135,1.57,1.15,1.57,1,0,15.22
3513,T02,D1_S1,D1,S1,0,0.0,5.834,1.12,1.15,10.86,1,0,12.26
3514,T06,CR2_S4,CR2,S4,0,0.0,6.855,1.9,1.35,2.08,1,0,17.35
3515,T04,CR2_S3,CR2,S3,0,0.0,6.579,1.9,1.35,10.9,1,0,18.19
3516,T07,D1_S1,D1,S1,0,0.0,5.834,1.12,1.15,11.15,3,0,13.56
3517,T02,D1_S1,D1,S1,0,0.0,5.834,1.12,1.15,10.38,2,0,14.06
3518,T02,D1_S1,D1,S1,0,0.0,5.834,1.12,1.15,3.37,0,0,12.98
3519,T03,S2_CR1,S2,CR1,1,216.8,8.334,1.39,1.15,4.71,6,0,34.07
3520,T01,D2_S4,D2,S4,0,0.0,6.638,1.49,1.35,0.78,5,0,24.33
3521,T10,D2_S3,D2,S3,0,0.0,6.362,1.39,1.35,10.13,1,1,26.04
3522,T02,S1_CR1,S1,CR1,1,213.1,8.767,0.8,1.15,3.03,3,0,27.4
3523,T05,D1_S5,D1,S5,0,0.0,6.724,1.12,1.15,2.56,2,0,16.13
3524,T02,S1_D1,S1,D1,1,201.0,5.834,1.12,1.15,6.84,3,0,16.31
3525,T07,S6_CR2,S6,CR2,1,200.8,8.342,1.9,1.35,7.22,4,0,27.57
3526,T09,CR2_S4,CR2,S4,0,0.0,6.855,1.9,1.35,4.85,2,0,17.92
3527,T08,CR1_S1,CR1,S1,0,0.0,8.767,0.8,1.15,10.38,1,0,22.29
3528,T08,D2_S4,D2,S4,0,0.0,6.638,1.49,1.35,5.71,4,0,23.06
3529,T09,CR1_S5,CR1,S5,0,0.0,10.342,0.89,1.15,2.9,3,0,27.82
3530,T03,S3_CR1,S3,CR1,1,195.1,8.135,1.57,1.15,11.26,0,0,20.61
3531,T08,S1_CR1,S1,CR1,1,220.0,8.767,0.8,1.15,2.86,4,0,29.9
3532,T04,CR1_S2,CR1,S2,0,0.0,8.334,1.39,1.15,6.11,3,0,23.32
3533,T08,D2_S4,D2,S4,0,0.0,6.638,1.49,1.35,10.92,2,1,27.22
3534,T05,S3_D2,S3,D2,1,185.9,6.362,1.39,1.35,4.68,3,0,27.12
3535,T01,D1_S1,D1,S1,0,0.0,5.834,1.12,1.15,4.59,2,0,15.32
3536,T09,D1_S1,D1,S1,0,0.0,5.834,1.12,1.15,9.19,6,0,16.52
3537,T04,D1_S5,D1,S5,0,0.0,6.724,1.12,1.15,0.18,2,0,17.79
3538,T02,CR2_S4,CR2,S4,0,0.0,6.855,1.9,1.35,11.16,2,0,17.56
3539,T08,CR1_S3,CR1,S3,0,0.0,8.135,1.57,1.15,0.86,1,0,17.26
3540,T04,S1_D1,S1,D1,1,192.7,5.834,1.12,1.15,0.07,1,0,15.48
3541,T05,CR1_S5,CR1,S5,0,0.0,10.342,0.89,1.15,1.92,2,0,27.44
3542,T05,S1_D1,S1,D1,1,178.0,5.834,1.12,1.15,2.58,3,0,18.5
3543,T08,D2_S4,D2,S4,0,0.0,6.638,1.49,1.35,2.06,3,0,22.81
3544,T03,D2_S3,D2,S3,0,0.0,6.362,1.39,1.35,6.44,3,0,23.97
3545,T05,S1_D1,S1,D1,1,190.5,5.834,1.12,1.15,5.93,1,0,16.27
3546,T05,S6_CR2,S6,CR2,1,189.3,8.342,1.9,1.35,5.3,3,1,39.41
3547,T10,S3_D2,S3,D2,1,174.0,6.362,1.39,1.35,10.77,1,0,26.94
3548,T03,S5_D1,S5,D1,1,220.0,6.724,1.12,1.15,2.76,3,0,18.62
3549,T07,CR2_S4,CR2,S4,0,0.0,6.855,1.9,1.35,8.6,1,0,17.37
3550,T08,CR1_S2,CR1,S2,0,0.0,8.334,1.39,1.15,3.8,2,0,23.87
3551,T05,D2_S3,D2,S3,0,0.0,6.362,1.39,1.35,10.08,1,0,21.8
3552,T10,S3_D2,S3,D2,1,191.8,6.362,1.39,1.35,11.19,3,0,26.22
3553,T08,D2_S3,D2,S3,0,0.0,6.362,1.39,1.35,10.62,1,0,20.3
3554,T09,D2_S4,D2,S4,0,0.0,6.638,1.49,1.35,9.37,2,0,19.24
3555,T07,CR1_S5,CR1,S5,0,0.0,10.342,0.89,1.15,4.21,4,0,28.2
3556,T01,S5_CR1,S5,CR1,1,175.8,10.342,0.89,1.15,7.42,5,0,38.68
3557,T02,S2_CR1,S2,CR1,1,190.8,8.334,1.39,1.15,8.31,0,0,24.74
3558,T06,S4_CR2,S4,CR2,1,210.3,6.855,1.9,1.35,1.5,2,0,24.21
3559,T03,S4_CR2,S4,CR2,1,201.7,6.855,1.9,1.35,4.14,3,0,22.14
3560,T04,S5_CR1,S5,CR1,1,188.5,10.342,0.89,1.15,11.32,2,0,34.46
3561,T01,CR1_S1,CR1,S1,0,0.0,8.767,0.8,1.15,1.22,4,0,24.93
3562,T10,S5_CR1,S5,CR1,1,178.4,10.342,0.89,1.15,11.75,5,0,35.89
3563,T10,S3_CR2,S3,CR2,1,197.9,6.579,1.9,1.35,6.64,6,0,26.76
3564,T06,S3_D2,S3,D2,1,212.5,6.362,1.39,1.35,4.46,3,1,33.02
3565,T01,S3_D2,S3,D2,1,185.0,6.362,1.39,1.35,6.86,4,0,24.42
3566,T01,S3_CR1,S3,CR1,1,183.2,8.135,1.57,1.15,6.99,3,0,19.89
3567,T02,S3_D2,S3,D2,1,211.8,6.362,1.39,1.35,0.0,1,0,26.13
3568,T07,S1_D1,S1,D1,1,203.4,5.834,1.12,1.15,8.6,3,0,15.56
3569,T08,S3_D2,S3,D2,1,185.9,6.362,1.39,1.35,11.81,0,0,26.21
3570,T09,CR1_S3,CR1,S3,0,0.0,8.135,1.57,1.15,10.86,2,0,17.33
3571,T08,D2_S3,D2,S3,0,0.0,6.362,1.39,1.35,5.78,5,0,23.64
3572,T09,S2_CR1,S2,CR1,1,167.2,8.334,1.39,1.15,4.22,1,0,25.1
3573,T04,CR1_S5,CR1,S5,0,0.0,10.342,0.89,1.15,11.35,2,0,26.79
3574,T02,S3_CR2,S3,CR2,1,184.0,6.579,1.9,1.35,1.33,2,0,22.22
3575,T03,CR1_S3,CR1,S3,0,0.0,8.135,1.57,1.15,8.05,1,0,17.04
3576,T03,CR1_S2,CR1,S2,0,0.0,8.334,1.39,1.15,5.2,0,0,23.39
3577,T05,S5_D1,S5,D1,1,183.9,6.724,1.12,1.15,7.19,3,0,23.58
3578,T02,CR2_S6,CR2,S6,0,0.0,8.342,1.9,1.35,6.11,3,0,21.7
3579,T08,S5_D1,S5,D1,1,183.7,6.724,1.12,1.15,9.84,2,0,20.51
3580,T05,CR2_S3,CR2,S3,0,0.0,6.579,1.9,1.35,2.26,4,0,21.81
3581,T10,S5_D1,S5,D1,1,198.7,6.724,1.12,1.15,6.01,4,0,23.35
3582,T03,S3_CR1,S3,CR1,1,209.8,8.135,1.57,1.15,5.3,7,0,26.72
3583,T03,CR1_S3,CR1,S3,0,0.0,8.135,1.57,1.15,10.28,2,0,18.47
3584,T03,CR1_S5,CR1,S5,0,0.0,10.342,0.89,1.15,9.75,1,0,24.42
3585,T09,CR1_S2,CR1,S2,0,0.0,8.334,1.39,1.15,11.07,2,1,29.32
3586,T08,S3_CR2,S3,CR2,1,204.3,6.579,1.9,1.35,4.03,1,0,21.55
3587,T04,S1_CR1,S1,CR1,1,202.3,8.767,0.8,1.15,10.65,1,0,26.69
3588,T10,CR1_S1,CR1,S1,0,0.0,8.767,0.8,1.15,6.11,5,0,24.33
3589,T06,S5_CR1,S5,CR1,1,190.0,10.342,0.89,1.15,10.99,3,0,33.44
3590,T06,D2_S3,D2,S3,0,0.0,6.362,1.39,1.35,8.79,2,0,20.27
3591,T09,S3_CR2,S3,CR2,1,204.2,6.579,1.9,1.35,1.2,3,0,24.19
3592,T08,CR1_S5,CR1,S5,0,0.0,10.342,0.89,1.15,6.8,2,1,32.01
3593,T07,S4_D2,S4,D2,1,199.8,6.638,1.49,1.35,8.48,1,0,25.55
3594,T03,CR1_S1,CR1,S1,0,0.0,8.767,0.8,1.15,5.95,6,0,26.36
3595,T01,CR2_S3,CR2,S3,0,0.0,6.579,1.9,1.35,10.52,4,0,20.71
3596,T08,S5_D1,S5,D1,1,205.9,6.724,1.12,1.15,1.57,3,0,21.67
3597,T05,S4_D2,S4,D2,1,185.2,6.638,1.49,1.35,3.16,1,0,28.95
3598,T04,D2_S4,D2,S4,0,0.0,6.638,1.49,1.35,11.46,4,0,23.44
3599,T01,D2_S3,D2,S3,0,0.0,6.362,1.39,1.35,10.45,0,0,20.19
3600,T02,S4_CR2,S4,CR2,1,209.3,6.855,1.9,1.35,11.06,0,0,19.68
3601,T05,CR1_S3,CR1,S3,0,0.0,8.135,1.57,1.15,5.33,4,0,20.38
3602,T04,CR1_S1,CR1,S1,0,0.0,8.767,0.8,1.15,9.79,1,0,24.45
3603,T01,S4_D2,S4,D2,1,220.0,6.638,1.49,1.35,8.23,2,0,26.96
3604,T02,S4_D2,S4,D2,1,200.6,6.638,1.49,1.35,1.66,1,0,24.56
3605,T01,CR1_S3,CR1,S3,0,0.0,8.135,1.57,1.15,4.28,5,0,18.5
3606,T07,S1_CR1,S1,CR1,1,203.0,8.767,0.8,1.15,0.15,2,1,44.39
3607,T10,S2_CR1,S2,CR1,1,183.2,8.334,1.39,1.15,1.89,3,0,27.29
3608,T02,CR2_S3,CR2,S3,0,0.0,6.579,1.9,1.35,8.7,4,0,22.61
3609,T06,S3_D2,S3,D2,1,203.4,6.362,1.39,1.35,1.03,2,0,27.5
3610,T10,S6_CR2,S6,CR2,1,181.9,8.342,1.9,1.35,9.52,2,0,25.54
3611,T03,D1_S5,D1,S5,0,0.0,6.724,1.12,1.15,2.53,0,0,15.86
3612,T02,CR1_S2,CR1,S2,0,0.0,8.334,1.39,1.15,9.59,3,0,20.7
3613,T03,CR2_S4,CR2,S4,0,0.0,6.855,1.9,1.35,6.99,3,0,20.16
3614,T10,S6_CR2,S6,CR2,1,180.3,8.342,1.9,1.35,1.98,1,0,25.99
3615,T03,S1_D1,S1,D1,1,208.6,5.834,1.12,1.15,11.86,3,0,16.7
3616,T08,CR1_S2,CR1,S2,0,0.0,8.334,1.39,1.15,10.15,2,0,23.93
3617,T06,S6_CR2,S6,CR2,1,180.2,8.342,1.9,1.35,8.61,1,0,25.7
3618,T03,CR1_S1,CR1,S1,0,0.0,8.767,0.8,1.15,1.38,3,0,23.99
3619,T04,CR1_S2,CR1,S2,0,0.0,8.334,1.39,1.15,8.02,4,0,25.1
3620,T05,D2_S3,D2,S3,0,0.0,6.362,1.39,1.35,7.63,2,1,25.49
3621,T01,CR2_S3,CR2,S3,0,0.0,6.579,1.9,1.35,0.86,1,0,17.84
3622,T05,CR2_S4,CR2,S4,0,0.0,6.855,1.9,1.35,6.71,4,0,20.99
3623,T03,CR1_S3,CR1,S3,0,0.0,8.135,1.57,1.15,1.75,2,0,18.52
3624,T03,S1_CR1,S1,CR1,1,172.9,8.767,0.8,1.15,8.79,2,0,26.39
3625,T08,S3_CR2,S3,CR2,1,212.3,6.579,1.9,1.35,5.51,2,0,23.59
3626,T08,S6_CR2,S6,CR2,1,173.0,8.342,1.9,1.35,6.67,2,0,28.02
3627,T02,S4_CR2,S4,CR2,1,220.0,6.855,1.9,1.35,6.46,4,0,24.56
3628,T06,S2_CR1,S2,CR1,1,185.3,8.334,1.39,1.15,4.76,4,0,26.13
3629,T08,CR1_S1,CR1,S1,0,0.0,8.767,0.8,1.15,9.73,2,0,21.13
3630,T08,CR1_S5,CR1,S5,0,0.0,10.342,0.89,1.15,0.45,1,0,26.88
3631,T04,CR2_S6,CR2,S6,0,0.0,8.342,1.9,1.35,6.8,6,1,30.77
3632,T04,S2_CR1,S2,CR1,1,198.5,8.334,1.39,1.15,5.23,5,0,30.43
3633,T09,S3_CR1,S3,CR1,1,220.0,8.135,1.57,1.15,8.98,3,0,21.66
3634,T09,D2_S4,D2,S4,0,0.0,6.638,1.49,1.35,4.55,4,0,25.89
3635,T09,CR2_S6,CR2,S6,0,0.0,8.342,1.9,1.35,11.86,4,0,25.17
3636,T08,CR1_S3,CR1,S3,0,0.0,8.135,1.57,1.15,1.3,1,0,16.5
3637,T08,CR1_S2,CR1,S2,0,0.0,8.334,1.39,1.15,11.98,2,0,23.95
3638,T10,D2_S4,D2,S4,0,0.0,6.638,1.49,1.35,11.77,0,1,26.73
3639,T05,CR1_S3,CR1,S3,0,0.0,8.135,1.57,1.15,7.91,0,1,17.81
3640,T08,D1_S5,D1,S5,0,0.0,6.724,1.12,1.15,5.81,4,0,17.99
3641,T04,CR1_S2,CR1,S2,0,0.0,8.334,1.39,1.15,5.89,3,0,22.4
3642,T09,S5_CR1,S5,CR1,1,196.3,10.342,0.89,1.15,8.84,6,0,35.43
3643,T10,CR1_S5,CR1,S5,0,0.0,10.342,0.89,1.15,4.05,3,0,29.53
3644,T03,S5_D1,S5,D1,1,220.0,6.724,1.12,1.15,3.07,1,1,31.15
3645,T03,CR1_S1,CR1,S1,0,0.0,8.767,0.8,1.15,0.31,1,0,22.54
3646,T06,CR1_S1,CR1,S1,0,0.0,8.767,0.8,1.15,0.85,2,0,20.79
3647,T04,D1_S5,D1,S5,0,0.0,6.724,1.12,1.15,2.38,2,0,17.17
3648,T10,D2_S4,D2,S4,0,0.0,6.638,1.49,1.35,11.93,3,0,22.69
3649,T08,S5_CR1,S5,CR1,1,220.0,10.342,0.89,1.15,0.61,3,0,35.68
3650,T08,CR1_S5,CR1,S5,0,0.0,10.342,0.89,1.15,7.54,2,0,26.4
3651,T01,CR2_S6,CR2,S6,0,0.0,8.342,1.9,1.35,9.43,2,0,21.51
3652,T09,D1_S5,D1,S5,0,0.0,6.724,1.12,1.15,6.8,7,0,20.99
3653,T08,S2_CR1,S2,CR1,1,210.5,8.334,1.39,1.15,2.78,3,0,29.44
3654,T03,S5_CR1,S5,CR1,1,220.0,10.342,0.89,1.15,2.62,2,0,30.22
3655,T09,CR1_S2,CR1,S2,0,0.0,8.334,1.39,1.15,4.65,1,1,30.7
3656,T07,CR1_S1,CR1,S1,0,0.0,8.767,0.8,1.15,8.02,2,0,22.4
3657,T10,D1_S1,D1,S1,0,0.0,5.834,1.12,1.15,4.7,4,0,14.25
3658,T10,CR1_S3,CR1,S3,0,0.0,8.135,1.57,1.15,3.29,1,0,17.47
3659,T10,CR1_S1,CR1,S1,0,0.0,8.767,0.8,1.15,7.95,4,0,21.66
3660,T08,D1_S5,D1,S5,0,0.0,6.724,1.12,1.15,10.4,2,0,15.97
3661,T02,S4_D2,S4,D2,1,188.2,6.638,1.49,1.35,1.27,1,0,26.48
3662,T05,D1_S1,D1,S1,0,0.0,5.834,1.12,1.15,9.01,1,0,12.89
3663,T01,CR2_S4,CR2,S4,0,0.0,6.855,1.9,1.35,11.88,3,0,20.66
3664,T05,D1_S5,D1,S5,0,0.0,6.724,1.12,1.15,9.25,0,0,15.26
3665,T10,S5_CR1,S5,CR1,1,187.3,10.342,0.89,1.15,1.04,1,0,34.07
3666,T03,CR1_S2,CR1,S2,0,0.0,8.334,1.39,1.15,9.47,1,0,22.59
3667,T03,CR2_S4,CR2,S4,0,0.0,6.855,1.9,1.35,1.89,3,0,19.4
3668,T07,S2_CR1,S2,CR1,1,196.6,8.334,1.39,1.15,0.92,4,1,34.97
3669,T04,S6_CR2,S6,CR2,1,197.1,8.342,1.9,1.35,3.66,2,0,27.62
3670,T05,CR1_S2,CR1,S2,0,0.0,8.334,1.39,1.15,4.39,3,0,23.38
3671,T05,S4_D2,S4,D2,1,185.7,6.638,1.49,1.35,4.11,3,1,36.47
3672,T01,CR2_S4,CR2,S4,0,0.0,6.855,1.9,1.35,6.67,6,0,22.93
3673,T04,S5_CR1,S5,CR1,1,205.3,10.342,0.89,1.15,0.86,1,0,27.31
3674,T06,CR1_S5,CR1,S5,0,0.0,10.342,0.89,1.15,4.34,2,0,25.97
3675,T06,CR1_S2,CR1,S2,0,0.0,8.334,1.39,1.15,5.08,8,0,28.38
3676,T01,S4_CR2,S4,CR2,1,163.3,6.855,1.9,1.35,5.32,4,0,23.96
3677,T02,S4_D2,S4,D2,1,197.9,6.638,1.49,1.35,6.01,2,1,34.04
3678,T09,D2_S4,D2,S4,0,0.0,6.638,1.49,1.35,8.5,2,0,22.39
3679,T03,CR1_S1,CR1,S1,0,0.0,8.767,0.8,1.15,7.78,5,0,23.99
3680,T01,CR1_S3,CR1,S3,0,0.0,8.135,1.57,1.15,8.06,2,0,19.03
3681,T06,S5_CR1,S5,CR1,1,168.7,10.342,0.89,1.15,11.16,2,0,35.33
3682,T08,CR1_S3,CR1,S3,0,0.0,8.135,1.57,1.15,3.29,2,0,19.17
3683,T09,CR1_S1,CR1,S1,0,0.0,8.767,0.8,1.15,0.74,2,0,25.36
3684,T06,S3_CR2,S3,CR2,1,198.3,6.579,1.9,1.35,9.4,4,0,22.93
3685,T02,CR1_S1,CR1,S1,0,0.0,8.767,0.8,1.15,0.52,5,0,26.89
3686,T01,S6_CR2,S6,CR2,1,212.9,8.342,1.9,1.35,7.37,1,0,27.37
3687,T10,CR2_S3,CR2,S3,0,0.0,6.579,1.9,1.35,6.83,6,0,20.0
3688,T03,S2_CR1,S2,CR1,1,167.2,8.334,1.39,1.15,8.0,2,0,29.18
3689,T03,D1_S5,D1,S5,0,0.0,6.724,1.12,1.15,10.26,2,0,15.97
3690,T05,CR2_S6,CR2,S6,0,0.0,8.342,1.9,1.35,4.74,3,0,21.53
3691,T08,S1_CR1,S1,CR1,1,175.2,8.767,0.8,1.15,3.33,2,1,36.36
3692,T04,CR1_S3,CR1,S3,0,0.0,8.135,1.57,1.15,0.51,2,0,17.25
3693,T01,S1_D1,S1,D1,1,190.1,5.834,1.12,1.15,11.5,1,0,17.39
3694,T02,S3_CR2,S3,CR2,1,195.4,6.579,1.9,1.35,0.54,3,0,25.61
3695,T09,S3_CR1,S3,CR1,1,176.9,8.135,1.57,1.15,2.78,1,0,19.55
3696,T03,CR1_S5,CR1,S5,0,0.0,10.342,0.89,1.15,6.89,3,0,28.62
3697,T10,D2_S3,D2,S3,0,0.0,6.362,1.39,1.35,3.49,2,0,21.51
3698,T03,S3_CR1,S3,CR1,1,201.5,8.135,1.57,1.15,1.78,2,0,20.24
3699,T05,CR2_S4,CR2,S4,0,0.0,6.855,1.9,1.35,0.56,6,0,22.86
3700,T01,S1_CR1,S1,CR1,1,205.4,8.767,0.8,1.15,7.13,5,0,31.14
3701,T03,S1_CR1,S1,CR1,1,201.8,8.767,0.8,1.15,1.31,4,0,32.81
3702,T03,S5_CR1,S5,CR1,1,175.4,10.342,0.89,1.15,6.91,8,0,37.24
3703,T04,S3_D2,S3,D2,1,198.3,6.362,1.39,1.35,6.46,2,0,26.57
3704,T08,CR2_S3,CR2,S3,0,0.0,6.579,1.9,1.35,11.27,3,0,20.34
3705,T01,S1_D1,S1,D1,1,201.0,5.834,1.12,1.15,10.85,2,0,17.61
3706,T08,D1_S1,D1,S1,0,0.0,5.834,1.12,1.15,8.43,3,0,14.26
3707,T06,S5_CR1,S5,CR1,1,178.0,10.342,0.89,1.15,6.81,4,0,38.0
3708,T09,D2_S4,D2,S4,0,0.0,6.638,1.49,1.35,4.89,3,0,22.57
3709,T09,S1_CR1,S1,CR1,1,192.5,8.767,0.8,1.15,2.89,4,0,30.39
3710,T08,CR2_S4,CR2,S4,0,0.0,6.855,1.9,1.35,2.02,2,0,18.17
3711,T03,CR1_S2,CR1,S2,0,0.0,8.334,1.39,1.15,6.72,4,0,23.98
3712,T07,S1_CR1,S1,CR1,1,191.7,8.767,0.8,1.15,5.86,4,0,30.03
3713,T07,S1_D1,S1,D1,1,176.0,5.834,1.12,1.15,2.74,0,0,14.82
3714,T02,D2_S3,D2,S3,0,0.0,6.362,1.39,1.35,3.95,4,0,22.87
3715,T07,S2_CR1,S2,CR1,1,184.9,8.334,1.39,1.15,11.2,2,0,27.35
3716,T05,CR2_S6,CR2,S6,0,0.0,8.342,1.9,1.35,10.14,2,0,20.92
3717,T04,S3_CR2,S3,CR2,1,209.1,6.579,1.9,1.35,0.54,4,0,25.38
3718,T02,S4_D2,S4,D2,1,215.5,6.638,1.49,1.35,9.77,3,0,25.57
3719,T01,CR1_S2,CR1,S2,0,0.0,8.334,1.39,1.15,0.28,2,0,22.54
3720,T05,S1_D1,S1,D1,1,192.6,5.834,1.12,1.15,5.32,0,0,13.78
3721,T09,CR2_S4,CR2,S4,0,0.0,6.855,1.9,1.35,3.79,2,0,17.8
3722,T07,S4_D2,S4,D2,1,207.3,6.638,1.49,1.35,0.63,1,0,26.72
3723,T07,CR1_S2,CR1,S2,0,0.0,8.334,1.39,1.15,9.74,2,0,23.25
3724,T10,S4_D2,S4,D2,1,173.2,6.638,1.49,1.35,7.77,2,0,27.14
3725,T03,CR2_S3,CR2,S3,0,0.0,6.579,1.9,1.35,10.78,1,0,18.31
3726,T08,D2_S3,D2,S3,0,0.0,6.362,1.39,1.35,7.71,4,0,23.32
3727,T10,CR1_S5,CR1,S5,0,0.0,10.342,0.89,1.15,10.56,2,0,27.19
3728,T07,S5_CR1,S5,CR1,1,183.4,10.342,0.89,1.15,7.17,0,0,32.23
3729,T07,D1_S1,D1,S1,0,0.0,5.834,1.12,1.15,1.22,2,1,19.82
3730,T01,CR2_S4,CR2,S4,0,0.0,6.855,1.9,1.35,4.12,5,0,18.21
3731,T02,CR2_S4,CR2,S4,0,0.0,6.855,1.9,1.35,5.0,4,0,18.77
3732,T06,S4_D2,S4,D2,1,184.7,6.638,1.49,1.35,8.44,2,0,26.22
3733,T07,CR1_S5,CR1,S5,0,0.0,10.342,0.89,1.15,0.03,4,0,28.51
3734,T01,S5_CR1,S5,CR1,1,184.2,10.342,0.89,1.15,9.63,2,0,35.64
3735,T02,S2_CR1,S2,CR1,1,173.7,8.334,1.39,1.15,2.7,0,0,25.93
3736,T05,S1_CR1,S1,CR1,1,185.0,8.767,0.8,1.15,10.3,2,0,30.25
3737,T10,CR1_S2,CR1,S2,0,0.0,8.334,1.39,1.15,8.26,2,0,24.51
3738,T03,CR1_S1,CR1,S1,0,0.0,8.767,0.8,1.15,11.64,1,0,21.92
3739,T06,CR1_S1,CR1,S1,0,0.0,8.767,0.8,1.15,4.81,3,0,23.24
3740,T04,S2_CR1,S2,CR1,1,198.7,8.334,1.39,1.15,6.94,5,0,30.72
3741,T02,S5_D1,S5,D1,1,193.4,6.724,1.12,1.15,11.97,1,1,21.75
3742,T05,S1_D1,S1,D1,1,193.2,5.834,1.12,1.15,10.35,0,0,14.82
3743,T04,CR1_S2,CR1,S2,0,0.0,8.334,1.39,1.15,10.09,4,0,22.78
3744,T02,D1_S1,D1,S1,0,0.0,5.834,1.12,1.15,0.89,1,0,12.61
3745,T07,CR2_S4,CR2,S4,0,0.0,6.855,1.9,1.35,3.13,4,0,21.46
3746,T10,D1_S1,D1,S1,0,0.0,5.834,1.12,1.15,6.94,3,0,15.19
3747,T10,CR1_S2,CR1,S2,0,0.0,8.334,1.39,1.15,7.83,2,0,22.92
3748,T10,CR1_S3,CR1,S3,0,0.0,8.135,1.57,1.15,5.08,6,0,21.17
3749,T10,S1_D1,S1,D1,1,190.6,5.834,1.12,1.15,4.36,3,0,16.76
3750,T02,CR1_S3,CR1,S3,0,0.0,8.135,1.57,1.15,7.77,3,0,16.88
3751,T07,CR1_S1,CR1,S1,0,0.0,8.767,0.8,1.15,8.34,2,0,23.06
3752,T04,S6_CR2,S6,CR2,1,177.4,8.342,1.9,1.35,10.47,7,0,31.98
3753,T04,S4_D2,S4,D2,1,204.3,6.638,1.49,1.35,9.45,1,1,36.34
3754,T05,S3_CR2,S3,CR2,1,206.8,6.579,1.9,1.35,2.43,1,0,22.52
3755,T04,D1_S1,D1,S1,0,0.0,5.834,1.12,1.15,3.22,1,0,11.35
3756,T06,CR1_S3,CR1,S3,0,0.0,8.135,1.57,1.15,4.27,3,0,20.75
3757,T08,S5_CR1,S5,CR1,1,201.6,10.342,0.89,1.15,7.57,3,0,35.7
3758,T09,S1_D1,S1,D1,1,197.5,5.834,1.12,1.15,9.24,0,0,14.1
3759,T08,S3_CR1,S3,CR1,1,186.5,8.135,1.57,1.15,1.57,5,0,23.16
3760,T09,D1_S1,D1,S1,0,0.0,5.834,1.12,1.15,9.15,1,0,12.18
3761,T04,S3_CR1,S3,CR1,1,184.0,8.135,1.57,1.15,2.09,5,0,25.35
3762,T02,CR2_S4,CR2,S4,0,0.0,6.855,1.9,1.35,11.44,2,0,18.37
3763,T04,S5_D1,S5,D1,1,190.8,6.724,1.12,1.15,6.6,2,0,19.78
3764,T05,D1_S1,D1,S1,0,0.0,5.834,1.12,1.15,8.2,3,0,15.33
3765,T01,S5_D1,S5,D1,1,197.6,6.724,1.12,1.15,2.59,3,0,20.56
3766,T09,CR2_S4,CR2,S4,0,0.0,6.855,1.9,1.35,3.16,4,0,21.21
3767,T04,CR1_S3,CR1,S3,0,0.0,8.135,1.57,1.15,2.66,6,1,27.73
3768,T08,S2_CR1,S2,CR1,1,189.1,8.334,1.39,1.15,4.35,2,0,26.02
3769,T10,S3_CR1,S3,CR1,1,195.3,8.135,1.57,1.15,3.29,0,0,19.59
3770,T08,S1_CR1,S1,CR1,1,193.5,8.767,0.8,1.15,7.27,2,0,30.44
3771,T06,S6_CR2,S6,CR2,1,201.4,8.342,1.9,1.35,6.37,6,0,29.23
3772,T09,CR1_S2,CR1,S2,0,0.0,8.334,1.39,1.15,7.31,1,0,19.78
3773,T07,S5_D1,S5,D1,1,181.2,6.724,1.12,1.15,6.43,4,0,24.46
3774,T07,S3_D2,S3,D2,1,187.2,6.362,1.39,1.35,9.51,1,0,26.95
3775,T02,S3_CR1,S3,CR1,1,193.7,8.135,1.57,1.15,1.6,2,0,21.56
3776,T04,S5_D1,S5,D1,1,220.0,6.724,1.12,1.15,6.33,6,0,25.88
3777,T02,D2_S4,D2,S4,0,0.0,6.638,1.49,1.35,7.89,4,0,23.28
3778,T03,CR1_S1,CR1,S1,0,0.0,8.767,0.8,1.15,7.57,2,0,22.11
3779,T03,S5_D1,S5,D1,1,180.5,6.724,1.12,1.15,11.93,2,0,20.43
3780,T05,S1_D1,S1,D1,1,189.6,5.834,1.12,1.15,7.07,4,0,17.7
3781,T03,S1_D1,S1,D1,1,167.2,5.834,1.12,1.15,11.67,3,0,15.29
3782,T08,CR1_S5,CR1,S5,0,0.0,10.342,0.89,1.15,1.83,0,0,23.8
3783,T10,S4_CR2,S4,CR2,1,205.3,6.855,1.9,1.35,11.93,3,0,22.84
3784,T04,S1_D1,S1,D1,1,184.0,5.834,1.12,1.15,6.0,3,0,16.93
3785,T08,D1_S1,D1,S1,0,0.0,5.834,1.12,1.15,1.52,3,0,15.22
3786,T04,S4_D2,S4,D2,1,190.1,6.638,1.49,1.35,10.02,3,0,27.57
3787,T03,S2_CR1,S2,CR1,1,180.9,8.334,1.39,1.15,2.89,3,1,31.67
3788,T07,CR1_S5,CR1,S5,0,0.0,10.342,0.89,1.15,4.22,1,0,25.45
3789,T04,S2_CR1,S2,CR1,1,184.4,8.334,1.39,1.15,2.05,4,0,28.03
3790,T05,S3_CR1,S3,CR1,1,184.2,8.135,1.57,1.15,11.59,3,0,20.67
3791,T05,D1_S1,D1,S1,0,0.0,5.834,1.12,1.15,4.0,3,0,13.08
3792,T03,D1_S1,D1,S1,0,0.0,5.834,1.12,1.15,8.47,6,0,16.34
3793,T03,CR1_S5,CR1,S5,0,0.0,10.342,0.89,1.15,7.48,4,0,26.88
3794,T07,S1_D1,S1,D1,1,199.8,5.834,1.12,1.15,3.4,2,0,16.31
3795,T09,S5_CR1,S5,CR1,1,216.9,10.342,0.89,1.15,8.74,4,0,38.12
3796,T06,S5_D1,S5,D1,1,212.8,6.724,1.12,1.15,5.18,5,0,24.54
3797,T10,CR1_S3,CR1,S3,0,0.0,8.135,1.57,1.15,4.78,0,0,15.53
3798,T03,S3_CR2,S3,CR2,1,186.3,6.579,1.9,1.35,8.12,3,0,24.07
3799,T06,CR2_S4,CR2,S4,0,0.0,6.855,1.9,1.35,8.8,3,0,20.59
3800,T03,S6_CR2,S6,CR2,1,212.4,8.342,1.9,1.35,10.45,3,0,29.27
3801,T07,CR1_S1,CR1,S1,0,0.0,8.767,0.8,1.15,0.41,2,0,22.72
3802,T09,CR1_S1,CR1,S1,0,0.0,8.767,0.8,1.15,3.78,2,0,25.83
3803,T06,CR1_S1,CR1,S1,0,0.0,8.767,0.8,1.15,10.86,1,0,22.54
3804,T03,D2_S4,D2,S4,0,0.0,6.638,1.49,1.35,10.22,2,0,21.42
3805,T06,S2_CR1,S2,CR1,1,176.7,8.334,1.39,1.15,9.15,1,0,26.83
3806,T02,CR2_S4,CR2,S4,0,0.0,6.855,1.9,1.35,8.51,2,0,17.82
3807,T01,S4_CR2,S4,CR2,1,205.1,6.855,1.9,1.35,9.9,0,0,23.34
3808,T08,CR1_S2,CR1,S2,0,0.0,8.334,1.39,1.15,5.87,6,0,25.18
3809,T07,S1_D1,S1,D1,1,203.9,5.834,1.12,1.15,10.9,1,0,15.39
3810,T03,S4_CR2,S4,CR2,1,207.5,6.855,1.9,1.35,3.5,3,0,26.66
3811,T06,CR1_S5,CR1,S5,0,0.0,10.342,0.89,1.15,4.86,5,0,28.69
3812,T04,CR2_S6,CR2,S6,0,0.0,8.342,1.9,1.35,2.34,2,0,19.77
3813,T06,CR1_S1,CR1,S1,0,0.0,8.767,0.8,1.15,2.31,3,0,26.35
3814,T07,CR2_S3,CR2,S3,0,0.0,6.579,1.9,1.35,1.7,2,0,18.77
3815,T05,S2_CR1,S2,CR1,1,194.0,8.334,1.39,1.15,11.96,2,0,29.9
3816,T02,S1_CR1,S1,CR1,1,220.0,8.767,0.8,1.15,2.03,0,0,26.47
3817,T01,D1_S5,D1,S5,0,0.0,6.724,1.12,1.15,0.61,3,0,18.34
3818,T03,S2_CR1,S2,CR1,1,208.2,8.334,1.39,1.15,2.13,0,0,26.06
3819,T10,CR1_S2,CR1,S2,0,0.0,8.334,1.39,1.15,9.91,1,0,22.0
3820,T06,CR1_S2,CR1,S2,0,0.0,8.334,1.39,1.15,9.57,2,0,22.78
3821,T01,S5_CR1,S5,CR1,1,208.6,10.342,0.89,1.15,3.68,2,0,35.96
3822,T06,S1_CR1,S1,CR1,1,206.4,8.767,0.8,1.15,6.21,8,0,34.82
3823,T09,S5_CR1,S5,CR1,1,198.2,10.342,0.89,1.15,3.89,3,0,30.96
3824,T07,CR1_S1,CR1,S1,0,0.0,8.767,0.8,1.15,9.64,3,0,24.74
3825,T03,CR2_S3,CR2,S3,0,0.0,6.579,1.9,1.35,2.9,1,0,20.13
3826,T07,S3_CR2,S3,CR2,1,211.4,6.579,1.9,1.35,10.96,2,0,23.12
3827,T05,CR1_S3,CR1,S3,0,0.0,8.135,1.57,1.15,4.31,1,0,18.87
3828,T02,S3_CR2,S3,CR2,1,218.6,6.579,1.9,1.35,7.64,5,0,25.79
3829,T04,S2_CR1,S2,CR1,1,215.3,8.334,1.39,1.15,6.73,3,0,29.94
3830,T05,S1_D1,S1,D1,1,197.1,5.834,1.12,1.15,9.72,1,0,16.04
3831,T10,S4_D2,S4,D2,1,195.5,6.638,1.49,1.35,6.68,1,0,28.47
3832,T01,S4_D2,S4,D2,1,195.9,6.638,1.49,1.35,7.61,1,0,26.19
3833,T06,S3_CR2,S3,CR2,1,206.2,6.579,1.9,1.35,3.87,1,0,24.88
3834,T07,S1_CR1,S1,CR1,1,196.9,8.767,0.8,1.15,3.09,2,0,33.06
3835,T03,CR2_S4,CR2,S4,0,0.0,6.855,1.9,1.35,11.04,1,0,19.35
3836,T10,D1_S5,D1,S5,0,0.0,6.724,1.12,1.15,10.33,2,1,22.33
3837,T01,D2_S3,D2,S3,0,0.0,6.362,1.39,1.35,4.84,1,0,22.47
3838,T02,S4_D2,S4,D2,1,172.9,6.638,1.49,1.35,7.34,3,0,25.55
3839,T02,CR1_S2,CR1,S2,0,0.0,8.334,1.39,1.15,3.79,3,0,23.26
3840,T01,D2_S4,D2,S4,0,0.0,6.638,1.49,1.35,0.19,0,1,26.71
3841,T07,CR1_S1,CR1,S1,0,0.0,8.767,0.8,1.15,4.25,1,0,20.07
3842,T09,S1_CR1,S1,CR1,1,203.8,8.767,0.8,1.15,6.19,3,0,27.27
3843,T10,CR1_S2,CR1,S2,0,0.0,8.334,1.39,1.15,11.27,0,0,19.49
3844,T07,CR1_S3,CR1,S3,0,0.0,8.135,1.57,1.15,8.84,1,0,17.83
3845,T08,S1_D1,S1,D1,1,196.9,5.834,1.12,1.15,5.24,3,0,15.89
3846,T02,S1_D1,S1,D1,1,209.7,5.834,1.12,1.15,2.99,2,0,17.65
3847,T05,S2_CR1,S2,CR1,1,212.5,8.334,1.39,1.15,5.63,6,1,44.03
3848,T02,D1_S5,D1,S5,0,0.0,6.724,1.12,1.15,10.66,3,0,16.79
3849,T06,S3_CR2,S3,CR2,1,192.3,6.579,1.9,1.35,6.68,4,0,25.88
3850,T06,S3_D2,S3,D2,1,208.1,6.362,1.39,1.35,11.28,2,0,30.96
3851,T04,D2_S3,D2,S3,0,0.0,6.362,1.39,1.35,9.21,0,0,19.23
3852,T09,S6_CR2,S6,CR2,1,199.1,8.342,1.9,1.35,7.0,3,0,28.81
3853,T01,S5_CR1,S5,CR1,1,192.9,10.342,0.89,1.15,7.27,5,0,38.92
3854,T04,S3_D2,S3,D2,1,213.9,6.362,1.39,1.35,4.1,3,0,27.81
3855,T03,D2_S3,D2,S3,0,0.0,6.362,1.39,1.35,11.37,3,0,18.76
3856,T04,D1_S1,D1,S1,0,0.0,5.834,1.12,1.15,10.46,3,0,12.99
3857,T07,D2_S4,D2,S4,0,0.0,6.638,1.49,1.35,6.31,4,0,24.31
3858,T05,S2_CR1,S2,CR1,1,188.1,8.334,1.39,1.15,6.19,3,0,29.16
3859,T01,CR2_S4,CR2,S4,0,0.0,6.855,1.9,1.35,9.83,3,0,18.28
3860,T02,S3_D2,S3,D2,1,220.0,6.362,1.39,1.35,5.05,0,0,25.83
3861,T08,S1_CR1,S1,CR1,1,184.6,8.767,0.8,1.15,0.8,2,0,29.56
3862,T09,D1_S5,D1,S5,0,0.0,6.724,1.12,1.15,0.0,2,0,16.98
3863,T04,S3_CR2,S3,CR2,1,176.7,6.579,1.9,1.35,4.89,3,0,24.97
3864,T01,S4_CR2,S4,CR2,1,217.3,6.855,1.9,1.35,10.91,2,0,25.12
3865,T09,S3_CR2,S3,CR2,1,177.4,6.579,1.9,1.35,11.73,4,0,26.89
3866,T05,CR2_S3,CR2,S3,0,0.0,6.579,1.9,1.35,6.86,5,0,20.66
3867,T01,S5_CR1,S5,CR1,1,214.1,10.342,0.89,1.15,3.02,2,0,34.04
3868,T01,D2_S3,D2,S3,0,0.0,6.362,1.39,1.35,10.86,2,0,19.83
3869,T07,S5_CR1,S5,CR1,1,179.0,10.342,0.89,1.15,9.04,3,0,37.34
3870,T10,S4_CR2,S4,CR2,1,157.2,6.855,1.9,1.35,1.21,1,0,23.55
3871,T05,S2_CR1,S2,CR1,1,171.0,8.334,1.39,1.15,8.47,2,0,28.62
3872,T01,S4_CR2,S4,CR2,1,197.0,6.855,1.9,1.35,3.67,1,0,21.81
3873,T08,S1_D1,S1,D1,1,206.9,5.834,1.12,1.15,1.34,1,0,15.49
3874,T01,CR2_S6,CR2,S6,0,0.0,8.342,1.9,1.35,3.37,3,0,19.81
3875,T10,CR1_S5,CR1,S5,0,0.0,10.342,0.89,1.15,4.74,5,0,29.08
3876,T04,CR1_S5,CR1,S5,0,0.0,10.342,0.89,1.15,5.68,3,0,28.85
3877,T01,S1_CR1,S1,CR1,1,186.6,8.767,0.8,1.15,6.08,3,0,29.62
3878,T01,D1_S1,D1,S1,0,0.0,5.834,1.12,1.15,6.3,0,0,11.42
3879,T02,CR2_S3,CR2,S3,0,0.0,6.579,1.9,1.35,0.94,2,0,19.93
3880,T08,D2_S4,D2,S4,0,0.0,6.638,1.49,1.35,5.35,4,0,24.33
3881,T09,S1_CR1,S1,CR1,1,187.8,8.767,0.8,1.15,4.1,4,0,28.52
3882,T07,CR2_S3,CR2,S3,0,0.0,6.579,1.9,1.35,7.59,2,0,16.75
3883,T10,S2_CR1,S2,CR1,1,189.4,8.334,1.39,1.15,6.47,1,0,26.44
3884,T08,S4_CR2,S4,CR2,1,187.3,6.855,1.9,1.35,1.5,2,0,22.79
3885,T09,CR1_S3,CR1,S3,0,0.0,8.135,1.57,1.15,11.87,1,0,17.51
3886,T05,CR1_S5,CR1,S5,0,0.0,10.342,0.89,1.15,4.89,2,0,27.58
3887,T06,D2_S3,D2,S3,0,0.0,6.362,1.39,1.35,8.41,3,0,25.6
3888,T09,S2_CR1,S2,CR1,1,205.8,8.334,1.39,1.15,7.23,2,0,28.06
3889,T06,CR1_S5,CR1,S5,0,0.0,10.342,0.89,1.15,3.56,4,0,25.82
3890,T06,D1_S1,D1,S1,0,0.0,5.834,1.12,1.15,6.48,4,0,15.79
3891,T06,S3_CR1,S3,CR1,1,208.6,8.135,1.57,1.15,3.04,0,0,21.03
3892,T03,D1_S5,D1,S5,0,0.0,6.724,1.12,1.15,5.7,3,0,16.65
3893,T08,S4_D2,S4,D2,1,195.0,6.638,1.49,1.35,11.04,3,0,26.81
3894,T10,S5_CR1,S5,CR1,1,188.7,10.342,0.89,1.15,11.98,3,0,39.75
3895,T05,D1_S5,D1,S5,0,0.0,6.724,1.12,1.15,2.62,2,0,17.28
3896,T05,D2_S3,D2,S3,0,0.0,6.362,1.39,1.35,3.2,4,0,24.88
3897,T05,CR1_S3,CR1,S3,0,0.0,8.135,1.57,1.15,11.47,2,0,15.99
3898,T08,S5_CR1,S5,CR1,1,210.1,10.342,0.89,1.15,0.49,3,0,31.05
3899,T09,S2_CR1,S2,CR1,1,210.5,8.334,1.39,1.15,4.68,0,0,25.94
3900,T05,S6_CR2,S6,CR2,1,192.7,8.342,1.9,1.35,3.53,2,0,29.14
3901,T09,CR1_S5,CR1,S5,0,0.0,10.342,0.89,1.15,9.13,1,0,24.1
3902,T02,S1_CR1,S1,CR1,1,199.6,8.767,0.8,1.15,10.33,0,0,28.16
3903,T05,CR1_S1,CR1,S1,0,0.0,8.767,0.8,1.15,6.47,2,0,24.2
3904,T10,CR1_S5,CR1,S5,0,0.0,10.342,0.89,1.15,7.42,3,1,33.58
3905,T08,S1_D1,S1,D1,1,197.2,5.834,1.12,1.15,0.49,1,0,15.55
3906,T04,S4_D2,S4,D2,1,206.4,6.638,1.49,1.35,6.17,2,0,25.92
3907,T10,CR2_S4,CR2,S4,0,0.0,6.855,1.9,1.35,11.0,4,0,22.16
3908,T10,D2_S3,D2,S3,0,0.0,6.362,1.39,1.35,6.82,1,0,21.69
3909,T04,CR1_S5,CR1,S5,0,0.0,10.342,0.89,1.15,0.55,2,0,26.6
3910,T03,CR1_S1,CR1,S1,0,0.0,8.767,0.8,1.15,0.52,2,0,24.23
3911,T01,S3_CR2,S3,CR2,1,209.1,6.579,1.9,1.35,2.94,1,0,21.46
3912,T10,S3_D2,S3,D2,1,176.5,6.362,1.39,1.35,8.71,0,0,26.17
3913,T09,CR2_S4,CR2,S4,0,0.0,6.855,1.9,1.35,0.5,4,0,21.0
3914,T09,CR1_S3,CR1,S3,0,0.0,8.135,1.57,1.15,11.94,5,0,19.96
3915,T09,CR1_S2,CR1,S2,0,0.0,8.334,1.39,1.15,2.79,0,0,19.84
3916,T01,CR1_S3,CR1,S3,0,0.0,8.135,1.57,1.15,11.32,4,0,19.82
3917,T08,CR1_S5,CR1,S5,0,0.0,10.342,0.89,1.15,5.65,4,0,29.63
3918,T10,CR2_S4,CR2,S4,0,0.0,6.855,1.9,1.35,2.8,3,0,19.4
3919,T03,S2_CR1,S2,CR1,1,204.1,8.334,1.39,1.15,3.26,2,0,31.41
3920,T04,S6_CR2,S6,CR2,1,190.8,8.342,1.9,1.35,11.58,2,0,28.18
3921,T10,CR1_S1,CR1,S1,0,0.0,8.767,0.8,1.15,1.42,4,0,24.14
3922,T06,CR2_S4,CR2,S4,0,0.0,6.855,1.9,1.35,3.07,2,0,20.1
3923,T02,CR2_S4,CR2,S4,0,0.0,6.855,1.9,1.35,8.53,4,0,18.1
3924,T10,S4_CR2,S4,CR2,1,191.0,6.855,1.9,1.35,7.02,6,0,28.76
3925,T05,CR1_S3,CR1,S3,0,0.0,8.135,1.57,1.15,1.38,3,0,19.76
3926,T03,S4_CR2,S4,CR2,1,220.0,6.855,1.9,1.35,7.47,3,0,23.05
3927,T02,S5_CR1,S5,CR1,1,175.0,10.342,0.89,1.15,0.15,4,0,36.69
3928,T05,CR1_S1,CR1,S1,0,0.0,8.767,0.8,1.15,3.6,3,0,23.78
3929,T06,S5_D1,S5,D1,1,196.5,6.724,1.12,1.15,9.64,1,0,20.98
3930,T02,S3_CR1,S3,CR1,1,192.5,8.135,1.57,1.15,6.77,3,0,22.18
3931,T04,S3_D2,S3,D2,1,200.5,6.362,1.39,1.35,8.95,2,0,25.78
3932,T02,S4_D2,S4,D2,1,203.1,6.638,1.49,1.35,10.08,2,0,25.47
3933,T06,S4_D2,S4,D2,1,187.5,6.638,1.49,1.35,5.21,1,0,25.24
3934,T03,S1_CR1,S1,CR1,1,198.0,8.767,0.8,1.15,9.41,2,0,28.99
3935,T04,CR1_S2,CR1,S2,0,0.0,8.334,1.39,1.15,2.5,4,0,23.83
3936,T03,CR2_S3,CR2,S3,0,0.0,6.579,1.9,1.35,6.03,4,1,23.77
3937,T07,S2_CR1,S2,CR1,1,201.8,8.334,1.39,1.15,6.29,8,0,33.47
3938,T03,S5_CR1,S5,CR1,1,191.3,10.342,0.89,1.15,2.72,4,0,33.66
3939,T01,CR2_S3,CR2,S3,0,0.0,6.579,1.9,1.35,0.85,2,0,18.03
3940,T05,D1_S1,D1,S1,0,0.0,5.834,1.12,1.15,10.8,1,0,12.21
3941,T07,S6_CR2,S6,CR2,1,196.5,8.342,1.9,1.35,0.5,3,0,26.95
3942,T05,D2_S3,D2,S3,0,0.0,6.362,1.39,1.35,11.94,1,0,19.53
3943,T07,S4_D2,S4,D2,1,204.3,6.638,1.49,1.35,3.09,1,0,27.6
3944,T06,S3_CR1,S3,CR1,1,206.4,8.135,1.57,1.15,8.81,2,0,23.54
3945,T08,D1_S1,D1,S1,0,0.0,5.834,1.12,1.15,2.54,2,0,13.78
3946,T06,CR1_S2,CR1,S2,0,0.0,8.334,1.39,1.15,10.47,1,0,22.38
3947,T04,S1_CR1,S1,CR1,1,159.3,8.767,0.8,1.15,0.16,0,0,25.18
3948,T02,S6_CR2,S6,CR2,1,214.8,8.342,1.9,1.35,3.55,1,0,27.51
3949,T05,S1_D1,S1,D1,1,205.1,5.834,1.12,1.15,3.95,2,0,16.28
3950,T10,S1_CR1,S1,CR1,1,191.2,8.767,0.8,1.15,2.69,1,0,26.18
3951,T09,S5_CR1,S5,CR1,1,181.2,10.342,0.89,1.15,7.79,3,0,37.43
3952,T09,CR2_S4,CR2,S4,0,0.0,6.855,1.9,1.35,11.26,2,0,19.09
3953,T04,CR2_S4,CR2,S4,0,0.0,6.855,1.9,1.35,6.88,3,0,19.18
3954,T08,S3_D2,S3,D2,1,201.1,6.362,1.39,1.35,10.48,2,0,29.93
3955,T02,S4_CR2,S4,CR2,1,190.3,6.855,1.9,1.35,10.64,0,1,26.21
3956,T06,CR1_S3,CR1,S3,0,0.0,8.135,1.57,1.15,3.94,1,0,16.51
3957,T05,D1_S5,D1,S5,0,0.0,6.724,1.12,1.15,8.52,1,0,15.78
3958,T04,S3_CR1,S3,CR1,1,181.5,8.135,1.57,1.15,2.15,0,0,20.23
3959,T04,S6_CR2,S6,CR2,1,209.4,8.342,1.9,1.35,7.13,3,0,28.73
3960,T06,D1_S5,D1,S5,0,0.0,6.724,1.12,1.15,8.75,1,0,14.32
3961,T02,S2_CR1,S2,CR1,1,203.5,8.334,1.39,1.15,2.83,1,0,27.51
3962,T04,S6_CR2,S6,CR2,1,193.3,8.342,1.9,1.35,9.32,1,1,35.14
3963,T10,S3_CR1,S3,CR1,1,194.7,8.135,1.57,1.15,6.83,1,0,20.47
3964,T04,S4_D2,S4,D2,1,178.4,6.638,1.49,1.35,8.4,0,0,25.46
3965,T01,S5_D1,S5,D1,1,207.0,6.724,1.12,1.15,9.52,3,0,22.43
3966,T10,S1_D1,S1,D1,1,211.9,5.834,1.12,1.15,4.98,4,0,17.87
3967,T08,S5_CR1,S5,CR1,1,191.0,10.342,0.89,1.15,9.0,2,0,36.61
3968,T02,CR2_S6,CR2,S6,0,0.0,8.342,1.9,1.35,10.7,3,0,23.75
3969,T02,CR1_S1,CR1,S1,0,0.0,8.767,0.8,1.15,2.19,0,0,20.26
3970,T03,S3_D2,S3,D2,1,182.7,6.362,1.39,1.35,1.84,3,0,26.89
3971,T04,D2_S4,D2,S4,0,0.0,6.638,1.49,1.35,2.89,4,0,23.9
3972,T01,S5_CR1,S5,CR1,1,188.5,10.342,0.89,1.15,8.56,2,0,31.05
3973,T03,D2_S3,D2,S3,0,0.0,6.362,1.39,1.35,4.04,4,0,22.75
3974,T05,S4_CR2,S4,CR2,1,187.0,6.855,1.9,1.35,8.15,3,0,24.96
3975,T08,S1_CR1,S1,CR1,1,192.7,8.767,0.8,1.15,2.45,0,0,24.5
3976,T06,D1_S5,D1,S5,0,0.0,6.724,1.12,1.15,1.59,0,0,14.81
3977,T05,D1_S5,D1,S5,0,0.0,6.724,1.12,1.15,10.29,2,1,19.61
3978,T03,S5_CR1,S5,CR1,1,185.3,10.342,0.89,1.15,9.26,1,1,45.17
3979,T05,S3_CR1,S3,CR1,1,204.0,8.135,1.57,1.15,10.14,3,1,26.55
3980,T02,S3_D2,S3,D2,1,180.3,6.362,1.39,1.35,5.36,1,0,29.44
3981,T09,CR2_S4,CR2,S4,0,0.0,6.855,1.9,1.35,11.84,3,0,20.52
3982,T08,CR2_S3,CR2,S3,0,0.0,6.579,1.9,1.35,8.19,0,0,18.14
3983,T08,D2_S4,D2,S4,0,0.0,6.638,1.49,1.35,0.57,2,0,18.82
3984,T02,S4_CR2,S4,CR2,1,191.7,6.855,1.9,1.35,3.7,3,0,22.25
3985,T02,S6_CR2,S6,CR2,1,197.5,8.342,1.9,1.35,11.75,1,0,28.59
3986,T06,S3_CR1,S3,CR1,1,212.4,8.135,1.57,1.15,0.88,2,0,22.43
3987,T06,CR1_S2,CR1,S2,0,0.0,8.334,1.39,1.15,1.55,1,0,20.53
3988,T06,CR1_S3,CR1,S3,0,0.0,8.135,1.57,1.15,5.62,7,0,20.93
3989,T05,D2_S3,D2,S3,0,0.0,6.362,1.39,1.35,8.56,3,0,22.45
3990,T01,S4_D2,S4,D2,1,205.5,6.638,1.49,1.35,9.85,0,1,30.41
3991,T01,CR2_S6,CR2,S6,0,0.0,8.342,1.9,1.35,10.11,0,0,21.83
3992,T03,CR2_S3,CR2,S3,0,0.0,6.579,1.9,1.35,2.72,2,0,20.09
3993,T03,CR1_S2,CR1,S2,0,0.0,8.334,1.39,1.15,3.25,1,0,22.79
3994,T04,S4_CR2,S4,CR2,1,173.1,6.855,1.9,1.35,11.21,2,0,23.91
3995,T09,D2_S4,D2,S4,0,0.0,6.638,1.49,1.35,3.44,2,0,22.4
3996,T01,CR1_S5,CR1,S5,0,0.0,10.342,0.89,1.15,3.41,2,0,25.67
3997,T01,S4_D2,S4,D2,1,190.5,6.638,1.49,1.35,5.35,3,0,27.32
3998,T08,D1_S1,D1,S1,0,0.0,5.834,1.12,1.15,2.53,3,0,14.13
3999,T04,CR1_S2,CR1,S2,0,0.0,8.334,1.39,1.15,6.31,2,0,20.16
4000,T09,S4_D2,S4,D2,1,190.3,6.638,1.49,1.35,5.04,5,0,29.36
4001,T08,D1_S5,D1,S5,0,0.0,6.724,1.12,1.15,9.55,1,0,15.76
4002,T03,CR1_S5,CR1,S5,0,0.0,10.342,0.89,1.15,2.66,2,0,29.81
4003,T10,S1_D1,S1,D1,1,205.9,5.834,1.12,1.15,3.06,1,0,15.18
4004,T03,D1_S5,D1,S5,0,0.0,6.724,1.12,1.15,8.58,1,0,15.09
4005,T10,CR1_S5,CR1,S5,0,0.0,10.342,0.89,1.15,0.72,2,0,26.51
4006,T04,D1_S5,D1,S5,0,0.0,6.724,1.12,1.15,8.23,2,0,16.79
4007,T09,S5_CR1,S5,CR1,1,205.6,10.342,0.89,1.15,11.26,0,0,32.82
4008,T03,CR2_S6,CR2,S6,0,0.0,8.342,1.9,1.35,1.27,1,0,22.7
4009,T07,CR2_S6,CR2,S6,0,0.0,8.342,1.9,1.35,5.11,1,1,24.76
4010,T07,D1_S1,D1,S1,0,0.0,5.834,1.12,1.15,3.3,3,0,15.71
4011,T04,D1_S5,D1,S5,0,0.0,6.724,1.12,1.15,9.72,0,0,16.85
4012,T05,S4_CR2,S4,CR2,1,164.8,6.855,1.9,1.35,7.81,0,0,22.89
4013,T02,CR1_S2,CR1,S2,0,0.0,8.334,1.39,1.15,8.44,1,0,23.43
4014,T09,S5_CR1,S5,CR1,1,167.2,10.342,0.89,1.15,5.96,1,0,30.89
4015,T04,S4_D2,S4,D2,1,187.1,6.638,1.49,1.35,2.23,1,0,25.35
4016,T05,S5_D1,S5,D1,1,155.6,6.724,1.12,1.15,1.51,4,0,20.21
4017,T08,S2_CR1,S2,CR1,1,178.5,8.334,1.39,1.15,9.63,2,0,28.54
4018,T06,D2_S3,D2,S3,0,0.0,6.362,1.39,1.35,10.59,3,0,25.91
4019,T02,CR2_S3,CR2,S3,0,0.0,6.579,1.9,1.35,6.71,7,0,23.68
4020,T06,CR1_S1,CR1,S1,0,0.0,8.767,0.8,1.15,9.4,2,0,22.74
4021,T05,S1_CR1,S1,CR1,1,182.9,8.767,0.8,1.15,3.73,2,0,28.26
4022,T05,S4_D2,S4,D2,1,178.4,6.638,1.49,1.35,7.65,3,0,28.36
4023,T09,S4_D2,S4,D2,1,204.8,6.638,1.49,1.35,9.99,1,0,25.89
4024,T05,S3_CR2,S3,CR2,1,192.7,6.579,1.9,1.35,6.81,4,0,25.41
4025,T06,S5_CR1,S5,CR1,1,201.5,10.342,0.89,1.15,10.8,2,0,32.11
4026,T04,S1_CR1,S1,CR1,1,171.7,8.767,0.8,1.15,1.34,0,1,31.52
4027,T02,S3_CR2,S3,CR2,1,191.9,6.579,1.9,1.35,11.62,1,0,24.3
4028,T02,S1_D1,S1,D1,1,201.5,5.834,1.12,1.15,2.26,3,0,17.56
4029,T08,S4_D2,S4,D2,1,156.6,6.638,1.49,1.35,5.82,7,0,30.98
4030,T02,D1_S1,D1,S1,0,0.0,5.834,1.12,1.15,1.01,2,0,13.54
4031,T10,D1_S5,D1,S5,0,0.0,6.724,1.12,1.15,2.76,2,0,16.34
4032,T10,CR1_S5,CR1,S5,0,0.0,10.342,0.89,1.15,1.25,2,0,26.21
4033,T08,S6_CR2,S6,CR2,1,204.1,8.342,1.9,1.35,5.35,6,0,30.75
4034,T09,S3_CR1,S3,CR1,1,208.7,8.135,1.57,1.15,7.15,6,0,25.16
4035,T07,CR1_S5,CR1,S5,0,0.0,10.342,0.89,1.15,11.85,0,0,27.55
4036,T09,S3_CR2,S3,CR2,1,194.1,6.579,1.9,1.35,7.66,1,0,23.02
4037,T03,D2_S3,D2,S3,0,0.0,6.362,1.39,1.35,0.81,2,0,22.47
4038,T10,S4_CR2,S4,CR2,1,198.0,6.855,1.9,1.35,9.9,4,0,25.36
4039,T04,S1_D1,S1,D1,1,219.2,5.834,1.12,1.15,10.08,2,1,19.97
4040,T05,S5_D1,S5,D1,1,220.0,6.724,1.12,1.15,1.33,3,0,20.71
4041,T10,D1_S5,D1,S5,0,0.0,6.724,1.12,1.15,8.96,2,1,17.2
4042,T05,CR1_S1,CR1,S1,0,0.0,8.767,0.8,1.15,7.13,5,1,36.59
4043,T01,D2_S3,D2,S3,0,0.0,6.362,1.39,1.35,5.78,3,0,20.91
4044,T03,S3_CR2,S3,CR2,1,193.4,6.579,1.9,1.35,6.2,5,0,25.76
4045,T05,CR2_S3,CR2,S3,0,0.0,6.579,1.9,1.35,8.69,4,0,19.66
4046,T07,S6_CR2,S6,CR2,1,219.1,8.342,1.9,1.35,9.06,1,0,29.83
4047,T10,D2_S3,D2,S3,0,0.0,6.362,1.39,1.35,3.46,3,0,24.64
4048,T02,D1_S1,D1,S1,0,0.0,5.834,1.12,1.15,9.19,2,0,12.73
4049,T06,CR2_S6,CR2,S6,0,0.0,8.342,1.9,1.35,9.37,0,0,20.43
4050,T08,CR1_S2,CR1,S2,0,0.0,8.334,1.39,1.15,2.94,1,0,21.87
4051,T09,S5_D1,S5,D1,1,210.0,6.724,1.12,1.15,6.13,3,0,21.97
4052,T06,CR1_S2,CR1,S2,0,0.0,8.334,1.39,1.15,3.79,2,0,20.25
4053,T07,S1_CR1,S1,CR1,1,178.3,8.767,0.8,1.15,1.3,2,0,27.95
4054,T09,S2_CR1,S2,CR1,1,206.8,8.334,1.39,1.15,0.6,2,0,29.59
4055,T04,D1_S1,D1,S1,0,0.0,5.834,1.12,1.15,4.62,2,0,13.36
4056,T03,S4_D2,S4,D2,1,211.3,6.638,1.49,1.35,6.15,7,0,30.61
4057,T07,CR1_S2,CR1,S2,0,0.0,8.334,1.39,1.15,8.73,1,0,20.91
4058,T10,CR2_S4,CR2,S4,0,0.0,6.855,1.9,1.35,11.03,7,0,22.76
4059,T09,CR2_S4,CR2,S4,0,0.0,6.855,1.9,1.35,3.61,1,0,18.67
4060,T06,S5_D1,S5,D1,1,199.6,6.724,1.12,1.15,10.36,2,0,20.9
4061,T06,CR1_S3,CR1,S3,0,0.0,8.135,1.57,1.15,0.93,2,0,17.1
4062,T01,CR2_S4,CR2,S4,0,0.0,6.855,1.9,1.35,6.65,2,1,23.0
4063,T06,CR1_S2,CR1,S2,0,0.0,8.334,1.39,1.15,9.61,2,0,22.32
4064,T03,S3_D2,S3,D2,1,218.6,6.362,1.39,1.35,1.77,2,0,24.01
4065,T07,S1_D1,S1,D1,1,180.7,5.834,1.12,1.15,9.76,1,0,15.67
4066,T07,CR2_S6,CR2,S6,0,0.0,8.342,1.9,1.35,9.11,4,0,24.63
4067,T04,CR1_S3,CR1,S3,0,0.0,8.135,1.57,1.15,8.29,3,0,20.15
4068,T04,D1_S5,D1,S5,0,0.0,6.724,1.12,1.15,9.23,1,0,16.65
4069,T01,S3_D2,S3,D2,1,177.9,6.362,1.39,1.35,8.34,3,0,29.19
4070,T07,D1_S1,D1,S1,0,0.0,5.834,1.12,1.15,7.17,2,0,12.42
4071,T10,S4_CR2,S4,CR2,1,208.9,6.855,1.9,1.35,0.63,1,0,21.88
4072,T10,D1_S5,D1,S5,0,0.0,6.724,1.12,1.15,0.2,0,0,15.14
4073,T07,D1_S5,D1,S5,0,0.0,6.724,1.12,1.15,0.56,0,1,20.01
4074,T09,S1_CR1,S1,CR1,1,203.8,8.767,0.8,1.15,0.09,2,0,31.83
4075,T04,CR1_S5,CR1,S5,0,0.0,10.342,0.89,1.15,0.12,3,1,34.85
4076,T04,S3_CR2,S3,CR2,1,184.6,6.579,1.9,1.35,9.27,0,0,20.5
4077,T03,S4_D2,S4,D2,1,186.4,6.638,1.49,1.35,4.95,1,0,28.05
4078,T08,D1_S1,D1,S1,0,0.0,5.834,1.12,1.15,1.41,2,0,12.42
4079,T07,CR2_S4,CR2,S4,0,0.0,6.855,1.9,1.35,4.38,4,0,18.61
4080,T07,CR1_S5,CR1,S5,0,0.0,10.342,0.89,1.15,8.94,2,0,27.42
4081,T05,S1_D1,S1,D1,1,181.0,5.834,1.12,1.15,1.89,5,0,15.59
4082,T10,S5_D1,S5,D1,1,197.0,6.724,1.12,1.15,8.34,5,0,22.88
4083,T02,CR1_S2,CR1,S2,0,0.0,8.334,1.39,1.15,6.58,3,0,23.25
4084,T09,CR1_S3,CR1,S3,0,0.0,8.135,1.57,1.15,0.66,1,0,16.25
4085,T10,S5_D1,S5,D1,1,201.6,6.724,1.12,1.15,2.1,2,0,19.67
4086,T07,S2_CR1,S2,CR1,1,207.4,8.334,1.39,1.15,5.77,2,0,29.98
4087,T06,S6_CR2,S6,CR2,1,203.9,8.342,1.9,1.35,0.46,3,0,30.13
4088,T06,D2_S3,D2,S3,0,0.0,6.362,1.39,1.35,1.93,2,0,23.04
4089,T07,S4_CR2,S4,CR2,1,168.7,6.855,1.9,1.35,10.85,0,0,24.22
4090,T02,S4_D2,S4,D2,1,205.1,6.638,1.49,1.35,9.14,2,0,27.4
4091,T08,S6_CR2,S6,CR2,1,181.1,8.342,1.9,1.35,5.09,3,0,27.27
4092,T05,CR2_S3,CR2,S3,0,0.0,6.579,1.9,1.35,10.84,0,0,16.04
4093,T06,S1_D1,S1,D1,1,202.5,5.834,1.12,1.15,10.97,4,0,18.37
4094,T02,CR2_S6,CR2,S6,0,0.0,8.342,1.9,1.35,9.94,2,0,23.1
4095,T10,S5_CR1,S5,CR1,1,196.2,10.342,0.89,1.15,6.53,3,0,34.9
4096,T05,S6_CR2,S6,CR2,1,199.6,8.342,1.9,1.35,3.28,3,0,30.13
4097,T10,CR2_S4,CR2,S4,0,0.0,6.855,1.9,1.35,8.24,1,0,17.84
4098,T05,S1_D1,S1,D1,1,200.3,5.834,1.12,1.15,7.77,4,0,15.69
4099,T01,D2_S3,D2,S3,0,0.0,6.362,1.39,1.35,10.44,2,0,21.6
4100,T01,D2_S4,D2,S4,0,0.0,6.638,1.49,1.35,6.22,3,0,23.32
4101,T07,S4_CR2,S4,CR2,1,220.0,6.855,1.9,1.35,7.02,5,0,26.51
4102,T06,S3_CR1,S3,CR1,1,171.5,8.135,1.57,1.15,8.85,2,0,22.02
4103,T06,S4_D2,S4,D2,1,170.5,6.638,1.49,1.35,3.54,1,0,27.33
4104,T01,S2_CR1,S2,CR1,1,197.2,8.334,1.39,1.15,6.26,2,1,35.75
4105,T03,S1_D1,S1,D1,1,219.4,5.834,1.12,1.15,5.77,1,0,15.35
4106,T02,D1_S5,D1,S5,0,0.0,6.724,1.12,1.15,8.37,2,0,18.09
4107,T03,D1_S1,D1,S1,0,0.0,5.834,1.12,1.15,6.0,2,0,14.32
4108,T03,S5_CR1,S5,CR1,1,180.7,10.342,0.89,1.15,5.04,5,0,30.8
4109,T10,CR1_S1,CR1,S1,0,0.0,8.767,0.8,1.15,3.69,3,0,25.57
4110,T08,CR1_S5,CR1,S5,0,0.0,10.342,0.89,1.15,4.79,3,0,26.25
4111,T08,CR2_S4,CR2,S4,0,0.0,6.855,1.9,1.35,8.55,0,0,16.8
4112,T06,D2_S4,D2,S4,0,0.0,6.638,1.49,1.35,10.68,1,0,19.87
4113,T02,S5_CR1,S5,CR1,1,204.2,10.342,0.89,1.15,5.49,8,0,42.98
4114,T02,CR2_S4,CR2,S4,0,0.0,6.855,1.9,1.35,5.62,3,0,19.74
4115,T01,CR2_S4,CR2,S4,0,0.0,6.855,1.9,1.35,5.11,5,0,21.4
4116,T05,D2_S3,D2,S3,0,0.0,6.362,1.39,1.35,0.38,2,0,19.37
4117,T07,S1_CR1,S1,CR1,1,188.0,8.767,0.8,1.15,5.53,3,0,30.13
4118,T01,S3_CR1,S3,CR1,1,193.8,8.135,1.57,1.15,9.96,1,0,18.68
4119,T02,CR2_S6,CR2,S6,0,0.0,8.342,1.9,1.35,11.0,2,0,21.01
4120,T01,D2_S4,D2,S4,0,0.0,6.638,1.49,1.35,2.63,2,1,26.82
4121,T10,CR1_S5,CR1,S5,0,0.0,10.342,0.89,1.15,10.39,2,0,28.38
4122,T10,CR1_S5,CR1,S5,0,0.0,10.342,0.89,1.15,4.3,1,0,25.08
4123,T06,CR1_S5,CR1,S5,0,0.0,10.342,0.89,1.15,4.96,5,0,26.56
4124,T03,S4_D2,S4,D2,1,191.6,6.638,1.49,1.35,5.54,3,0,28.0
4125,T04,D1_S1,D1,S1,0,0.0,5.834,1.12,1.15,0.31,2,0,13.78
4126,T03,S6_CR2,S6,CR2,1,191.2,8.342,1.9,1.35,4.05,2,0,28.56
4127,T09,S1_D1,S1,D1,1,188.1,5.834,1.12,1.15,8.62,1,0,16.46
4128,T02,S1_D1,S1,D1,1,202.9,5.834,1.12,1.15,9.6,2,0,18.61
4129,T02,S6_CR2,S6,CR2,1,199.5,8.342,1.9,1.35,3.66,3,0,28.85
4130,T04,S3_CR1,S3,CR1,1,190.6,8.135,1.57,1.15,5.43,5,1,32.52
4131,T02,CR2_S6,CR2,S6,0,0.0,8.342,1.9,1.35,3.37,2,0,22.01
4132,T02,S5_CR1,S5,CR1,1,197.1,10.342,0.89,1.15,4.73,7,0,42.21
4133,T10,S3_CR2,S3,CR2,1,187.0,6.579,1.9,1.35,5.71,5,0,25.82
4134,T04,S5_CR1,S5,CR1,1,193.3,10.342,0.89,1.15,3.36,6,0,35.46
4135,T04,CR1_S5,CR1,S5,0,0.0,10.342,0.89,1.15,1.56,3,0,30.19
4136,T09,S3_D2,S3,D2,1,208.6,6.362,1.39,1.35,2.04,2,0,26.96
4137,T04,S4_CR2,S4,CR2,1,178.1,6.855,1.9,1.35,8.27,4,1,36.12
4138,T01,CR2_S6,CR2,S6,0,0.0,8.342,1.9,1.35,1.09,3,0,22.36
4139,T03,CR2_S4,CR2,S4,0,0.0,6.855,1.9,1.35,3.9,5,0,22.19
4140,T03,CR1_S1,CR1,S1,0,0.0,8.767,0.8,1.15,10.32,3,0,24.75
4141,T08,S3_D2,S3,D2,1,178.7,6.362,1.39,1.35,1.28,1,0,26.09
4142,T08,S5_D1,S5,D1,1,187.1,6.724,1.12,1.15,8.6,4,0,21.11
4143,T05,S2_CR1,S2,CR1,1,195.9,8.334,1.39,1.15,2.78,0,0,25.87
4144,T02,D1_S1,D1,S1,0,0.0,5.834,1.12,1.15,5.71,6,0,16.01
4145,T06,S6_CR2,S6,CR2,1,215.1,8.342,1.9,1.35,0.35,2,0,27.39
4146,T10,CR2_S4,CR2,S4,0,0.0,6.855,1.9,1.35,7.49,3,0,18.18
4147,T08,CR1_S2,CR1,S2,0,0.0,8.334,1.39,1.15,2.69,4,0,25.74
4148,T03,CR1_S3,CR1,S3,0,0.0,8.135,1.57,1.15,6.2,7,0,18.42
4149,T03,CR1_S1,CR1,S1,0,0.0,8.767,0.8,1.15,0.25,2,0,21.87
4150,T07,CR1_S1,CR1,S1,0,0.0,8.767,0.8,1.15,10.55,3,1,29.44
4151,T02,S1_CR1,S1,CR1,1,216.3,8.767,0.8,1.15,2.86,2,1,36.99
4152,T08,CR1_S5,CR1,S5,0,0.0,10.342,0.89,1.15,7.25,3,0,27.64
4153,T07,CR1_S2,CR1,S2,0,0.0,8.334,1.39,1.15,0.25,2,0,24.4
4154,T05,D2_S4,D2,S4,0,0.0,6.638,1.49,1.35,9.45,3,0,22.07
4155,T09,D1_S1,D1,S1,0,0.0,5.834,1.12,1.15,3.25,5,0,16.45
4156,T06,S1_CR1,S1,CR1,1,185.8,8.767,0.8,1.15,0.44,0,0,27.07
4157,T06,S6_CR2,S6,CR2,1,162.7,8.342,1.9,1.35,3.04,1,0,26.4
4158,T06,D2_S4,D2,S4,0,0.0,6.638,1.49,1.35,7.49,1,0,20.82
4159,T01,CR1_S2,CR1,S2,0,0.0,8.334,1.39,1.15,1.83,1,0,22.92
4160,T03,S6_CR2,S6,CR2,1,220.0,8.342,1.9,1.35,8.74,0,0,26.34
4161,T07,S2_CR1,S2,CR1,1,211.3,8.334,1.39,1.15,2.89,5,0,29.95
4162,T05,D2_S3,D2,S3,0,0.0,6.362,1.39,1.35,3.83,1,0,20.24
4163,T08,S5_D1,S5,D1,1,198.7,6.724,1.12,1.15,6.13,8,0,25.08
4164,T02,CR2_S3,CR2,S3,0,0.0,6.579,1.9,1.35,5.93,5,0,22.53
4165,T01,CR1_S5,CR1,S5,0,0.0,10.342,0.89,1.15,7.93,3,0,32.13
4166,T01,S6_CR2,S6,CR2,1,189.4,8.342,1.9,1.35,7.99,4,0,28.67
4167,T10,S2_CR1,S2,CR1,1,151.7,8.334,1.39,1.15,7.69,2,0,25.81
4168,T09,CR2_S6,CR2,S6,0,0.0,8.342,1.9,1.35,2.65,0,0,19.81
4169,T05,CR1_S1,CR1,S1,0,0.0,8.767,0.8,1.15,11.81,0,1,25.43
4170,T05,CR1_S5,CR1,S5,0,0.0,10.342,0.89,1.15,1.83,1,0,24.38
4171,T10,S1_D1,S1,D1,1,150.0,5.834,1.12,1.15,2.53,1,0,14.75
4172,T02,D1_S1,D1,S1,0,0.0,5.834,1.12,1.15,7.51,2,0,13.85
4173,T04,S1_CR1,S1,CR1,1,193.1,8.767,0.8,1.15,0.98,1,0,31.17
4174,T03,S4_CR2,S4,CR2,1,176.6,6.855,1.9,1.35,0.75,1,0,23.51
4175,T02,CR2_S4,CR2,S4,0,0.0,6.855,1.9,1.35,0.47,0,0,18.07
4176,T02,CR2_S6,CR2,S6,0,0.0,8.342,1.9,1.35,6.24,3,0,22.81
4177,T02,S2_CR1,S2,CR1,1,173.7,8.334,1.39,1.15,6.47,5,0,23.98
4178,T03,CR2_S3,CR2,S3,0,0.0,6.579,1.9,1.35,6.78,3,0,19.45
4179,T01,S4_D2,S4,D2,1,193.2,6.638,1.49,1.35,6.39,1,0,25.37
4180,T06,S4_CR2,S4,CR2,1,202.7,6.855,1.9,1.35,5.68,6,0,27.96
4181,T02,S3_CR1,S3,CR1,1,196.9,8.135,1.57,1.15,10.52,1,0,20.71
4182,T07,CR2_S3,CR2,S3,0,0.0,6.579,1.9,1.35,7.41,2,0,18.59
4183,T06,S5_CR1,S5,CR1,1,188.0,10.342,0.89,1.15,7.11,3,0,34.08
4184,T10,S6_CR2,S6,CR2,1,192.1,8.342,1.9,1.35,1.15,1,0,25.79
4185,T04,D1_S1,D1,S1,0,0.0,5.834,1.12,1.15,9.54,1,0,11.24
4186,T08,CR2_S3,CR2,S3,0,0.0,6.579,1.9,1.35,4.62,5,0,20.93
4187,T06,D1_S5,D1,S5,0,0.0,6.724,1.12,1.15,2.42,0,0,16.29
4188,T04,CR1_S3,CR1,S3,0,0.0,8.135,1.57,1.15,0.11,1,0,17.36
4189,T07,S3_CR1,S3,CR1,1,199.1,8.135,1.57,1.15,0.11,2,0,21.35
4190,T07,S4_CR2,S4,CR2,1,184.7,6.855,1.9,1.35,2.1,2,0,22.03
4191,T02,CR2_S6,CR2,S6,0,0.0,8.342,1.9,1.35,10.8,5,0,25.81
4192,T08,S6_CR2,S6,CR2,1,187.2,8.342,1.9,1.35,1.72,3,0,29.98
4193,T09,CR2_S6,CR2,S6,0,0.0,8.342,1.9,1.35,6.03,2,0,21.53
4194,T05,S2_CR1,S2,CR1,1,191.3,8.334,1.39,1.15,2.29,3,0,25.34
4195,T05,S2_CR1,S2,CR1,1,194.8,8.334,1.39,1.15,3.16,0,0,28.88
4196,T06,CR1_S2,CR1,S2,0,0.0,8.334,1.39,1.15,7.59,5,0,24.37
4197,T09,CR1_S2,CR1,S2,0,0.0,8.334,1.39,1.15,9.97,1,0,21.02
4198,T06,S5_D1,S5,D1,1,179.9,6.724,1.12,1.15,6.86,3,0,21.37
4199,T05,S4_CR2,S4,CR2,1,201.4,6.855,1.9,1.35,7.99,3,0,24.9
4200,T04,S5_D1,S5,D1,1,206.9,6.724,1.12,1.15,5.72,8,0,24.91
4201,T09,D1_S1,D1,S1,0,0.0,5.834,1.12,1.15,8.76,4,0,15.07
4202,T06,S6_CR2,S6,CR2,1,194.5,8.342,1.9,1.35,0.19,1,0,26.75
4203,T04,D1_S1,D1,S1,0,0.0,5.834,1.12,1.15,9.95,2,1,17.25
4204,T09,CR1_S1,CR1,S1,0,0.0,8.767,0.8,1.15,1.3,5,0,22.53
4205,T04,S4_D2,S4,D2,1,173.8,6.638,1.49,1.35,1.18,1,0,25.68
4206,T02,S3_CR1,S3,CR1,1,220.0,8.135,1.57,1.15,7.44,0,0,20.53
4207,T01,S2_CR1,S2,CR1,1,187.2,8.334,1.39,1.15,3.57,2,0,27.77
4208,T10,CR1_S2,CR1,S2,0,0.0,8.334,1.39,1.15,6.26,5,0,24.12
4209,T10,S3_CR2,S3,CR2,1,181.4,6.579,1.9,1.35,0.25,1,0,22.44
4210,T08,S2_CR1,S2,CR1,1,194.6,8.334,1.39,1.15,9.55,4,0,31.6
4211,T05,CR2_S3,CR2,S3,0,0.0,6.579,1.9,1.35,3.79,3,0,20.76
4212,T05,S6_CR2,S6,CR2,1,220.0,8.342,1.9,1.35,0.18,2,0,27.08
4213,T08,S5_D1,S5,D1,1,206.3,6.724,1.12,1.15,3.57,3,0,20.49
4214,T10,S1_D1,S1,D1,1,196.5,5.834,1.12,1.15,11.92,4,0,18.66
4215,T05,CR1_S3,CR1,S3,0,0.0,8.135,1.57,1.15,4.89,2,0,16.02
4216,T07,CR1_S3,CR1,S3,0,0.0,8.135,1.57,1.15,8.62,3,0,19.48
4217,T08,S2_CR1,S2,CR1,1,183.9,8.334,1.39,1.15,8.2,3,0,28.63
4218,T05,S4_D2,S4,D2,1,203.5,6.638,1.49,1.35,2.73,2,0,31.76
4219,T10,CR1_S5,CR1,S5,0,0.0,10.342,0.89,1.15,3.66,3,0,31.47
4220,T10,CR1_S5,CR1,S5,0,0.0,10.342,0.89,1.15,8.88,3,0,28.31
4221,T02,S4_D2,S4,D2,1,202.9,6.638,1.49,1.35,0.89,2,0,24.05
4222,T02,S2_CR1,S2,CR1,1,177.5,8.334,1.39,1.15,11.46,1,0,26.72
4223,T07,S3_CR1,S3,CR1,1,195.9,8.135,1.57,1.15,1.44,3,0,24.28
4224,T09,S3_CR1,S3,CR1,1,203.6,8.135,1.57,1.15,0.57,0,0,20.4
4225,T07,CR2_S6,CR2,S6,0,0.0,8.342,1.9,1.35,5.16,2,0,21.9
4226,T01,CR2_S4,CR2,S4,0,0.0,6.855,1.9,1.35,4.2,3,0,16.93
4227,T06,CR1_S3,CR1,S3,0,0.0,8.135,1.57,1.15,6.68,3,0,17.05
4228,T03,D2_S3,D2,S3,0,0.0,6.362,1.39,1.35,5.29,3,0,22.21
4229,T01,S2_CR1,S2,CR1,1,187.1,8.334,1.39,1.15,9.91,2,0,31.25
4230,T05,S6_CR2,S6,CR2,1,185.5,8.342,1.9,1.35,5.03,4,0,27.07
4231,T03,S2_CR1,S2,CR1,1,177.9,8.334,1.39,1.15,5.21,4,0,30.02
4232,T08,S5_CR1,S5,CR1,1,218.7,10.342,0.89,1.15,8.42,5,0,36.48
4233,T05,S6_CR2,S6,CR2,1,193.7,8.342,1.9,1.35,0.46,4,0,28.4
4234,T06,S4_CR2,S4,CR2,1,211.4,6.855,1.9,1.35,2.26,0,0,24.49
4235,T03,D2_S4,D2,S4,0,0.0,6.638,1.49,1.35,0.71,1,1,27.74
4236,T09,S3_CR1,S3,CR1,1,210.8,8.135,1.57,1.15,3.15,0,0,20.61
4237,T02,CR2_S6,CR2,S6,0,0.0,8.342,1.9,1.35,4.62,6,0,25.09
4238,T03,S1_CR1,S1,CR1,1,193.5,8.767,0.8,1.15,7.03,1,0,26.59
4239,T08,S3_D2,S3,D2,1,181.7,6.362,1.39,1.35,11.25,2,0,25.68
4240,T06,D1_S5,D1,S5,0,0.0,6.724,1.12,1.15,7.15,1,0,17.8
4241,T02,S1_CR1,S1,CR1,1,203.7,8.767,0.8,1.15,5.06,3,0,27.03
4242,T02,CR1_S5,CR1,S5,0,0.0,10.342,0.89,1.15,11.41,3,0,26.14
4243,T02,CR1_S1,CR1,S1,0,0.0,8.767,0.8,1.15,5.91,1,0,22.37
4244,T03,S4_CR2,S4,CR2,1,200.3,6.855,1.9,1.35,0.24,1,0,22.69
4245,T07,CR1_S2,CR1,S2,0,0.0,8.334,1.39,1.15,2.52,5,0,24.24
4246,T04,S3_CR1,S3,CR1,1,208.8,8.135,1.57,1.15,3.67,1,1,26.23
4247,T10,S6_CR2,S6,CR2,1,196.2,8.342,1.9,1.35,2.94,2,0,25.35
4248,T01,S2_CR1,S2,CR1,1,170.7,8.334,1.39,1.15,3.35,3,0,28.74
4249,T08,S6_CR2,S6,CR2,1,168.1,8.342,1.9,1.35,3.4,0,0,26.19
4250,T10,D1_S1,D1,S1,0,0.0,5.834,1.12,1.15,1.37,4,0,14.96
4251,T06,S5_D1,S5,D1,1,144.9,6.724,1.12,1.15,4.65,4,0,20.5
4252,T05,CR1_S3,CR1,S3,0,0.0,8.135,1.57,1.15,11.34,1,0,15.66
4253,T07,S3_CR2,S3,CR2,1,182.1,6.579,1.9,1.35,11.71,0,0,19.91
4254,T07,CR2_S4,CR2,S4,0,0.0,6.855,1.9,1.35,3.68,3,0,18.92
4255,T09,CR2_S4,CR2,S4,0,0.0,6.855,1.9,1.35,1.6,0,0,18.7
4256,T10,CR1_S5,CR1,S5,0,0.0,10.342,0.89,1.15,0.05,1,0,26.56
4257,T10,S5_D1,S5,D1,1,207.3,6.724,1.12,1.15,6.47,2,0,21.64
4258,T05,S3_CR1,S3,CR1,1,197.6,8.135,1.57,1.15,6.2,3,1,26.48
4259,T03,D2_S3,D2,S3,0,0.0,6.362,1.39,1.35,2.6,3,0,20.68
4260,T10,CR2_S3,CR2,S3,0,0.0,6.579,1.9,1.35,0.97,5,0,20.39
4261,T03,S3_D2,S3,D2,1,220.0,6.362,1.39,1.35,8.74,3,0,28.32
4262,T09,S4_D2,S4,D2,1,210.0,6.638,1.49,1.35,8.06,2,0,28.78
4263,T07,D2_S4,D2,S4,0,0.0,6.638,1.49,1.35,11.98,1,0,20.64
4264,T07,CR1_S5,CR1,S5,0,0.0,10.342,0.89,1.15,2.46,4,0,27.63
4265,T09,S1_D1,S1,D1,1,220.0,5.834,1.12,1.15,4.85,1,0,15.97
4266,T08,S3_D2,S3,D2,1,198.0,6.362,1.39,1.35,7.33,5,0,30.76
4267,T01,CR1_S1,CR1,S1,0,0.0,8.767,0.8,1.15,8.76,1,0,22.17
4268,T03,CR1_S5,CR1,S5,0,0.0,10.342,0.89,1.15,2.43,2,0,27.33
4269,T10,S3_D2,S3,D2,1,185.6,6.362,1.39,1.35,0.44,4,0,25.71
4270,T07,CR2_S3,CR2,S3,0,0.0,6.579,1.9,1.35,9.61,1,0,16.95
4271,T04,S3_CR2,S3,CR2,1,211.2,6.579,1.9,1.35,5.63,3,1,26.63
4272,T04,CR2_S6,CR2,S6,0,0.0,8.342,1.9,1.35,2.51,1,0,22.06
4273,T09,S1_D1,S1,D1,1,200.1,5.834,1.12,1.15,2.23,2,0,15.69
4274,T08,S5_CR1,S5,CR1,1,188.9,10.342,0.89,1.15,8.63,5,0,37.26
4275,T08,S6_CR2,S6,CR2,1,212.0,8.342,1.9,1.35,0.36,3,0,31.46
4276,T08,S6_CR2,S6,CR2,1,183.9,8.342,1.9,1.35,6.19,1,0,26.0
4277,T09,CR1_S1,CR1,S1,0,0.0,8.767,0.8,1.15,8.6,2,0,20.9
4278,T05,S4_D2,S4,D2,1,176.5,6.638,1.49,1.35,3.18,2,0,28.37
4279,T01,S2_CR1,S2,CR1,1,180.6,8.334,1.39,1.15,7.74,3,0,27.48
4280,T10,S3_CR2,S3,CR2,1,209.8,6.579,1.9,1.35,1.12,2,0,23.82
4281,T05,S3_D2,S3,D2,1,183.2,6.362,1.39,1.35,11.26,2,0,26.7
4282,T06,S4_CR2,S4,CR2,1,193.6,6.855,1.9,1.35,7.38,5,0,26.71
4283,T07,D2_S3,D2,S3,0,0.0,6.362,1.39,1.35,4.57,1,0,21.82
4284,T07,CR2_S3,CR2,S3,0,0.0,6.579,1.9,1.35,9.06,2,0,18.81
4285,T02,CR2_S4,CR2,S4,0,0.0,6.855,1.9,1.35,11.06,1,0,18.6
4286,T03,D2_S3,D2,S3,0,0.0,6.362,1.39,1.35,0.99,0,0,20.26
4287,T01,CR1_S2,CR1,S2,0,0.0,8.334,1.39,1.15,3.52,5,1,35.02
4288,T04,S5_D1,S5,D1,1,194.0,6.724,1.12,1.15,2.4,3,0,19.19
4289,T07,CR2_S6,CR2,S6,0,0.0,8.342,1.9,1.35,4.67,1,0,21.68
4290,T07,S5_D1,S5,D1,1,206.7,6.724,1.12,1.15,7.9,0,0,17.82
4291,T08,S3_CR1,S3,CR1,1,197.4,8.135,1.57,1.15,7.83,3,0,23.43
4292,T06,D2_S3,D2,S3,0,0.0,6.362,1.39,1.35,7.93,3,0,26.99
4293,T01,CR1_S1,CR1,S1,0,0.0,8.767,0.8,1.15,4.67,7,0,24.62
4294,T07,S5_CR1,S5,CR1,1,184.8,10.342,0.89,1.15,11.01,2,0,36.62
4295,T07,D2_S3,D2,S3,0,0.0,6.362,1.39,1.35,0.92,3,0,21.92
4296,T07,D1_S1,D1,S1,0,0.0,5.834,1.12,1.15,1.38,0,0,11.03
4297,T09,S2_CR1,S2,CR1,1,207.8,8.334,1.39,1.15,7.11,8,0,30.14
4298,T05,S4_D2,S4,D2,1,212.8,6.638,1.49,1.35,5.57,4,0,30.44
4299,T04,S3_D2,S3,D2,1,209.8,6.362,1.39,1.35,7.17,5,0,31.58
4300,T02,S3_D2,S3,D2,1,202.8,6.362,1.39,1.35,3.32,1,0,27.55
4301,T03,S3_CR1,S3,CR1,1,202.5,8.135,1.57,1.15,8.15,2,0,24.28
4302,T07,S4_CR2,S4,CR2,1,175.1,6.855,1.9,1.35,7.95,2,0,22.63
4303,T07,S3_CR2,S3,CR2,1,182.7,6.579,1.9,1.35,2.65,2,0,22.52
4304,T04,CR1_S1,CR1,S1,0,0.0,8.767,0.8,1.15,9.9,1,0,20.85
4305,T08,S5_CR1,S5,CR1,1,197.8,10.342,0.89,1.15,1.0,3,0,34.18
4306,T03,D1_S1,D1,S1,0,0.0,5.834,1.12,1.15,10.0,2,0,12.84
4307,T06,CR1_S2,CR1,S2,0,0.0,8.334,1.39,1.15,0.15,2,0,21.18
4308,T05,CR1_S2,CR1,S2,0,0.0,8.334,1.39,1.15,0.44,0,0,21.28
4309,T10,S1_D1,S1,D1,1,198.2,5.834,1.12,1.15,9.56,2,0,15.07
4310,T05,CR2_S3,CR2,S3,0,0.0,6.579,1.9,1.35,6.16,6,0,19.87
4311,T02,S2_CR1,S2,CR1,1,197.1,8.334,1.39,1.15,6.53,3,0,30.15
4312,T09,CR1_S3,CR1,S3,0,0.0,8.135,1.57,1.15,2.23,2,1,25.62
4313,T03,S3_D2,S3,D2,1,197.5,6.362,1.39,1.35,11.53,2,0,26.44
4314,T02,S3_CR1,S3,CR1,1,194.5,8.135,1.57,1.15,8.6,3,1,29.11
4315,T08,D2_S3,D2,S3,0,0.0,6.362,1.39,1.35,2.41,3,0,22.04
4316,T01,CR2_S4,CR2,S4,0,0.0,6.855,1.9,1.35,11.7,2,0,18.82
4317,T03,S3_CR1,S3,CR1,1,179.0,8.135,1.57,1.15,6.71,4,0,24.21
4318,T02,CR1_S2,CR1,S2,0,0.0,8.334,1.39,1.15,7.83,6,0,24.68
4319,T05,S1_CR1,S1,CR1,1,186.3,8.767,0.8,1.15,0.72,6,0,35.86
4320,T06,D2_S3,D2,S3,0,0.0,6.362,1.39,1.35,4.7,3,0,22.04
4321,T09,D2_S4,D2,S4,0,0.0,6.638,1.49,1.35,1.61,2,0,22.09
4322,T08,S3_CR1,S3,CR1,1,203.8,8.135,1.57,1.15,8.7,1,0,19.68
4323,T08,S6_CR2,S6,CR2,1,207.3,8.342,1.9,1.35,3.11,3,0,29.34
4324,T10,CR1_S1,CR1,S1,0,0.0,8.767,0.8,1.15,4.46,2,0,24.59
4325,T07,CR2_S4,CR2,S4,0,0.0,6.855,1.9,1.35,6.07,3,0,20.53
4326,T04,D2_S4,D2,S4,0,0.0,6.638,1.49,1.35,4.48,3,0,25.66
4327,T01,CR2_S3,CR2,S3,0,0.0,6.579,1.9,1.35,3.15,5,0,22.01
4328,T10,S3_CR1,S3,CR1,1,195.9,8.135,1.57,1.15,6.49,3,0,24.76
4329,T05,S3_CR1,S3,CR1,1,197.0,8.135,1.57,1.15,11.62,0,0,20.76
4330,T04,S2_CR1,S2,CR1,1,200.1,8.334,1.39,1.15,5.88,1,0,23.76
4331,T09,CR1_S5,CR1,S5,0,0.0,10.342,0.89,1.15,8.75,3,0,27.66
4332,T02,S5_D1,S5,D1,1,186.4,6.724,1.12,1.15,10.98,0,0,19.72
4333,T03,S1_D1,S1,D1,1,167.5,5.834,1.12,1.15,2.61,3,0,16.13
4334,T02,S4_CR2,S4,CR2,1,191.9,6.855,1.9,1.35,9.38,3,0,26.32
4335,T07,S3_D2,S3,D2,1,195.0,6.362,1.39,1.35,7.24,4,0,28.27
4336,T06,S4_D2,S4,D2,1,219.4,6.638,1.49,1.35,6.09,4,0,24.23
4337,T06,S3_D2,S3,D2,1,188.4,6.362,1.39,1.35,4.49,3,0,32.1
4338,T08,CR2_S6,CR2,S6,0,0.0,8.342,1.9,1.35,4.18,2,0,22.74
4339,T07,D2_S4,D2,S4,0,0.0,6.638,1.49,1.35,10.17,1,0,21.49
4340,T05,CR2_S3,CR2,S3,0,0.0,6.579,1.9,1.35,1.71,2,0,18.5
4341,T02,S4_D2,S4,D2,1,165.6,6.638,1.49,1.35,4.17,3,0,26.59
4342,T10,D1_S1,D1,S1,0,0.0,5.834,1.12,1.15,6.83,1,0,12.5
4343,T05,D1_S5,D1,S5,0,0.0,6.724,1.12,1.15,6.93,7,0,19.71
4344,T08,S3_CR2,S3,CR2,1,194.5,6.579,1.9,1.35,5.79,8,0,27.97
4345,T10,S2_CR1,S2,CR1,1,190.9,8.334,1.39,1.15,10.88,1,0,28.44
4346,T02,CR1_S1,CR1,S1,0,0.0,8.767,0.8,1.15,9.81,0,0,20.92
4347,T09,D2_S3,D2,S3,0,0.0,6.362,1.39,1.35,0.73,2,0,21.36
4348,T02,D1_S1,D1,S1,0,0.0,5.834,1.12,1.15,11.25,1,0,12.65
4349,T04,S3_D2,S3,D2,1,200.4,6.362,1.39,1.35,10.18,1,0,28.95
4350,T09,S4_CR2,S4,CR2,1,168.3,6.855,1.9,1.35,9.3,3,0,22.55
4351,T10,CR2_S3,CR2,S3,0,0.0,6.579,1.9,1.35,2.66,1,0,18.65
4352,T01,S5_D1,S5,D1,1,183.1,6.724,1.12,1.15,6.89,2,0,21.53
4353,T06,S4_D2,S4,D2,1,176.5,6.638,1.49,1.35,11.25,1,0,26.86
4354,T01,S5_CR1,S5,CR1,1,189.8,10.342,0.89,1.15,2.37,3,0,33.5
4355,T02,S4_D2,S4,D2,1,204.8,6.638,1.49,1.35,1.37,0,1,31.87
4356,T03,S6_CR2,S6,CR2,1,213.7,8.342,1.9,1.35,7.51,2,0,27.85
4357,T07,S6_CR2,S6,CR2,1,183.7,8.342,1.9,1.35,5.4,4,0,31.62
4358,T01,S4_D2,S4,D2,1,194.0,6.638,1.49,1.35,1.59,5,0,30.31
4359,T05,S1_D1,S1,D1,1,187.7,5.834,1.12,1.15,6.56,4,0,17.43
4360,T07,D1_S1,D1,S1,0,0.0,5.834,1.12,1.15,1.05,1,0,12.98
4361,T10,CR1_S3,CR1,S3,0,0.0,8.135,1.57,1.15,2.84,2,0,18.73
4362,T09,S6_CR2,S6,CR2,1,175.3,8.342,1.9,1.35,7.93,4,0,30.48
4363,T02,CR2_S3,CR2,S3,0,0.0,6.579,1.9,1.35,2.79,2,0,17.44
4364,T05,S1_CR1,S1,CR1,1,160.8,8.767,0.8,1.15,5.69,2,0,29.35
4365,T06,S5_D1,S5,D1,1,187.4,6.724,1.12,1.15,2.91,2,0,20.13
4366,T10,CR2_S6,CR2,S6,0,0.0,8.342,1.9,1.35,6.64,4,0,24.32
4367,T01,S5_CR1,S5,CR1,1,216.6,10.342,0.89,1.15,6.18,4,0,36.12
4368,T06,D1_S1,D1,S1,0,0.0,5.834,1.12,1.15,4.79,2,0,12.66
4369,T07,S3_CR1,S3,CR1,1,178.1,8.135,1.57,1.15,0.77,3,0,23.29
4370,T07,D1_S1,D1,S1,0,0.0,5.834,1.12,1.15,1.29,1,0,13.58
4371,T07,S5_CR1,S5,CR1,1,197.8,10.342,0.89,1.15,3.74,1,0,30.36
4372,T01,S1_D1,S1,D1,1,212.0,5.834,1.12,1.15,10.57,7,0,19.47
4373,T10,S2_CR1,S2,CR1,1,166.2,8.334,1.39,1.15,10.72,2,0,26.43
4374,T03,CR2_S6,CR2,S6,0,0.0,8.342,1.9,1.35,0.17,2,0,23.54
4375,T10,S2_CR1,S2,CR1,1,220.0,8.334,1.39,1.15,8.78,4,0,29.08
4376,T09,S3_CR2,S3,CR2,1,182.7,6.579,1.9,1.35,2.67,1,0,22.17
4377,T10,S5_CR1,S5,CR1,1,192.6,10.342,0.89,1.15,8.4,2,0,32.5
4378,T08,S3_CR1,S3,CR1,1,204.3,8.135,1.57,1.15,8.82,4,0,22.8
4379,T02,S5_D1,S5,D1,1,210.7,6.724,1.12,1.15,9.77,3,0,21.56
4380,T07,S2_CR1,S2,CR1,1,191.7,8.334,1.39,1.15,10.51,1,0,28.07
4381,T04,S3_CR1,S3,CR1,1,201.5,8.135,1.57,1.15,6.8,4,0,21.4
4382,T05,S5_D1,S5,D1,1,204.4,6.724,1.12,1.15,1.65,5,0,22.74
4383,T03,D1_S5,D1,S5,0,0.0,6.724,1.12,1.15,3.27,5,0,17.44
4384,T03,CR2_S3,CR2,S3,0,0.0,6.579,1.9,1.35,11.87,4,0,20.68
4385,T09,CR2_S3,CR2,S3,0,0.0,6.579,1.9,1.35,3.0,2,0,18.73
4386,T01,S1_CR1,S1,CR1,1,203.1,8.767,0.8,1.15,11.51,1,0,24.9
4387,T07,S2_CR1,S2,CR1,1,199.6,8.334,1.39,1.15,7.5,2,0,26.89
4388,T03,CR1_S5,CR1,S5,0,0.0,10.342,0.89,1.15,1.65,1,0,26.44
4389,T03,S5_CR1,S5,CR1,1,191.4,10.342,0.89,1.15,0.62,4,0,32.69
4390,T10,CR1_S2,CR1,S2,0,0.0,8.334,1.39,1.15,9.44,3,0,26.08
4391,T05,S3_D2,S3,D2,1,200.0,6.362,1.39,1.35,8.69,1,0,25.0
4392,T10,S1_D1,S1,D1,1,218.7,5.834,1.12,1.15,9.67,2,0,15.85
4393,T08,D2_S4,D2,S4,0,0.0,6.638,1.49,1.35,6.9,3,0,24.01
4394,T07,CR2_S4,CR2,S4,0,0.0,6.855,1.9,1.35,10.83,0,0,19.1
4395,T10,S1_D1,S1,D1,1,171.1,5.834,1.12,1.15,3.69,6,0,20.74
4396,T05,CR1_S3,CR1,S3,0,0.0,8.135,1.57,1.15,1.57,2,0,16.76
4397,T05,S1_D1,S1,D1,1,204.2,5.834,1.12,1.15,11.87,3,0,17.28
4398,T06,D1_S5,D1,S5,0,0.0,6.724,1.12,1.15,2.84,0,0,16.01
4399,T01,S2_CR1,S2,CR1,1,169.4,8.334,1.39,1.15,11.65,5,0,30.01
4400,T10,S1_CR1,S1,CR1,1,148.8,8.767,0.8,1.15,2.79,6,0,29.95
4401,T06,D2_S4,D2,S4,0,0.0,6.638,1.49,1.35,8.36,1,0,21.43
4402,T10,CR2_S3,CR2,S3,0,0.0,6.579,1.9,1.35,6.99,3,0,19.36
4403,T01,D1_S1,D1,S1,0,0.0,5.834,1.12,1.15,6.25,2,0,11.77
4404,T09,D1_S1,D1,S1,0,0.0,5.834,1.12,1.15,7.48,3,0,12.09
4405,T10,CR1_S5,CR1,S5,0,0.0,10.342,0.89,1.15,4.87,2,0,27.61
4406,T07,S5_D1,S5,D1,1,205.0,6.724,1.12,1.15,8.32,1,0,18.15
4407,T03,S2_CR1,S2,CR1,1,206.7,8.334,1.39,1.15,9.24,4,0,31.52
4408,T08,S5_CR1,S5,CR1,1,179.3,10.342,0.89,1.15,8.12,5,0,34.46
4409,T01,D2_S4,D2,S4,0,0.0,6.638,1.49,1.35,1.43,0,0,19.5
4410,T09,CR2_S4,CR2,S4,0,0.0,6.855,1.9,1.35,1.77,2,0,19.35
4411,T10,CR2_S3,CR2,S3,0,0.0,6.579,1.9,1.35,5.57,6,0,19.55
4412,T06,S1_D1,S1,D1,1,179.6,5.834,1.12,1.15,0.47,3,0,17.92
4413,T05,CR1_S3,CR1,S3,0,0.0,8.135,1.57,1.15,4.58,4,0,18.12
4414,T01,CR1_S3,CR1,S3,0,0.0,8.135,1.57,1.15,4.73,6,0,20.95
4415,T04,S4_CR2,S4,CR2,1,182.9,6.855,1.9,1.35,4.5,5,0,25.15
4416,T05,CR1_S5,CR1,S5,0,0.0,10.342,0.89,1.15,9.04,3,0,26.99
4417,T10,S4_D2,S4,D2,1,185.2,6.638,1.49,1.35,4.67,3,0,27.32
4418,T06,CR1_S1,CR1,S1,0,0.0,8.767,0.8,1.15,9.08,4,0,22.51
4419,T02,D2_S4,D2,S4,0,0.0,6.638,1.49,1.35,2.51,1,0,22.78
4420,T03,CR2_S4,CR2,S4,0,0.0,6.855,1.9,1.35,7.28,1,1,22.29
4421,T03,S1_D1,S1,D1,1,174.6,5.834,1.12,1.15,1.28,1,0,16.34
4422,T02,CR2_S3,CR2,S3,0,0.0,6.579,1.9,1.35,2.01,2,0,19.3
4423,T01,S1_CR1,S1,CR1,1,194.5,8.767,0.8,1.15,11.5,0,0,28.02
4424,T01,CR1_S3,CR1,S3,0,0.0,8.135,1.57,1.15,0.97,2,0,17.98
4425,T06,CR1_S1,CR1,S1,0,0.0,8.767,0.8,1.15,2.39,2,0,23.19
4426,T06,S4_D2,S4,D2,1,204.0,6.638,1.49,1.35,8.92,0,0,24.97
4427,T10,S2_CR1,S2,CR1,1,184.9,8.334,1.39,1.15,2.2,2,0,25.73
4428,T06,S6_CR2,S6,CR2,1,178.5,8.342,1.9,1.35,5.71,1,0,27.56
4429,T10,CR2_S6,CR2,S6,0,0.0,8.342,1.9,1.35,3.74,3,0,22.59
4430,T10,CR1_S5,CR1,S5,0,0.0,10.342,0.89,1.15,3.93,3,0,28.09
4431,T02,D1_S1,D1,S1,0,0.0,5.834,1.12,1.15,8.74,1,0,13.32
4432,T03,S3_CR2,S3,CR2,1,184.6,6.579,1.9,1.35,4.82,1,0,22.68
4433,T06,S2_CR1,S2,CR1,1,207.7,8.334,1.39,1.15,8.5,5,0,27.0
4434,T03,CR2_S4,CR2,S4,0,0.0,6.855,1.9,1.35,5.66,4,0,20.27
4435,T05,D2_S4,D2,S4,0,0.0,6.638,1.49,1.35,4.97,5,0,26.52
4436,T08,CR1_S5,CR1,S5,0,0.0,10.342,0.89,1.15,8.42,4,0,29.54
4437,T07,S3_CR2,S3,CR2,1,186.1,6.579,1.9,1.35,2.14,0,1,26.2
4438,T01,S5_D1,S5,D1,1,196.6,6.724,1.12,1.15,10.76,1,0,19.98
4439,T10,D1_S5,D1,S5,0,0.0,6.724,1.12,1.15,1.59,0,0,14.58
4440,T04,S5_D1,S5,D1,1,186.1,6.724,1.12,1.15,0.54,1,0,19.48
4441,T08,S6_CR2,S6,CR2,1,189.4,8.342,1.9,1.35,6.47,5,0,28.03
4442,T02,D1_S1,D1,S1,0,0.0,5.834,1.12,1.15,3.34,4,0,15.18
4443,T02,CR2_S6,CR2,S6,0,0.0,8.342,1.9,1.35,9.06,2,1,26.24
4444,T10,D1_S1,D1,S1,0,0.0,5.834,1.12,1.15,2.23,2,0,12.02
4445,T01,CR2_S3,CR2,S3,0,0.0,6.579,1.9,1.35,9.79,2,0,19.55
4446,T04,CR2_S4,CR2,S4,0,0.0,6.855,1.9,1.35,0.57,1,0,19.09
4447,T02,D1_S5,D1,S5,0,0.0,6.724,1.12,1.15,9.28,2,0,16.28
4448,T01,S4_CR2,S4,CR2,1,196.6,6.855,1.9,1.35,8.29,3,0,28.03
4449,T10,D1_S5,D1,S5,0,0.0,6.724,1.12,1.15,4.48,3,0,18.14
4450,T04,S6_CR2,S6,CR2,1,180.3,8.342,1.9,1.35,4.09,0,0,25.11
4451,T05,CR1_S2,CR1,S2,0,0.0,8.334,1.39,1.15,5.72,5,0,22.53
4452,T08,D1_S1,D1,S1,0,0.0,5.834,1.12,1.15,1.62,1,0,12.1
4453,T03,D2_S4,D2,S4,0,0.0,6.638,1.49,1.35,5.24,3,0,22.97
4454,T09,S5_D1,S5,D1,1,196.2,6.724,1.12,1.15,2.46,3,0,21.03
4455,T05,CR2_S4,CR2,S4,0,0.0,6.855,1.9,1.35,2.34,1,0,18.22
4456,T05,S6_CR2,S6,CR2,1,178.1,8.342,1.9,1.35,3.16,2,1,37.86
4457,T05,S5_CR1,S5,CR1,1,187.0,10.342,0.89,1.15,7.2,2,0,32.98
4458,T10,S3_CR2,S3,CR2,1,200.9,6.579,1.9,1.35,1.99,2,0,23.57
4459,T07,CR2_S3,CR2,S3,0,0.0,6.579,1.9,1.35,5.17,7,0,25.99
4460,T10,S1_D1,S1,D1,1,199.2,5.834,1.12,1.15,9.38,2,0,15.41
4461,T02,D2_S4,D2,S4,0,0.0,6.638,1.49,1.35,11.81,3,0,21.57
4462,T01,D1_S1,D1,S1,0,0.0,5.834,1.12,1.15,2.35,0,0,10.01
4463,T08,S2_CR1,S2,CR1,1,186.5,8.334,1.39,1.15,5.67,5,0,30.02
4464,T04,S1_CR1,S1,CR1,1,209.3,8.767,0.8,1.15,10.29,1,0,25.35
4465,T10,CR1_S3,CR1,S3,0,0.0,8.135,1.57,1.15,4.17,2,0,18.16
4466,T07,S5_CR1,S5,CR1,1,184.0,10.342,0.89,1.15,8.52,1,0,31.09
4467,T08,S5_CR1,S5,CR1,1,193.5,10.342,0.89,1.15,7.29,5,0,34.82
4468,T09,S4_D2,S4,D2,1,183.8,6.638,1.49,1.35,3.68,2,0,26.83
4469,T05,CR1_S1,CR1,S1,0,0.0,8.767,0.8,1.15,8.01,2,0,23.22
4470,T05,D1_S5,D1,S5,0,0.0,6.724,1.12,1.15,10.94,2,1,21.1
4471,T02,S5_D1,S5,D1,1,176.2,6.724,1.12,1.15,0.93,3,0,19.64
4472,T05,CR1_S5,CR1,S5,0,0.0,10.342,0.89,1.15,10.87,3,1,38.33
4473,T10,D2_S4,D2,S4,0,0.0,6.638,1.49,1.35,7.87,3,0,22.49
4474,T01,S1_CR1,S1,CR1,1,182.3,8.767,0.8,1.15,5.38,5,0,29.83
4475,T07,CR2_S3,CR2,S3,0,0.0,6.579,1.9,1.35,9.87,3,0,20.11
4476,T08,S3_CR1,S3,CR1,1,194.4,8.135,1.57,1.15,9.94,4,0,23.51
4477,T01,D2_S4,D2,S4,0,0.0,6.638,1.49,1.35,5.77,2,0,22.15
4478,T06,S1_D1,S1,D1,1,212.7,5.834,1.12,1.15,5.34,1,0,15.46
4479,T01,CR1_S1,CR1,S1,0,0.0,8.767,0.8,1.15,4.26,3,0,27.88
4480,T09,S4_D2,S4,D2,1,211.2,6.638,1.49,1.35,1.2,5,0,27.15
4481,T04,D2_S4,D2,S4,0,0.0,6.638,1.49,1.35,7.46,1,0,20.34
4482,T04,CR1_S2,CR1,S2,0,0.0,8.334,1.39,1.15,10.93,5,0,24.42
4483,T06,S2_CR1,S2,CR1,1,207.0,8.334,1.39,1.15,3.34,1,0,30.27
4484,T04,CR1_S3,CR1,S3,0,0.0,8.135,1.57,1.15,1.04,1,0,16.71
4485,T04,CR2_S4,CR2,S4,0,0.0,6.855,1.9,1.35,5.95,4,0,19.32
4486,T04,D1_S1,D1,S1,0,0.0,5.834,1.12,1.15,0.15,1,0,12.67
4487,T04,S1_CR1,S1,CR1,1,196.5,8.767,0.8,1.15,5.31,1,0,23.85
4488,T06,CR1_S2,CR1,S2,0,0.0,8.334,1.39,1.15,4.59,3,0,21.89
4489,T04,D1_S1,D1,S1,0,0.0,5.834,1.12,1.15,7.42,6,0,15.61
4490,T02,S3_CR1,S3,CR1,1,180.3,8.135,1.57,1.15,4.67,4,0,24.59
4491,T09,S3_CR1,S3,CR1,1,192.7,8.135,1.57,1.15,3.31,5,0,23.82
4492,T09,CR1_S2,CR1,S2,0,0.0,8.334,1.39,1.15,10.57,0,0,20.94
4493,T06,S5_D1,S5,D1,1,185.4,6.724,1.12,1.15,8.94,1,0,17.93
4494,T07,S1_D1,S1,D1,1,167.1,5.834,1.12,1.15,9.29,2,0,17.07
4495,T08,CR2_S3,CR2,S3,0,0.0,6.579,1.9,1.35,7.99,0,0,16.16
4496,T09,S2_CR1,S2,CR1,1,168.0,8.334,1.39,1.15,2.16,3,0,29.23
4497,T01,D2_S4,D2,S4,0,0.0,6.638,1.49,1.35,2.68,3,0,25.23
4498,T01,CR2_S4,CR2,S4,0,0.0,6.855,1.9,1.35,4.48,1,0,19.43
4499,T05,D2_S4,D2,S4,0,0.0,6.638,1.49,1.35,6.01,7,0,26.41
4500,T02,CR2_S6,CR2,S6,0,0.0,8.342,1.9,1.35,2.07,2,0,23.36
4501,T01,CR1_S3,CR1,S3,0,0.0,8.135,1.57,1.15,6.29,5,0,20.68
4502,T04,CR2_S3,CR2,S3,0,0.0,6.579,1.9,1.35,1.67,0,0,18.08
4503,T02,D2_S3,D2,S3,0,0.0,6.362,1.39,1.35,11.18,6,1,30.54
4504,T08,S6_CR2,S6,CR2,1,205.2,8.342,1.9,1.35,6.15,8,1,40.44
4505,T02,S6_CR2,S6,CR2,1,220.0,8.342,1.9,1.35,4.71,4,0,31.23
4506,T05,S4_D2,S4,D2,1,217.6,6.638,1.49,1.35,5.93,8,0,32.38
4507,T04,CR1_S1,CR1,S1,0,0.0,8.767,0.8,1.15,0.87,2,0,22.37
4508,T10,CR1_S1,CR1,S1,0,0.0,8.767,0.8,1.15,10.45,1,0,22.23
4509,T04,S5_CR1,S5,CR1,1,195.9,10.342,0.89,1.15,2.82,7,0,34.77
4510,T01,S3_D2,S3,D2,1,181.9,6.362,1.39,1.35,7.9,2,0,24.32
4511,T07,CR1_S5,CR1,S5,0,0.0,10.342,0.89,1.15,3.61,3,0,26.28
4512,T01,CR1_S5,CR1,S5,0,0.0,10.342,0.89,1.15,1.21,4,0,29.14
4513,T09,D2_S4,D2,S4,0,0.0,6.638,1.49,1.35,4.11,2,0,19.98
4514,T03,S4_CR2,S4,CR2,1,216.4,6.855,1.9,1.35,0.73,2,0,21.94
4515,T04,S1_D1,S1,D1,1,210.0,5.834,1.12,1.15,5.36,2,0,16.03
4516,T03,S3_D2,S3,D2,1,169.7,6.362,1.39,1.35,2.48,1,0,28.12
4517,T01,CR2_S4,CR2,S4,0,0.0,6.855,1.9,1.35,1.73,1,0,18.52
4518,T06,S3_CR2,S3,CR2,1,173.9,6.579,1.9,1.35,1.44,1,0,23.92
4519,T01,CR2_S3,CR2,S3,0,0.0,6.579,1.9,1.35,7.86,7,0,24.06
4520,T05,CR1_S2,CR1,S2,0,0.0,8.334,1.39,1.15,3.15,5,0,25.7
4521,T02,CR2_S4,CR2,S4,0,0.0,6.855,1.9,1.35,3.3,1,0,18.89
4522,T10,S6_CR2,S6,CR2,1,174.5,8.342,1.9,1.35,6.57,3,0,29.82
4523,T07,S3_D2,S3,D2,1,195.4,6.362,1.39,1.35,4.16,4,0,27.96
4524,T01,S3_D2,S3,D2,1,196.4,6.362,1.39,1.35,6.61,5,0,27.57
4525,T07,S6_CR2,S6,CR2,1,181.8,8.342,1.9,1.35,10.25,0,0,26.07
4526,T04,CR2_S6,CR2,S6,0,0.0,8.342,1.9,1.35,6.14,7,0,25.61
4527,T10,S4_D2,S4,D2,1,205.7,6.638,1.49,1.35,6.1,7,0,33.46
4528,T10,D2_S3,D2,S3,0,0.0,6.362,1.39,1.35,3.58,1,0,20.71
4529,T07,S3_CR1,S3,CR1,1,183.4,8.135,1.57,1.15,10.5,1,0,19.99
4530,T08,CR1_S3,CR1,S3,0,0.0,8.135,1.57,1.15,4.11,3,0,19.39
4531,T02,S5_CR1,S5,CR1,1,200.1,10.342,0.89,1.15,0.65,5,0,40.04
4532,T02,CR1_S3,CR1,S3,0,0.0,8.135,1.57,1.15,9.09,1,0,17.82
4533,T02,CR1_S5,CR1,S5,0,0.0,10.342,0.89,1.15,4.76,4,0,31.7
4534,T07,S1_D1,S1,D1,1,212.4,5.834,1.12,1.15,2.78,3,0,18.63
4535,T02,CR1_S1,CR1,S1,0,0.0,8.767,0.8,1.15,7.83,2,0,21.22
4536,T06,S3_CR2,S3,CR2,1,220.0,6.579,1.9,1.35,2.64,0,0,24.54
4537,T01,S3_CR1,S3,CR1,1,197.0,8.135,1.57,1.15,10.55,4,0,24.34
4538,T03,S3_D2,S3,D2,1,219.1,6.362,1.39,1.35,6.17,3,0,26.02
4539,T06,CR2_S3,CR2,S3,0,0.0,6.579,1.9,1.35,11.83,3,0,19.96
4540,T01,D1_S1,D1,S1,0,0.0,5.834,1.12,1.15,1.93,2,0,11.91
4541,T06,S5_CR1,S5,CR1,1,208.9,10.342,0.89,1.15,8.3,5,0,36.22
4542,T07,S6_CR2,S6,CR2,1,198.0,8.342,1.9,1.35,4.44,5,0,29.32
4543,T08,CR1_S2,CR1,S2,0,0.0,8.334,1.39,1.15,10.62,1,0,21.3
4544,T04,CR2_S6,CR2,S6,0,0.0,8.342,1.9,1.35,10.96,0,0,20.01
4545,T01,CR2_S4,CR2,S4,0,0.0,6.855,1.9,1.35,6.16,3,0,21.51
4546,T10,CR1_S1,CR1,S1,0,0.0,8.767,0.8,1.15,2.14,0,1,24.83
4547,T06,CR1_S2,CR1,S2,0,0.0,8.334,1.39,1.15,9.27,2,0,19.61
4548,T02,CR1_S1,CR1,S1,0,0.0,8.767,0.8,1.15,2.4,2,0,22.52
4549,T02,S4_CR2,S4,CR2,1,196.3,6.855,1.9,1.35,5.13,4,0,23.8
4550,T10,CR1_S5,CR1,S5,0,0.0,10.342,0.89,1.15,2.59,2,0,27.67
4551,T06,S1_D1,S1,D1,1,203.4,5.834,1.12,1.15,3.23,3,0,15.12
4552,T02,D2_S3,D2,S3,0,0.0,6.362,1.39,1.35,1.4,3,0,22.24
4553,T10,S3_CR2,S3,CR2,1,183.0,6.579,1.9,1.35,11.37,1,0,20.02
4554,T07,S3_CR2,S3,CR2,1,179.9,6.579,1.9,1.35,7.41,4,0,23.59
4555,T10,CR2_S4,CR2,S4,0,0.0,6.855,1.9,1.35,11.47,1,0,17.85
4556,T03,S3_D2,S3,D2,1,169.5,6.362,1.39,1.35,0.04,1,0,27.72
4557,T04,CR1_S2,CR1,S2,0,0.0,8.334,1.39,1.15,1.46,1,0,23.51
4558,T01,CR1_S5,CR1,S5,0,0.0,10.342,0.89,1.15,10.65,2,0,23.97
4559,T01,D1_S5,D1,S5,0,0.0,6.724,1.12,1.15,10.39,2,0,16.53
4560,T08,S1_CR1,S1,CR1,1,202.7,8.767,0.8,1.15,5.28,8,0,34.28
4561,T04,D2_S3,D2,S3,0,0.0,6.362,1.39,1.35,11.03,2,0,23.04
4562,T03,CR2_S6,CR2,S6,0,0.0,8.342,1.9,1.35,0.61,1,0,23.63
4563,T01,S3_D2,S3,D2,1,154.4,6.362,1.39,1.35,6.32,2,0,26.6
4564,T02,D1_S1,D1,S1,0,0.0,5.834,1.12,1.15,6.51,3,0,13.56
4565,T10,CR2_S4,CR2,S4,0,0.0,6.855,1.9,1.35,9.01,0,0,15.32
4566,T05,S3_CR2,S3,CR2,1,209.0,6.579,1.9,1.35,6.81,3,0,21.61
4567,T08,S3_D2,S3,D2,1,187.4,6.362,1.39,1.35,1.95,0,0,26.12
4568,T01,CR1_S3,CR1,S3,0,0.0,8.135,1.57,1.15,7.88,5,0,21.3
4569,T06,S4_CR2,S4,CR2,1,190.6,6.855,1.9,1.35,8.58,1,0,22.49
4570,T08,D1_S1,D1,S1,0,0.0,5.834,1.12,1.15,1.95,1,0,12.8
4571,T10,S4_CR2,S4,CR2,1,174.8,6.855,1.9,1.35,9.0,1,0,24.34
4572,T08,D1_S5,D1,S5,0,0.0,6.724,1.12,1.15,10.42,1,0,16.28
4573,T08,S6_CR2,S6,CR2,1,185.8,8.342,1.9,1.35,9.55,4,0,27.02
4574,T03,S3_CR1,S3,CR1,1,202.6,8.135,1.57,1.15,2.36,1,0,18.12
4575,T05,D2_S3,D2,S3,0,0.0,6.362,1.39,1.35,6.59,4,0,23.88
4576,T02,S1_D1,S1,D1,1,207.6,5.834,1.12,1.15,7.44,5,0,18.72
4577,T08,S3_CR1,S3,CR1,1,177.6,8.135,1.57,1.15,9.99,3,0,21.81
4578,T04,S3_CR1,S3,CR1,1,182.4,8.135,1.57,1.15,5.66,1,0,21.06
4579,T06,S4_CR2,S4,CR2,1,196.4,6.855,1.9,1.35,7.74,1,0,23.07
4580,T06,S4_D2,S4,D2,1,173.7,6.638,1.49,1.35,9.38,1,0,26.52
4581,T06,S1_CR1,S1,CR1,1,183.5,8.767,0.8,1.15,11.88,2,0,27.74
4582,T08,D1_S1,D1,S1,0,0.0,5.834,1.12,1.15,0.69,0,0,11.29
4583,T09,D2_S4,D2,S4,0,0.0,6.638,1.49,1.35,5.03,3,0,23.31
4584,T04,S5_D1,S5,D1,1,220.0,6.724,1.12,1.15,8.3,2,0,20.21
4585,T04,D1_S1,D1,S1,0,0.0,5.834,1.12,1.15,11.09,1,0,11.84
4586,T02,CR2_S3,CR2,S3,0,0.0,6.579,1.9,1.35,9.24,3,0,19.24
4587,T02,S1_CR1,S1,CR1,1,217.2,8.767,0.8,1.15,5.65,3,0,28.48
4588,T09,S2_CR1,S2,CR1,1,196.5,8.334,1.39,1.15,4.9,3,0,29.81
4589,T06,CR1_S3,CR1,S3,0,0.0,8.135,1.57,1.15,2.54,3,0,15.56
4590,T08,CR1_S3,CR1,S3,0,0.0,8.135,1.57,1.15,3.75,2,0,19.35
4591,T01,S2_CR1,S2,CR1,1,214.2,8.334,1.39,1.15,10.24,7,0,31.58
4592,T03,S3_D2,S3,D2,1,207.9,6.362,1.39,1.35,8.6,3,0,29.32
4593,T07,CR1_S3,CR1,S3,0,0.0,8.135,1.57,1.15,6.75,2,0,16.81
4594,T04,CR2_S6,CR2,S6,0,0.0,8.342,1.9,1.35,3.15,1,0,21.53
4595,T03,S1_D1,S1,D1,1,195.3,5.834,1.12,1.15,11.7,2,0,18.6
4596,T09,D2_S3,D2,S3,0,0.0,6.362,1.39,1.35,1.54,2,0,23.47
4597,T10,CR1_S5,CR1,S5,0,0.0,10.342,0.89,1.15,4.17,3,0,31.63
4598,T08,D2_S4,D2,S4,0,0.0,6.638,1.49,1.35,0.74,0,0,21.54
4599,T01,S5_CR1,S5,CR1,1,211.7,10.342,0.89,1.15,2.86,3,0,35.42
4600,T06,S3_D2,S3,D2,1,204.9,6.362,1.39,1.35,9.14,1,0,25.8
4601,T10,S1_D1,S1,D1,1,190.4,5.834,1.12,1.15,0.6,3,0,15.83
4602,T09,S1_CR1,S1,CR1,1,202.2,8.767,0.8,1.15,2.82,0,0,27.42
4603,T04,S1_CR1,S1,CR1,1,209.7,8.767,0.8,1.15,7.76,0,0,25.99
4604,T08,CR1_S2,CR1,S2,0,0.0,8.334,1.39,1.15,1.74,1,0,23.87
4605,T01,CR2_S3,CR2,S3,0,0.0,6.579,1.9,1.35,5.93,3,0,19.22
4606,T06,S5_CR1,S5,CR1,1,193.8,10.342,0.89,1.15,2.65,2,0,34.46
4607,T03,S5_D1,S5,D1,1,195.1,6.724,1.12,1.15,5.71,7,0,23.03
4608,T08,CR1_S5,CR1,S5,0,0.0,10.342,0.89,1.15,2.55,2,0,30.68
4609,T09,S4_D2,S4,D2,1,197.5,6.638,1.49,1.35,6.89,7,0,33.07
4610,T08,CR1_S3,CR1,S3,0,0.0,8.135,1.57,1.15,11.57,1,0,17.32
4611,T08,S6_CR2,S6,CR2,1,204.5,8.342,1.9,1.35,5.62,3,0,26.29
4612,T05,S1_CR1,S1,CR1,1,189.3,8.767,0.8,1.15,9.53,1,1,36.53
4613,T06,D2_S4,D2,S4,0,0.0,6.638,1.49,1.35,7.84,0,0,22.25
4614,T10,S6_CR2,S6,CR2,1,198.8,8.342,1.9,1.35,7.08,3,0,30.78
4615,T04,D1_S1,D1,S1,0,0.0,5.834,1.12,1.15,9.73,4,0,16.02
4616,T07,S3_CR1,S3,CR1,1,199.8,8.135,1.57,1.15,8.74,2,0,20.92
4617,T03,CR1_S5,CR1,S5,0,0.0,10.342,0.89,1.15,5.31,3,0,31.99
4618,T08,CR1_S2,CR1,S2,0,0.0,8.334,1.39,1.15,11.95,4,0,23.95
4619,T09,S3_CR1,S3,CR1,1,178.8,8.135,1.57,1.15,8.93,2,0,18.84
4620,T02,CR1_S2,CR1,S2,0,0.0,8.334,1.39,1.15,5.16,4,0,23.38
4621,T08,S3_D2,S3,D2,1,185.8,6.362,1.39,1.35,10.59,3,0,27.69
4622,T06,S5_CR1,S5,CR1,1,219.6,10.342,0.89,1.15,9.82,1,0,30.58
4623,T08,S5_CR1,S5,CR1,1,176.9,10.342,0.89,1.15,6.97,5,0,37.16
4624,T06,D1_S5,D1,S5,0,0.0,6.724,1.12,1.15,3.64,3,0,18.64
4625,T01,S6_CR2,S6,CR2,1,191.5,8.342,1.9,1.35,6.72,4,0,31.1
4626,T09,S1_CR1,S1,CR1,1,220.0,8.767,0.8,1.15,2.27,4,0,31.53
4627,T03,CR1_S5,CR1,S5,0,0.0,10.342,0.89,1.15,1.37,2,1,34.93
4628,T02,S4_D2,S4,D2,1,197.2,6.638,1.49,1.35,3.79,2,0,28.34
4629,T07,S5_CR1,S5,CR1,1,206.1,10.342,0.89,1.15,11.73,2,0,33.97
4630,T01,CR1_S1,CR1,S1,0,0.0,8.767,0.8,1.15,5.61,2,0,23.47
4631,T03,D2_S3,D2,S3,0,0.0,6.362,1.39,1.35,1.63,1,0,22.85
4632,T03,S5_CR1,S5,CR1,1,219.1,10.342,0.89,1.15,11.41,3,0,34.46
4633,T03,CR1_S5,CR1,S5,0,0.0,10.342,0.89,1.15,5.82,6,0,32.38
4634,T05,CR2_S6,CR2,S6,0,0.0,8.342,1.9,1.35,1.37,2,1,31.76
4635,T08,CR2_S4,CR2,S4,0,0.0,6.855,1.9,1.35,11.15,1,0,18.66
4636,T07,S4_D2,S4,D2,1,186.8,6.638,1.49,1.35,2.94,2,0,29.62
4637,T03,S3_CR1,S3,CR1,1,187.1,8.135,1.57,1.15,8.72,3,0,21.21
4638,T06,CR2_S3,CR2,S3,0,0.0,6.579,1.9,1.35,3.33,3,0,19.17
4639,T07,CR1_S1,CR1,S1,0,0.0,8.767,0.8,1.15,7.32,2,0,24.35
4640,T01,CR2_S4,CR2,S4,0,0.0,6.855,1.9,1.35,2.92,2,0,21.93
4641,T10,D2_S3,D2,S3,0,0.0,6.362,1.39,1.35,1.9,3,0,24.67
4642,T05,S3_CR2,S3,CR2,1,192.2,6.579,1.9,1.35,8.4,1,0,23.69
4643,T09,CR2_S6,CR2,S6,0,0.0,8.342,1.9,1.35,1.3,0,0,20.59
4644,T08,CR1_S1,CR1,S1,0,0.0,8.767,0.8,1.15,11.7,3,1,26.34
4645,T05,CR1_S2,CR1,S2,0,0.0,8.334,1.39,1.15,10.86,2,0,21.43
4646,T08,S4_CR2,S4,CR2,1,197.2,6.855,1.9,1.35,11.84,2,0,22.6
4647,T03,S3_D2,S3,D2,1,189.0,6.362,1.39,1.35,9.96,2,0,27.79
4648,T03,S5_D1,S5,D1,1,201.1,6.724,1.12,1.15,6.28,8,0,26.44
4649,T10,S3_CR1,S3,CR1,1,211.3,8.135,1.57,1.15,11.47,3,0,21.62
4650,T04,D2_S4,D2,S4,0,0.0,6.638,1.49,1.35,3.49,4,0,23.63
4651,T01,CR2_S6,CR2,S6,0,0.0,8.342,1.9,1.35,11.73,1,0,20.68
4652,T02,S2_CR1,S2,CR1,1,204.4,8.334,1.39,1.15,5.45,2,0,26.97
4653,T08,S3_D2,S3,D2,1,180.0,6.362,1.39,1.35,4.31,1,0,26.05
4654,T02,S5_D1,S5,D1,1,179.7,6.724,1.12,1.15,4.17,0,0,19.35
4655,T01,S3_CR1,S3,CR1,1,190.8,8.135,1.57,1.15,6.69,5,0,25.37
4656,T09,S3_CR1,S3,CR1,1,186.0,8.135,1.57,1.15,8.62,2,0,21.64
4657,T01,S3_D2,S3,D2,1,205.4,6.362,1.39,1.35,4.95,5,0,24.54
4658,T10,S5_D1,S5,D1,1,189.0,6.724,1.12,1.15,2.39,1,0,19.31
4659,T09,S3_D2,S3,D2,1,209.3,6.362,1.39,1.35,2.84,1,0,24.76
4660,T10,S3_CR2,S3,CR2,1,196.0,6.579,1.9,1.35,7.81,3,0,23.17
4661,T08,CR2_S4,CR2,S4,0,0.0,6.855,1.9,1.35,11.43,2,0,21.81
4662,T01,D1_S5,D1,S5,0,0.0,6.724,1.12,1.15,9.97,2,1,20.24
4663,T08,S1_CR1,S1,CR1,1,182.6,8.767,0.8,1.15,1.07,3,0,30.36
4664,T09,CR2_S6,CR2,S6,0,0.0,8.342,1.9,1.35,8.02,3,0,21.34
4665,T06,S1_D1,S1,D1,1,183.7,5.834,1.12,1.15,10.8,2,0,16.76
4666,T03,CR2_S3,CR2,S3,0,0.0,6.579,1.9,1.35,0.13,4,0,20.3
4667,T05,CR2_S6,CR2,S6,0,0.0,8.342,1.9,1.35,5.43,8,0,26.09
4668,T04,CR1_S1,CR1,S1,0,0.0,8.767,0.8,1.15,6.76,4,0,23.97
4669,T09,S5_D1,S5,D1,1,198.1,6.724,1.12,1.15,7.91,1,0,20.16
4670,T08,S6_CR2,S6,CR2,1,194.7,8.342,1.9,1.35,6.06,2,0,23.89
4671,T10,S1_CR1,S1,CR1,1,183.5,8.767,0.8,1.15,1.0,1,0,31.01
4672,T02,CR2_S6,CR2,S6,0,0.0,8.342,1.9,1.35,1.03,1,0,20.0
4673,T08,S5_CR1,S5,CR1,1,220.0,10.342,0.89,1.15,4.92,2,0,33.73
4674,T02,S3_CR2,S3,CR2,1,189.0,6.579,1.9,1.35,7.76,3,0,24.25
4675,T04,S2_CR1,S2,CR1,1,216.6,8.334,1.39,1.15,7.44,4,0,30.48
4676,T10,D1_S5,D1,S5,0,0.0,6.724,1.12,1.15,8.0,3,0,16.6
4677,T04,CR1_S5,CR1,S5,0,0.0,10.342,0.89,1.15,8.98,4,0,30.21
4678,T08,D2_S3,D2,S3,0,0.0,6.362,1.39,1.35,7.16,5,0,27.25
4679,T02,D2_S3,D2,S3,0,0.0,6.362,1.39,1.35,11.55,2,1,31.07
4680,T05,D1_S5,D1,S5,0,0.0,6.724,1.12,1.15,6.48,3,0,19.57
4681,T05,S2_CR1,S2,CR1,1,203.7,8.334,1.39,1.15,7.1,2,0,28.39
4682,T03,S6_CR2,S6,CR2,1,188.1,8.342,1.9,1.35,9.97,1,0,28.15
4683,T08,S5_D1,S5,D1,1,192.4,6.724,1.12,1.15,7.02,1,1,25.99
4684,T07,CR2_S6,CR2,S6,0,0.0,8.342,1.9,1.35,4.79,4,0,23.76
4685,T09,S6_CR2,S6,CR2,1,174.4,8.342,1.9,1.35,9.81,5,0,27.89
4686,T02,S2_CR1,S2,CR1,1,176.3,8.334,1.39,1.15,4.49,4,0,27.6
4687,T06,S3_CR2,S3,CR2,1,193.0,6.579,1.9,1.35,11.62,2,0,24.39
4688,T05,CR2_S6,CR2,S6,0,0.0,8.342,1.9,1.35,10.23,2,0,19.62
4689,T07,S3_CR2,S3,CR2,1,187.5,6.579,1.9,1.35,5.13,4,0,25.56
4690,T06,CR1_S3,CR1,S3,0,0.0,8.135,1.57,1.15,10.11,1,0,18.45
4691,T06,S5_D1,S5,D1,1,197.5,6.724,1.12,1.15,5.18,3,0,20.94
4692,T03,S5_CR1,S5,CR1,1,184.4,10.342,0.89,1.15,11.5,2,0,39.32
4693,T04,S1_D1,S1,D1,1,209.0,5.834,1.12,1.15,9.19,4,1,20.91
4694,T10,S5_CR1,S5,CR1,1,185.0,10.342,0.89,1.15,2.28,1,0,32.26
4695,T10,S3_CR1,S3,CR1,1,214.7,8.135,1.57,1.15,2.23,3,0,22.78
4696,T06,CR2_S4,CR2,S4,0,0.0,6.855,1.9,1.35,5.95,1,0,19.23
4697,T09,S2_CR1,S2,CR1,1,202.1,8.334,1.39,1.15,4.79,3,1,37.54
4698,T08,CR1_S3,CR1,S3,0,0.0,8.135,1.57,1.15,7.39,3,0,17.54
4699,T09,S5_CR1,S5,CR1,1,189.1,10.342,0.89,1.15,6.04,4,0,33.77
4700,T02,CR1_S1,CR1,S1,0,0.0,8.767,0.8,1.15,7.81,1,0,20.87
4701,T07,D2_S4,D2,S4,0,0.0,6.638,1.49,1.35,4.83,2,0,23.0
4702,T02,D1_S1,D1,S1,0,0.0,5.834,1.12,1.15,7.3,3,0,13.99
4703,T08,S6_CR2,S6,CR2,1,188.2,8.342,1.9,1.35,3.42,2,0,23.88
4704,T09,S1_CR1,S1,CR1,1,180.3,8.767,0.8,1.15,8.2,1,0,29.36
4705,T02,D1_S5,D1,S5,0,0.0,6.724,1.12,1.15,5.0,5,0,18.32
4706,T04,D1_S5,D1,S5,0,0.0,6.724,1.12,1.15,5.98,4,0,18.33
4707,T06,CR2_S3,CR2,S3,0,0.0,6.579,1.9,1.35,10.21,1,0,19.1
4708,T10,S4_D2,S4,D2,1,166.4,6.638,1.49,1.35,3.9,5,0,29.77
4709,T07,CR2_S4,CR2,S4,0,0.0,6.855,1.9,1.35,7.1,4,0,21.71
4710,T09,S3_CR2,S3,CR2,1,193.6,6.579,1.9,1.35,1.0,1,0,21.38
4711,T09,S6_CR2,S6,CR2,1,217.8,8.342,1.9,1.35,1.87,3,0,27.82
4712,T05,S1_CR1,S1,CR1,1,200.7,8.767,0.8,1.15,2.41,2,0,29.84
4713,T09,S1_CR1,S1,CR1,1,191.0,8.767,0.8,1.15,1.28,2,0,30.32
4714,T07,CR2_S6,CR2,S6,0,0.0,8.342,1.9,1.35,10.76,2,0,23.49
4715,T09,CR2_S6,CR2,S6,0,0.0,8.342,1.9,1.35,3.33,2,0,23.17
4716,T04,S2_CR1,S2,CR1,1,184.1,8.334,1.39,1.15,6.15,8,0,38.7
4717,T03,S3_CR2,S3,CR2,1,200.4,6.579,1.9,1.35,2.91,0,0,22.4
4718,T01,S4_D2,S4,D2,1,198.3,6.638,1.49,1.35,3.6,3,0,27.93
4719,T09,CR2_S4,CR2,S4,0,0.0,6.855,1.9,1.35,5.66,4,0,20.07
4720,T01,CR1_S1,CR1,S1,0,0.0,8.767,0.8,1.15,4.47,5,0,26.79
4721,T10,S3_CR1,S3,CR1,1,200.2,8.135,1.57,1.15,6.99,4,0,24.54
4722,T08,S6_CR2,S6,CR2,1,199.4,8.342,1.9,1.35,9.86,1,0,28.81
4723,T10,CR1_S5,CR1,S5,0,0.0,10.342,0.89,1.15,10.29,2,0,27.55
4724,T09,D1_S5,D1,S5,0,0.0,6.724,1.12,1.15,6.9,4,1,24.16
4725,T07,S4_D2,S4,D2,1,185.1,6.638,1.49,1.35,4.48,8,0,31.87
4726,T03,S3_CR1,S3,CR1,1,220.0,8.135,1.57,1.15,1.0,1,1,27.57
4727,T06,S5_CR1,S5,CR1,1,181.0,10.342,0.89,1.15,9.88,1,0,33.09
4728,T03,S1_CR1,S1,CR1,1,209.7,8.767,0.8,1.15,9.67,1,1,36.0
4729,T09,CR1_S2,CR1,S2,0,0.0,8.334,1.39,1.15,10.91,2,0,22.73
4730,T05,S4_D2,S4,D2,1,194.3,6.638,1.49,1.35,10.09,2,0,22.89
4731,T04,S4_D2,S4,D2,1,214.0,6.638,1.49,1.35,1.71,2,0,25.5
4732,T01,S3_CR2,S3,CR2,1,213.5,6.579,1.9,1.35,7.51,6,0,26.14
4733,T06,S5_D1,S5,D1,1,194.5,6.724,1.12,1.15,7.38,3,0,21.2
4734,T06,S3_CR1,S3,CR1,1,211.4,8.135,1.57,1.15,6.48,4,0,24.18
4735,T01,S5_CR1,S5,CR1,1,172.0,10.342,0.89,1.15,2.4,2,0,34.41
4736,T07,CR1_S5,CR1,S5,0,0.0,10.342,0.89,1.15,9.07,0,0,29.45
4737,T09,D2_S3,D2,S3,0,0.0,6.362,1.39,1.35,4.95,7,0,23.37
4738,T05,CR1_S5,CR1,S5,0,0.0,10.342,0.89,1.15,4.17,0,0,25.46
4739,T02,CR2_S4,CR2,S4,0,0.0,6.855,1.9,1.35,1.63,0,0,16.97
4740,T03,CR2_S6,CR2,S6,0,0.0,8.342,1.9,1.35,8.83,5,0,23.28
4741,T04,S2_CR1,S2,CR1,1,214.7,8.334,1.39,1.15,10.52,0,0,23.77
4742,T07,CR1_S2,CR1,S2,0,0.0,8.334,1.39,1.15,6.39,6,0,26.48
4743,T02,D1_S5,D1,S5,0,0.0,6.724,1.12,1.15,8.06,4,0,18.51
4744,T02,CR2_S3,CR2,S3,0,0.0,6.579,1.9,1.35,7.35,3,0,18.61
4745,T05,S4_D2,S4,D2,1,190.5,6.638,1.49,1.35,0.79,2,0,28.99
4746,T03,S4_D2,S4,D2,1,197.2,6.638,1.49,1.35,5.24,1,0,29.23
4747,T03,S6_CR2,S6,CR2,1,158.5,8.342,1.9,1.35,9.41,3,0,25.58
4748,T08,S5_CR1,S5,CR1,1,199.9,10.342,0.89,1.15,3.61,3,0,36.75
4749,T07,S3_CR2,S3,CR2,1,171.3,6.579,1.9,1.35,3.03,2,0,25.52
4750,T07,S5_CR1,S5,CR1,1,201.7,10.342,0.89,1.15,0.93,1,0,31.5
4751,T09,S2_CR1,S2,CR1,1,220.0,8.334,1.39,1.15,4.0,2,0,28.78
4752,T08,S3_D2,S3,D2,1,182.1,6.362,1.39,1.35,9.95,2,0,25.67
4753,T10,D2_S3,D2,S3,0,0.0,6.362,1.39,1.35,1.86,4,0,23.64
4754,T10,D1_S5,D1,S5,0,0.0,6.724,1.12,1.15,9.49,3,0,17.73
4755,T03,D1_S5,D1,S5,0,0.0,6.724,1.12,1.15,6.26,2,0,16.95
4756,T06,CR2_S6,CR2,S6,0,0.0,8.342,1.9,1.35,4.23,2,0,21.72
4757,T06,S4_CR2,S4,CR2,1,185.3,6.855,1.9,1.35,2.74,1,0,23.27
4758,T10,CR1_S1,CR1,S1,0,0.0,8.767,0.8,1.15,9.08,2,0,23.14
4759,T03,CR2_S4,CR2,S4,0,0.0,6.855,1.9,1.35,6.95,6,0,24.87
4760,T06,S3_CR1,S3,CR1,1,193.5,8.135,1.57,1.15,10.42,3,0,21.58
4761,T04,D1_S5,D1,S5,0,0.0,6.724,1.12,1.15,9.8,3,0,17.66
4762,T02,CR1_S5,CR1,S5,0,0.0,10.342,0.89,1.15,2.23,1,0,27.65
4763,T05,S4_D2,S4,D2,1,165.7,6.638,1.49,1.35,10.13,2,1,35.42
4764,T08,S3_D2,S3,D2,1,220.0,6.362,1.39,1.35,2.48,5,0,31.97
4765,T09,D1_S5,D1,S5,0,0.0,6.724,1.12,1.15,9.84,1,0,15.1
4766,T05,S3_D2,S3,D2,1,187.2,6.362,1.39,1.35,7.07,2,0,26.0
4767,T02,S5_D1,S5,D1,1,188.5,6.724,1.12,1.15,11.59,2,0,21.49
4768,T03,S6_CR2,S6,CR2,1,192.5,8.342,1.9,1.35,5.05,3,0,28.46
4769,T09,S4_CR2,S4,CR2,1,198.0,6.855,1.9,1.35,7.69,3,0,23.15
4770,T02,CR1_S1,CR1,S1,0,0.0,8.767,0.8,1.15,9.0,2,0,22.22
4771,T09,D1_S5,D1,S5,0,0.0,6.724,1.12,1.15,2.39,1,0,15.83
4772,T08,D1_S5,D1,S5,0,0.0,6.724,1.12,1.15,8.86,1,0,17.33
4773,T01,D1_S5,D1,S5,0,0.0,6.724,1.12,1.15,3.52,0,0,16.54
4774,T01,S1_CR1,S1,CR1,1,180.6,8.767,0.8,1.15,2.85,3,0,28.96
4775,T10,CR2_S4,CR2,S4,0,0.0,6.855,1.9,1.35,3.12,2,0,20.11
4776,T10,S4_D2,S4,D2,1,171.9,6.638,1.49,1.35,6.76,5,0,29.62
4777,T02,CR1_S5,CR1,S5,0,0.0,10.342,0.89,1.15,8.72,2,0,28.74
4778,T07,CR1_S3,CR1,S3,0,0.0,8.135,1.57,1.15,11.12,4,0,19.29
4779,T08,S5_D1,S5,D1,1,205.2,6.724,1.12,1.15,6.5,6,0,24.78
4780,T02,D2_S4,D2,S4,0,0.0,6.638,1.49,1.35,4.55,2,0,22.24
4781,T07,S3_CR1,S3,CR1,1,216.7,8.135,1.57,1.15,7.97,2,0,22.78
4782,T02,S3_CR1,S3,CR1,1,185.3,8.135,1.57,1.15,4.25,5,0,24.53
4783,T03,S5_CR1,S5,CR1,1,211.6,10.342,0.89,1.15,4.72,4,0,30.33
4784,T09,S3_CR1,S3,CR1,1,183.2,8.135,1.57,1.15,1.11,5,0,25.78
4785,T09,S4_CR2,S4,CR2,1,189.0,6.855,1.9,1.35,0.49,0,0,21.36
4786,T05,CR2_S4,CR2,S4,0,0.0,6.855,1.9,1.35,4.83,4,0,21.3
4787,T09,S6_CR2,S6,CR2,1,171.0,8.342,1.9,1.35,11.13,3,0,27.48
4788,T05,S6_CR2,S6,CR2,1,193.7,8.342,1.9,1.35,6.82,5,0,28.81
4789,T05,D1_S5,D1,S5,0,0.0,6.724,1.12,1.15,7.52,2,0,16.12
4790,T07,S3_D2,S3,D2,1,220.0,6.362,1.39,1.35,0.54,1,0,26.34
4791,T02,D2_S3,D2,S3,0,0.0,6.362,1.39,1.35,8.94,2,0,22.19
4792,T05,S3_CR2,S3,CR2,1,193.3,6.579,1.9,1.35,4.53,6,0,23.63
4793,T05,S2_CR1,S2,CR1,1,204.0,8.334,1.39,1.15,11.92,1,0,27.9
4794,T04,S2_CR1,S2,CR1,1,194.5,8.334,1.39,1.15,8.64,2,0,29.08
4795,T05,S5_D1,S5,D1,1,186.0,6.724,1.12,1.15,9.18,0,0,20.95
4796,T02,D2_S3,D2,S3,0,0.0,6.362,1.39,1.35,5.01,2,0,22.69
4797,T03,S6_CR2,S6,CR2,1,189.6,8.342,1.9,1.35,5.5,5,1,37.08
4798,T08,CR1_S5,CR1,S5,0,0.0,10.342,0.89,1.15,10.9,3,0,25.17
4799,T10,CR1_S5,CR1,S5,0,0.0,10.342,0.89,1.15,3.49,1,0,28.83
4800,T03,S4_CR2,S4,CR2,1,184.1,6.855,1.9,1.35,0.27,4,0,27.23
4801,T10,S4_CR2,S4,CR2,1,210.3,6.855,1.9,1.35,11.84,2,0,21.8
4802,T03,D1_S5,D1,S5,0,0.0,6.724,1.12,1.15,1.9,1,0,16.38
4803,T06,D2_S4,D2,S4,0,0.0,6.638,1.49,1.35,0.54,4,0,23.23
4804,T01,S1_CR1,S1,CR1,1,192.1,8.767,0.8,1.15,5.06,4,0,32.8
4805,T06,D2_S3,D2,S3,0,0.0,6.362,1.39,1.35,0.49,3,1,26.89
4806,T07,D2_S3,D2,S3,0,0.0,6.362,1.39,1.35,3.58,4,1,34.84
4807,T09,S5_CR1,S5,CR1,1,195.6,10.342,0.89,1.15,11.98,2,0,33.01
4808,T02,S6_CR2,S6,CR2,1,205.3,8.342,1.9,1.35,2.45,4,0,27.56
4809,T08,CR1_S3,CR1,S3,0,0.0,8.135,1.57,1.15,9.63,2,0,20.42
4810,T07,D1_S1,D1,S1,0,0.0,5.834,1.12,1.15,1.24,2,0,15.11
4811,T08,CR1_S3,CR1,S3,0,0.0,8.135,1.57,1.15,4.88,2,0,17.94
4812,T02,CR1_S2,CR1,S2,0,0.0,8.334,1.39,1.15,9.52,0,0,22.37
4813,T07,S3_CR2,S3,CR2,1,193.2,6.579,1.9,1.35,11.35,0,1,30.36
4814,T01,S5_D1,S5,D1,1,188.2,6.724,1.12,1.15,10.09,2,0,22.27
4815,T03,CR2_S3,CR2,S3,0,0.0,6.579,1.9,1.35,4.95,7,0,19.75
4816,T04,S3_D2,S3,D2,1,187.1,6.362,1.39,1.35,1.35,3,0,28.2
4817,T05,D1_S1,D1,S1,0,0.0,5.834,1.12,1.15,10.72,1,0,12.22
4818,T04,CR1_S5,CR1,S5,0,0.0,10.342,0.89,1.15,2.66,4,0,30.64
4819,T04,S1_D1,S1,D1,1,170.8,5.834,1.12,1.15,2.13,3,0,15.16
4820,T07,S3_D2,S3,D2,1,213.3,6.362,1.39,1.35,11.15,0,0,23.93
4821,T08,S1_D1,S1,D1,1,175.5,5.834,1.12,1.15,8.99,1,0,15.2
4822,T07,CR1_S3,CR1,S3,0,0.0,8.135,1.57,1.15,3.66,1,0,18.28
4823,T05,S5_CR1,S5,CR1,1,202.2,10.342,0.89,1.15,3.81,1,0,33.75
4824,T06,S1_CR1,S1,CR1,1,206.9,8.767,0.8,1.15,3.67,2,0,27.09
4825,T02,D2_S4,D2,S4,0,0.0,6.638,1.49,1.35,8.42,3,0,22.79
4826,T04,D1_S5,D1,S5,0,0.0,6.724,1.12,1.15,0.34,3,0,16.86
4827,T03,S2_CR1,S2,CR1,1,163.9,8.334,1.39,1.15,9.93,0,0,26.71
4828,T04,D1_S1,D1,S1,0,0.0,5.834,1.12,1.15,10.27,0,0,11.05
4829,T01,CR1_S1,CR1,S1,0,0.0,8.767,0.8,1.15,3.97,2,0,21.22
4830,T07,D2_S3,D2,S3,0,0.0,6.362,1.39,1.35,9.22,4,0,24.71
4831,T06,CR2_S6,CR2,S6,0,0.0,8.342,1.9,1.35,6.3,4,1,32.98
4832,T04,S5_CR1,S5,CR1,1,199.6,10.342,0.89,1.15,4.03,2,0,33.43
4833,T04,S5_D1,S5,D1,1,205.6,6.724,1.12,1.15,10.91,1,0,19.54
4834,T03,S1_D1,S1,D1,1,199.4,5.834,1.12,1.15,0.55,1,0,15.77
4835,T07,CR2_S3,CR2,S3,0,0.0,6.579,1.9,1.35,0.47,1,0,18.11
4836,T10,S1_CR1,S1,CR1,1,179.6,8.767,0.8,1.15,1.97,1,0,29.23
4837,T10,S5_CR1,S5,CR1,1,185.1,10.342,0.89,1.15,10.18,1,0,32.88
4838,T05,S6_CR2,S6,CR2,1,188.9,8.342,1.9,1.35,2.14,3,0,23.09
4839,T02,CR2_S4,CR2,S4,0,0.0,6.855,1.9,1.35,5.48,4,0,19.76
4840,T09,S4_D2,S4,D2,1,201.4,6.638,1.49,1.35,6.82,3,0,28.3
4841,T07,S2_CR1,S2,CR1,1,219.0,8.334,1.39,1.15,11.95,2,0,26.58
4842,T09,S3_CR1,S3,CR1,1,220.0,8.135,1.57,1.15,6.14,8,0,25.66
4843,T04,S3_CR2,S3,CR2,1,213.1,6.579,1.9,1.35,6.51,3,0,25.99
4844,T02,CR2_S4,CR2,S4,0,0.0,6.855,1.9,1.35,9.97,1,0,19.74
4845,T01,CR1_S5,CR1,S5,0,0.0,10.342,0.89,1.15,6.05,2,0,28.56
4846,T07,S4_D2,S4,D2,1,184.3,6.638,1.49,1.35,4.08,1,0,25.79
4847,T07,CR1_S3,CR1,S3,0,0.0,8.135,1.57,1.15,0.14,3,0,16.88
4848,T06,S2_CR1,S2,CR1,1,193.5,8.334,1.39,1.15,2.34,2,0,27.72
4849,T01,S4_CR2,S4,CR2,1,203.0,6.855,1.9,1.35,8.86,4,0,25.53
4850,T08,CR2_S4,CR2,S4,0,0.0,6.855,1.9,1.35,6.43,8,0,19.1
4851,T05,CR1_S5,CR1,S5,0,0.0,10.342,0.89,1.15,2.87,1,0,27.44
4852,T10,S4_D2,S4,D2,1,183.1,6.638,1.49,1.35,0.49,1,0,27.08
4853,T04,CR1_S5,CR1,S5,0,0.0,10.342,0.89,1.15,1.39,1,0,27.14
4854,T04,CR1_S5,CR1,S5,0,0.0,10.342,0.89,1.15,1.11,2,0,26.47
4855,T03,CR1_S1,CR1,S1,0,0.0,8.767,0.8,1.15,9.03,1,0,21.81
4856,T02,CR2_S3,CR2,S3,0,0.0,6.579,1.9,1.35,0.55,2,0,18.12
4857,T03,S3_CR1,S3,CR1,1,183.5,8.135,1.57,1.15,2.98,2,0,19.02
4858,T08,S5_D1,S5,D1,1,196.9,6.724,1.12,1.15,0.67,5,1,33.57
4859,T05,CR2_S3,CR2,S3,0,0.0,6.579,1.9,1.35,2.96,1,0,17.61
4860,T03,S6_CR2,S6,CR2,1,193.4,8.342,1.9,1.35,1.52,1,0,28.14
4861,T09,D1_S1,D1,S1,0,0.0,5.834,1.12,1.15,10.98,0,0,11.45
4862,T02,CR2_S4,CR2,S4,0,0.0,6.855,1.9,1.35,5.48,4,0,21.32
4863,T08,D2_S4,D2,S4,0,0.0,6.638,1.49,1.35,5.36,5,0,22.91
4864,T01,S5_CR1,S5,CR1,1,216.0,10.342,0.89,1.15,1.89,2,0,32.14
4865,T06,D2_S4,D2,S4,0,0.0,6.638,1.49,1.35,7.17,5,0,22.58
4866,T09,S2_CR1,S2,CR1,1,185.7,8.334,1.39,1.15,11.05,5,0,29.97
4867,T09,D2_S3,D2,S3,0,0.0,6.362,1.39,1.35,8.8,4,0,25.52
4868,T09,D2_S4,D2,S4,0,0.0,6.638,1.49,1.35,10.4,1,0,22.28
4869,T03,S6_CR2,S6,CR2,1,181.6,8.342,1.9,1.35,2.64,4,1,38.29
4870,T06,CR2_S3,CR2,S3,0,0.0,6.579,1.9,1.35,3.6,2,0,19.12
4871,T05,S4_CR2,S4,CR2,1,189.6,6.855,1.9,1.35,3.77,4,0,23.14
4872,T06,S3_D2,S3,D2,1,188.8,6.362,1.39,1.35,1.8,4,0,28.67
4873,T04,S4_D2,S4,D2,1,205.1,6.638,1.49,1.35,8.19,2,0,26.86
4874,T04,CR1_S1,CR1,S1,0,0.0,8.767,0.8,1.15,2.75,1,0,23.3
4875,T06,S3_D2,S3,D2,1,173.5,6.362,1.39,1.35,9.38,8,0,30.21
4876,T07,CR2_S4,CR2,S4,0,0.0,6.855,1.9,1.35,6.1,3,1,25.43
4877,T03,S6_CR2,S6,CR2,1,200.8,8.342,1.9,1.35,0.3,1,0,28.26
4878,T05,CR1_S2,CR1,S2,0,0.0,8.334,1.39,1.15,0.24,1,0,22.64
4879,T01,S1_D1,S1,D1,1,184.1,5.834,1.12,1.15,9.39,2,0,15.76
4880,T06,CR1_S1,CR1,S1,0,0.0,8.767,0.8,1.15,10.71,1,0,21.5
4881,T06,S3_D2,S3,D2,1,209.9,6.362,1.39,1.35,9.02,2,0,28.93
4882,T04,CR1_S1,CR1,S1,0,0.0,8.767,0.8,1.15,9.69,1,0,20.1
4883,T02,CR2_S6,CR2,S6,0,0.0,8.342,1.9,1.35,0.14,1,0,21.45
4884,T09,S3_CR1,S3,CR1,1,180.6,8.135,1.57,1.15,2.75,4,0,22.06
4885,T01,CR1_S2,CR1,S2,0,0.0,8.334,1.39,1.15,2.22,6,1,31.85
4886,T05,D2_S3,D2,S3,0,0.0,6.362,1.39,1.35,7.84,6,0,26.11
4887,T06,D1_S5,D1,S5,0,0.0,6.724,1.12,1.15,9.93,6,0,19.35
4888,T01,S4_CR2,S4,CR2,1,183.8,6.855,1.9,1.35,1.63,1,0,22.93
4889,T04,S3_D2,S3,D2,1,175.1,6.362,1.39,1.35,2.63,5,0,27.57
4890,T02,S3_D2,S3,D2,1,175.7,6.362,1.39,1.35,9.11,2,0,26.8
4891,T10,D2_S3,D2,S3,0,0.0,6.362,1.39,1.35,3.95,2,0,23.04
4892,T05,S1_D1,S1,D1,1,184.1,5.834,1.12,1.15,2.82,3,0,17.52
4893,T07,CR2_S4,CR2,S4,0,0.0,6.855,1.9,1.35,2.76,1,0,18.05
4894,T08,S5_D1,S5,D1,1,211.5,6.724,1.12,1.15,10.3,1,0,19.35
4895,T04,S3_D2,S3,D2,1,179.6,6.362,1.39,1.35,0.49,4,0,28.69
4896,T08,S4_CR2,S4,CR2,1,193.6,6.855,1.9,1.35,1.25,4,0,26.24
4897,T04,CR1_S5,CR1,S5,0,0.0,10.342,0.89,1.15,4.35,6,0,28.63
4898,T05,CR1_S3,CR1,S3,0,0.0,8.135,1.57,1.15,2.08,3,0,18.25
4899,T09,S5_D1,S5,D1,1,191.7,6.724,1.12,1.15,0.82,2,0,22.88
4900,T07,S5_D1,S5,D1,1,176.8,6.724,1.12,1.15,0.04,4,0,20.51
4901,T09,S3_CR1,S3,CR1,1,215.7,8.135,1.57,1.15,5.78,5,0,23.95
4902,T06,CR1_S1,CR1,S1,0,0.0,8.767,0.8,1.15,6.62,6,1,33.48
4903,T02,S2_CR1,S2,CR1,1,187.6,8.334,1.39,1.15,4.61,1,0,30.52
4904,T08,D2_S3,D2,S3,0,0.0,6.362,1.39,1.35,5.82,3,0,22.45
4905,T06,D1_S5,D1,S5,0,0.0,6.724,1.12,1.15,4.53,7,0,18.7
4906,T02,CR1_S5,CR1,S5,0,0.0,10.342,0.89,1.15,6.74,4,0,32.13
4907,T05,CR2_S3,CR2,S3,0,0.0,6.579,1.9,1.35,1.16,1,0,17.0
4908,T10,S5_D1,S5,D1,1,190.3,6.724,1.12,1.15,9.44,1,0,19.81
4909,T04,S6_CR2,S6,CR2,1,187.7,8.342,1.9,1.35,3.72,1,0,25.82
4910,T02,CR1_S3,CR1,S3,0,0.0,8.135,1.57,1.15,9.49,0,0,15.37
4911,T04,CR2_S4,CR2,S4,0,0.0,6.855,1.9,1.35,11.66,2,0,19.32
4912,T01,CR1_S1,CR1,S1,0,0.0,8.767,0.8,1.15,9.25,4,0,22.9
4913,T04,S1_D1,S1,D1,1,219.9,5.834,1.12,1.15,11.22,2,0,17.59
4914,T01,S3_D2,S3,D2,1,200.9,6.362,1.39,1.35,2.55,3,0,27.05
4915,T05,S5_D1,S5,D1,1,199.4,6.724,1.12,1.15,4.94,1,0,20.36
4916,T03,S3_CR2,S3,CR2,1,190.6,6.579,1.9,1.35,3.85,2,0,24.16
4917,T10,CR1_S5,CR1,S5,0,0.0,10.342,0.89,1.15,0.63,0,0,28.5
4918,T07,S5_D1,S5,D1,1,201.2,6.724,1.12,1.15,9.28,2,0,20.58
4919,T01,S4_D2,S4,D2,1,191.6,6.638,1.49,1.35,10.67,3,0,25.7
4920,T04,D2_S3,D2,S3,0,0.0,6.362,1.39,1.35,0.4,1,0,18.44
4921,T05,S3_CR2,S3,CR2,1,195.7,6.579,1.9,1.35,9.25,3,0,24.35
4922,T06,S4_CR2,S4,CR2,1,187.9,6.855,1.9,1.35,3.19,3,0,24.03
4923,T09,CR1_S3,CR1,S3,0,0.0,8.135,1.57,1.15,10.81,0,0,16.03
4924,T01,S3_CR2,S3,CR2,1,164.0,6.579,1.9,1.35,2.4,3,0,25.8
4925,T10,CR2_S6,CR2,S6,0,0.0,8.342,1.9,1.35,11.66,3,0,24.41
4926,T07,S2_CR1,S2,CR1,1,217.3,8.334,1.39,1.15,4.61,2,0,27.87
4927,T04,S4_D2,S4,D2,1,209.2,6.638,1.49,1.35,4.5,4,0,30.42
4928,T02,D1_S5,D1,S5,0,0.0,6.724,1.12,1.15,10.8,2,0,17.42
4929,T06,CR2_S6,CR2,S6,0,0.0,8.342,1.9,1.35,8.89,1,0,21.2
4930,T03,S3_CR1,S3,CR1,1,172.0,8.135,1.57,1.15,9.44,3,0,22.67
4931,T04,S3_D2,S3,D2,1,199.5,6.362,1.39,1.35,0.71,4,0,29.34
4932,T04,CR1_S1,CR1,S1,0,0.0,8.767,0.8,1.15,7.28,4,0,27.62
4933,T08,CR2_S6,CR2,S6,0,0.0,8.342,1.9,1.35,8.57,2,0,23.72
4934,T07,S4_D2,S4,D2,1,171.5,6.638,1.49,1.35,1.79,1,0,24.45
4935,T09,S1_D1,S1,D1,1,220.0,5.834,1.12,1.15,2.27,0,0,13.55
4936,T04,CR1_S5,CR1,S5,0,0.0,10.342,0.89,1.15,1.11,1,0,27.03
4937,T07,S1_D1,S1,D1,1,199.9,5.834,1.12,1.15,6.98,2,0,15.05
4938,T04,S4_CR2,S4,CR2,1,196.5,6.855,1.9,1.35,10.13,4,0,28.24
4939,T07,CR2_S4,CR2,S4,0,0.0,6.855,1.9,1.35,11.17,1,0,16.39
4940,T06,CR2_S3,CR2,S3,0,0.0,6.579,1.9,1.35,6.28,5,0,21.23
4941,T09,CR1_S2,CR1,S2,0,0.0,8.334,1.39,1.15,3.9,3,0,24.73
4942,T03,CR2_S3,CR2,S3,0,0.0,6.579,1.9,1.35,6.56,2,0,19.57
4943,T05,S6_CR2,S6,CR2,1,196.6,8.342,1.9,1.35,3.12,3,0,31.68
4944,T10,S1_D1,S1,D1,1,208.0,5.834,1.12,1.15,2.21,3,0,18.19
4945,T07,S5_D1,S5,D1,1,197.7,6.724,1.12,1.15,9.17,1,0,19.22
4946,T10,S6_CR2,S6,CR2,1,209.4,8.342,1.9,1.35,7.49,3,0,25.67
4947,T07,S2_CR1,S2,CR1,1,204.9,8.334,1.39,1.15,8.79,2,0,29.46
4948,T07,S5_D1,S5,D1,1,205.9,6.724,1.12,1.15,6.47,2,1,28.45
4949,T04,CR1_S5,CR1,S5,0,0.0,10.342,0.89,1.15,1.02,1,0,29.19
4950,T09,S5_CR1,S5,CR1,1,176.4,10.342,0.89,1.15,1.68,2,0,36.45
4951,T01,CR1_S1,CR1,S1,0,0.0,8.767,0.8,1.15,10.56,0,0,21.69
4952,T01,CR2_S6,CR2,S6,0,0.0,8.342,1.9,1.35,6.64,5,0,26.44
4953,T08,CR1_S1,CR1,S1,0,0.0,8.767,0.8,1.15,1.4,1,0,21.5
4954,T02,S5_CR1,S5,CR1,1,181.4,10.342,0.89,1.15,4.38,1,0,33.42
4955,T01,S6_CR2,S6,CR2,1,181.1,8.342,1.9,1.35,5.6,3,0,32.31
4956,T08,S1_CR1,S1,CR1,1,178.2,8.767,0.8,1.15,6.75,4,0,32.08
4957,T06,D2_S4,D2,S4,0,0.0,6.638,1.49,1.35,7.61,2,0,24.85
4958,T08,D1_S5,D1,S5,0,0.0,6.724,1.12,1.15,4.87,3,0,17.14
4959,T10,CR2_S6,CR2,S6,0,0.0,8.342,1.9,1.35,3.77,1,0,19.92
4960,T05,S5_CR1,S5,CR1,1,213.3,10.342,0.89,1.15,6.48,3,0,37.82
4961,T09,S3_CR1,S3,CR1,1,170.5,8.135,1.57,1.15,11.06,4,0,23.29
4962,T04,D1_S5,D1,S5,0,0.0,6.724,1.12,1.15,4.88,6,0,19.27
4963,T09,CR2_S3,CR2,S3,0,0.0,6.579,1.9,1.35,0.96,1,0,18.84
4964,T06,S6_CR2,S6,CR2,1,200.4,8.342,1.9,1.35,0.47,5,0,31.0
4965,T04,S5_CR1,S5,CR1,1,182.8,10.342,0.89,1.15,2.94,4,0,37.37
4966,T06,S1_D1,S1,D1,1,197.3,5.834,1.12,1.15,0.12,3,0,18.42
4967,T01,S1_CR1,S1,CR1,1,190.7,8.767,0.8,1.15,2.7,1,0,27.67
4968,T06,D2_S4,D2,S4,0,0.0,6.638,1.49,1.35,0.5,2,0,20.25
4969,T03,CR2_S3,CR2,S3,0,0.0,6.579,1.9,1.35,9.19,1,0,19.33
4970,T06,S4_CR2,S4,CR2,1,184.9,6.855,1.9,1.35,1.18,1,0,20.99
4971,T01,D1_S5,D1,S5,0,0.0,6.724,1.12,1.15,11.7,3,0,19.89
4972,T06,CR2_S6,CR2,S6,0,0.0,8.342,1.9,1.35,5.93,2,0,25.69
4973,T09,CR2_S4,CR2,S4,0,0.0,6.855,1.9,1.35,7.61,6,1,28.7
4974,T08,D1_S1,D1,S1,0,0.0,5.834,1.12,1.15,11.25,4,0,15.45
4975,T07,S1_D1,S1,D1,1,183.5,5.834,1.12,1.15,5.99,2,0,16.88
4976,T05,D2_S3,D2,S3,0,0.0,6.362,1.39,1.35,0.46,1,0,23.3
4977,T01,CR2_S6,CR2,S6,0,0.0,8.342,1.9,1.35,7.41,4,0,23.23
4978,T02,CR1_S5,CR1,S5,0,0.0,10.342,0.89,1.15,1.05,0,0,26.0
4979,T01,CR2_S6,CR2,S6,0,0.0,8.342,1.9,1.35,9.92,0,0,21.29
4980,T05,S5_D1,S5,D1,1,179.9,6.724,1.12,1.15,1.99,2,0,20.83
4981,T03,S3_CR1,S3,CR1,1,194.9,8.135,1.57,1.15,7.05,5,0,21.69
4982,T01,S4_CR2,S4,CR2,1,211.3,6.855,1.9,1.35,8.34,2,0,24.45
4983,T08,S4_CR2,S4,CR2,1,207.4,6.855,1.9,1.35,11.7,4,0,23.31
4984,T02,S1_CR1,S1,CR1,1,202.6,8.767,0.8,1.15,7.15,2,0,27.36
4985,T02,S2_CR1,S2,CR1,1,210.5,8.334,1.39,1.15,8.3,1,0,29.36
4986,T07,S4_CR2,S4,CR2,1,220.0,6.855,1.9,1.35,4.89,4,0,25.73
4987,T09,D1_S5,D1,S5,0,0.0,6.724,1.12,1.15,2.51,1,1,23.59
4988,T02,S6_CR2,S6,CR2,1,184.5,8.342,1.9,1.35,3.25,3,0,28.53
4989,T08,S4_D2,S4,D2,1,202.4,6.638,1.49,1.35,8.12,4,0,28.2
4990,T07,S1_D1,S1,D1,1,211.2,5.834,1.12,1.15,9.23,0,0,14.95
4991,T04,CR1_S1,CR1,S1,0,0.0,8.767,0.8,1.15,10.73,3,0,20.69
4992,T06,S5_CR1,S5,CR1,1,200.5,10.342,0.89,1.15,5.98,3,0,32.71
4993,T06,S5_D1,S5,D1,1,176.9,6.724,1.12,1.15,9.55,3,0,23.31
4994,T04,D1_S5,D1,S5,0,0.0,6.724,1.12,1.15,11.52,4,0,18.58
4995,T08,CR1_S5,CR1,S5,0,0.0,10.342,0.89,1.15,6.5,2,0,27.08
4996,T09,S4_CR2,S4,CR2,1,220.0,6.855,1.9,1.35,1.49,1,0,20.69
4997,T02,S5_D1,S5,D1,1,196.0,6.724,1.12,1.15,11.18,5,0,21.42
4998,T05,S5_D1,S5,D1,1,215.0,6.724,1.12,1.15,1.89,3,0,23.15
4999,T08,CR1_S1,CR1,S1,0,0.0,8.767,0.8,1.15,10.71,7,0,27.97
5000,T04,S4_D2,S4,D2,1,220.0,6.638,1.49,1.35,0.57,1,0,26.7
5001,T06,D1_S5,D1,S5,0,0.0,6.724,1.12,1.15,10.55,2,0,17.28
5002,T10,S6_CR2,S6,CR2,1,203.0,8.342,1.9,1.35,10.9,0,1,34.09
5003,T04,D2_S3,D2,S3,0,0.0,6.362,1.39,1.35,10.04,1,0,23.18
5004,T04,S1_D1,S1,D1,1,186.2,5.834,1.12,1.15,4.2,4,1,21.43
5005,T10,D1_S1,D1,S1,0,0.0,5.834,1.12,1.15,2.45,1,0,11.56
5006,T03,S3_D2,S3,D2,1,199.8,6.362,1.39,1.35,5.0,4,0,30.1
5007,T09,S3_CR1,S3,CR1,1,207.0,8.135,1.57,1.15,4.74,3,0,23.83
5008,T08,S1_D1,S1,D1,1,193.4,5.834,1.12,1.15,3.9,2,0,17.2
5009,T09,S2_CR1,S2,CR1,1,199.5,8.334,1.39,1.15,9.9,1,0,25.46
5010,T10,S3_CR1,S3,CR1,1,205.5,8.135,1.57,1.15,1.01,0,0,20.92
5011,T09,CR1_S2,CR1,S2,0,0.0,8.334,1.39,1.15,0.73,2,1,27.69
5012,T03,D1_S1,D1,S1,0,0.0,5.834,1.12,1.15,8.87,1,0,11.52
5013,T08,S1_D1,S1,D1,1,200.1,5.834,1.12,1.15,4.62,6,0,17.24
5014,T09,CR1_S3,CR1,S3,0,0.0,8.135,1.57,1.15,10.93,3,0,18.29
5015,T06,D2_S3,D2,S3,0,0.0,6.362,1.39,1.35,6.63,4,0,22.13
5016,T04,D2_S3,D2,S3,0,0.0,6.362,1.39,1.35,0.56,3,0,23.23
5017,T05,D1_S1,D1,S1,0,0.0,5.834,1.12,1.15,1.98,5,0,14.54
5018,T10,CR2_S4,CR2,S4,0,0.0,6.855,1.9,1.35,6.14,5,0,21.91
5019,T01,CR1_S2,CR1,S2,0,0.0,8.334,1.39,1.15,9.88,3,0,24.6
5020,T02,S1_D1,S1,D1,1,198.8,5.834,1.12,1.15,0.64,0,0,15.09
5021,T07,CR2_S3,CR2,S3,0,0.0,6.579,1.9,1.35,3.14,2,0,18.38
5022,T09,D2_S3,D2,S3,0,0.0,6.362,1.39,1.35,9.78,0,0,22.09
5023,T03,CR1_S2,CR1,S2,0,0.0,8.334,1.39,1.15,5.76,3,0,23.9
5024,T07,CR1_S2,CR1,S2,0,0.0,8.334,1.39,1.15,0.3,1,0,22.07
5025,T07,D2_S4,D2,S4,0,0.0,6.638,1.49,1.35,10.69,0,0,19.06
5026,T08,D1_S5,D1,S5,0,0.0,6.724,1.12,1.15,9.64,0,1,18.98
5027,T09,S3_CR2,S3,CR2,1,220.0,6.579,1.9,1.35,7.21,2,0,21.14
5028,T08,S4_CR2,S4,CR2,1,209.2,6.855,1.9,1.35,0.77,0,0,19.68
5029,T07,CR2_S6,CR2,S6,0,0.0,8.342,1.9,1.35,2.44,1,0,19.04
5030,T01,S4_D2,S4,D2,1,178.0,6.638,1.49,1.35,1.1,4,0,28.92
5031,T05,CR1_S2,CR1,S2,0,0.0,8.334,1.39,1.15,7.57,2,0,20.8
5032,T02,S3_CR2,S3,CR2,1,195.8,6.579,1.9,1.35,4.96,3,0,25.94
5033,T01,CR2_S4,CR2,S4,0,0.0,6.855,1.9,1.35,2.71,0,0,16.38
5034,T04,D2_S4,D2,S4,0,0.0,6.638,1.49,1.35,0.38,3,0,21.09
5035,T06,D1_S1,D1,S1,0,0.0,5.834,1.12,1.15,11.09,2,1,17.79
5036,T04,CR2_S3,CR2,S3,0,0.0,6.579,1.9,1.35,7.67,3,0,21.18
5037,T04,CR1_S1,CR1,S1,0,0.0,8.767,0.8,1.15,3.96,1,0,23.38
5038,T02,S3_D2,S3,D2,1,202.0,6.362,1.39,1.35,8.35,1,0,26.63
5039,T08,S3_D2,S3,D2,1,197.0,6.362,1.39,1.35,7.81,3,0,27.69
5040,T03,D1_S1,D1,S1,0,0.0,5.834,1.12,1.15,7.82,3,0,14.48
5041,T08,S3_D2,S3,D2,1,212.4,6.362,1.39,1.35,9.55,3,0,24.85
5042,T09,CR2_S3,CR2,S3,0,0.0,6.579,1.9,1.35,5.72,7,0,23.23
5043,T07,S1_CR1,S1,CR1,1,204.3,8.767,0.8,1.15,4.34,3,0,29.92
5044,T06,CR2_S3,CR2,S3,0,0.0,6.579,1.9,1.35,7.09,3,0,20.49
5045,T06,S3_CR2,S3,CR2,1,193.8,6.579,1.9,1.35,8.23,1,0,21.28
5046,T04,CR1_S5,CR1,S5,0,0.0,10.342,0.89,1.15,2.95,1,0,25.66
5047,T02,CR2_S3,CR2,S3,0,0.0,6.579,1.9,1.35,10.38,5,0,23.39
5048,T03,CR2_S6,CR2,S6,0,0.0,8.342,1.9,1.35,1.44,3,0,20.36
5049,T02,CR2_S6,CR2,S6,0,0.0,8.342,1.9,1.35,11.57,4,0,21.53
5050,T07,S1_D1,S1,D1,1,166.2,5.834,1.12,1.15,8.96,0,0,15.29
5051,T01,D1_S5,D1,S5,0,0.0,6.724,1.12,1.15,1.48,0,0,15.36
5052,T07,CR1_S2,CR1,S2,0,0.0,8.334,1.39,1.15,9.51,4,0,25.23
5053,T10,S3_D2,S3,D2,1,173.7,6.362,1.39,1.35,4.31,4,0,30.75
5054,T09,CR2_S3,CR2,S3,0,0.0,6.579,1.9,1.35,6.45,3,0,19.19
5055,T07,CR1_S5,CR1,S5,0,0.0,10.342,0.89,1.15,7.65,1,0,27.27
5056,T07,CR1_S1,CR1,S1,0,0.0,8.767,0.8,1.15,11.44,3,0,22.1
5057,T10,D1_S1,D1,S1,0,0.0,5.834,1.12,1.15,4.43,2,0,12.55
5058,T05,CR2_S4,CR2,S4,0,0.0,6.855,1.9,1.35,1.42,4,0,20.83
5059,T10,CR1_S5,CR1,S5,0,0.0,10.342,0.89,1.15,9.5,3,0,27.74
5060,T05,S5_D1,S5,D1,1,202.0,6.724,1.12,1.15,11.49,3,0,22.53
5061,T10,D1_S5,D1,S5,0,0.0,6.724,1.12,1.15,2.03,2,0,18.32
5062,T02,D1_S1,D1,S1,0,0.0,5.834,1.12,1.15,11.22,4,0,14.88
5063,T06,S5_D1,S5,D1,1,196.7,6.724,1.12,1.15,8.8,1,0,23.41
5064,T04,S3_CR1,S3,CR1,1,194.2,8.135,1.57,1.15,11.63,2,0,22.18
5065,T05,S4_D2,S4,D2,1,196.2,6.638,1.49,1.35,4.08,3,0,29.69
5066,T08,S1_D1,S1,D1,1,180.0,5.834,1.12,1.15,6.73,5,0,18.56
5067,T05,D2_S4,D2,S4,0,0.0,6.638,1.49,1.35,5.19,2,0,21.03
5068,T10,S4_CR2,S4,CR2,1,179.5,6.855,1.9,1.35,1.39,2,0,22.95
5069,T05,CR2_S6,CR2,S6,0,0.0,8.342,1.9,1.35,3.91,4,0,26.17
5070,T05,D2_S3,D2,S3,0,0.0,6.362,1.39,1.35,0.08,4,0,24.27
5071,T08,CR1_S5,CR1,S5,0,0.0,10.342,0.89,1.15,10.9,1,0,28.29
5072,T06,S2_CR1,S2,CR1,1,206.8,8.334,1.39,1.15,9.2,2,0,26.07
5073,T04,S1_D1,S1,D1,1,189.5,5.834,1.12,1.15,3.08,0,0,13.51
5074,T03,D2_S4,D2,S4,0,0.0,6.638,1.49,1.35,3.33,5,0,24.99
5075,T08,CR2_S6,CR2,S6,0,0.0,8.342,1.9,1.35,6.97,1,0,22.79
5076,T05,CR1_S1,CR1,S1,0,0.0,8.767,0.8,1.15,7.25,3,0,23.32
5077,T08,CR1_S1,CR1,S1,0,0.0,8.767,0.8,1.15,6.7,5,0,25.21
5078,T07,D1_S5,D1,S5,0,0.0,6.724,1.12,1.15,8.83,2,0,16.77
5079,T09,S5_D1,S5,D1,1,209.6,6.724,1.12,1.15,10.89,2,0,22.24
5080,T05,CR1_S2,CR1,S2,0,0.0,8.334,1.39,1.15,2.02,3,0,22.63
5081,T04,CR1_S5,CR1,S5,0,0.0,10.342,0.89,1.15,11.23,2,0,26.33
5082,T08,S2_CR1,S2,CR1,1,209.4,8.334,1.39,1.15,4.86,3,0,32.49
5083,T06,S6_CR2,S6,CR2,1,220.0,8.342,1.9,1.35,5.43,8,0,31.23
5084,T03,S1_CR1,S1,CR1,1,190.9,8.767,0.8,1.15,0.1,0,0,27.97
5085,T02,D1_S5,D1,S5,0,0.0,6.724,1.12,1.15,3.0,3,0,18.8
5086,T08,D2_S3,D2,S3,0,0.0,6.362,1.39,1.35,4.53,4,0,25.79
5087,T02,S1_CR1,S1,CR1,1,191.3,8.767,0.8,1.15,5.33,4,0,28.96
5088,T01,S3_CR1,S3,CR1,1,203.0,8.135,1.57,1.15,7.57,5,0,23.85
5089,T06,CR1_S1,CR1,S1,0,0.0,8.767,0.8,1.15,2.72,1,0,20.62
5090,T03,S4_CR2,S4,CR2,1,183.6,6.855,1.9,1.35,8.45,3,1,30.4
5091,T05,CR2_S4,CR2,S4,0,0.0,6.855,1.9,1.35,10.18,3,0,19.96
5092,T06,CR2_S4,CR2,S4,0,0.0,6.855,1.9,1.35,5.51,0,0,17.65
5093,T05,S2_CR1,S2,CR1,1,210.5,8.334,1.39,1.15,9.78,1,0,26.72
5094,T05,S3_CR1,S3,CR1,1,201.5,8.135,1.57,1.15,7.86,3,0,19.78
5095,T04,CR2_S6,CR2,S6,0,0.0,8.342,1.9,1.35,3.19,4,0,23.1
5096,T02,D2_S4,D2,S4,0,0.0,6.638,1.49,1.35,3.51,0,1,26.85
5097,T08,D1_S1,D1,S1,0,0.0,5.834,1.12,1.15,7.62,4,0,14.77
5098,T03,CR1_S3,CR1,S3,0,0.0,8.135,1.57,1.15,1.59,1,0,17.58
5099,T01,S3_CR2,S3,CR2,1,183.8,6.579,1.9,1.35,9.87,3,0,26.6
5100,T10,S2_CR1,S2,CR1,1,185.7,8.334,1.39,1.15,0.78,1,1,32.01
5101,T02,S5_CR1,S5,CR1,1,205.9,10.342,0.89,1.15,7.16,3,0,32.42
5102,T06,S2_CR1,S2,CR1,1,198.6,8.334,1.39,1.15,4.13,5,0,28.37
5103,T06,CR2_S3,CR2,S3,0,0.0,6.579,1.9,1.35,11.02,6,0,19.45
5104,T01,CR1_S3,CR1,S3,0,0.0,8.135,1.57,1.15,5.31,6,0,19.19
5105,T05,CR1_S1,CR1,S1,0,0.0,8.767,0.8,1.15,6.75,4,0,26.93
5106,T01,D1_S1,D1,S1,0,0.0,5.834,1.12,1.15,1.91,1,0,12.35
5107,T01,CR2_S4,CR2,S4,0,0.0,6.855,1.9,1.35,1.82,2,0,19.89
5108,T03,S4_D2,S4,D2,1,181.3,6.638,1.49,1.35,0.27,4,0,26.98
5109,T07,CR2_S3,CR2,S3,0,0.0,6.579,1.9,1.35,9.44,1,0,16.93
5110,T01,S3_D2,S3,D2,1,202.6,6.362,1.39,1.35,5.73,4,0,26.8
5111,T01,CR1_S1,CR1,S1,0,0.0,8.767,0.8,1.15,6.27,3,0,23.21
5112,T04,S3_CR2,S3,CR2,1,212.4,6.579,1.9,1.35,8.6,5,0,27.25
5113,T04,D1_S5,D1,S5,0,0.0,6.724,1.12,1.15,5.01,2,0,16.88
5114,T07,S1_CR1,S1,CR1,1,206.2,8.767,0.8,1.15,8.29,5,0,31.42
5115,T05,D1_S1,D1,S1,0,0.0,5.834,1.12,1.15,3.6,3,0,13.53
5116,T08,D1_S5,D1,S5,0,0.0,6.724,1.12,1.15,0.11,4,0,19.05
5117,T01,S4_D2,S4,D2,1,183.6,6.638,1.49,1.35,3.78,5,0,28.94
5118,T02,CR1_S2,CR1,S2,0,0.0,8.334,1.39,1.15,11.87,1,0,23.05
5119,T05,S3_D2,S3,D2,1,192.6,6.362,1.39,1.35,9.25,1,0,25.85
5120,T10,S4_D2,S4,D2,1,192.8,6.638,1.49,1.35,7.73,4,0,28.37
5121,T07,S5_CR1,S5,CR1,1,201.2,10.342,0.89,1.15,4.35,4,0,35.61
5122,T01,S3_D2,S3,D2,1,217.8,6.362,1.39,1.35,4.97,3,1,35.64
5123,T10,CR2_S4,CR2,S4,0,0.0,6.855,1.9,1.35,1.41,1,0,17.47
5124,T06,S1_D1,S1,D1,1,210.8,5.834,1.12,1.15,1.38,3,0,16.42
5125,T07,CR1_S1,CR1,S1,0,0.0,8.767,0.8,1.15,11.52,1,0,22.0
5126,T02,S3_D2,S3,D2,1,213.3,6.362,1.39,1.35,7.78,1,0,28.75
5127,T06,CR2_S6,CR2,S6,0,0.0,8.342,1.9,1.35,0.97,2,0,21.33
5128,T05,D2_S3,D2,S3,0,0.0,6.362,1.39,1.35,10.96,3,0,20.53
5129,T07,D2_S3,D2,S3,0,0.0,6.362,1.39,1.35,8.91,2,1,28.62
5130,T09,S3_CR2,S3,CR2,1,177.0,6.579,1.9,1.35,11.19,4,0,25.01
5131,T01,S3_CR1,S3,CR1,1,186.1,8.135,1.57,1.15,6.77,3,0,21.45
5132,T10,CR2_S6,CR2,S6,0,0.0,8.342,1.9,1.35,10.41,0,0,20.13
5133,T02,CR1_S3,CR1,S3,0,0.0,8.135,1.57,1.15,9.5,5,0,18.25
5134,T08,D2_S4,D2,S4,0,0.0,6.638,1.49,1.35,10.45,0,0,20.12
5135,T05,CR1_S2,CR1,S2,0,0.0,8.334,1.39,1.15,5.05,1,0,22.73
5136,T03,CR1_S2,CR1,S2,0,0.0,8.334,1.39,1.15,4.4,8,0,27.1
5137,T03,D2_S4,D2,S4,0,0.0,6.638,1.49,1.35,9.1,3,0,23.36
5138,T06,D1_S5,D1,S5,0,0.0,6.724,1.12,1.15,9.39,3,0,18.48
5139,T02,S3_CR2,S3,CR2,1,165.6,6.579,1.9,1.35,5.52,5,0,24.7
5140,T10,S5_D1,S5,D1,1,195.8,6.724,1.12,1.15,1.21,7,0,24.78
5141,T07,CR2_S3,CR2,S3,0,0.0,6.579,1.9,1.35,0.43,1,0,17.33
5142,T08,CR1_S5,CR1,S5,0,0.0,10.342,0.89,1.15,2.39,3,0,28.29
5143,T04,D2_S4,D2,S4,0,0.0,6.638,1.49,1.35,8.79,2,0,20.66
5144,T09,S6_CR2,S6,CR2,1,198.2,8.342,1.9,1.35,2.19,0,0,24.49
5145,T09,CR1_S1,CR1,S1,0,0.0,8.767,0.8,1.15,9.83,2,0,22.71
5146,T06,S5_D1,S5,D1,1,187.2,6.724,1.12,1.15,5.32,2,0,20.21
5147,T06,D1_S1,D1,S1,0,0.0,5.834,1.12,1.15,8.14,4,0,14.95
5148,T03,D2_S3,D2,S3,0,0.0,6.362,1.39,1.35,8.61,2,0,20.65
5149,T07,CR2_S4,CR2,S4,0,0.0,6.855,1.9,1.35,9.55,4,0,18.61
5150,T09,CR2_S4,CR2,S4,0,0.0,6.855,1.9,1.35,7.64,0,0,17.66
5151,T06,CR2_S6,CR2,S6,0,0.0,8.342,1.9,1.35,2.43,4,0,26.18
5152,T08,S6_CR2,S6,CR2,1,189.6,8.342,1.9,1.35,0.63,2,0,25.85
5153,T06,S4_D2,S4,D2,1,188.6,6.638,1.49,1.35,9.14,0,0,25.25
5154,T02,CR1_S5,CR1,S5,0,0.0,10.342,0.89,1.15,4.23,3,0,27.58
5155,T10,CR1_S5,CR1,S5,0,0.0,10.342,0.89,1.15,6.13,2,0,27.61
5156,T03,CR1_S3,CR1,S3,0,0.0,8.135,1.57,1.15,4.93,2,0,17.9
5157,T10,D1_S1,D1,S1,0,0.0,5.834,1.12,1.15,1.25,4,0,14.71
5158,T03,S2_CR1,S2,CR1,1,191.5,8.334,1.39,1.15,0.01,3,0,28.35
5159,T09,CR2_S4,CR2,S4,0,0.0,6.855,1.9,1.35,9.14,1,0,18.88
5160,T07,S3_CR1,S3,CR1,1,173.7,8.135,1.57,1.15,10.44,5,0,25.73
5161,T02,D2_S4,D2,S4,0,0.0,6.638,1.49,1.35,6.67,1,0,22.43
5162,T06,D1_S1,D1,S1,0,0.0,5.834,1.12,1.15,6.34,4,0,15.84
5163,T06,S5_CR1,S5,CR1,1,188.7,10.342,0.89,1.15,11.61,3,0,34.97
5164,T10,S3_CR1,S3,CR1,1,207.1,8.135,1.57,1.15,10.89,1,0,20.17
5165,T07,CR1_S5,CR1,S5,0,0.0,10.342,0.89,1.15,4.07,3,0,26.98
5166,T01,D2_S4,D2,S4,0,0.0,6.638,1.49,1.35,9.81,3,0,23.32
5167,T02,S4_CR2,S4,CR2,1,194.8,6.855,1.9,1.35,5.9,2,0,23.85
5168,T09,CR1_S1,CR1,S1,0,0.0,8.767,0.8,1.15,8.34,4,0,24.78
5169,T03,S4_CR2,S4,CR2,1,195.3,6.855,1.9,1.35,10.84,3,0,22.55
5170,T02,CR2_S6,CR2,S6,0,0.0,8.342,1.9,1.35,6.16,6,0,25.56
5171,T10,CR1_S5,CR1,S5,0,0.0,10.342,0.89,1.15,2.76,1,0,25.0
5172,T08,CR2_S6,CR2,S6,0,0.0,8.342,1.9,1.35,6.75,4,0,23.68
5173,T10,S5_CR1,S5,CR1,1,170.8,10.342,0.89,1.15,5.12,3,0,38.17
5174,T03,CR2_S4,CR2,S4,0,0.0,6.855,1.9,1.35,3.96,3,0,20.41
5175,T06,CR2_S4,CR2,S4,0,0.0,6.855,1.9,1.35,4.95,5,0,21.67
5176,T02,S3_D2,S3,D2,1,203.7,6.362,1.39,1.35,4.21,3,0,27.32
5177,T08,CR2_S4,CR2,S4,0,0.0,6.855,1.9,1.35,10.34,1,0,18.67
5178,T01,S1_CR1,S1,CR1,1,203.2,8.767,0.8,1.15,8.32,4,0,33.45
5179,T01,S6_CR2,S6,CR2,1,197.5,8.342,1.9,1.35,6.43,4,0,28.97
5180,T03,CR1_S2,CR1,S2,0,0.0,8.334,1.39,1.15,6.62,5,0,27.14
5181,T07,CR1_S5,CR1,S5,0,0.0,10.342,0.89,1.15,4.49,4,0,29.71
5182,T09,CR2_S4,CR2,S4,0,0.0,6.855,1.9,1.35,0.57,1,1,22.51
5183,T03,S5_D1,S5,D1,1,205.4,6.724,1.12,1.15,3.35,3,0,20.71
5184,T10,S1_CR1,S1,CR1,1,198.3,8.767,0.8,1.15,1.14,2,0,28.11
5185,T08,CR2_S3,CR2,S3,0,0.0,6.579,1.9,1.35,11.9,1,0,17.82
5186,T08,S1_D1,S1,D1,1,220.0,5.834,1.12,1.15,7.45,3,0,18.06
5187,T09,CR2_S6,CR2,S6,0,0.0,8.342,1.9,1.35,3.16,6,0,25.93
5188,T05,D2_S3,D2,S3,0,0.0,6.362,1.39,1.35,11.12,3,0,23.11
5189,T08,D2_S4,D2,S4,0,0.0,6.638,1.49,1.35,5.46,2,0,22.16
5190,T09,S6_CR2,S6,CR2,1,188.2,8.342,1.9,1.35,5.22,2,0,27.32
5191,T07,CR2_S6,CR2,S6,0,0.0,8.342,1.9,1.35,11.95,2,0,21.29
5192,T02,D1_S1,D1,S1,0,0.0,5.834,1.12,1.15,9.48,2,0,12.74
5193,T01,S6_CR2,S6,CR2,1,219.8,8.342,1.9,1.35,6.0,4,0,32.23
5194,T04,S4_CR2,S4,CR2,1,186.1,6.855,1.9,1.35,0.36,1,0,21.47
5195,T08,S3_CR1,S3,CR1,1,183.9,8.135,1.57,1.15,1.8,0,0,20.52
5196,T08,S5_D1,S5,D1,1,218.1,6.724,1.12,1.15,10.23,3,0,21.07
5197,T02,CR2_S4,CR2,S4,0,0.0,6.855,1.9,1.35,9.99,0,0,17.58
5198,T01,S4_D2,S4,D2,1,189.7,6.638,1.49,1.35,10.2,5,0,29.43
5199,T05,S6_CR2,S6,CR2,1,215.6,8.342,1.9,1.35,5.91,4,0,30.61
5200,T09,S5_CR1,S5,CR1,1,187.0,10.342,0.89,1.15,9.83,2,0,38.79
5201,T05,S4_D2,S4,D2,1,188.4,6.638,1.49,1.35,7.2,3,0,29.09
5202,T04,CR2_S6,CR2,S6,0,0.0,8.342,1.9,1.35,5.35,3,0,24.03
5203,T09,S5_D1,S5,D1,1,210.3,6.724,1.12,1.15,9.0,2,1,25.4
5204,T03,S1_D1,S1,D1,1,185.8,5.834,1.12,1.15,7.2,3,0,16.55
5205,T01,D2_S4,D2,S4,0,0.0,6.638,1.49,1.35,0.52,1,0,22.59
5206,T03,D1_S1,D1,S1,0,0.0,5.834,1.12,1.15,5.92,8,0,18.0
5207,T02,D1_S5,D1,S5,0,0.0,6.724,1.12,1.15,11.64,2,0,15.72
5208,T02,S5_CR1,S5,CR1,1,181.7,10.342,0.89,1.15,1.64,3,0,34.61
5209,T01,S5_CR1,S5,CR1,1,182.6,10.342,0.89,1.15,11.96,3,0,36.61
5210,T09,S5_CR1,S5,CR1,1,219.8,10.342,0.89,1.15,9.94,2,0,36.94
5211,T09,CR2_S6,CR2,S6,0,0.0,8.342,1.9,1.35,7.2,7,0,27.16
5212,T02,D1_S1,D1,S1,0,0.0,5.834,1.12,1.15,5.41,7,0,17.13
5213,T01,D1_S5,D1,S5,0,0.0,6.724,1.12,1.15,3.05,4,0,19.78
5214,T01,CR2_S3,CR2,S3,0,0.0,6.579,1.9,1.35,10.9,2,0,18.73
5215,T03,S2_CR1,S2,CR1,1,203.3,8.334,1.39,1.15,1.79,0,0,28.03
5216,T02,CR1_S5,CR1,S5,0,0.0,10.342,0.89,1.15,10.41,2,0,27.44
5217,T10,CR1_S3,CR1,S3,0,0.0,8.135,1.57,1.15,6.97,5,0,18.3
5218,T09,CR1_S3,CR1,S3,0,0.0,8.135,1.57,1.15,2.52,6,0,20.59
5219,T08,CR2_S3,CR2,S3,0,0.0,6.579,1.9,1.35,5.1,5,0,21.94
5220,T09,S1_D1,S1,D1,1,175.7,5.834,1.12,1.15,9.7,2,0,16.72
5221,T10,S4_D2,S4,D2,1,193.6,6.638,1.49,1.35,4.47,1,0,25.03
5222,T06,CR1_S1,CR1,S1,0,0.0,8.767,0.8,1.15,1.46,0,0,18.5
5223,T07,CR1_S2,CR1,S2,0,0.0,8.334,1.39,1.15,4.93,1,0,21.66
5224,T07,S6_CR2,S6,CR2,1,220.0,8.342,1.9,1.35,10.21,1,0,25.31
5225,T10,CR1_S1,CR1,S1,0,0.0,8.767,0.8,1.15,2.75,2,0,24.14
5226,T03,CR1_S1,CR1,S1,0,0.0,8.767,0.8,1.15,10.63,4,0,26.53
5227,T02,S6_CR2,S6,CR2,1,204.6,8.342,1.9,1.35,4.01,4,0,30.2
5228,T01,S1_CR1,S1,CR1,1,186.2,8.767,0.8,1.15,8.66,1,0,27.51
5229,T05,S2_CR1,S2,CR1,1,220.0,8.334,1.39,1.15,3.32,0,0,26.16
5230,T10,CR2_S3,CR2,S3,0,0.0,6.579,1.9,1.35,8.37,3,0,18.93
5231,T02,S6_CR2,S6,CR2,1,179.2,8.342,1.9,1.35,10.12,1,0,25.11
5232,T03,S4_D2,S4,D2,1,212.7,6.638,1.49,1.35,8.97,4,0,28.57
5233,T06,S5_CR1,S5,CR1,1,210.8,10.342,0.89,1.15,7.23,4,0,34.51
5234,T06,S6_CR2,S6,CR2,1,196.4,8.342,1.9,1.35,6.96,5,0,30.65
5235,T09,CR1_S1,CR1,S1,0,0.0,8.767,0.8,1.15,0.73,1,0,22.85
5236,T03,CR1_S1,CR1,S1,0,0.0,8.767,0.8,1.15,10.27,5,0,24.54
5237,T05,CR1_S2,CR1,S2,0,0.0,8.334,1.39,1.15,11.8,1,0,22.91
5238,T07,S5_CR1,S5,CR1,1,174.4,10.342,0.89,1.15,8.69,1,1,43.18
5239,T02,S3_D2,S3,D2,1,170.9,6.362,1.39,1.35,7.39,3,0,27.06
5240,T08,D1_S1,D1,S1,0,0.0,5.834,1.12,1.15,8.35,2,0,13.77
5241,T04,S3_CR1,S3,CR1,1,205.5,8.135,1.57,1.15,8.77,3,0,22.94
5242,T10,D1_S1,D1,S1,0,0.0,5.834,1.12,1.15,2.44,2,0,12.2
5243,T08,S5_CR1,S5,CR1,1,204.7,10.342,0.89,1.15,2.57,1,0,32.98
5244,T10,S1_D1,S1,D1,1,200.1,5.834,1.12,1.15,7.82,3,0,17.88
5245,T10,CR2_S4,CR2,S4,0,0.0,6.855,1.9,1.35,1.84,2,0,17.95
5246,T09,S3_CR1,S3,CR1,1,166.8,8.135,1.57,1.15,4.34,4,1,33.41
5247,T09,S1_D1,S1,D1,1,179.8,5.834,1.12,1.15,9.93,1,0,15.46
5248,T05,D1_S1,D1,S1,0,0.0,5.834,1.12,1.15,2.89,2,0,14.41
5249,T04,CR2_S4,CR2,S4,0,0.0,6.855,1.9,1.35,6.87,3,0,19.01
5250,T04,S1_CR1,S1,CR1,1,204.8,8.767,0.8,1.15,2.1,3,0,28.15
5251,T08,CR1_S3,CR1,S3,0,0.0,8.135,1.57,1.15,1.41,1,0,17.08
5252,T09,S5_D1,S5,D1,1,220.0,6.724,1.12,1.15,7.24,5,0,24.27
5253,T10,D2_S4,D2,S4,0,0.0,6.638,1.49,1.35,0.36,2,0,23.04
5254,T10,S4_D2,S4,D2,1,200.9,6.638,1.49,1.35,0.1,1,0,25.01
5255,T07,CR1_S2,CR1,S2,0,0.0,8.334,1.39,1.15,5.57,0,0,17.58
5256,T07,S5_D1,S5,D1,1,216.6,6.724,1.12,1.15,1.69,1,0,21.67
5257,T10,S4_D2,S4,D2,1,201.3,6.638,1.49,1.35,7.31,4,0,30.36
5258,T06,S6_CR2,S6,CR2,1,189.9,8.342,1.9,1.35,0.23,5,0,28.23
5259,T05,CR1_S3,CR1,S3,0,0.0,8.135,1.57,1.15,11.06,2,0,18.86
5260,T02,CR2_S3,CR2,S3,0,0.0,6.579,1.9,1.35,10.92,0,0,17.6
5261,T05,S4_D2,S4,D2,1,200.0,6.638,1.49,1.35,10.31,2,0,29.06
5262,T06,CR2_S4,CR2,S4,0,0.0,6.855,1.9,1.35,7.29,4,0,22.18
5263,T10,D2_S3,D2,S3,0,0.0,6.362,1.39,1.35,4.25,3,0,22.81
5264,T07,CR1_S5,CR1,S5,0,0.0,10.342,0.89,1.15,3.34,4,0,27.22
5265,T04,S3_CR1,S3,CR1,1,178.6,8.135,1.57,1.15,10.02,0,0,19.67
5266,T09,S2_CR1,S2,CR1,1,192.2,8.334,1.39,1.15,7.2,2,0,27.96
5267,T04,D2_S3,D2,S3,0,0.0,6.362,1.39,1.35,3.87,5,0,25.42
5268,T10,CR1_S5,CR1,S5,0,0.0,10.342,0.89,1.15,11.09,3,0,26.3
5269,T07,S3_D2,S3,D2,1,180.4,6.362,1.39,1.35,7.92,0,0,27.66
5270,T07,S1_D1,S1,D1,1,179.4,5.834,1.12,1.15,3.38,3,0,16.19
5271,T08,S6_CR2,S6,CR2,1,209.1,8.342,1.9,1.35,10.32,1,1,34.32
5272,T09,S3_D2,S3,D2,1,185.8,6.362,1.39,1.35,2.79,1,0,27.61
5273,T08,CR2_S3,CR2,S3,0,0.0,6.579,1.9,1.35,0.98,1,0,15.65
5274,T10,CR1_S1,CR1,S1,0,0.0,8.767,0.8,1.15,0.32,2,0,22.7
5275,T03,CR2_S3,CR2,S3,0,0.0,6.579,1.9,1.35,3.8,1,0,17.82
5276,T07,S1_CR1,S1,CR1,1,220.0,8.767,0.8,1.15,8.9,2,0,23.66
5277,T02,S1_CR1,S1,CR1,1,206.0,8.767,0.8,1.15,2.84,1,0,27.17
5278,T06,S5_D1,S5,D1,1,195.5,6.724,1.12,1.15,6.33,8,0,25.6
5279,T01,S3_CR2,S3,CR2,1,149.0,6.579,1.9,1.35,1.88,1,1,27.59
5280,T06,S4_D2,S4,D2,1,196.9,6.638,1.49,1.35,2.13,3,0,26.22
5281,T05,CR1_S2,CR1,S2,0,0.0,8.334,1.39,1.15,8.23,1,0,22.46
5282,T01,D2_S3,D2,S3,0,0.0,6.362,1.39,1.35,2.79,0,0,19.4
5283,T02,S6_CR2,S6,CR2,1,213.0,8.342,1.9,1.35,0.41,4,0,29.69
5284,T03,S3_CR2,S3,CR2,1,205.3,6.579,1.9,1.35,7.04,5,0,25.07
5285,T08,S6_CR2,S6,CR2,1,201.0,8.342,1.9,1.35,11.73,3,0,29.92
5286,T05,S6_CR2,S6,CR2,1,173.4,8.342,1.9,1.35,0.98,3,0,29.88
5287,T08,S4_CR2,S4,CR2,1,200.5,6.855,1.9,1.35,8.34,3,0,21.03
5288,T07,S3_CR1,S3,CR1,1,179.5,8.135,1.57,1.15,10.47,1,0,20.78
5289,T08,CR1_S5,CR1,S5,0,0.0,10.342,0.89,1.15,3.61,2,0,28.03
5290,T05,S2_CR1,S2,CR1,1,192.4,8.334,1.39,1.15,0.84,3,0,27.5
5291,T10,S5_D1,S5,D1,1,193.5,6.724,1.12,1.15,4.22,3,0,22.31
5292,T02,CR1_S5,CR1,S5,0,0.0,10.342,0.89,1.15,1.1,1,0,25.28
5293,T02,D1_S1,D1,S1,0,0.0,5.834,1.12,1.15,2.86,2,0,12.92
5294,T10,CR2_S6,CR2,S6,0,0.0,8.342,1.9,1.35,5.58,1,1,27.84
5295,T08,S4_D2,S4,D2,1,210.0,6.638,1.49,1.35,0.81,0,0,24.91
5296,T05,CR1_S5,CR1,S5,0,0.0,10.342,0.89,1.15,9.57,3,0,27.91
5297,T04,CR1_S1,CR1,S1,0,0.0,8.767,0.8,1.15,4.05,4,0,25.64
5298,T06,CR2_S4,CR2,S4,0,0.0,6.855,1.9,1.35,3.68,1,1,23.66
5299,T10,S2_CR1,S2,CR1,1,203.2,8.334,1.39,1.15,1.78,1,0,30.0
5300,T09,S1_D1,S1,D1,1,181.6,5.834,1.12,1.15,10.18,1,0,15.9
5301,T03,S2_CR1,S2,CR1,1,205.1,8.334,1.39,1.15,4.19,4,0,28.86
5302,T02,CR2_S4,CR2,S4,0,0.0,6.855,1.9,1.35,6.51,3,0,18.9
5303,T03,S5_CR1,S5,CR1,1,187.2,10.342,0.89,1.15,7.48,2,1,38.44
5304,T07,CR2_S3,CR2,S3,0,0.0,6.579,1.9,1.35,3.6,2,0,17.88
5305,T07,D2_S3,D2,S3,0,0.0,6.362,1.39,1.35,9.75,1,0,20.52
5306,T10,CR2_S6,CR2,S6,0,0.0,8.342,1.9,1.35,11.51,3,0,20.74
5307,T06,D2_S4,D2,S4,0,0.0,6.638,1.49,1.35,4.39,5,0,22.87
5308,T02,CR1_S1,CR1,S1,0,0.0,8.767,0.8,1.15,6.65,8,0,28.2
5309,T05,S5_CR1,S5,CR1,1,205.6,10.342,0.89,1.15,4.22,3,0,34.91
5310,T02,CR1_S2,CR1,S2,0,0.0,8.334,1.39,1.15,4.25,7,1,34.69
5311,T03,CR1_S5,CR1,S5,0,0.0,10.342,0.89,1.15,7.42,1,0,26.36
5312,T09,D2_S3,D2,S3,0,0.0,6.362,1.39,1.35,6.32,6,0,23.5
5313,T09,D2_S4,D2,S4,0,0.0,6.638,1.49,1.35,8.04,3,0,21.97
5314,T08,S5_D1,S5,D1,1,185.1,6.724,1.12,1.15,7.38,1,0,18.75
5315,T08,CR1_S3,CR1,S3,0,0.0,8.135,1.57,1.15,6.77,3,0,18.73
5316,T03,CR2_S6,CR2,S6,0,0.0,8.342,1.9,1.35,7.21,4,0,23.12
5317,T09,CR2_S4,CR2,S4,0,0.0,6.855,1.9,1.35,4.14,4,0,20.35
5318,T04,S4_D2,S4,D2,1,188.8,6.638,1.49,1.35,11.45,2,0,26.19
5319,T02,S5_CR1,S5,CR1,1,196.2,10.342,0.89,1.15,0.31,3,0,34.89
5320,T08,S2_CR1,S2,CR1,1,201.5,8.334,1.39,1.15,9.14,1,0,25.15
5321,T10,S3_CR1,S3,CR1,1,171.6,8.135,1.57,1.15,1.89,2,0,25.03
5322,T03,D2_S4,D2,S4,0,0.0,6.638,1.49,1.35,10.18,2,0,21.5
5323,T02,S4_D2,S4,D2,1,220.0,6.638,1.49,1.35,0.91,2,0,27.7
5324,T10,CR1_S1,CR1,S1,0,0.0,8.767,0.8,1.15,9.79,3,0,26.49
5325,T05,CR1_S5,CR1,S5,0,0.0,10.342,0.89,1.15,8.13,3,0,29.08
5326,T01,D1_S1,D1,S1,0,0.0,5.834,1.12,1.15,8.77,2,0,13.39
5327,T10,S3_CR1,S3,CR1,1,215.7,8.135,1.57,1.15,8.38,2,0,22.6
5328,T06,S3_CR1,S3,CR1,1,200.2,8.135,1.57,1.15,0.9,6,0,22.35
5329,T05,S4_D2,S4,D2,1,220.0,6.638,1.49,1.35,5.02,1,0,26.38
5330,T10,D2_S4,D2,S4,0,0.0,6.638,1.49,1.35,1.02,1,0,19.39
5331,T10,S3_CR2,S3,CR2,1,150.8,6.579,1.9,1.35,2.54,2,0,23.75
5332,T07,CR1_S3,CR1,S3,0,0.0,8.135,1.57,1.15,4.0,2,0,17.12
5333,T07,D2_S3,D2,S3,0,0.0,6.362,1.39,1.35,1.17,5,0,23.26
5334,T10,S3_CR2,S3,CR2,1,192.2,6.579,1.9,1.35,11.91,3,0,25.8
5335,T04,CR1_S3,CR1,S3,0,0.0,8.135,1.57,1.15,7.83,4,0,21.18
5336,T07,CR1_S5,CR1,S5,0,0.0,10.342,0.89,1.15,6.0,2,0,26.75
5337,T04,CR1_S5,CR1,S5,0,0.0,10.342,0.89,1.15,9.02,0,0,24.54
5338,T10,CR1_S2,CR1,S2,0,0.0,8.334,1.39,1.15,8.67,2,0,20.45
5339,T02,CR2_S6,CR2,S6,0,0.0,8.342,1.9,1.35,11.05,0,0,21.3
5340,T04,S5_CR1,S5,CR1,1,176.4,10.342,0.89,1.15,1.62,0,0,31.05
5341,T05,D1_S5,D1,S5,0,0.0,6.724,1.12,1.15,9.33,0,1,18.99
5342,T10,S1_D1,S1,D1,1,217.8,5.834,1.12,1.15,1.83,2,0,14.71
5343,T03,CR2_S3,CR2,S3,0,0.0,6.579,1.9,1.35,8.19,4,0,22.6
5344,T05,S5_CR1,S5,CR1,1,193.2,10.342,0.89,1.15,8.56,2,0,34.82
5345,T08,S4_D2,S4,D2,1,169.3,6.638,1.49,1.35,6.56,1,0,26.67
5346,T09,S2_CR1,S2,CR1,1,183.9,8.334,1.39,1.15,9.39,4,0,29.66
5347,T02,S4_CR2,S4,CR2,1,193.5,6.855,1.9,1.35,7.07,2,0,25.36
5348,T07,S3_CR1,S3,CR1,1,219.2,8.135,1.57,1.15,6.83,4,0,23.16
5349,T06,D1_S1,D1,S1,0,0.0,5.834,1.12,1.15,2.12,3,0,14.19
5350,T01,CR1_S1,CR1,S1,0,0.0,8.767,0.8,1.15,3.89,1,0,21.86
5351,T03,S1_CR1,S1,CR1,1,196.1,8.767,0.8,1.15,3.9,1,0,25.96
5352,T04,S4_CR2,S4,CR2,1,199.7,6.855,1.9,1.35,6.91,3,0,24.51
5353,T01,S4_D2,S4,D2,1,211.5,6.638,1.49,1.35,10.19,1,0,25.72
5354,T02,D2_S3,D2,S3,0,0.0,6.362,1.39,1.35,1.34,1,0,20.43
5355,T07,S6_CR2,S6,CR2,1,210.0,8.342,1.9,1.35,11.5,4,0,29.81
5356,T05,CR1_S3,CR1,S3,0,0.0,8.135,1.57,1.15,11.09,3,0,17.98
5357,T09,S5_CR1,S5,CR1,1,198.3,10.342,0.89,1.15,3.65,4,0,35.43
5358,T05,D2_S4,D2,S4,0,0.0,6.638,1.49,1.35,6.62,2,0,23.69
5359,T06,S3_D2,S3,D2,1,200.4,6.362,1.39,1.35,6.66,5,0,27.83
5360,T03,S3_CR2,S3,CR2,1,190.5,6.579,1.9,1.35,3.86,1,0,21.47
5361,T01,S6_CR2,S6,CR2,1,208.3,8.342,1.9,1.35,2.39,4,0,29.27
5362,T05,S3_CR2,S3,CR2,1,210.2,6.579,1.9,1.35,6.33,3,1,34.62
5363,T02,CR2_S4,CR2,S4,0,0.0,6.855,1.9,1.35,5.81,5,0,22.01
5364,T08,S5_D1,S5,D1,1,210.3,6.724,1.12,1.15,1.37,1,0,21.27
5365,T06,S3_CR1,S3,CR1,1,179.0,8.135,1.57,1.15,1.71,1,0,21.15
5366,T02,S3_D2,S3,D2,1,206.5,6.362,1.39,1.35,7.22,4,0,26.41
5367,T10,S3_D2,S3,D2,1,162.9,6.362,1.39,1.35,1.65,0,0,26.07
5368,T08,D1_S5,D1,S5,0,0.0,6.724,1.12,1.15,10.22,3,0,17.98
5369,T03,S3_D2,S3,D2,1,206.2,6.362,1.39,1.35,10.99,1,0,28.88
5370,T10,S2_CR1,S2,CR1,1,181.2,8.334,1.39,1.15,7.28,2,0,25.95
5371,T09,CR2_S3,CR2,S3,0,0.0,6.579,1.9,1.35,6.7,3,0,19.23
5372,T01,S4_CR2,S4,CR2,1,219.9,6.855,1.9,1.35,3.57,3,0,25.75
5373,T05,CR2_S6,CR2,S6,0,0.0,8.342,1.9,1.35,10.74,1,0,18.65
5374,T03,CR1_S3,CR1,S3,0,0.0,8.135,1.57,1.15,8.88,1,0,15.61
5375,T04,D1_S1,D1,S1,0,0.0,5.834,1.12,1.15,5.4,4,0,14.46
5376,T05,CR2_S3,CR2,S3,0,0.0,6.579,1.9,1.35,8.62,2,0,17.3
5377,T08,CR1_S1,CR1,S1,0,0.0,8.767,0.8,1.15,10.23,2,0,22.08
5378,T08,S5_D1,S5,D1,1,202.0,6.724,1.12,1.15,6.15,5,0,23.32
5379,T07,S3_D2,S3,D2,1,210.0,6.362,1.39,1.35,1.05,1,0,28.24
5380,T02,D2_S4,D2,S4,0,0.0,6.638,1.49,1.35,4.26,3,0,21.57
5381,T10,D2_S3,D2,S3,0,0.0,6.362,1.39,1.35,6.66,5,0,21.96
5382,T07,D1_S1,D1,S1,0,0.0,5.834,1.12,1.15,5.13,5,0,14.55
5383,T09,CR1_S2,CR1,S2,0,0.0,8.334,1.39,1.15,11.72,1,0,24.29
5384,T08,D1_S5,D1,S5,0,0.0,6.724,1.12,1.15,1.61,1,0,15.75
5385,T01,CR2_S6,CR2,S6,0,0.0,8.342,1.9,1.35,2.5,2,0,20.66
5386,T09,S4_CR2,S4,CR2,1,205.2,6.855,1.9,1.35,6.9,4,0,23.05
5387,T04,S3_CR2,S3,CR2,1,189.8,6.579,1.9,1.35,2.65,1,0,21.22
5388,T03,CR1_S3,CR1,S3,0,0.0,8.135,1.57,1.15,7.29,3,0,17.85
5389,T10,S3_CR2,S3,CR2,1,173.8,6.579,1.9,1.35,0.03,2,0,22.69
5390,T09,CR2_S4,CR2,S4,0,0.0,6.855,1.9,1.35,5.83,2,0,20.84
5391,T01,S6_CR2,S6,CR2,1,191.9,8.342,1.9,1.35,11.87,1,1,31.06
5392,T05,S3_CR1,S3,CR1,1,197.0,8.135,1.57,1.15,10.48,2,0,20.81
5393,T09,S3_D2,S3,D2,1,182.2,6.362,1.39,1.35,10.89,2,0,26.87
5394,T05,CR2_S3,CR2,S3,0,0.0,6.579,1.9,1.35,11.31,1,0,19.92
5395,T06,CR2_S4,CR2,S4,0,0.0,6.855,1.9,1.35,3.71,0,0,17.37
5396,T03,CR1_S3,CR1,S3,0,0.0,8.135,1.57,1.15,11.26,4,0,19.71
5397,T06,S1_D1,S1,D1,1,202.4,5.834,1.12,1.15,0.04,2,0,15.47
5398,T04,S5_CR1,S5,CR1,1,193.8,10.342,0.89,1.15,2.01,1,1,41.23
5399,T01,D1_S1,D1,S1,0,0.0,5.834,1.12,1.15,5.19,3,0,14.25
5400,T09,CR2_S6,CR2,S6,0,0.0,8.342,1.9,1.35,6.81,5,0,26.19
5401,T09,S5_CR1,S5,CR1,1,179.7,10.342,0.89,1.15,11.23,3,0,32.58
5402,T04,S2_CR1,S2,CR1,1,213.2,8.334,1.39,1.15,2.48,3,0,32.33
5403,T02,S6_CR2,S6,CR2,1,211.7,8.342,1.9,1.35,3.81,2,0,29.21
5404,T09,CR1_S3,CR1,S3,0,0.0,8.135,1.57,1.15,2.05,2,0,17.48
5405,T05,S4_CR2,S4,CR2,1,194.9,6.855,1.9,1.35,2.2,2,0,24.05
5406,T01,S3_CR1,S3,CR1,1,188.4,8.135,1.57,1.15,10.27,1,0,20.32
5407,T03,CR1_S3,CR1,S3,0,0.0,8.135,1.57,1.15,0.24,4,0,18.6
5408,T04,CR1_S1,CR1,S1,0,0.0,8.767,0.8,1.15,2.58,4,0,27.15
5409,T01,S1_CR1,S1,CR1,1,211.5,8.767,0.8,1.15,1.92,0,0,22.81
5410,T08,CR1_S1,CR1,S1,0,0.0,8.767,0.8,1.15,5.12,2,0,23.0
5411,T10,S5_D1,S5,D1,1,218.7,6.724,1.12,1.15,9.35,1,0,18.25
5412,T05,S3_D2,S3,D2,1,187.7,6.362,1.39,1.35,10.74,1,0,27.18
5413,T09,CR1_S5,CR1,S5,0,0.0,10.342,0.89,1.15,3.58,1,0,29.55
5414,T04,CR2_S4,CR2,S4,0,0.0,6.855,1.9,1.35,0.84,2,0,19.08
5415,T06,CR1_S3,CR1,S3,0,0.0,8.135,1.57,1.15,3.24,0,0,16.13
5416,T04,CR2_S6,CR2,S6,0,0.0,8.342,1.9,1.35,8.6,1,0,21.17
5417,T07,S4_D2,S4,D2,1,200.6,6.638,1.49,1.35,7.33,4,0,27.78
5418,T09,D2_S3,D2,S3,0,0.0,6.362,1.39,1.35,5.78,5,0,26.03
5419,T07,S5_D1,S5,D1,1,169.1,6.724,1.12,1.15,11.14,1,0,20.46
5420,T09,CR2_S4,CR2,S4,0,0.0,6.855,1.9,1.35,8.51,2,0,18.52
5421,T06,CR1_S1,CR1,S1,0,0.0,8.767,0.8,1.15,7.18,2,0,22.51
5422,T03,CR2_S3,CR2,S3,0,0.0,6.579,1.9,1.35,1.27,4,0,21.4
5423,T10,S5_CR1,S5,CR1,1,180.9,10.342,0.89,1.15,3.48,2,0,35.27
5424,T05,CR1_S3,CR1,S3,0,0.0,8.135,1.57,1.15,4.74,4,0,21.01
5425,T10,S1_CR1,S1,CR1,1,207.4,8.767,0.8,1.15,4.47,4,0,29.92
5426,T05,S4_D2,S4,D2,1,166.8,6.638,1.49,1.35,8.1,4,0,28.71
5427,T10,S5_CR1,S5,CR1,1,177.3,10.342,0.89,1.15,0.09,0,0,32.25
5428,T08,CR1_S5,CR1,S5,0,0.0,10.342,0.89,1.15,11.94,0,0,26.95
5429,T04,S1_CR1,S1,CR1,1,193.2,8.767,0.8,1.15,7.33,2,0,30.83
5430,T07,S3_CR2,S3,CR2,1,176.1,6.579,1.9,1.35,5.85,4,0,22.71
5431,T08,S4_CR2,S4,CR2,1,203.4,6.855,1.9,1.35,11.58,3,0,22.7
5432,T03,S5_D1,S5,D1,1,184.3,6.724,1.12,1.15,8.01,2,1,23.94
5433,T10,D1_S1,D1,S1,0,0.0,5.834,1.12,1.15,3.2,1,0,12.88
5434,T05,CR1_S2,CR1,S2,0,0.0,8.334,1.39,1.15,4.93,4,0,24.78
5435,T10,S5_D1,S5,D1,1,192.3,6.724,1.12,1.15,11.24,2,1,24.69
5436,T05,S5_CR1,S5,CR1,1,199.9,10.342,0.89,1.15,10.35,5,0,38.22
5437,T03,S1_CR1,S1,CR1,1,204.0,8.767,0.8,1.15,1.12,4,0,26.03
5438,T09,D2_S4,D2,S4,0,0.0,6.638,1.49,1.35,7.94,1,0,20.64
5439,T06,CR1_S3,CR1,S3,0,0.0,8.135,1.57,1.15,6.62,6,0,22.3
5440,T08,CR1_S1,CR1,S1,0,0.0,8.767,0.8,1.15,11.22,0,0,22.13
5441,T02,S1_D1,S1,D1,1,203.0,5.834,1.12,1.15,5.98,3,0,17.24
5442,T04,D1_S5,D1,S5,0,0.0,6.724,1.12,1.15,6.62,2,0,14.49
5443,T09,CR2_S6,CR2,S6,0,0.0,8.342,1.9,1.35,5.4,2,0,24.33
5444,T10,S3_CR1,S3,CR1,1,198.5,8.135,1.57,1.15,4.05,2,0,18.86
5445,T01,S1_D1,S1,D1,1,203.4,5.834,1.12,1.15,0.79,3,0,17.89
5446,T08,S5_D1,S5,D1,1,204.4,6.724,1.12,1.15,7.99,4,0,22.97
5447,T06,S1_D1,S1,D1,1,199.3,5.834,1.12,1.15,11.84,1,0,12.98
5448,T08,S3_D2,S3,D2,1,199.7,6.362,1.39,1.35,3.84,4,0,29.23
5449,T01,S1_D1,S1,D1,1,202.7,5.834,1.12,1.15,6.56,5,0,18.12
5450,T10,D2_S4,D2,S4,0,0.0,6.638,1.49,1.35,11.04,2,1,25.7
5451,T06,S2_CR1,S2,CR1,1,199.0,8.334,1.39,1.15,2.19,2,0,28.57
5452,T04,S4_D2,S4,D2,1,188.7,6.638,1.49,1.35,6.71,6,0,30.67
5453,T01,CR1_S1,CR1,S1,0,0.0,8.767,0.8,1.15,0.13,2,0,23.79
5454,T06,S3_CR2,S3,CR2,1,195.4,6.579,1.9,1.35,5.0,1,0,24.35
5455,T05,S5_D1,S5,D1,1,193.1,6.724,1.12,1.15,0.61,2,0,20.48
5456,T01,S2_CR1,S2,CR1,1,179.8,8.334,1.39,1.15,9.89,2,0,30.18
5457,T03,CR2_S3,CR2,S3,0,0.0,6.579,1.9,1.35,5.62,3,0,20.81
5458,T01,S1_CR1,S1,CR1,1,197.3,8.767,0.8,1.15,4.18,2,0,28.5
5459,T09,D1_S5,D1,S5,0,0.0,6.724,1.12,1.15,8.65,4,0,18.55
5460,T05,S6_CR2,S6,CR2,1,180.3,8.342,1.9,1.35,2.36,2,0,26.28
5461,T01,S5_D1,S5,D1,1,194.0,6.724,1.12,1.15,4.73,5,0,23.32
5462,T09,S1_D1,S1,D1,1,182.9,5.834,1.12,1.15,2.58,2,0,17.11
5463,T01,CR2_S3,CR2,S3,0,0.0,6.579,1.9,1.35,2.71,5,0,20.35
5464,T10,CR1_S2,CR1,S2,0,0.0,8.334,1.39,1.15,7.14,2,0,22.55
5465,T10,CR1_S2,CR1,S2,0,0.0,8.334,1.39,1.15,7.53,2,0,23.1
5466,T02,D1_S5,D1,S5,0,0.0,6.724,1.12,1.15,7.66,2,0,16.98
5467,T02,S4_D2,S4,D2,1,203.2,6.638,1.49,1.35,3.29,4,0,27.75
5468,T08,CR2_S6,CR2,S6,0,0.0,8.342,1.9,1.35,8.41,0,0,18.07
5469,T07,CR1_S2,CR1,S2,0,0.0,8.334,1.39,1.15,3.58,4,0,24.77
5470,T07,CR1_S2,CR1,S2,0,0.0,8.334,1.39,1.15,2.19,4,0,25.87
5471,T06,D2_S4,D2,S4,0,0.0,6.638,1.49,1.35,5.65,4,0,19.18
5472,T03,CR2_S4,CR2,S4,0,0.0,6.855,1.9,1.35,2.36,2,0,17.19
5473,T06,D1_S5,D1,S5,0,0.0,6.724,1.12,1.15,3.26,2,0,17.45
5474,T09,CR1_S5,CR1,S5,0,0.0,10.342,0.89,1.15,10.38,4,0,27.95
5475,T04,S3_CR2,S3,CR2,1,194.5,6.579,1.9,1.35,2.05,1,0,22.78
5476,T04,D2_S4,D2,S4,0,0.0,6.638,1.49,1.35,3.8,3,0,19.22
5477,T03,CR2_S6,CR2,S6,0,0.0,8.342,1.9,1.35,2.73,3,0,23.31
5478,T10,S1_D1,S1,D1,1,199.7,5.834,1.12,1.15,6.56,3,0,16.18
5479,T10,CR1_S3,CR1,S3,0,0.0,8.135,1.57,1.15,7.01,1,0,17.2
5480,T03,D1_S1,D1,S1,0,0.0,5.834,1.12,1.15,9.16,2,0,12.49
5481,T04,S4_D2,S4,D2,1,184.0,6.638,1.49,1.35,10.89,2,0,25.87
5482,T03,D1_S5,D1,S5,0,0.0,6.724,1.12,1.15,10.8,6,0,21.96
5483,T10,CR1_S5,CR1,S5,0,0.0,10.342,0.89,1.15,8.49,3,0,27.37
5484,T08,S1_CR1,S1,CR1,1,206.2,8.767,0.8,1.15,4.59,5,0,28.66
5485,T07,S5_CR1,S5,CR1,1,189.4,10.342,0.89,1.15,4.23,3,0,38.06
5486,T09,CR1_S1,CR1,S1,0,0.0,8.767,0.8,1.15,3.01,3,0,20.49
5487,T10,D1_S1,D1,S1,0,0.0,5.834,1.12,1.15,10.63,2,0,12.16
5488,T09,D1_S5,D1,S5,0,0.0,6.724,1.12,1.15,1.06,3,0,17.38
5489,T05,D2_S3,D2,S3,0,0.0,6.362,1.39,1.35,11.53,2,0,22.53
5490,T09,S2_CR1,S2,CR1,1,177.9,8.334,1.39,1.15,10.6,3,0,27.46
5491,T06,D1_S5,D1,S5,0,0.0,6.724,1.12,1.15,10.91,4,0,16.63
5492,T01,D2_S3,D2,S3,0,0.0,6.362,1.39,1.35,8.67,4,0,22.15
5493,T10,S4_D2,S4,D2,1,177.3,6.638,1.49,1.35,10.16,3,0,24.94
5494,T10,S5_D1,S5,D1,1,213.2,6.724,1.12,1.15,3.53,0,0,19.49
5495,T05,S5_CR1,S5,CR1,1,194.4,10.342,0.89,1.15,2.83,4,0,37.73
5496,T03,S5_D1,S5,D1,1,204.0,6.724,1.12,1.15,11.14,3,0,20.69
5497,T05,D1_S1,D1,S1,0,0.0,5.834,1.12,1.15,2.81,1,0,10.9
5498,T02,D2_S4,D2,S4,0,0.0,6.638,1.49,1.35,8.51,1,0,20.84
5499,T01,CR1_S3,CR1,S3,0,0.0,8.135,1.57,1.15,6.01,4,1,22.02
5500,T05,S4_CR2,S4,CR2,1,193.2,6.855,1.9,1.35,1.8,1,0,22.1
5501,T10,S5_CR1,S5,CR1,1,199.7,10.342,0.89,1.15,4.04,0,0,33.08
5502,T09,D1_S5,D1,S5,0,0.0,6.724,1.12,1.15,11.49,2,0,14.88
5503,T02,CR2_S4,CR2,S4,0,0.0,6.855,1.9,1.35,5.91,6,1,27.38
5504,T08,CR1_S3,CR1,S3,0,0.0,8.135,1.57,1.15,9.1,2,0,17.23
5505,T01,D2_S4,D2,S4,0,0.0,6.638,1.49,1.35,6.17,5,0,21.28
5506,T09,CR1_S1,CR1,S1,0,0.0,8.767,0.8,1.15,0.52,1,0,21.84
5507,T10,S3_CR2,S3,CR2,1,213.0,6.579,1.9,1.35,2.28,0,0,22.31
5508,T06,D1_S1,D1,S1,0,0.0,5.834,1.12,1.15,1.4,1,0,12.65
5509,T06,S3_CR1,S3,CR1,1,205.3,8.135,1.57,1.15,1.83,2,0,21.18
5510,T01,CR1_S3,CR1,S3,0,0.0,8.135,1.57,1.15,7.35,1,0,17.08
5511,T01,S3_CR1,S3,CR1,1,197.5,8.135,1.57,1.15,5.93,2,0,20.77
5512,T04,S5_CR1,S5,CR1,1,197.6,10.342,0.89,1.15,4.46,3,0,39.01
5513,T04,S6_CR2,S6,CR2,1,181.8,8.342,1.9,1.35,1.09,0,0,24.86
5514,T08,S4_CR2,S4,CR2,1,218.2,6.855,1.9,1.35,3.81,2,0,24.98
5515,T07,D2_S3,D2,S3,0,0.0,6.362,1.39,1.35,1.85,1,0,23.37
5516,T01,CR1_S2,CR1,S2,0,0.0,8.334,1.39,1.15,10.63,0,0,22.64
5517,T07,S3_CR1,S3,CR1,1,216.2,8.135,1.57,1.15,9.65,1,0,22.25
5518,T06,S4_CR2,S4,CR2,1,201.5,6.855,1.9,1.35,5.98,8,0,29.01
5519,T07,D1_S5,D1,S5,0,0.0,6.724,1.12,1.15,9.09,1,0,14.89
5520,T10,CR2_S4,CR2,S4,0,0.0,6.855,1.9,1.35,0.28,1,0,17.87
5521,T10,S5_D1,S5,D1,1,203.1,6.724,1.12,1.15,3.18,1,0,21.52
5522,T04,CR2_S3,CR2,S3,0,0.0,6.579,1.9,1.35,11.07,7,0,24.78
5523,T09,S1_CR1,S1,CR1,1,220.0,8.767,0.8,1.15,4.14,5,0,32.74
5524,T05,S4_D2,S4,D2,1,161.9,6.638,1.49,1.35,10.14,2,0,28.0
5525,T03,CR2_S3,CR2,S3,0,0.0,6.579,1.9,1.35,3.78,7,0,22.17
5526,T02,CR2_S6,CR2,S6,0,0.0,8.342,1.9,1.35,5.41,4,0,24.84
5527,T02,S6_CR2,S6,CR2,1,203.5,8.342,1.9,1.35,2.47,0,0,24.69
5528,T02,S1_D1,S1,D1,1,198.2,5.834,1.12,1.15,6.66,2,0,15.49
5529,T08,CR2_S6,CR2,S6,0,0.0,8.342,1.9,1.35,9.35,3,0,22.19
5530,T06,CR2_S4,CR2,S4,0,0.0,6.855,1.9,1.35,8.03,3,0,19.27
5531,T04,S6_CR2,S6,CR2,1,193.3,8.342,1.9,1.35,3.91,2,0,28.58
5532,T08,S6_CR2,S6,CR2,1,209.6,8.342,1.9,1.35,11.82,3,1,33.21
5533,T06,D2_S4,D2,S4,0,0.0,6.638,1.49,1.35,9.22,2,0,23.22
5534,T05,D1_S5,D1,S5,0,0.0,6.724,1.12,1.15,11.79,2,1,19.17
5535,T04,S3_CR2,S3,CR2,1,207.6,6.579,1.9,1.35,11.72,1,0,23.72
5536,T04,D2_S4,D2,S4,0,0.0,6.638,1.49,1.35,9.16,1,0,19.06
5537,T02,CR1_S1,CR1,S1,0,0.0,8.767,0.8,1.15,9.85,1,0,22.73
5538,T08,CR1_S1,CR1,S1,0,0.0,8.767,0.8,1.15,4.21,5,0,26.84
5539,T03,S1_D1,S1,D1,1,197.8,5.834,1.12,1.15,0.57,4,0,16.62
5540,T04,CR2_S6,CR2,S6,0,0.0,8.342,1.9,1.35,6.06,3,0,24.71
5541,T01,S4_CR2,S4,CR2,1,215.5,6.855,1.9,1.35,4.0,2,0,24.73
5542,T08,S6_CR2,S6,CR2,1,194.3,8.342,1.9,1.35,11.87,1,1,31.63
5543,T06,S3_CR2,S3,CR2,1,162.5,6.579,1.9,1.35,2.0,1,0,21.71
5544,T03,S1_CR1,S1,CR1,1,202.0,8.767,0.8,1.15,11.6,0,0,25.54
5545,T02,D2_S4,D2,S4,0,0.0,6.638,1.49,1.35,7.18,8,0,26.43
5546,T09,CR1_S3,CR1,S3,0,0.0,8.135,1.57,1.15,5.77,3,0,17.14
5547,T03,S1_D1,S1,D1,1,176.9,5.834,1.12,1.15,4.98,6,0,20.52
5548,T01,D1_S1,D1,S1,0,0.0,5.834,1.12,1.15,6.38,4,0,15.56
5549,T08,S4_CR2,S4,CR2,1,195.8,6.855,1.9,1.35,4.62,3,0,26.22
5550,T06,CR1_S1,CR1,S1,0,0.0,8.767,0.8,1.15,6.29,0,0,20.69
5551,T05,D1_S1,D1,S1,0,0.0,5.834,1.12,1.15,11.81,5,0,15.02
5552,T08,CR1_S2,CR1,S2,0,0.0,8.334,1.39,1.15,3.3,0,0,22.13
5553,T02,CR2_S3,CR2,S3,0,0.0,6.579,1.9,1.35,8.14,3,0,19.64
5554,T05,S3_CR1,S3,CR1,1,166.9,8.135,1.57,1.15,3.9,3,0,24.51
5555,T05,CR1_S3,CR1,S3,0,0.0,8.135,1.57,1.15,4.23,5,1,26.97
5556,T03,CR1_S2,CR1,S2,0,0.0,8.334,1.39,1.15,6.46,5,0,27.73
5557,T08,S5_CR1,S5,CR1,1,220.0,10.342,0.89,1.15,8.45,3,0,33.04
5558,T06,D1_S1,D1,S1,0,0.0,5.834,1.12,1.15,2.21,1,0,12.15
5559,T07,CR1_S5,CR1,S5,0,0.0,10.342,0.89,1.15,5.22,1,0,25.54
5560,T05,CR2_S3,CR2,S3,0,0.0,6.579,1.9,1.35,10.97,4,0,21.81
5561,T01,CR1_S1,CR1,S1,0,0.0,8.767,0.8,1.15,6.23,3,0,22.16
5562,T04,D1_S5,D1,S5,0,0.0,6.724,1.12,1.15,3.73,4,0,17.94
5563,T02,CR1_S2,CR1,S2,0,0.0,8.334,1.39,1.15,0.61,2,1,31.09
5564,T06,D2_S4,D2,S4,0,0.0,6.638,1.49,1.35,8.59,1,0,20.24
5565,T06,S1_CR1,S1,CR1,1,172.7,8.767,0.8,1.15,0.73,3,0,30.92
5566,T09,CR1_S3,CR1,S3,0,0.0,8.135,1.57,1.15,2.08,2,0,19.13
5567,T04,D1_S5,D1,S5,0,0.0,6.724,1.12,1.15,5.41,5,0,18.95
5568,T03,CR1_S3,CR1,S3,0,0.0,8.135,1.57,1.15,1.6,3,0,17.0
5569,T04,S3_D2,S3,D2,1,199.9,6.362,1.39,1.35,0.08,3,0,26.75
5570,T05,S4_CR2,S4,CR2,1,206.1,6.855,1.9,1.35,0.82,2,0,24.04
5571,T04,D1_S5,D1,S5,0,0.0,6.724,1.12,1.15,2.51,1,0,15.52
5572,T01,S3_CR2,S3,CR2,1,209.3,6.579,1.9,1.35,8.97,4,0,25.42
5573,T03,CR1_S5,CR1,S5,0,0.0,10.342,0.89,1.15,7.17,2,0,30.71
5574,T10,CR1_S1,CR1,S1,0,0.0,8.767,0.8,1.15,3.8,3,0,23.84
5575,T09,S5_D1,S5,D1,1,194.9,6.724,1.12,1.15,10.3,1,0,19.68
5576,T04,D2_S4,D2,S4,0,0.0,6.638,1.49,1.35,4.42,0,0,19.79
5577,T05,CR1_S2,CR1,S2,0,0.0,8.334,1.39,1.15,1.84,4,1,33.52
5578,T09,CR2_S4,CR2,S4,0,0.0,6.855,1.9,1.35,0.85,1,0,17.65
5579,T04,S5_D1,S5,D1,1,206.1,6.724,1.12,1.15,4.18,8,0,27.14
5580,T02,S3_D2,S3,D2,1,209.9,6.362,1.39,1.35,2.93,2,1,34.2
5581,T03,S1_CR1,S1,CR1,1,194.9,8.767,0.8,1.15,5.38,2,0,27.66
5582,T03,D1_S5,D1,S5,0,0.0,6.724,1.12,1.15,0.27,1,0,16.24
5583,T08,D2_S3,D2,S3,0,0.0,6.362,1.39,1.35,5.47,5,0,26.88
5584,T03,S2_CR1,S2,CR1,1,192.4,8.334,1.39,1.15,7.78,5,0,29.47
5585,T01,CR1_S2,CR1,S2,0,0.0,8.334,1.39,1.15,11.23,4,0,24.07
5586,T09,S6_CR2,S6,CR2,1,200.4,8.342,1.9,1.35,2.98,1,0,28.27
5587,T08,CR2_S6,CR2,S6,0,0.0,8.342,1.9,1.35,7.0,7,0,22.73
5588,T05,D1_S5,D1,S5,0,0.0,6.724,1.12,1.15,0.53,1,0,16.7
5589,T03,CR2_S4,CR2,S4,0,0.0,6.855,1.9,1.35,8.4,1,0,17.78
5590,T01,S1_CR1,S1,CR1,1,181.9,8.767,0.8,1.15,11.03,5,0,33.3
5591,T10,CR2_S4,CR2,S4,0,0.0,6.855,1.9,1.35,1.24,2,0,19.54
5592,T05,S3_D2,S3,D2,1,195.7,6.362,1.39,1.35,10.78,3,0,26.73
5593,T01,S5_CR1,S5,CR1,1,195.6,10.342,0.89,1.15,5.54,5,0,40.65
5594,T04,CR1_S1,CR1,S1,0,0.0,8.767,0.8,1.15,4.89,4,1,28.13
5595,T07,D1_S5,D1,S5,0,0.0,6.724,1.12,1.15,4.37,2,0,17.06
5596,T07,CR1_S3,CR1,S3,0,0.0,8.135,1.57,1.15,7.08,0,0,16.4
5597,T03,CR1_S3,CR1,S3,0,0.0,8.135,1.57,1.15,7.84,2,1,20.94
5598,T04,CR1_S2,CR1,S2,0,0.0,8.334,1.39,1.15,7.97,4,0,22.61
5599,T05,S5_D1,S5,D1,1,180.6,6.724,1.12,1.15,3.68,3,0,21.5
5600,T09,D1_S1,D1,S1,0,0.0,5.834,1.12,1.15,9.66,4,1,18.55
5601,T02,S4_CR2,S4,CR2,1,181.8,6.855,1.9,1.35,7.63,3,0,23.28
5602,T09,CR1_S1,CR1,S1,0,0.0,8.767,0.8,1.15,7.17,6,0,25.45
5603,T08,CR1_S5,CR1,S5,0,0.0,10.342,0.89,1.15,6.45,3,0,27.07
5604,T05,CR2_S6,CR2,S6,0,0.0,8.342,1.9,1.35,2.97,2,0,24.75
5605,T01,S5_CR1,S5,CR1,1,186.5,10.342,0.89,1.15,11.38,1,0,32.6
5606,T05,CR1_S2,CR1,S2,0,0.0,8.334,1.39,1.15,2.52,3,0,22.57
5607,T06,CR1_S2,CR1,S2,0,0.0,8.334,1.39,1.15,7.28,3,0,23.16
5608,T07,D1_S1,D1,S1,0,0.0,5.834,1.12,1.15,0.03,3,0,15.31
5609,T02,S3_D2,S3,D2,1,188.0,6.362,1.39,1.35,11.41,3,1,35.65
5610,T04,S3_CR1,S3,CR1,1,184.2,8.135,1.57,1.15,9.37,2,0,20.27
5611,T07,S6_CR2,S6,CR2,1,209.9,8.342,1.9,1.35,9.35,0,0,26.46
5612,T08,S4_D2,S4,D2,1,190.1,6.638,1.49,1.35,7.47,1,0,23.45
5613,T05,S2_CR1,S2,CR1,1,211.2,8.334,1.39,1.15,4.73,4,0,31.0
5614,T08,S3_D2,S3,D2,1,182.5,6.362,1.39,1.35,7.24,5,0,31.34
5615,T09,S2_CR1,S2,CR1,1,192.6,8.334,1.39,1.15,10.9,3,0,30.4
5616,T04,CR2_S3,CR2,S3,0,0.0,6.579,1.9,1.35,3.54,3,0,20.16
5617,T09,S6_CR2,S6,CR2,1,187.6,8.342,1.9,1.35,0.8,5,1,41.23
5618,T03,S3_D2,S3,D2,1,205.2,6.362,1.39,1.35,4.43,4,0,28.88
5619,T08,CR2_S3,CR2,S3,0,0.0,6.579,1.9,1.35,5.39,6,0,23.1
5620,T07,S6_CR2,S6,CR2,1,168.6,8.342,1.9,1.35,8.5,2,0,27.23
5621,T03,D2_S4,D2,S4,0,0.0,6.638,1.49,1.35,9.9,4,0,25.31
5622,T04,CR1_S3,CR1,S3,0,0.0,8.135,1.57,1.15,5.18,5,0,20.54
5623,T02,CR2_S4,CR2,S4,0,0.0,6.855,1.9,1.35,2.65,2,0,19.62
5624,T08,CR2_S4,CR2,S4,0,0.0,6.855,1.9,1.35,0.15,1,0,19.16
5625,T03,CR2_S6,CR2,S6,0,0.0,8.342,1.9,1.35,10.05,3,0,23.85
5626,T04,CR1_S2,CR1,S2,0,0.0,8.334,1.39,1.15,1.99,2,0,22.31
5627,T04,CR2_S4,CR2,S4,0,0.0,6.855,1.9,1.35,11.18,2,0,21.77
5628,T05,CR1_S3,CR1,S3,0,0.0,8.135,1.57,1.15,2.59,2,0,19.08
5629,T02,D1_S5,D1,S5,0,0.0,6.724,1.12,1.15,3.67,2,0,16.9
5630,T01,CR2_S3,CR2,S3,0,0.0,6.579,1.9,1.35,6.29,2,0,18.11
5631,T07,D1_S1,D1,S1,0,0.0,5.834,1.12,1.15,7.47,3,0,12.48
5632,T04,S3_CR1,S3,CR1,1,187.5,8.135,1.57,1.15,4.35,0,0,19.83
5633,T06,S3_D2,S3,D2,1,198.0,6.362,1.39,1.35,1.0,2,0,26.2
5634,T05,CR2_S6,CR2,S6,0,0.0,8.342,1.9,1.35,9.03,3,0,22.87
5635,T03,S1_D1,S1,D1,1,206.7,5.834,1.12,1.15,9.66,2,0,16.26
5636,T07,D1_S5,D1,S5,0,0.0,6.724,1.12,1.15,6.11,6,0,17.86
5637,T06,D1_S1,D1,S1,0,0.0,5.834,1.12,1.15,5.34,3,0,13.97
5638,T06,CR2_S6,CR2,S6,0,0.0,8.342,1.9,1.35,11.47,3,0,23.6
5639,T02,CR2_S6,CR2,S6,0,0.0,8.342,1.9,1.35,0.66,3,0,21.84
5640,T06,S1_CR1,S1,CR1,1,215.0,8.767,0.8,1.15,1.99,0,0,26.6
5641,T03,S3_CR2,S3,CR2,1,200.2,6.579,1.9,1.35,6.23,3,0,23.4
5642,T06,D2_S4,D2,S4,0,0.0,6.638,1.49,1.35,0.86,2,0,21.49
5643,T02,D1_S1,D1,S1,0,0.0,5.834,1.12,1.15,1.51,4,0,16.17
5644,T02,S3_CR2,S3,CR2,1,216.1,6.579,1.9,1.35,4.86,4,0,21.71
5645,T10,D1_S1,D1,S1,0,0.0,5.834,1.12,1.15,2.17,2,0,12.96
5646,T07,S5_D1,S5,D1,1,200.6,6.724,1.12,1.15,1.09,4,0,23.55
5647,T09,S3_CR2,S3,CR2,1,198.1,6.579,1.9,1.35,9.46,3,0,23.89
5648,T04,D1_S5,D1,S5,0,0.0,6.724,1.12,1.15,6.56,1,0,16.71
5649,T05,D1_S5,D1,S5,0,0.0,6.724,1.12,1.15,6.29,2,0,17.08
5650,T01,S6_CR2,S6,CR2,1,220.0,8.342,1.9,1.35,4.2,1,0,26.39
5651,T07,CR1_S5,CR1,S5,0,0.0,10.342,0.89,1.15,6.37,4,0,26.5
5652,T03,CR1_S1,CR1,S1,0,0.0,8.767,0.8,1.15,6.47,4,1,29.92
5653,T02,D2_S4,D2,S4,0,0.0,6.638,1.49,1.35,11.5,2,0,21.42
5654,T05,D2_S4,D2,S4,0,0.0,6.638,1.49,1.35,4.1,5,0,25.97
5655,T09,S4_CR2,S4,CR2,1,205.9,6.855,1.9,1.35,8.35,4,0,26.16
5656,T01,S1_CR1,S1,CR1,1,215.6,8.767,0.8,1.15,10.69,0,0,25.04
5657,T01,S3_CR1,S3,CR1,1,178.1,8.135,1.57,1.15,8.53,4,0,24.78
5658,T02,CR1_S5,CR1,S5,0,0.0,10.342,0.89,1.15,3.38,2,0,26.36
5659,T09,S5_CR1,S5,CR1,1,199.9,10.342,0.89,1.15,3.97,2,0,36.0
5660,T06,CR2_S4,CR2,S4,0,0.0,6.855,1.9,1.35,10.0,0,0,17.3
5661,T09,S6_CR2,S6,CR2,1,218.2,8.342,1.9,1.35,11.05,1,0,27.03
5662,T09,D2_S4,D2,S4,0,0.0,6.638,1.49,1.35,9.43,2,0,21.62
5663,T08,CR1_S3,CR1,S3,0,0.0,8.135,1.57,1.15,1.25,3,0,18.96
5664,T09,D1_S5,D1,S5,0,0.0,6.724,1.12,1.15,3.23,5,0,19.46
5665,T01,D2_S3,D2,S3,0,0.0,6.362,1.39,1.35,7.42,4,0,23.43
5666,T10,S4_D2,S4,D2,1,188.7,6.638,1.49,1.35,7.14,5,0,29.15
5667,T09,D1_S1,D1,S1,0,0.0,5.834,1.12,1.15,10.35,0,0,11.4
5668,T01,D2_S3,D2,S3,0,0.0,6.362,1.39,1.35,0.63,1,0,20.79
5669,T02,S4_CR2,S4,CR2,1,176.9,6.855,1.9,1.35,0.1,0,0,21.96
5670,T05,D2_S3,D2,S3,0,0.0,6.362,1.39,1.35,11.74,2,0,19.61
5671,T03,D2_S4,D2,S4,0,0.0,6.638,1.49,1.35,9.74,2,0,19.66
5672,T07,S1_D1,S1,D1,1,177.0,5.834,1.12,1.15,4.49,5,0,21.54
5673,T06,D1_S1,D1,S1,0,0.0,5.834,1.12,1.15,2.2,1,0,12.42
5674,T07,S4_D2,S4,D2,1,220.0,6.638,1.49,1.35,10.28,1,0,30.1
5675,T05,S3_CR1,S3,CR1,1,182.1,8.135,1.57,1.15,10.69,3,0,21.74
5676,T02,S5_D1,S5,D1,1,164.0,6.724,1.12,1.15,9.67,2,0,22.06
5677,T04,S5_D1,S5,D1,1,194.7,6.724,1.12,1.15,7.86,3,1,29.41
5678,T09,D2_S3,D2,S3,0,0.0,6.362,1.39,1.35,9.05,4,0,25.14
5679,T02,D2_S4,D2,S4,0,0.0,6.638,1.49,1.35,5.0,4,0,23.63
5680,T04,S1_CR1,S1,CR1,1,186.6,8.767,0.8,1.15,7.38,3,0,30.04
5681,T05,S5_D1,S5,D1,1,220.0,6.724,1.12,1.15,3.28,0,1,24.73
5682,T09,S5_CR1,S5,CR1,1,159.7,10.342,0.89,1.15,8.32,2,0,36.48
5683,T09,S6_CR2,S6,CR2,1,201.7,8.342,1.9,1.35,1.7,3,0,28.72
5684,T03,CR2_S4,CR2,S4,0,0.0,6.855,1.9,1.35,3.95,0,0,17.62
5685,T06,D1_S1,D1,S1,0,0.0,5.834,1.12,1.15,3.21,0,0,11.52
5686,T04,D1_S1,D1,S1,0,0.0,5.834,1.12,1.15,8.46,1,0,12.3
5687,T05,S4_CR2,S4,CR2,1,175.7,6.855,1.9,1.35,1.32,3,0,21.93
5688,T01,D1_S5,D1,S5,0,0.0,6.724,1.12,1.15,6.51,2,0,15.42
5689,T08,S4_CR2,S4,CR2,1,189.0,6.855,1.9,1.35,6.3,3,0,22.1
5690,T01,D2_S3,D2,S3,0,0.0,6.362,1.39,1.35,11.9,1,0,21.32
5691,T06,S3_CR1,S3,CR1,1,218.9,8.135,1.57,1.15,4.98,4,0,22.41
5692,T05,D1_S1,D1,S1,0,0.0,5.834,1.12,1.15,1.33,2,0,12.71
5693,T08,S3_CR1,S3,CR1,1,199.0,8.135,1.57,1.15,7.39,2,0,21.79
5694,T01,S5_CR1,S5,CR1,1,178.0,10.342,0.89,1.15,10.47,1,0,31.99
5695,T07,S1_D1,S1,D1,1,211.0,5.834,1.12,1.15,8.62,0,0,15.53
5696,T03,CR2_S6,CR2,S6,0,0.0,8.342,1.9,1.35,11.76,1,0,20.79
5697,T01,S5_D1,S5,D1,1,199.5,6.724,1.12,1.15,0.55,2,1,23.95
5698,T10,S4_CR2,S4,CR2,1,200.9,6.855,1.9,1.35,5.46,3,0,23.03
5699,T09,D1_S5,D1,S5,0,0.0,6.724,1.12,1.15,11.79,3,0,17.71
5700,T03,CR1_S1,CR1,S1,0,0.0,8.767,0.8,1.15,1.99,5,0,23.82
5701,T01,S1_D1,S1,D1,1,201.0,5.834,1.12,1.15,11.55,2,0,16.35
5702,T01,S2_CR1,S2,CR1,1,199.8,8.334,1.39,1.15,7.03,0,0,28.34
5703,T01,CR2_S4,CR2,S4,0,0.0,6.855,1.9,1.35,9.03,1,0,16.99
5704,T04,D1_S1,D1,S1,0,0.0,5.834,1.12,1.15,10.07,0,0,11.94
5705,T07,S2_CR1,S2,CR1,1,157.5,8.334,1.39,1.15,0.5,3,0,27.51
5706,T02,S2_CR1,S2,CR1,1,219.8,8.334,1.39,1.15,6.73,3,1,35.35
5707,T10,D2_S3,D2,S3,0,0.0,6.362,1.39,1.35,9.15,2,0,20.28
5708,T09,CR1_S2,CR1,S2,0,0.0,8.334,1.39,1.15,8.44,6,0,25.14
5709,T04,S2_CR1,S2,CR1,1,207.8,8.334,1.39,1.15,3.5,2,0,28.44
5710,T10,S1_CR1,S1,CR1,1,176.8,8.767,0.8,1.15,5.24,1,0,28.16
5711,T01,S3_CR1,S3,CR1,1,180.1,8.135,1.57,1.15,5.14,4,1,30.7
5712,T09,S1_CR1,S1,CR1,1,199.4,8.767,0.8,1.15,3.87,4,0,30.51
5713,T04,S4_CR2,S4,CR2,1,204.7,6.855,1.9,1.35,11.02,4,0,24.91
5714,T10,CR1_S5,CR1,S5,0,0.0,10.342,0.89,1.15,9.0,2,0,26.1
5715,T06,D1_S1,D1,S1,0,0.0,5.834,1.12,1.15,6.15,8,0,19.12
5716,T07,D1_S5,D1,S5,0,0.0,6.724,1.12,1.15,0.3,1,0,15.31
5717,T07,S3_D2,S3,D2,1,193.9,6.362,1.39,1.35,3.18,4,0,32.3
5718,T10,CR1_S2,CR1,S2,0,0.0,8.334,1.39,1.15,4.78,3,0,23.46
5719,T04,CR1_S5,CR1,S5,0,0.0,10.342,0.89,1.15,5.39,4,0,26.19
5720,T06,S6_CR2,S6,CR2,1,190.2,8.342,1.9,1.35,5.78,3,0,28.41
5721,T02,S4_D2,S4,D2,1,209.7,6.638,1.49,1.35,3.94,3,0,28.58
5722,T08,CR1_S5,CR1,S5,0,0.0,10.342,0.89,1.15,8.41,3,0,27.85
5723,T01,CR1_S2,CR1,S2,0,0.0,8.334,1.39,1.15,10.52,5,0,24.38
5724,T01,CR1_S1,CR1,S1,0,0.0,8.767,0.8,1.15,11.52,3,0,23.18
5725,T01,CR1_S1,CR1,S1,0,0.0,8.767,0.8,1.15,7.4,2,0,24.39
5726,T01,CR2_S6,CR2,S6,0,0.0,8.342,1.9,1.35,11.79,2,0,19.36
5727,T02,S4_D2,S4,D2,1,176.8,6.638,1.49,1.35,3.05,0,0,25.37
5728,T08,CR1_S3,CR1,S3,0,0.0,8.135,1.57,1.15,1.21,1,0,16.35
5729,T03,S3_CR1,S3,CR1,1,217.3,8.135,1.57,1.15,7.4,4,0,23.69
5730,T02,S3_D2,S3,D2,1,195.6,6.362,1.39,1.35,8.76,3,0,28.78
5731,T06,D2_S4,D2,S4,0,0.0,6.638,1.49,1.35,4.72,5,0,23.18
5732,T03,D1_S5,D1,S5,0,0.0,6.724,1.12,1.15,10.87,1,0,16.41
5733,T05,S4_D2,S4,D2,1,196.3,6.638,1.49,1.35,10.58,3,0,28.41
5734,T01,S3_CR2,S3,CR2,1,174.4,6.579,1.9,1.35,3.79,0,0,22.58
5735,T08,S5_D1,S5,D1,1,205.8,6.724,1.12,1.15,7.06,7,0,24.14
5736,T10,D2_S4,D2,S4,0,0.0,6.638,1.49,1.35,0.85,1,0,22.29
5737,T06,CR1_S3,CR1,S3,0,0.0,8.135,1.57,1.15,6.47,4,0,19.44
5738,T04,D2_S4,D2,S4,0,0.0,6.638,1.49,1.35,5.23,7,0,26.51
5739,T08,S2_CR1,S2,CR1,1,192.7,8.334,1.39,1.15,7.69,1,0,25.71
5740,T04,S2_CR1,S2,CR1,1,175.7,8.334,1.39,1.15,10.3,0,0,24.71
5741,T09,CR1_S1,CR1,S1,0,0.0,8.767,0.8,1.15,7.43,5,1,31.5
5742,T08,S1_CR1,S1,CR1,1,199.0,8.767,0.8,1.15,5.63,6,0,32.41
5743,T04,CR2_S3,CR2,S3,0,0.0,6.579,1.9,1.35,11.6,2,0,18.2
5744,T10,CR1_S5,CR1,S5,0,0.0,10.342,0.89,1.15,2.13,2,0,27.57
5745,T01,CR2_S3,CR2,S3,0,0.0,6.579,1.9,1.35,9.26,1,0,17.81
5746,T03,S5_D1,S5,D1,1,204.4,6.724,1.12,1.15,1.39,0,1,25.33
5747,T02,S4_D2,S4,D2,1,214.4,6.638,1.49,1.35,10.74,5,0,30.26
5748,T07,S2_CR1,S2,CR1,1,177.4,8.334,1.39,1.15,1.89,2,0,27.58
5749,T05,S2_CR1,S2,CR1,1,183.3,8.334,1.39,1.15,6.81,2,0,27.53
5750,T04,CR2_S4,CR2,S4,0,0.0,6.855,1.9,1.35,2.49,1,0,18.43
5751,T08,CR2_S3,CR2,S3,0,0.0,6.579,1.9,1.35,10.53,2,0,19.62
5752,T07,D1_S1,D1,S1,0,0.0,5.834,1.12,1.15,2.99,4,0,13.73
5753,T03,CR1_S5,CR1,S5,0,0.0,10.342,0.89,1.15,4.43,3,0,28.84
5754,T03,S5_CR1,S5,CR1,1,203.7,10.342,0.89,1.15,0.89,1,0,32.93
5755,T05,S4_CR2,S4,CR2,1,181.9,6.855,1.9,1.35,0.93,2,0,21.94
5756,T03,S2_CR1,S2,CR1,1,185.4,8.334,1.39,1.15,10.75,3,0,28.43
5757,T02,CR2_S6,CR2,S6,0,0.0,8.342,1.9,1.35,3.38,3,0,23.35
5758,T07,D2_S4,D2,S4,0,0.0,6.638,1.49,1.35,9.31,6,1,37.25
5759,T10,S5_D1,S5,D1,1,193.2,6.724,1.12,1.15,6.11,7,0,24.92
5760,T02,S5_CR1,S5,CR1,1,180.6,10.342,0.89,1.15,10.01,5,0,36.45
5761,T02,S1_CR1,S1,CR1,1,220.0,8.767,0.8,1.15,10.74,2,0,27.1
5762,T02,D1_S1,D1,S1,0,0.0,5.834,1.12,1.15,6.16,3,0,15.01
5763,T07,S4_CR2,S4,CR2,1,169.8,6.855,1.9,1.35,7.72,2,0,23.56
5764,T09,S1_D1,S1,D1,1,208.9,5.834,1.12,1.15,6.51,5,0,18.56
5765,T07,S5_D1,S5,D1,1,185.2,6.724,1.12,1.15,4.86,3,0,21.41
5766,T09,CR1_S1,CR1,S1,0,0.0,8.767,0.8,1.15,0.8,3,0,22.74
5767,T04,D2_S4,D2,S4,0,0.0,6.638,1.49,1.35,5.03,4,0,24.05
5768,T08,CR1_S3,CR1,S3,0,0.0,8.135,1.57,1.15,3.49,2,0,16.22
5769,T04,CR2_S3,CR2,S3,0,0.0,6.579,1.9,1.35,9.11,3,0,19.59
5770,T08,S2_CR1,S2,CR1,1,185.7,8.334,1.39,1.15,5.03,0,0,27.67
5771,T10,D1_S1,D1,S1,0,0.0,5.834,1.12,1.15,2.12,4,0,14.05
5772,T06,CR2_S6,CR2,S6,0,0.0,8.342,1.9,1.35,11.68,3,0,22.29
5773,T03,S3_D2,S3,D2,1,203.2,6.362,1.39,1.35,2.84,5,0,29.53
5774,T02,S1_CR1,S1,CR1,1,201.4,8.767,0.8,1.15,8.16,2,0,29.37
5775,T08,S2_CR1,S2,CR1,1,198.5,8.334,1.39,1.15,7.44,3,0,29.42
5776,T08,CR1_S2,CR1,S2,0,0.0,8.334,1.39,1.15,11.39,1,0,20.91
5777,T01,S2_CR1,S2,CR1,1,214.8,8.334,1.39,1.15,2.96,1,0,28.6
5778,T06,CR1_S1,CR1,S1,0,0.0,8.767,0.8,1.15,11.38,1,0,21.3
5779,T02,D2_S4,D2,S4,0,0.0,6.638,1.49,1.35,5.28,4,1,29.13
5780,T01,S2_CR1,S2,CR1,1,205.5,8.334,1.39,1.15,8.23,0,0,26.11
5781,T09,CR2_S6,CR2,S6,0,0.0,8.342,1.9,1.35,3.41,7,1,35.66
5782,T02,S5_D1,S5,D1,1,176.5,6.724,1.12,1.15,2.85,1,0,19.49
5783,T04,S3_D2,S3,D2,1,197.4,6.362,1.39,1.35,3.65,1,0,24.7
5784,T06,CR2_S4,CR2,S4,0,0.0,6.855,1.9,1.35,8.3,6,0,22.38
5785,T09,D1_S1,D1,S1,0,0.0,5.834,1.12,1.15,8.2,1,0,12.32
5786,T10,D2_S3,D2,S3,0,0.0,6.362,1.39,1.35,11.95,1,0,20.36
5787,T03,S6_CR2,S6,CR2,1,202.9,8.342,1.9,1.35,4.04,2,0,29.87
5788,T10,CR2_S6,CR2,S6,0,0.0,8.342,1.9,1.35,8.94,2,0,22.61
5789,T03,S3_D2,S3,D2,1,220.0,6.362,1.39,1.35,9.03,6,0,29.97
5790,T09,CR2_S4,CR2,S4,0,0.0,6.855,1.9,1.35,8.35,1,0,18.8
5791,T07,CR1_S5,CR1,S5,0,0.0,10.342,0.89,1.15,8.75,2,1,39.7
5792,T09,CR1_S2,CR1,S2,0,0.0,8.334,1.39,1.15,0.04,3,0,24.84
5793,T09,S4_D2,S4,D2,1,193.5,6.638,1.49,1.35,8.77,1,0,25.63
5794,T09,CR2_S4,CR2,S4,0,0.0,6.855,1.9,1.35,0.19,0,0,15.9
5795,T09,S4_D2,S4,D2,1,180.5,6.638,1.49,1.35,4.91,1,0,23.9
5796,T05,S3_CR2,S3,CR2,1,218.3,6.579,1.9,1.35,8.06,2,0,22.54
5797,T05,S3_CR1,S3,CR1,1,194.6,8.135,1.57,1.15,9.92,1,0,20.99
5798,T07,S5_CR1,S5,CR1,1,200.8,10.342,0.89,1.15,2.23,1,0,34.74
5799,T06,CR2_S3,CR2,S3,0,0.0,6.579,1.9,1.35,9.33,1,0,17.75
5800,T06,D2_S3,D2,S3,0,0.0,6.362,1.39,1.35,7.75,1,0,22.22
5801,T04,CR1_S1,CR1,S1,0,0.0,8.767,0.8,1.15,11.11,1,0,22.8
5802,T09,CR2_S6,CR2,S6,0,0.0,8.342,1.9,1.35,6.64,3,0,21.73
5803,T02,CR1_S2,CR1,S2,0,0.0,8.334,1.39,1.15,10.73,3,0,24.55
5804,T06,CR1_S1,CR1,S1,0,0.0,8.767,0.8,1.15,7.2,4,0,24.25
5805,T10,S5_D1,S5,D1,1,176.2,6.724,1.12,1.15,3.24,2,0,22.64
5806,T01,D1_S1,D1,S1,0,0.0,5.834,1.12,1.15,9.13,5,0,16.8
5807,T01,D2_S4,D2,S4,0,0.0,6.638,1.49,1.35,4.33,2,0,21.86
5808,T04,CR2_S3,CR2,S3,0,0.0,6.579,1.9,1.35,10.52,3,0,20.69
5809,T09,CR1_S3,CR1,S3,0,0.0,8.135,1.57,1.15,5.91,2,0,16.55
5810,T02,D1_S1,D1,S1,0,0.0,5.834,1.12,1.15,7.39,3,0,12.52
5811,T08,S5_D1,S5,D1,1,196.7,6.724,1.12,1.15,5.59,2,0,21.0
5812,T01,S3_D2,S3,D2,1,220.0,6.362,1.39,1.35,5.07,3,0,25.14
5813,T08,S3_CR2,S3,CR2,1,200.4,6.579,1.9,1.35,6.1,6,0,24.2
5814,T04,CR1_S2,CR1,S2,0,0.0,8.334,1.39,1.15,7.2,4,0,24.37
5815,T02,S4_CR2,S4,CR2,1,178.9,6.855,1.9,1.35,3.4,2,0,24.19
5816,T01,S5_D1,S5,D1,1,220.0,6.724,1.12,1.15,5.09,6,0,21.29
5817,T03,CR2_S3,CR2,S3,0,0.0,6.579,1.9,1.35,7.19,4,0,18.86
5818,T04,CR1_S5,CR1,S5,0,0.0,10.342,0.89,1.15,5.99,2,0,29.12
5819,T03,D1_S1,D1,S1,0,0.0,5.834,1.12,1.15,1.77,2,0,13.21
5820,T07,CR2_S4,CR2,S4,0,0.0,6.855,1.9,1.35,3.79,3,0,19.73
5821,T07,S3_CR1,S3,CR1,1,196.6,8.135,1.57,1.15,4.13,5,0,22.99
5822,T07,CR2_S4,CR2,S4,0,0.0,6.855,1.9,1.35,5.47,2,0,20.26
5823,T03,S5_D1,S5,D1,1,171.7,6.724,1.12,1.15,5.69,4,0,23.99
5824,T10,S4_CR2,S4,CR2,1,181.0,6.855,1.9,1.35,7.89,3,0,24.5
5825,T08,CR2_S4,CR2,S4,0,0.0,6.855,1.9,1.35,10.1,1,0,17.29
5826,T05,CR1_S2,CR1,S2,0,0.0,8.334,1.39,1.15,10.43,2,0,22.65
5827,T03,D1_S5,D1,S5,0,0.0,6.724,1.12,1.15,0.18,1,0,13.79
5828,T01,CR2_S6,CR2,S6,0,0.0,8.342,1.9,1.35,10.02,1,1,28.55
5829,T06,CR1_S5,CR1,S5,0,0.0,10.342,0.89,1.15,10.87,1,0,27.42
5830,T02,CR1_S3,CR1,S3,0,0.0,8.135,1.57,1.15,4.51,3,0,17.51
5831,T03,CR2_S3,CR2,S3,0,0.0,6.579,1.9,1.35,8.01,1,0,16.35
5832,T08,S2_CR1,S2,CR1,1,198.2,8.334,1.39,1.15,4.36,1,0,27.96
5833,T01,CR2_S3,CR2,S3,0,0.0,6.579,1.9,1.35,11.26,3,0,18.78
5834,T08,CR1_S2,CR1,S2,0,0.0,8.334,1.39,1.15,3.27,0,0,19.37
5835,T09,S4_D2,S4,D2,1,200.5,6.638,1.49,1.35,2.32,2,0,30.45
5836,T03,D1_S5,D1,S5,0,0.0,6.724,1.12,1.15,11.58,2,1,17.64
5837,T02,CR1_S3,CR1,S3,0,0.0,8.135,1.57,1.15,5.88,1,0,16.37
5838,T10,S3_CR2,S3,CR2,1,216.5,6.579,1.9,1.35,4.08,5,1,28.34
5839,T08,S1_D1,S1,D1,1,213.8,5.834,1.12,1.15,10.49,1,0,15.19
5840,T03,S3_CR2,S3,CR2,1,194.7,6.579,1.9,1.35,8.83,2,0,22.62
5841,T04,D1_S1,D1,S1,0,0.0,5.834,1.12,1.15,11.38,2,0,14.56
5842,T02,D2_S4,D2,S4,0,0.0,6.638,1.49,1.35,4.99,3,0,22.47
5843,T07,S5_CR1,S5,CR1,1,207.2,10.342,0.89,1.15,0.52,3,0,35.73
5844,T03,S5_CR1,S5,CR1,1,182.5,10.342,0.89,1.15,11.03,2,0,36.52
5845,T09,CR2_S3,CR2,S3,0,0.0,6.579,1.9,1.35,6.58,0,0,17.58
5846,T04,D2_S4,D2,S4,0,0.0,6.638,1.49,1.35,8.42,4,0,24.68
5847,T09,CR1_S1,CR1,S1,0,0.0,8.767,0.8,1.15,0.19,1,0,21.74
5848,T01,CR1_S5,CR1,S5,0,0.0,10.342,0.89,1.15,7.27,3,0,29.85
5849,T08,S1_D1,S1,D1,1,212.4,5.834,1.12,1.15,11.75,0,0,12.74
5850,T10,CR2_S3,CR2,S3,0,0.0,6.579,1.9,1.35,6.08,4,0,22.61
5851,T10,S5_D1,S5,D1,1,220.0,6.724,1.12,1.15,11.78,1,1,22.53
5852,T01,D1_S1,D1,S1,0,0.0,5.834,1.12,1.15,7.88,4,0,15.42
5853,T10,CR2_S3,CR2,S3,0,0.0,6.579,1.9,1.35,0.2,5,0,21.44
5854,T07,CR2_S6,CR2,S6,0,0.0,8.342,1.9,1.35,10.12,1,0,20.55
5855,T08,CR2_S4,CR2,S4,0,0.0,6.855,1.9,1.35,8.41,2,0,17.57
5856,T06,S6_CR2,S6,CR2,1,201.2,8.342,1.9,1.35,11.79,2,0,26.8
5857,T01,S3_D2,S3,D2,1,216.3,6.362,1.39,1.35,7.0,0,0,24.61
5858,T07,D1_S1,D1,S1,0,0.0,5.834,1.12,1.15,1.0,0,0,11.55
5859,T09,S3_D2,S3,D2,1,212.7,6.362,1.39,1.35,0.87,3,0,25.54
5860,T08,CR2_S3,CR2,S3,0,0.0,6.579,1.9,1.35,8.37,3,0,18.96
5861,T03,S1_CR1,S1,CR1,1,203.2,8.767,0.8,1.15,7.49,3,0,30.46
5862,T04,CR1_S5,CR1,S5,0,0.0,10.342,0.89,1.15,3.06,1,1,31.5
5863,T08,S6_CR2,S6,CR2,1,189.1,8.342,1.9,1.35,10.21,6,0,31.2
5864,T04,S6_CR2,S6,CR2,1,195.1,8.342,1.9,1.35,7.56,4,0,28.67
5865,T01,S3_CR1,S3,CR1,1,193.7,8.135,1.57,1.15,0.95,1,0,20.41
5866,T07,D1_S1,D1,S1,0,0.0,5.834,1.12,1.15,10.74,2,1,17.44
5867,T03,S1_CR1,S1,CR1,1,214.1,8.767,0.8,1.15,9.67,1,0,30.2
5868,T02,S3_CR1,S3,CR1,1,211.4,8.135,1.57,1.15,5.99,4,0,23.7
5869,T02,D2_S3,D2,S3,0,0.0,6.362,1.39,1.35,0.2,3,0,23.38
5870,T05,CR2_S4,CR2,S4,0,0.0,6.855,1.9,1.35,0.16,1,0,20.19
5871,T03,S1_CR1,S1,CR1,1,178.9,8.767,0.8,1.15,5.03,2,0,31.23
5872,T10,D2_S3,D2,S3,0,0.0,6.362,1.39,1.35,5.33,5,0,25.59
5873,T03,CR2_S4,CR2,S4,0,0.0,6.855,1.9,1.35,3.7,0,0,18.42
5874,T10,CR1_S3,CR1,S3,0,0.0,8.135,1.57,1.15,1.83,3,0,18.65
5875,T02,CR2_S4,CR2,S4,0,0.0,6.855,1.9,1.35,1.18,1,0,16.65
5876,T06,CR1_S5,CR1,S5,0,0.0,10.342,0.89,1.15,5.0,5,0,31.11
5877,T01,S3_CR1,S3,CR1,1,201.9,8.135,1.57,1.15,4.49,5,0,23.46
5878,T04,D1_S1,D1,S1,0,0.0,5.834,1.12,1.15,9.49,0,0,12.23
5879,T08,D1_S5,D1,S5,0,0.0,6.724,1.12,1.15,9.39,2,0,16.12
5880,T08,CR2_S3,CR2,S3,0,0.0,6.579,1.9,1.35,1.01,2,0,17.6
5881,T04,S4_D2,S4,D2,1,179.3,6.638,1.49,1.35,2.24,2,0,24.31
5882,T08,S3_CR2,S3,CR2,1,207.5,6.579,1.9,1.35,10.96,0,1,27.82
5883,T01,CR1_S3,CR1,S3,0,0.0,8.135,1.57,1.15,9.89,4,0,20.85
5884,T05,CR2_S6,CR2,S6,0,0.0,8.342,1.9,1.35,4.63,6,0,26.89
5885,T04,CR2_S3,CR2,S3,0,0.0,6.579,1.9,1.35,0.07,2,0,18.58
5886,T06,CR2_S4,CR2,S4,0,0.0,6.855,1.9,1.35,0.39,2,1,21.43
5887,T08,S4_D2,S4,D2,1,220.0,6.638,1.49,1.35,1.81,4,1,40.17
5888,T10,CR1_S1,CR1,S1,0,0.0,8.767,0.8,1.15,4.37,3,0,27.31
5889,T08,D2_S4,D2,S4,0,0.0,6.638,1.49,1.35,5.41,2,1,26.5
5890,T10,S3_CR1,S3,CR1,1,200.6,8.135,1.57,1.15,8.95,2,0,23.03
5891,T08,CR1_S3,CR1,S3,0,0.0,8.135,1.57,1.15,4.62,3,0,17.94
5892,T06,CR1_S5,CR1,S5,0,0.0,10.342,0.89,1.15,9.72,1,0,28.95
5893,T08,D2_S3,D2,S3,0,0.0,6.362,1.39,1.35,3.67,2,0,20.88
5894,T02,S3_CR2,S3,CR2,1,181.2,6.579,1.9,1.35,3.06,5,0,21.74
5895,T04,S3_CR1,S3,CR1,1,180.8,8.135,1.57,1.15,1.95,1,0,21.02
5896,T08,D2_S3,D2,S3,0,0.0,6.362,1.39,1.35,7.45,0,0,18.46
5897,T09,S3_CR2,S3,CR2,1,209.0,6.579,1.9,1.35,3.72,1,0,21.63
5898,T04,CR1_S2,CR1,S2,0,0.0,8.334,1.39,1.15,5.58,6,0,27.03
5899,T02,D1_S1,D1,S1,0,0.0,5.834,1.12,1.15,6.11,2,0,12.36
5900,T10,S1_CR1,S1,CR1,1,202.7,8.767,0.8,1.15,0.94,2,0,28.52
5901,T04,S5_CR1,S5,CR1,1,200.9,10.342,0.89,1.15,6.57,5,0,37.05
5902,T02,S5_D1,S5,D1,1,182.1,6.724,1.12,1.15,5.58,1,0,20.38
5903,T05,S4_D2,S4,D2,1,197.7,6.638,1.49,1.35,9.44,1,0,26.63
5904,T06,CR1_S2,CR1,S2,0,0.0,8.334,1.39,1.15,0.42,2,0,20.59
5905,T04,S5_CR1,S5,CR1,1,199.3,10.342,0.89,1.15,0.67,2,0,32.94
5906,T09,S2_CR1,S2,CR1,1,208.0,8.334,1.39,1.15,3.33,4,0,29.4
5907,T05,CR2_S3,CR2,S3,0,0.0,6.579,1.9,1.35,11.43,1,0,18.98
5908,T05,CR2_S3,CR2,S3,0,0.0,6.579,1.9,1.35,0.47,0,0,18.1
5909,T05,S3_D2,S3,D2,1,194.1,6.362,1.39,1.35,6.43,2,0,26.01
5910,T09,D1_S1,D1,S1,0,0.0,5.834,1.12,1.15,0.74,4,0,15.21
5911,T07,S4_CR2,S4,CR2,1,212.9,6.855,1.9,1.35,6.72,2,0,21.84
5912,T03,D1_S5,D1,S5,0,0.0,6.724,1.12,1.15,5.14,5,0,18.33
5913,T07,D2_S4,D2,S4,0,0.0,6.638,1.49,1.35,6.54,5,0,22.87
5914,T08,CR2_S6,CR2,S6,0,0.0,8.342,1.9,1.35,10.59,3,0,19.3
5915,T05,S3_CR1,S3,CR1,1,190.6,8.135,1.57,1.15,3.24,2,0,22.23
5916,T10,CR2_S3,CR2,S3,0,0.0,6.579,1.9,1.35,0.7,0,1,22.9
5917,T06,S3_D2,S3,D2,1,188.2,6.362,1.39,1.35,3.17,0,0,28.48
5918,T02,D1_S1,D1,S1,0,0.0,5.834,1.12,1.15,4.11,3,0,15.43
5919,T09,D1_S1,D1,S1,0,0.0,5.834,1.12,1.15,1.88,2,0,13.64
5920,T08,S4_D2,S4,D2,1,210.7,6.638,1.49,1.35,9.58,0,0,27.74
5921,T04,S6_CR2,S6,CR2,1,205.0,8.342,1.9,1.35,5.89,7,0,30.61
5922,T10,CR1_S3,CR1,S3,0,0.0,8.135,1.57,1.15,9.64,1,0,17.11
5923,T02,D1_S1,D1,S1,0,0.0,5.834,1.12,1.15,3.43,1,0,13.27
5924,T08,D2_S4,D2,S4,0,0.0,6.638,1.49,1.35,3.58,6,0,23.8
5925,T06,CR1_S1,CR1,S1,0,0.0,8.767,0.8,1.15,9.05,0,0,22.02
5926,T09,S4_CR2,S4,CR2,1,217.0,6.855,1.9,1.35,7.73,3,0,23.74
5927,T01,CR1_S2,CR1,S2,0,0.0,8.334,1.39,1.15,7.41,3,0,22.38
5928,T01,S4_CR2,S4,CR2,1,185.8,6.855,1.9,1.35,10.58,1,1,33.3
5929,T05,CR1_S5,CR1,S5,0,0.0,10.342,0.89,1.15,5.54,2,0,27.29
5930,T04,S3_CR2,S3,CR2,1,194.6,6.579,1.9,1.35,9.05,4,0,24.59
5931,T06,D1_S1,D1,S1,0,0.0,5.834,1.12,1.15,6.29,4,0,14.15
5932,T04,S5_D1,S5,D1,1,219.8,6.724,1.12,1.15,3.73,4,0,21.33
5933,T09,D2_S3,D2,S3,0,0.0,6.362,1.39,1.35,4.83,4,0,23.87
5934,T04,S4_CR2,S4,CR2,1,199.7,6.855,1.9,1.35,6.27,5,0,26.09
5935,T02,S4_CR2,S4,CR2,1,199.9,6.855,1.9,1.35,10.35,1,0,22.51
5936,T04,D1_S1,D1,S1,0,0.0,5.834,1.12,1.15,11.87,1,0,12.66
5937,T10,D2_S4,D2,S4,0,0.0,6.638,1.49,1.35,9.27,4,0,24.92
5938,T04,S1_D1,S1,D1,1,215.3,5.834,1.12,1.15,9.44,1,0,15.27
5939,T06,S3_D2,S3,D2,1,186.4,6.362,1.39,1.35,3.13,1,0,26.39
5940,T10,CR2_S4,CR2,S4,0,0.0,6.855,1.9,1.35,3.61,1,0,18.06
5941,T05,S2_CR1,S2,CR1,1,198.0,8.334,1.39,1.15,5.01,4,0,26.59
5942,T08,S2_CR1,S2,CR1,1,170.9,8.334,1.39,1.15,1.96,0,0,25.01
5943,T05,CR2_S3,CR2,S3,0,0.0,6.579,1.9,1.35,5.06,3,0,20.7
5944,T04,CR2_S3,CR2,S3,0,0.0,6.579,1.9,1.35,5.21,2,0,18.6
5945,T07,S1_CR1,S1,CR1,1,187.4,8.767,0.8,1.15,4.21,3,0,29.41
5946,T01,CR1_S3,CR1,S3,0,0.0,8.135,1.57,1.15,0.24,4,0,19.8
5947,T02,D2_S3,D2,S3,0,0.0,6.362,1.39,1.35,8.51,3,0,23.41
5948,T04,D1_S5,D1,S5,0,0.0,6.724,1.12,1.15,6.29,4,0,18.84
5949,T01,CR2_S3,CR2,S3,0,0.0,6.579,1.9,1.35,2.66,3,0,17.91
5950,T03,D1_S5,D1,S5,0,0.0,6.724,1.12,1.15,11.5,2,0,16.47
5951,T07,CR2_S6,CR2,S6,0,0.0,8.342,1.9,1.35,3.94,3,0,22.93
5952,T08,CR1_S5,CR1,S5,0,0.0,10.342,0.89,1.15,7.32,3,0,27.12
5953,T09,S3_D2,S3,D2,1,208.6,6.362,1.39,1.35,8.92,2,0,26.71
5954,T08,S4_D2,S4,D2,1,192.0,6.638,1.49,1.35,4.83,5,0,28.99
5955,T06,S3_CR2,S3,CR2,1,187.2,6.579,1.9,1.35,7.49,3,0,24.95
5956,T03,S1_CR1,S1,CR1,1,173.8,8.767,0.8,1.15,8.82,5,0,32.02
5957,T02,S1_CR1,S1,CR1,1,212.4,8.767,0.8,1.15,9.12,2,0,30.98
5958,T05,CR2_S4,CR2,S4,0,0.0,6.855,1.9,1.35,10.86,1,0,17.92
5959,T09,S4_CR2,S4,CR2,1,202.3,6.855,1.9,1.35,3.76,4,0,27.05
5960,T10,S2_CR1,S2,CR1,1,200.2,8.334,1.39,1.15,4.12,3,0,25.49
5961,T10,S1_D1,S1,D1,1,200.0,5.834,1.12,1.15,7.6,3,0,17.65
5962,T06,S5_CR1,S5,CR1,1,201.3,10.342,0.89,1.15,7.51,2,0,36.96
5963,T02,D1_S1,D1,S1,0,0.0,5.834,1.12,1.15,1.77,3,0,13.22
5964,T02,S3_CR1,S3,CR1,1,156.5,8.135,1.57,1.15,5.41,6,1,32.51
5965,T06,CR1_S1,CR1,S1,0,0.0,8.767,0.8,1.15,11.81,0,0,22.02
5966,T09,D1_S1,D1,S1,0,0.0,5.834,1.12,1.15,8.2,0,0,11.36
5967,T02,CR2_S3,CR2,S3,0,0.0,6.579,1.9,1.35,5.75,1,0,19.12
5968,T06,D1_S5,D1,S5,0,0.0,6.724,1.12,1.15,3.99,1,0,15.55
5969,T08,D2_S3,D2,S3,0,0.0,6.362,1.39,1.35,4.78,2,0,20.56
5970,T10,CR2_S3,CR2,S3,0,0.0,6.579,1.9,1.35,5.34,5,0,21.69
5971,T02,S6_CR2,S6,CR2,1,204.6,8.342,1.9,1.35,1.91,0,1,30.24
5972,T02,S3_CR1,S3,CR1,1,184.1,8.135,1.57,1.15,2.37,2,0,22.03
5973,T07,D1_S1,D1,S1,0,0.0,5.834,1.12,1.15,7.37,3,0,13.24
5974,T01,S3_CR2,S3,CR2,1,205.4,6.579,1.9,1.35,11.48,3,0,24.41
5975,T08,S3_D2,S3,D2,1,180.6,6.362,1.39,1.35,2.34,5,0,30.54
5976,T03,S6_CR2,S6,CR2,1,193.6,8.342,1.9,1.35,2.5,2,0,25.99
5977,T05,S4_CR2,S4,CR2,1,200.3,6.855,1.9,1.35,11.22,1,0,22.43
5978,T04,S4_CR2,S4,CR2,1,201.6,6.855,1.9,1.35,7.93,2,0,23.76
5979,T06,CR2_S3,CR2,S3,0,0.0,6.579,1.9,1.35,1.08,3,0,21.24
5980,T02,CR1_S2,CR1,S2,0,0.0,8.334,1.39,1.15,2.2,2,1,30.44
5981,T07,S1_CR1,S1,CR1,1,177.2,8.767,0.8,1.15,11.57,3,0,29.97
5982,T02,CR2_S4,CR2,S4,0,0.0,6.855,1.9,1.35,3.95,5,0,21.72
5983,T04,CR1_S3,CR1,S3,0,0.0,8.135,1.57,1.15,7.54,3,0,17.73
5984,T06,D2_S4,D2,S4,0,0.0,6.638,1.49,1.35,3.07,2,1,30.66
5985,T08,D2_S3,D2,S3,0,0.0,6.362,1.39,1.35,2.08,1,0,21.26
5986,T02,S4_CR2,S4,CR2,1,210.9,6.855,1.9,1.35,6.11,4,0,24.77
5987,T10,S6_CR2,S6,CR2,1,184.9,8.342,1.9,1.35,9.22,2,0,25.9
5988,T08,D2_S4,D2,S4,0,0.0,6.638,1.49,1.35,9.34,2,0,24.01
5989,T05,D1_S1,D1,S1,0,0.0,5.834,1.12,1.15,3.12,2,0,13.02
5990,T04,S5_D1,S5,D1,1,187.6,6.724,1.12,1.15,2.61,1,0,20.56
5991,T02,S2_CR1,S2,CR1,1,214.4,8.334,1.39,1.15,3.96,4,0,33.76
5992,T07,CR2_S6,CR2,S6,0,0.0,8.342,1.9,1.35,5.98,5,0,22.91
5993,T02,CR2_S4,CR2,S4,0,0.0,6.855,1.9,1.35,2.08,1,0,19.72
5994,T09,CR1_S2,CR1,S2,0,0.0,8.334,1.39,1.15,10.46,1,0,22.34
5995,T04,CR1_S2,CR1,S2,0,0.0,8.334,1.39,1.15,4.45,3,0,23.38
5996,T10,CR1_S5,CR1,S5,0,0.0,10.342,0.89,1.15,5.54,5,0,32.06
5997,T02,S3_CR2,S3,CR2,1,178.4,6.579,1.9,1.35,5.68,5,0,25.2
5998,T04,S4_D2,S4,D2,1,213.5,6.638,1.49,1.35,7.11,4,0,26.7
5999,T06,CR2_S6,CR2,S6,0,0.0,8.342,1.9,1.35,2.89,2,0,22.19
6000,T01,D1_S1,D1,S1,0,0.0,5.834,1.12,1.15,4.15,1,0,11.65
6001,T10,CR2_S4,CR2,S4,0,0.0,6.855,1.9,1.35,3.92,3,0,20.3
6002,T07,D1_S1,D1,S1,0,0.0,5.834,1.12,1.15,1.62,1,0,11.75
6003,T06,D1_S5,D1,S5,0,0.0,6.724,1.12,1.15,0.7,3,0,17.71
6004,T10,S4_D2,S4,D2,1,185.4,6.638,1.49,1.35,9.54,0,1,37.05
6005,T09,CR2_S6,CR2,S6,0,0.0,8.342,1.9,1.35,4.67,0,1,25.09
6006,T05,S6_CR2,S6,CR2,1,206.3,8.342,1.9,1.35,9.93,3,0,26.68
6007,T08,D2_S4,D2,S4,0,0.0,6.638,1.49,1.35,2.69,4,0,23.35
6008,T05,S1_CR1,S1,CR1,1,212.6,8.767,0.8,1.15,11.83,3,1,36.66
6009,T10,S2_CR1,S2,CR1,1,206.2,8.334,1.39,1.15,11.87,4,0,26.83
6010,T05,D1_S1,D1,S1,0,0.0,5.834,1.12,1.15,2.82,1,0,12.92
6011,T04,S6_CR2,S6,CR2,1,203.1,8.342,1.9,1.35,4.67,2,0,27.09
6012,T06,S3_D2,S3,D2,1,181.5,6.362,1.39,1.35,10.28,1,0,30.82
6013,T06,CR1_S1,CR1,S1,0,0.0,8.767,0.8,1.15,10.19,3,0,23.07
6014,T05,S4_D2,S4,D2,1,213.2,6.638,1.49,1.35,9.9,0,0,26.96
6015,T07,CR2_S4,CR2,S4,0,0.0,6.855,1.9,1.35,1.69,6,0,20.33
6016,T07,S1_CR1,S1,CR1,1,201.0,8.767,0.8,1.15,7.4,3,0,28.95
6017,T09,CR1_S1,CR1,S1,0,0.0,8.767,0.8,1.15,6.67,3,0,23.97
6018,T03,S2_CR1,S2,CR1,1,202.5,8.334,1.39,1.15,2.31,1,0,25.16
6019,T06,D2_S4,D2,S4,0,0.0,6.638,1.49,1.35,8.57,5,0,24.4
6020,T04,S4_D2,S4,D2,1,150.8,6.638,1.49,1.35,10.02,1,0,23.74
6021,T04,CR2_S6,CR2,S6,0,0.0,8.342,1.9,1.35,8.83,6,0,26.69
6022,T01,S1_D1,S1,D1,1,187.2,5.834,1.12,1.15,10.62,3,0,17.86
6023,T02,CR1_S1,CR1,S1,0,0.0,8.767,0.8,1.15,7.02,4,0,26.13
6024,T07,S4_D2,S4,D2,1,193.6,6.638,1.49,1.35,1.38,1,0,23.23
6025,T10,CR2_S3,CR2,S3,0,0.0,6.579,1.9,1.35,4.58,2,0,18.86
6026,T05,S6_CR2,S6,CR2,1,188.1,8.342,1.9,1.35,5.35,6,0,27.01
6027,T09,S3_CR2,S3,CR2,1,178.9,6.579,1.9,1.35,6.46,5,0,26.74
6028,T04,CR2_S6,CR2,S6,0,0.0,8.342,1.9,1.35,9.46,4,1,29.72
6029,T09,CR1_S2,CR1,S2,0,0.0,8.334,1.39,1.15,6.6,2,0,20.58
6030,T06,S4_D2,S4,D2,1,182.6,6.638,1.49,1.35,7.99,3,0,23.79
6031,T07,S6_CR2,S6,CR2,1,159.9,8.342,1.9,1.35,8.97,2,0,26.47
6032,T03,CR2_S4,CR2,S4,0,0.0,6.855,1.9,1.35,9.48,1,1,22.11
6033,T06,S4_CR2,S4,CR2,1,220.0,6.855,1.9,1.35,1.07,2,0,25.4
6034,T05,D2_S3,D2,S3,0,0.0,6.362,1.39,1.35,10.94,1,0,22.41
6035,T06,D1_S5,D1,S5,0,0.0,6.724,1.12,1.15,2.41,4,0,17.71
6036,T01,D2_S3,D2,S3,0,0.0,6.362,1.39,1.35,9.36,2,0,21.5
6037,T08,S5_D1,S5,D1,1,198.2,6.724,1.12,1.15,7.53,7,0,25.48
6038,T03,CR1_S1,CR1,S1,0,0.0,8.767,0.8,1.15,11.82,1,0,22.79
6039,T03,S6_CR2,S6,CR2,1,201.2,8.342,1.9,1.35,10.98,3,0,32.71
6040,T01,S6_CR2,S6,CR2,1,175.4,8.342,1.9,1.35,10.93,3,0,31.44
6041,T06,S4_CR2,S4,CR2,1,201.1,6.855,1.9,1.35,8.46,0,0,21.76
6042,T04,D1_S1,D1,S1,0,0.0,5.834,1.12,1.15,1.26,2,0,12.75
6043,T04,D2_S3,D2,S3,0,0.0,6.362,1.39,1.35,6.97,3,0,23.55
6044,T07,S6_CR2,S6,CR2,1,155.0,8.342,1.9,1.35,2.92,2,0,27.8
6045,T01,CR1_S5,CR1,S5,0,0.0,10.342,0.89,1.15,8.92,0,0,26.05
6046,T07,CR2_S3,CR2,S3,0,0.0,6.579,1.9,1.35,0.96,3,0,17.74
6047,T01,CR1_S3,CR1,S3,0,0.0,8.135,1.57,1.15,0.59,3,0,20.67
6048,T04,CR1_S3,CR1,S3,0,0.0,8.135,1.57,1.15,4.61,2,0,17.19
6049,T08,S3_CR2,S3,CR2,1,184.8,6.579,1.9,1.35,6.99,4,1,30.94
6050,T03,S3_D2,S3,D2,1,199.6,6.362,1.39,1.35,10.32,3,0,29.42
6051,T06,S2_CR1,S2,CR1,1,184.8,8.334,1.39,1.15,0.61,5,0,28.23
6052,T08,CR2_S4,CR2,S4,0,0.0,6.855,1.9,1.35,10.41,2,0,17.26
6053,T02,CR2_S3,CR2,S3,0,0.0,6.579,1.9,1.35,6.18,6,0,21.37
6054,T05,CR1_S2,CR1,S2,0,0.0,8.334,1.39,1.15,11.35,1,0,22.29
6055,T03,S2_CR1,S2,CR1,1,178.9,8.334,1.39,1.15,7.74,5,0,30.37
6056,T01,CR1_S2,CR1,S2,0,0.0,8.334,1.39,1.15,11.64,1,0,21.89
6057,T09,CR2_S3,CR2,S3,0,0.0,6.579,1.9,1.35,4.85,4,0,21.45
6058,T03,CR2_S6,CR2,S6,0,0.0,8.342,1.9,1.35,10.79,2,0,21.78
6059,T10,S6_CR2,S6,CR2,1,186.8,8.342,1.9,1.35,8.2,3,0,28.18
6060,T10,CR2_S4,CR2,S4,0,0.0,6.855,1.9,1.35,10.47,2,0,17.39
6061,T02,CR1_S3,CR1,S3,0,0.0,8.135,1.57,1.15,6.15,5,0,20.52
6062,T08,S1_D1,S1,D1,1,192.9,5.834,1.12,1.15,6.73,3,1,21.56
6063,T06,S1_CR1,S1,CR1,1,186.1,8.767,0.8,1.15,4.73,8,0,30.52
6064,T01,S4_CR2,S4,CR2,1,207.4,6.855,1.9,1.35,4.8,7,0,28.55
6065,T05,D1_S1,D1,S1,0,0.0,5.834,1.12,1.15,1.99,1,0,12.1
6066,T05,CR2_S3,CR2,S3,0,0.0,6.579,1.9,1.35,5.44,4,0,20.82
6067,T01,CR2_S4,CR2,S4,0,0.0,6.855,1.9,1.35,4.67,1,0,16.7
6068,T10,S5_CR1,S5,CR1,1,188.6,10.342,0.89,1.15,5.61,3,0,33.28
6069,T07,S3_D2,S3,D2,1,202.0,6.362,1.39,1.35,2.16,2,0,27.89
6070,T07,D1_S5,D1,S5,0,0.0,6.724,1.12,1.15,0.53,2,0,17.27
6071,T03,S4_CR2,S4,CR2,1,192.3,6.855,1.9,1.35,11.73,1,0,21.75
6072,T02,CR1_S3,CR1,S3,0,0.0,8.135,1.57,1.15,5.74,4,0,20.68
6073,T07,S4_CR2,S4,CR2,1,191.3,6.855,1.9,1.35,10.14,2,0,23.54
6074,T08,CR1_S5,CR1,S5,0,0.0,10.342,0.89,1.15,0.74,3,0,28.58
6075,T08,CR1_S3,CR1,S3,0,0.0,8.135,1.57,1.15,11.2,2,0,17.73
6076,T06,CR1_S5,CR1,S5,0,0.0,10.342,0.89,1.15,1.04,2,0,26.47
6077,T10,S6_CR2,S6,CR2,1,212.9,8.342,1.9,1.35,7.0,5,0,27.92
6078,T10,S6_CR2,S6,CR2,1,218.2,8.342,1.9,1.35,9.07,1,0,26.52
6079,T06,S4_D2,S4,D2,1,176.6,6.638,1.49,1.35,8.65,1,0,24.74
6080,T09,D1_S1,D1,S1,0,0.0,5.834,1.12,1.15,9.15,7,0,17.11
6081,T07,D1_S1,D1,S1,0,0.0,5.834,1.12,1.15,0.49,3,0,13.95
6082,T03,CR1_S5,CR1,S5,0,0.0,10.342,0.89,1.15,8.83,3,0,29.31
6083,T09,CR2_S3,CR2,S3,0,0.0,6.579,1.9,1.35,2.63,2,0,18.63
6084,T06,CR1_S1,CR1,S1,0,0.0,8.767,0.8,1.15,1.56,4,1,28.29
6085,T01,S4_CR2,S4,CR2,1,176.8,6.855,1.9,1.35,4.68,2,0,25.13
6086,T04,S4_CR2,S4,CR2,1,195.6,6.855,1.9,1.35,3.68,1,0,25.82
6087,T05,S5_CR1,S5,CR1,1,203.3,10.342,0.89,1.15,9.96,2,0,34.69
6088,T05,CR2_S6,CR2,S6,0,0.0,8.342,1.9,1.35,3.61,1,0,22.4
6089,T10,D1_S5,D1,S5,0,0.0,6.724,1.12,1.15,0.99,3,0,21.24
6090,T02,D1_S1,D1,S1,0,0.0,5.834,1.12,1.15,6.53,6,0,16.59
6091,T06,D1_S5,D1,S5,0,0.0,6.724,1.12,1.15,5.22,4,0,19.19
6092,T03,CR1_S5,CR1,S5,0,0.0,10.342,0.89,1.15,3.3,1,0,27.89
6093,T04,S3_CR2,S3,CR2,1,208.5,6.579,1.9,1.35,2.21,4,0,23.23
6094,T10,S3_D2,S3,D2,1,217.6,6.362,1.39,1.35,5.7,5,0,28.14
6095,T10,S6_CR2,S6,CR2,1,212.1,8.342,1.9,1.35,6.73,2,0,27.5
6096,T09,CR1_S3,CR1,S3,0,0.0,8.135,1.57,1.15,8.57,0,0,15.22
6097,T01,D1_S5,D1,S5,0,0.0,6.724,1.12,1.15,4.19,4,0,18.16
6098,T08,S3_CR1,S3,CR1,1,216.3,8.135,1.57,1.15,9.24,0,0,21.0
6099,T08,S3_CR2,S3,CR2,1,188.6,6.579,1.9,1.35,9.94,3,0,23.43
6100,T06,CR1_S3,CR1,S3,0,0.0,8.135,1.57,1.15,6.94,1,0,17.13
6101,T01,S1_D1,S1,D1,1,207.1,5.834,1.12,1.15,11.29,1,0,14.96
6102,T06,S1_CR1,S1,CR1,1,206.7,8.767,0.8,1.15,0.37,2,0,27.82
6103,T10,CR1_S2,CR1,S2,0,0.0,8.334,1.39,1.15,5.06,6,0,28.07
6104,T09,S6_CR2,S6,CR2,1,182.6,8.342,1.9,1.35,6.8,3,0,26.97
6105,T10,S3_D2,S3,D2,1,184.5,6.362,1.39,1.35,4.36,1,0,25.09
6106,T08,CR2_S4,CR2,S4,0,0.0,6.855,1.9,1.35,10.14,3,0,18.36
6107,T06,S3_CR2,S3,CR2,1,202.7,6.579,1.9,1.35,4.75,3,0,24.04
6108,T02,S4_CR2,S4,CR2,1,191.1,6.855,1.9,1.35,8.94,3,0,23.0
6109,T07,CR2_S4,CR2,S4,0,0.0,6.855,1.9,1.35,0.09,1,0,17.66
6110,T02,CR2_S3,CR2,S3,0,0.0,6.579,1.9,1.35,1.83,1,0,17.78
6111,T04,S5_CR1,S5,CR1,1,181.5,10.342,0.89,1.15,2.37,2,0,33.81
6112,T02,D1_S1,D1,S1,0,0.0,5.834,1.12,1.15,2.82,2,0,11.52
6113,T08,CR2_S4,CR2,S4,0,0.0,6.855,1.9,1.35,6.56,1,0,18.23
6114,T10,S5_CR1,S5,CR1,1,199.0,10.342,0.89,1.15,9.34,5,0,36.38
6115,T09,S1_CR1,S1,CR1,1,176.8,8.767,0.8,1.15,2.88,2,0,29.98
6116,T06,D2_S3,D2,S3,0,0.0,6.362,1.39,1.35,8.56,2,0,22.92
6117,T10,S2_CR1,S2,CR1,1,195.3,8.334,1.39,1.15,10.93,3,0,27.71
6118,T08,D2_S3,D2,S3,0,0.0,6.362,1.39,1.35,6.8,3,0,22.32
6119,T09,CR1_S2,CR1,S2,0,0.0,8.334,1.39,1.15,9.86,1,0,23.09
6120,T07,S5_CR1,S5,CR1,1,196.6,10.342,0.89,1.15,4.51,1,0,33.8
6121,T05,CR2_S6,CR2,S6,0,0.0,8.342,1.9,1.35,2.58,3,1,28.16
6122,T07,S4_CR2,S4,CR2,1,207.6,6.855,1.9,1.35,2.07,2,0,24.23
6123,T09,CR1_S5,CR1,S5,0,0.0,10.342,0.89,1.15,4.98,4,0,30.3
6124,T01,S5_CR1,S5,CR1,1,206.6,10.342,0.89,1.15,6.55,6,0,36.69
6125,T06,S3_D2,S3,D2,1,209.9,6.362,1.39,1.35,7.36,8,0,33.71
6126,T09,S3_CR2,S3,CR2,1,215.0,6.579,1.9,1.35,11.62,3,0,25.03
6127,T02,S5_D1,S5,D1,1,181.5,6.724,1.12,1.15,9.65,2,0,21.45
6128,T08,CR2_S6,CR2,S6,0,0.0,8.342,1.9,1.35,10.61,2,0,20.45
6129,T09,CR2_S6,CR2,S6,0,0.0,8.342,1.9,1.35,10.0,2,0,23.46
6130,T04,S3_D2,S3,D2,1,203.7,6.362,1.39,1.35,1.71,2,1,35.23
6131,T01,CR1_S1,CR1,S1,0,0.0,8.767,0.8,1.15,2.44,1,0,20.84
6132,T02,CR1_S2,CR1,S2,0,0.0,8.334,1.39,1.15,0.89,2,0,21.1
6133,T06,D1_S5,D1,S5,0,0.0,6.724,1.12,1.15,8.39,2,0,17.15
6134,T05,S5_CR1,S5,CR1,1,177.5,10.342,0.89,1.15,2.82,4,0,38.74
6135,T06,S1_D1,S1,D1,1,181.4,5.834,1.12,1.15,11.46,3,0,16.07
6136,T08,D2_S3,D2,S3,0,0.0,6.362,1.39,1.35,2.09,1,1,24.51
6137,T05,S6_CR2,S6,CR2,1,170.8,8.342,1.9,1.35,3.15,6,0,29.57
6138,T10,S1_D1,S1,D1,1,189.3,5.834,1.12,1.15,8.27,6,0,18.82
6139,T08,D2_S4,D2,S4,0,0.0,6.638,1.49,1.35,0.93,1,0,22.3
6140,T02,S5_D1,S5,D1,1,178.1,6.724,1.12,1.15,3.58,1,0,19.9
6141,T08,S4_CR2,S4,CR2,1,219.6,6.855,1.9,1.35,3.59,2,0,22.77
6142,T09,D2_S3,D2,S3,0,0.0,6.362,1.39,1.35,0.86,4,0,23.78
6143,T06,S2_CR1,S2,CR1,1,209.7,8.334,1.39,1.15,1.12,1,0,26.23
6144,T05,S5_D1,S5,D1,1,203.5,6.724,1.12,1.15,10.75,2,0,19.71
6145,T04,CR1_S5,CR1,S5,0,0.0,10.342,0.89,1.15,3.39,2,0,24.55
6146,T01,S3_D2,S3,D2,1,211.5,6.362,1.39,1.35,7.84,4,0,28.24
6147,T02,S3_CR1,S3,CR1,1,174.5,8.135,1.57,1.15,3.55,1,0,19.99
6148,T02,D2_S3,D2,S3,0,0.0,6.362,1.39,1.35,1.54,2,0,22.08
6149,T07,CR2_S3,CR2,S3,0,0.0,6.579,1.9,1.35,2.25,1,0,20.53
6150,T08,S4_CR2,S4,CR2,1,157.5,6.855,1.9,1.35,11.35,2,0,23.6
6151,T01,CR1_S1,CR1,S1,0,0.0,8.767,0.8,1.15,1.54,2,0,22.77
6152,T06,D1_S5,D1,S5,0,0.0,6.724,1.12,1.15,6.17,4,0,16.09
6153,T06,S5_D1,S5,D1,1,179.1,6.724,1.12,1.15,5.26,0,0,18.83
6154,T06,S3_D2,S3,D2,1,175.3,6.362,1.39,1.35,0.51,2,0,26.38
6155,T09,D1_S5,D1,S5,0,0.0,6.724,1.12,1.15,10.59,2,1,18.14
6156,T08,S3_D2,S3,D2,1,189.5,6.362,1.39,1.35,11.82,3,0,30.4
6157,T10,S1_CR1,S1,CR1,1,206.4,8.767,0.8,1.15,7.08,3,0,28.2
6158,T09,D1_S5,D1,S5,0,0.0,6.724,1.12,1.15,5.19,2,0,16.19
6159,T05,S6_CR2,S6,CR2,1,193.3,8.342,1.9,1.35,0.08,1,0,28.54
6160,T02,D1_S5,D1,S5,0,0.0,6.724,1.12,1.15,1.53,2,0,15.39
6161,T09,CR2_S4,CR2,S4,0,0.0,6.855,1.9,1.35,1.2,1,0,18.83
6162,T02,CR1_S3,CR1,S3,0,0.0,8.135,1.57,1.15,10.18,0,0,15.79
6163,T09,S6_CR2,S6,CR2,1,200.8,8.342,1.9,1.35,2.25,0,0,23.0
6164,T08,S3_CR1,S3,CR1,1,189.3,8.135,1.57,1.15,3.0,1,0,22.74
6165,T03,S5_D1,S5,D1,1,192.5,6.724,1.12,1.15,2.94,2,0,20.91
6166,T10,S4_D2,S4,D2,1,207.5,6.638,1.49,1.35,0.44,3,0,23.76
6167,T08,S3_CR2,S3,CR2,1,198.7,6.579,1.9,1.35,3.29,3,0,23.76
6168,T03,CR1_S2,CR1,S2,0,0.0,8.334,1.39,1.15,4.83,6,0,26.06
6169,T02,S5_CR1,S5,CR1,1,207.3,10.342,0.89,1.15,3.96,3,0,33.62
6170,T05,S1_CR1,S1,CR1,1,212.9,8.767,0.8,1.15,10.58,1,0,28.71
6171,T03,D2_S4,D2,S4,0,0.0,6.638,1.49,1.35,7.63,2,0,20.58
6172,T01,D2_S3,D2,S3,0,0.0,6.362,1.39,1.35,8.84,1,0,20.53
6173,T02,S1_D1,S1,D1,1,194.6,5.834,1.12,1.15,0.29,1,0,15.81
6174,T03,D2_S4,D2,S4,0,0.0,6.638,1.49,1.35,6.32,3,0,23.39
6175,T08,S1_D1,S1,D1,1,201.4,5.834,1.12,1.15,6.4,1,0,17.12
6176,T05,D2_S4,D2,S4,0,0.0,6.638,1.49,1.35,9.78,0,0,21.25
6177,T04,CR1_S5,CR1,S5,0,0.0,10.342,0.89,1.15,1.4,0,0,24.91
6178,T01,CR2_S4,CR2,S4,0,0.0,6.855,1.9,1.35,0.18,0,0,18.36
6179,T01,CR1_S5,CR1,S5,0,0.0,10.342,0.89,1.15,0.57,2,0,29.5
6180,T08,D1_S5,D1,S5,0,0.0,6.724,1.12,1.15,9.11,0,0,14.81
6181,T10,S5_CR1,S5,CR1,1,180.6,10.342,0.89,1.15,7.09,7,0,36.96
6182,T03,S4_CR2,S4,CR2,1,209.0,6.855,1.9,1.35,1.01,4,0,25.56
6183,T05,S3_CR1,S3,CR1,1,172.9,8.135,1.57,1.15,6.5,2,1,29.92
6184,T02,CR2_S3,CR2,S3,0,0.0,6.579,1.9,1.35,6.13,4,0,22.79
6185,T09,S5_CR1,S5,CR1,1,183.2,10.342,0.89,1.15,11.07,0,0,31.74
6186,T03,S2_CR1,S2,CR1,1,195.4,8.334,1.39,1.15,6.99,7,0,28.21
6187,T03,CR2_S6,CR2,S6,0,0.0,8.342,1.9,1.35,4.03,3,0,21.16
6188,T08,D1_S1,D1,S1,0,0.0,5.834,1.12,1.15,2.24,4,1,18.99
6189,T08,D1_S5,D1,S5,0,0.0,6.724,1.12,1.15,9.04,3,0,17.36
6190,T10,S3_D2,S3,D2,1,180.9,6.362,1.39,1.35,1.66,3,0,25.59
6191,T07,S4_D2,S4,D2,1,189.9,6.638,1.49,1.35,1.06,3,0,29.01
6192,T06,CR2_S4,CR2,S4,0,0.0,6.855,1.9,1.35,5.21,2,0,19.64
6193,T08,D2_S3,D2,S3,0,0.0,6.362,1.39,1.35,8.49,3,0,19.55
6194,T03,S6_CR2,S6,CR2,1,179.9,8.342,1.9,1.35,8.55,2,1,37.97
6195,T07,S3_CR1,S3,CR1,1,216.9,8.135,1.57,1.15,6.85,2,0,20.34
6196,T04,CR1_S1,CR1,S1,0,0.0,8.767,0.8,1.15,11.59,1,0,23.02
6197,T01,S5_CR1,S5,CR1,1,205.8,10.342,0.89,1.15,5.78,2,0,35.16
6198,T03,CR1_S1,CR1,S1,0,0.0,8.767,0.8,1.15,7.81,5,0,26.39
6199,T10,S3_CR2,S3,CR2,1,203.9,6.579,1.9,1.35,8.25,0,0,20.94
6200,T04,S1_D1,S1,D1,1,196.8,5.834,1.12,1.15,2.81,1,0,13.96
6201,T05,S5_D1,S5,D1,1,201.7,6.724,1.12,1.15,11.4,2,0,21.0
6202,T03,S5_D1,S5,D1,1,207.3,6.724,1.12,1.15,10.68,4,1,27.82
6203,T09,D1_S1,D1,S1,0,0.0,5.834,1.12,1.15,3.77,2,0,13.56
6204,T03,S6_CR2,S6,CR2,1,189.1,8.342,1.9,1.35,6.72,3,0,26.16
6205,T08,D2_S4,D2,S4,0,0.0,6.638,1.49,1.35,0.32,3,0,19.69
6206,T01,D2_S3,D2,S3,0,0.0,6.362,1.39,1.35,11.17,1,0,22.64
6207,T06,S3_CR2,S3,CR2,1,178.0,6.579,1.9,1.35,5.45,6,0,27.8
6208,T07,CR2_S6,CR2,S6,0,0.0,8.342,1.9,1.35,1.92,3,0,23.28
6209,T09,S1_D1,S1,D1,1,182.6,5.834,1.12,1.15,7.92,3,0,17.24
6210,T03,CR2_S6,CR2,S6,0,0.0,8.342,1.9,1.35,8.71,4,0,23.8
6211,T09,CR1_S5,CR1,S5,0,0.0,10.342,0.89,1.15,2.69,0,0,26.15
6212,T06,D2_S3,D2,S3,0,0.0,6.362,1.39,1.35,8.58,6,0,24.68
6213,T05,S1_CR1,S1,CR1,1,208.2,8.767,0.8,1.15,3.58,4,0,25.93
6214,T04,CR1_S3,CR1,S3,0,0.0,8.135,1.57,1.15,0.21,4,1,21.85
6215,T02,S5_D1,S5,D1,1,192.2,6.724,1.12,1.15,11.35,1,0,20.33
6216,T10,CR1_S5,CR1,S5,0,0.0,10.342,0.89,1.15,0.9,1,1,28.44
6217,T06,S4_D2,S4,D2,1,184.4,6.638,1.49,1.35,2.43,1,0,26.99
6218,T01,S5_CR1,S5,CR1,1,176.4,10.342,0.89,1.15,8.2,1,0,31.06
6219,T04,S2_CR1,S2,CR1,1,209.8,8.334,1.39,1.15,5.07,8,0,34.5
6220,T08,S1_CR1,S1,CR1,1,198.7,8.767,0.8,1.15,9.53,1,0,27.6
6221,T07,S5_D1,S5,D1,1,218.2,6.724,1.12,1.15,10.24,2,0,22.31
6222,T08,S3_D2,S3,D2,1,191.0,6.362,1.39,1.35,11.63,4,0,25.87
6223,T07,S1_D1,S1,D1,1,201.9,5.834,1.12,1.15,9.71,1,0,16.6
6224,T03,D1_S5,D1,S5,0,0.0,6.724,1.12,1.15,5.23,2,0,16.63
6225,T08,S5_D1,S5,D1,1,209.1,6.724,1.12,1.15,0.36,2,0,19.41
6226,T06,S6_CR2,S6,CR2,1,190.3,8.342,1.9,1.35,1.92,1,1,37.08
6227,T07,S5_CR1,S5,CR1,1,190.8,10.342,0.89,1.15,0.46,5,0,37.35
6228,T01,S5_CR1,S5,CR1,1,193.7,10.342,0.89,1.15,10.31,4,0,32.94
6229,T06,CR1_S2,CR1,S2,0,0.0,8.334,1.39,1.15,9.92,2,0,24.21
6230,T08,CR1_S3,CR1,S3,0,0.0,8.135,1.57,1.15,10.36,4,0,19.25
6231,T05,D1_S1,D1,S1,0,0.0,5.834,1.12,1.15,5.37,1,0,13.43
6232,T04,S3_D2,S3,D2,1,196.1,6.362,1.39,1.35,0.78,2,0,29.55
6233,T06,S3_D2,S3,D2,1,213.8,6.362,1.39,1.35,11.03,1,0,28.96
6234,T01,D2_S3,D2,S3,0,0.0,6.362,1.39,1.35,0.5,1,0,23.01
6235,T07,S3_CR1,S3,CR1,1,211.3,8.135,1.57,1.15,9.9,2,0,21.81
6236,T03,CR1_S3,CR1,S3,0,0.0,8.135,1.57,1.15,5.6,1,0,16.82
6237,T02,S3_CR2,S3,CR2,1,220.0,6.579,1.9,1.35,11.12,3,0,23.77
6238,T04,S5_D1,S5,D1,1,193.2,6.724,1.12,1.15,5.6,4,0,20.65
6239,T07,D2_S3,D2,S3,0,0.0,6.362,1.39,1.35,7.92,2,0,23.03
6240,T06,S4_D2,S4,D2,1,190.8,6.638,1.49,1.35,4.38,7,0,33.66
6241,T01,D2_S3,D2,S3,0,0.0,6.362,1.39,1.35,4.7,3,0,23.46
6242,T01,S6_CR2,S6,CR2,1,204.0,8.342,1.9,1.35,1.94,0,0,25.09
6243,T10,S1_CR1,S1,CR1,1,182.9,8.767,0.8,1.15,3.1,0,0,26.08
6244,T01,S3_CR1,S3,CR1,1,187.0,8.135,1.57,1.15,9.36,1,0,18.93
6245,T01,D1_S1,D1,S1,0,0.0,5.834,1.12,1.15,9.38,2,0,12.87
6246,T09,S2_CR1,S2,CR1,1,199.4,8.334,1.39,1.15,9.29,3,0,31.25
6247,T09,CR1_S5,CR1,S5,0,0.0,10.342,0.89,1.15,2.75,4,0,31.28
6248,T05,D2_S3,D2,S3,0,0.0,6.362,1.39,1.35,3.0,2,0,23.02
6249,T07,CR2_S3,CR2,S3,0,0.0,6.579,1.9,1.35,8.84,3,0,19.74
6250,T01,D2_S4,D2,S4,0,0.0,6.638,1.49,1.35,10.96,2,0,21.05
6251,T06,CR1_S3,CR1,S3,0,0.0,8.135,1.57,1.15,1.37,3,0,19.66
6252,T04,CR2_S6,CR2,S6,0,0.0,8.342,1.9,1.35,1.68,1,0,23.34
6253,T03,D1_S5,D1,S5,0,0.0,6.724,1.12,1.15,9.6,5,0,18.04
6254,T02,S2_CR1,S2,CR1,1,188.8,8.334,1.39,1.15,3.8,3,0,29.73
6255,T03,CR1_S5,CR1,S5,0,0.0,10.342,0.89,1.15,0.89,1,0,26.27
6256,T04,S1_D1,S1,D1,1,180.3,5.834,1.12,1.15,6.48,8,0,20.54
6257,T08,D2_S4,D2,S4,0,0.0,6.638,1.49,1.35,3.73,1,1,29.65
6258,T05,S5_CR1,S5,CR1,1,167.0,10.342,0.89,1.15,1.99,1,0,33.2
6259,T10,S5_D1,S5,D1,1,190.4,6.724,1.12,1.15,7.93,1,0,20.43
6260,T03,CR2_S4,CR2,S4,0,0.0,6.855,1.9,1.35,4.15,2,0,18.84
6261,T10,S1_CR1,S1,CR1,1,205.4,8.767,0.8,1.15,1.2,1,0,28.02
6262,T08,S1_D1,S1,D1,1,168.3,5.834,1.12,1.15,0.04,2,0,16.36
6263,T06,S3_CR2,S3,CR2,1,185.8,6.579,1.9,1.35,7.0,2,0,22.77
6264,T04,CR2_S6,CR2,S6,0,0.0,8.342,1.9,1.35,5.26,4,0,23.95
6265,T10,CR1_S3,CR1,S3,0,0.0,8.135,1.57,1.15,3.77,4,0,21.18
6266,T04,D2_S3,D2,S3,0,0.0,6.362,1.39,1.35,11.32,4,0,24.61
6267,T02,S3_CR1,S3,CR1,1,146.4,8.135,1.57,1.15,6.05,2,0,22.51
6268,T09,S1_D1,S1,D1,1,178.0,5.834,1.12,1.15,11.5,3,0,16.5
6269,T04,D2_S3,D2,S3,0,0.0,6.362,1.39,1.35,3.64,4,0,24.41
6270,T03,D2_S4,D2,S4,0,0.0,6.638,1.49,1.35,5.42,4,0,23.23
6271,T06,S6_CR2,S6,CR2,1,178.3,8.342,1.9,1.35,8.97,4,0,28.79
6272,T06,D2_S4,D2,S4,0,0.0,6.638,1.49,1.35,8.63,4,0,23.03
6273,T03,D1_S1,D1,S1,0,0.0,5.834,1.12,1.15,2.7,3,0,14.35
6274,T09,D1_S1,D1,S1,0,0.0,5.834,1.12,1.15,11.76,3,0,13.33
6275,T08,D1_S1,D1,S1,0,0.0,5.834,1.12,1.15,9.28,1,1,16.28
6276,T09,CR2_S6,CR2,S6,0,0.0,8.342,1.9,1.35,2.79,1,1,24.26
6277,T10,S5_CR1,S5,CR1,1,168.3,10.342,0.89,1.15,11.96,5,0,35.68
6278,T10,S3_CR2,S3,CR2,1,172.7,6.579,1.9,1.35,1.8,0,0,21.9
6279,T08,S5_CR1,S5,CR1,1,214.5,10.342,0.89,1.15,10.3,0,0,32.13
6280,T06,D2_S3,D2,S3,0,0.0,6.362,1.39,1.35,7.51,2,0,21.88
6281,T05,CR1_S2,CR1,S2,0,0.0,8.334,1.39,1.15,3.8,5,0,24.36
6282,T05,S4_D2,S4,D2,1,176.4,6.638,1.49,1.35,0.59,2,0,29.0
6283,T09,CR1_S2,CR1,S2,0,0.0,8.334,1.39,1.15,6.75,6,0,24.8
6284,T03,S2_CR1,S2,CR1,1,174.8,8.334,1.39,1.15,11.71,5,0,30.57
6285,T06,S4_D2,S4,D2,1,194.9,6.638,1.49,1.35,3.56,1,0,28.82
6286,T07,CR1_S1,CR1,S1,0,0.0,8.767,0.8,1.15,1.51,4,0,25.88
6287,T09,S5_CR1,S5,CR1,1,193.6,10.342,0.89,1.15,9.16,2,0,36.21
6288,T06,S3_CR2,S3,CR2,1,179.3,6.579,1.9,1.35,0.87,1,0,23.91
6289,T08,CR2_S3,CR2,S3,0,0.0,6.579,1.9,1.35,11.26,5,0,19.22
6290,T08,CR1_S3,CR1,S3,0,0.0,8.135,1.57,1.15,10.77,2,0,18.26
6291,T02,S3_CR2,S3,CR2,1,193.5,6.579,1.9,1.35,11.15,3,0,24.04
6292,T05,S2_CR1,S2,CR1,1,190.3,8.334,1.39,1.15,2.52,1,0,29.1
6293,T07,D2_S3,D2,S3,0,0.0,6.362,1.39,1.35,8.74,3,0,21.7
6294,T05,D2_S4,D2,S4,0,0.0,6.638,1.49,1.35,6.29,5,0,24.9
6295,T07,S3_D2,S3,D2,1,192.9,6.362,1.39,1.35,2.66,2,0,25.91
6296,T07,CR1_S1,CR1,S1,0,0.0,8.767,0.8,1.15,3.05,2,0,23.21
6297,T10,D2_S4,D2,S4,0,0.0,6.638,1.49,1.35,3.14,4,0,21.68
6298,T02,S4_D2,S4,D2,1,181.4,6.638,1.49,1.35,4.24,5,0,28.9
6299,T05,CR2_S6,CR2,S6,0,0.0,8.342,1.9,1.35,10.34,1,0,19.0
6300,T09,S3_CR1,S3,CR1,1,189.7,8.135,1.57,1.15,4.09,1,0,20.91
6301,T03,CR1_S1,CR1,S1,0,0.0,8.767,0.8,1.15,8.78,3,0,25.68
6302,T05,S1_CR1,S1,CR1,1,213.9,8.767,0.8,1.15,3.03,1,0,26.51
6303,T10,CR2_S6,CR2,S6,0,0.0,8.342,1.9,1.35,6.01,5,0,23.16
6304,T10,S1_D1,S1,D1,1,183.4,5.834,1.12,1.15,10.04,2,0,15.77
6305,T04,S4_CR2,S4,CR2,1,184.1,6.855,1.9,1.35,0.02,0,0,22.24
6306,T10,S3_CR2,S3,CR2,1,203.4,6.579,1.9,1.35,6.03,3,0,24.08
6307,T02,S2_CR1,S2,CR1,1,194.9,8.334,1.39,1.15,11.5,4,0,33.0
6308,T05,CR1_S3,CR1,S3,0,0.0,8.135,1.57,1.15,0.08,2,0,19.05
6309,T01,CR2_S6,CR2,S6,0,0.0,8.342,1.9,1.35,7.88,3,0,23.45
6310,T02,S6_CR2,S6,CR2,1,207.5,8.342,1.9,1.35,4.81,5,0,32.82
6311,T06,D2_S4,D2,S4,0,0.0,6.638,1.49,1.35,1.52,3,0,23.3
6312,T02,D1_S5,D1,S5,0,0.0,6.724,1.12,1.15,2.62,1,0,15.86
6313,T05,S1_CR1,S1,CR1,1,171.9,8.767,0.8,1.15,2.95,6,0,30.66
6314,T01,S1_CR1,S1,CR1,1,185.4,8.767,0.8,1.15,9.96,3,0,27.65
6315,T04,D1_S1,D1,S1,0,0.0,5.834,1.12,1.15,10.55,1,0,13.19
6316,T08,CR1_S5,CR1,S5,0,0.0,10.342,0.89,1.15,0.99,2,0,29.21
6317,T09,S1_D1,S1,D1,1,213.9,5.834,1.12,1.15,3.2,1,0,15.14
6318,T03,CR1_S5,CR1,S5,0,0.0,10.342,0.89,1.15,0.33,3,0,27.63
6319,T04,S4_D2,S4,D2,1,204.9,6.638,1.49,1.35,4.0,4,0,30.17
6320,T08,CR1_S1,CR1,S1,0,0.0,8.767,0.8,1.15,10.95,3,0,24.46
6321,T09,CR1_S5,CR1,S5,0,0.0,10.342,0.89,1.15,0.11,1,0,29.46
6322,T09,CR2_S3,CR2,S3,0,0.0,6.579,1.9,1.35,9.22,1,0,16.78
6323,T10,S3_D2,S3,D2,1,214.7,6.362,1.39,1.35,2.72,3,0,30.03
6324,T10,CR1_S3,CR1,S3,0,0.0,8.135,1.57,1.15,5.32,6,0,22.23
6325,T07,S4_D2,S4,D2,1,195.6,6.638,1.49,1.35,5.42,3,0,28.33
6326,T06,D1_S5,D1,S5,0,0.0,6.724,1.12,1.15,2.25,4,0,18.43
6327,T06,S2_CR1,S2,CR1,1,168.3,8.334,1.39,1.15,2.58,2,0,27.65
6328,T03,S3_D2,S3,D2,1,196.5,6.362,1.39,1.35,9.01,6,0,30.25
6329,T09,S4_D2,S4,D2,1,186.6,6.638,1.49,1.35,0.29,1,0,27.24
6330,T05,S4_CR2,S4,CR2,1,184.7,6.855,1.9,1.35,6.44,8,0,28.05
6331,T01,S3_CR1,S3,CR1,1,201.6,8.135,1.57,1.15,3.16,2,0,20.15
6332,T02,S1_CR1,S1,CR1,1,183.7,8.767,0.8,1.15,2.37,2,0,26.05
6333,T04,CR2_S3,CR2,S3,0,0.0,6.579,1.9,1.35,6.66,4,0,19.91
6334,T09,S3_CR2,S3,CR2,1,174.3,6.579,1.9,1.35,4.97,3,0,23.73
6335,T02,S1_CR1,S1,CR1,1,176.4,8.767,0.8,1.15,7.79,3,0,32.54
6336,T08,S3_D2,S3,D2,1,178.6,6.362,1.39,1.35,2.95,1,0,27.09
6337,T09,D2_S4,D2,S4,0,0.0,6.638,1.49,1.35,5.12,3,0,22.0
6338,T02,D2_S4,D2,S4,0,0.0,6.638,1.49,1.35,0.27,2,0,21.62
6339,T10,D2_S3,D2,S3,0,0.0,6.362,1.39,1.35,11.27,2,0,23.65
6340,T06,D1_S1,D1,S1,0,0.0,5.834,1.12,1.15,1.07,2,0,12.61
6341,T08,S3_CR1,S3,CR1,1,196.7,8.135,1.57,1.15,7.31,2,0,21.48
6342,T02,D2_S4,D2,S4,0,0.0,6.638,1.49,1.35,4.96,4,0,23.0
6343,T03,CR2_S6,CR2,S6,0,0.0,8.342,1.9,1.35,10.37,4,0,23.46
6344,T09,S3_D2,S3,D2,1,203.7,6.362,1.39,1.35,2.53,1,0,24.4
6345,T08,CR2_S3,CR2,S3,0,0.0,6.579,1.9,1.35,11.36,4,0,19.67
6346,T05,S3_CR1,S3,CR1,1,204.6,8.135,1.57,1.15,6.38,8,0,23.92
6347,T06,CR1_S5,CR1,S5,0,0.0,10.342,0.89,1.15,10.84,2,0,26.8
6348,T03,S2_CR1,S2,CR1,1,192.6,8.334,1.39,1.15,11.26,1,0,27.5
6349,T03,CR1_S2,CR1,S2,0,0.0,8.334,1.39,1.15,9.65,0,0,20.66
6350,T04,D2_S3,D2,S3,0,0.0,6.362,1.39,1.35,1.97,3,0,20.62
6351,T07,S4_D2,S4,D2,1,184.7,6.638,1.49,1.35,2.07,3,0,27.03
6352,T04,S3_CR2,S3,CR2,1,179.8,6.579,1.9,1.35,10.48,4,0,23.85
6353,T02,CR1_S2,CR1,S2,0,0.0,8.334,1.39,1.15,0.49,2,0,24.63
6354,T10,S1_D1,S1,D1,1,196.9,5.834,1.12,1.15,4.02,4,0,19.01
6355,T08,S3_D2,S3,D2,1,198.4,6.362,1.39,1.35,3.32,1,0,26.02
6356,T05,S5_CR1,S5,CR1,1,193.9,10.342,0.89,1.15,1.6,3,0,32.25
6357,T01,D2_S3,D2,S3,0,0.0,6.362,1.39,1.35,7.9,2,0,22.18
6358,T05,S4_D2,S4,D2,1,214.8,6.638,1.49,1.35,4.96,4,1,38.76
6359,T06,CR2_S6,CR2,S6,0,0.0,8.342,1.9,1.35,10.77,2,0,23.0
6360,T05,CR1_S2,CR1,S2,0,0.0,8.334,1.39,1.15,11.07,4,0,25.44
6361,T05,CR1_S3,CR1,S3,0,0.0,8.135,1.57,1.15,8.36,2,0,15.43
6362,T06,S3_CR2,S3,CR2,1,195.2,6.579,1.9,1.35,10.42,3,0,25.84
6363,T06,CR2_S6,CR2,S6,0,0.0,8.342,1.9,1.35,10.49,2,1,29.64
6364,T04,D1_S5,D1,S5,0,0.0,6.724,1.12,1.15,6.42,2,0,16.92
6365,T04,S6_CR2,S6,CR2,1,219.3,8.342,1.9,1.35,3.15,3,0,26.85
6366,T03,CR1_S5,CR1,S5,0,0.0,10.342,0.89,1.15,0.16,1,0,26.05
6367,T05,CR1_S5,CR1,S5,0,0.0,10.342,0.89,1.15,8.31,2,0,23.83
6368,T03,CR2_S4,CR2,S4,0,0.0,6.855,1.9,1.35,10.73,2,0,20.54
6369,T07,S3_CR2,S3,CR2,1,153.9,6.579,1.9,1.35,0.27,1,0,22.54
6370,T03,D1_S1,D1,S1,0,0.0,5.834,1.12,1.15,7.0,3,0,14.39
6371,T05,S1_CR1,S1,CR1,1,190.5,8.767,0.8,1.15,3.34,2,0,31.19
6372,T04,S1_D1,S1,D1,1,210.7,5.834,1.12,1.15,9.1,4,0,18.55
6373,T04,S2_CR1,S2,CR1,1,186.7,8.334,1.39,1.15,1.81,2,0,30.12
6374,T10,S3_D2,S3,D2,1,204.4,6.362,1.39,1.35,10.72,2,0,27.65
6375,T04,S5_CR1,S5,CR1,1,187.7,10.342,0.89,1.15,7.66,5,0,37.72
6376,T10,S6_CR2,S6,CR2,1,188.5,8.342,1.9,1.35,2.25,2,0,27.53
6377,T02,CR1_S1,CR1,S1,0,0.0,8.767,0.8,1.15,8.14,4,0,23.48
6378,T01,CR2_S3,CR2,S3,0,0.0,6.579,1.9,1.35,2.77,3,0,20.2
6379,T05,D1_S5,D1,S5,0,0.0,6.724,1.12,1.15,2.45,1,0,16.61
6380,T05,CR2_S4,CR2,S4,0,0.0,6.855,1.9,1.35,7.39,1,0,19.31
6381,T09,S3_CR2,S3,CR2,1,211.0,6.579,1.9,1.35,8.98,5,0,26.62
6382,T08,CR2_S6,CR2,S6,0,0.0,8.342,1.9,1.35,6.95,2,0,21.65
6383,T01,CR1_S5,CR1,S5,0,0.0,10.342,0.89,1.15,10.82,1,0,26.26
6384,T09,CR1_S3,CR1,S3,0,0.0,8.135,1.57,1.15,9.38,1,0,15.65
6385,T05,S1_CR1,S1,CR1,1,207.7,8.767,0.8,1.15,8.17,4,0,30.62
6386,T09,S1_D1,S1,D1,1,199.8,5.834,1.12,1.15,1.94,1,0,15.47
6387,T08,S1_D1,S1,D1,1,205.2,5.834,1.12,1.15,0.65,0,0,14.99
6388,T07,D1_S1,D1,S1,0,0.0,5.834,1.12,1.15,10.38,3,0,13.85
6389,T07,S6_CR2,S6,CR2,1,173.5,8.342,1.9,1.35,8.82,2,0,28.33
6390,T07,D1_S5,D1,S5,0,0.0,6.724,1.12,1.15,9.08,1,0,15.76
6391,T10,D2_S3,D2,S3,0,0.0,6.362,1.39,1.35,2.85,2,0,21.5
6392,T05,S2_CR1,S2,CR1,1,197.8,8.334,1.39,1.15,4.0,1,1,35.43
6393,T04,D2_S4,D2,S4,0,0.0,6.638,1.49,1.35,5.85,1,0,21.14
6394,T04,CR1_S1,CR1,S1,0,0.0,8.767,0.8,1.15,3.3,2,0,22.94
6395,T04,S1_CR1,S1,CR1,1,189.1,8.767,0.8,1.15,11.22,2,0,27.87
6396,T09,CR1_S2,CR1,S2,0,0.0,8.334,1.39,1.15,0.58,1,0,20.35
6397,T06,D2_S4,D2,S4,0,0.0,6.638,1.49,1.35,2.57,3,0,23.93
6398,T09,S3_D2,S3,D2,1,159.0,6.362,1.39,1.35,0.07,1,0,26.43
6399,T10,D1_S1,D1,S1,0,0.0,5.834,1.12,1.15,9.85,0,0,11.67
6400,T09,CR1_S5,CR1,S5,0,0.0,10.342,0.89,1.15,9.32,2,0,26.5
6401,T03,D2_S3,D2,S3,0,0.0,6.362,1.39,1.35,1.75,3,1,29.92
6402,T05,D2_S3,D2,S3,0,0.0,6.362,1.39,1.35,9.01,4,0,23.17
6403,T06,S4_D2,S4,D2,1,177.0,6.638,1.49,1.35,10.53,1,0,26.96
6404,T05,S3_D2,S3,D2,1,220.0,6.362,1.39,1.35,10.86,3,0,26.89
6405,T01,S4_D2,S4,D2,1,170.7,6.638,1.49,1.35,4.44,1,0,27.21
6406,T01,D1_S5,D1,S5,0,0.0,6.724,1.12,1.15,10.11,2,0,17.36
6407,T01,S3_CR2,S3,CR2,1,200.1,6.579,1.9,1.35,8.09,3,0,23.89
6408,T05,D2_S3,D2,S3,0,0.0,6.362,1.39,1.35,3.15,4,0,24.62
6409,T08,S5_CR1,S5,CR1,1,201.2,10.342,0.89,1.15,6.66,5,0,35.87
6410,T10,S6_CR2,S6,CR2,1,197.4,8.342,1.9,1.35,3.99,3,0,28.53
6411,T02,S5_CR1,S5,CR1,1,194.7,10.342,0.89,1.15,8.79,3,0,33.54
6412,T10,S1_CR1,S1,CR1,1,192.6,8.767,0.8,1.15,8.59,3,0,28.94
6413,T01,CR2_S3,CR2,S3,0,0.0,6.579,1.9,1.35,4.63,5,0,21.61
6414,T09,S3_CR2,S3,CR2,1,218.0,6.579,1.9,1.35,10.76,4,0,24.84
6415,T05,S4_CR2,S4,CR2,1,204.7,6.855,1.9,1.35,8.78,4,0,23.34
6416,T08,S4_CR2,S4,CR2,1,203.6,6.855,1.9,1.35,9.62,2,0,24.8
6417,T04,S3_CR1,S3,CR1,1,184.6,8.135,1.57,1.15,11.39,2,0,21.08
6418,T04,CR2_S4,CR2,S4,0,0.0,6.855,1.9,1.35,8.23,3,0,19.22
6419,T02,D2_S4,D2,S4,0,0.0,6.638,1.49,1.35,0.31,2,0,23.14
6420,T10,S3_CR2,S3,CR2,1,188.0,6.579,1.9,1.35,5.56,6,0,27.99
6421,T04,S5_D1,S5,D1,1,171.2,6.724,1.12,1.15,4.51,3,0,22.91
6422,T05,CR2_S3,CR2,S3,0,0.0,6.579,1.9,1.35,0.77,0,0,16.85
6423,T03,S6_CR2,S6,CR2,1,212.0,8.342,1.9,1.35,2.04,1,0,27.11
6424,T10,CR1_S2,CR1,S2,0,0.0,8.334,1.39,1.15,6.69,1,0,24.35
6425,T09,CR1_S1,CR1,S1,0,0.0,8.767,0.8,1.15,8.66,6,0,27.97
6426,T07,S4_CR2,S4,CR2,1,201.5,6.855,1.9,1.35,11.65,0,0,19.85
6427,T06,CR1_S1,CR1,S1,0,0.0,8.767,0.8,1.15,9.15,3,0,22.38
6428,T01,CR1_S5,CR1,S5,0,0.0,10.342,0.89,1.15,2.92,1,0,28.39
6429,T09,CR1_S1,CR1,S1,0,0.0,8.767,0.8,1.15,10.29,2,0,24.26
6430,T05,D2_S3,D2,S3,0,0.0,6.362,1.39,1.35,9.0,3,0,24.78
6431,T09,CR1_S2,CR1,S2,0,0.0,8.334,1.39,1.15,7.29,4,0,23.38
6432,T04,D2_S4,D2,S4,0,0.0,6.638,1.49,1.35,5.88,6,0,26.59
6433,T03,S1_CR1,S1,CR1,1,208.7,8.767,0.8,1.15,1.84,4,0,30.43
6434,T05,S3_D2,S3,D2,1,220.0,6.362,1.39,1.35,5.61,0,0,28.06
6435,T07,D2_S4,D2,S4,0,0.0,6.638,1.49,1.35,6.8,4,0,22.73
6436,T10,S5_CR1,S5,CR1,1,178.1,10.342,0.89,1.15,9.17,1,1,45.57
6437,T01,CR1_S5,CR1,S5,0,0.0,10.342,0.89,1.15,11.67,0,0,28.23
6438,T10,CR2_S4,CR2,S4,0,0.0,6.855,1.9,1.35,3.68,3,0,22.28
6439,T03,S1_CR1,S1,CR1,1,201.4,8.767,0.8,1.15,0.95,2,0,25.84
6440,T04,CR1_S2,CR1,S2,0,0.0,8.334,1.39,1.15,9.67,2,0,23.68
6441,T04,S5_CR1,S5,CR1,1,186.9,10.342,0.89,1.15,9.12,1,0,30.13
6442,T08,CR2_S6,CR2,S6,0,0.0,8.342,1.9,1.35,1.03,1,0,20.31
6443,T05,CR1_S3,CR1,S3,0,0.0,8.135,1.57,1.15,5.73,2,0,17.84
6444,T04,S5_CR1,S5,CR1,1,181.0,10.342,0.89,1.15,5.49,5,0,42.16
6445,T09,S5_D1,S5,D1,1,195.5,6.724,1.12,1.15,9.4,2,0,19.29
6446,T10,D1_S1,D1,S1,0,0.0,5.834,1.12,1.15,9.89,1,0,12.69
6447,T05,D1_S5,D1,S5,0,0.0,6.724,1.12,1.15,4.39,1,0,17.75
6448,T01,D1_S5,D1,S5,0,0.0,6.724,1.12,1.15,4.3,4,0,18.18
6449,T05,CR1_S2,CR1,S2,0,0.0,8.334,1.39,1.15,6.63,3,0,24.82
6450,T07,CR1_S5,CR1,S5,0,0.0,10.342,0.89,1.15,3.83,1,0,28.27
6451,T10,D1_S5,D1,S5,0,0.0,6.724,1.12,1.15,9.31,2,0,16.8
6452,T07,S4_D2,S4,D2,1,165.7,6.638,1.49,1.35,6.98,5,0,29.03
6453,T01,CR1_S2,CR1,S2,0,0.0,8.334,1.39,1.15,5.01,5,0,24.99
6454,T07,CR1_S3,CR1,S3,0,0.0,8.135,1.57,1.15,7.97,2,0,18.33
6455,T03,S6_CR2,S6,CR2,1,190.3,8.342,1.9,1.35,8.89,7,0,33.32
6456,T06,D1_S1,D1,S1,0,0.0,5.834,1.12,1.15,1.68,3,0,13.36
6457,T08,S3_CR2,S3,CR2,1,182.9,6.579,1.9,1.35,5.02,1,0,20.36
6458,T07,CR1_S3,CR1,S3,0,0.0,8.135,1.57,1.15,0.5,2,0,18.0
6459,T09,S4_CR2,S4,CR2,1,191.9,6.855,1.9,1.35,0.63,1,0,22.85
6460,T06,S1_CR1,S1,CR1,1,194.4,8.767,0.8,1.15,5.82,4,0,30.49
6461,T08,CR1_S2,CR1,S2,0,0.0,8.334,1.39,1.15,4.29,2,0,23.74
6462,T07,D2_S4,D2,S4,0,0.0,6.638,1.49,1.35,4.87,2,0,21.24
6463,T01,D1_S5,D1,S5,0,0.0,6.724,1.12,1.15,8.61,4,0,17.39
6464,T03,S4_CR2,S4,CR2,1,176.5,6.855,1.9,1.35,4.8,8,1,41.05
6465,T10,CR2_S4,CR2,S4,0,0.0,6.855,1.9,1.35,5.29,7,1,27.77
6466,T06,S5_CR1,S5,CR1,1,208.9,10.342,0.89,1.15,11.99,2,0,33.13
6467,T06,S3_D2,S3,D2,1,174.0,6.362,1.39,1.35,10.22,2,0,28.27
6468,T01,CR2_S4,CR2,S4,0,0.0,6.855,1.9,1.35,6.92,3,0,21.14
6469,T10,CR2_S3,CR2,S3,0,0.0,6.579,1.9,1.35,10.75,2,0,20.28
6470,T04,CR2_S4,CR2,S4,0,0.0,6.855,1.9,1.35,3.67,5,1,28.19
6471,T02,S4_CR2,S4,CR2,1,183.3,6.855,1.9,1.35,7.93,5,0,27.07
6472,T07,D2_S3,D2,S3,0,0.0,6.362,1.39,1.35,9.16,1,0,22.98
6473,T10,CR1_S2,CR1,S2,0,0.0,8.334,1.39,1.15,10.3,1,0,21.73
6474,T01,S2_CR1,S2,CR1,1,220.0,8.334,1.39,1.15,2.86,5,0,28.87
6475,T08,CR2_S4,CR2,S4,0,0.0,6.855,1.9,1.35,0.81,3,0,19.59
6476,T10,CR2_S4,CR2,S4,0,0.0,6.855,1.9,1.35,1.92,6,0,23.86
6477,T03,D1_S1,D1,S1,0,0.0,5.834,1.12,1.15,11.98,0,0,12.35
6478,T08,S4_D2,S4,D2,1,208.4,6.638,1.49,1.35,0.69,3,0,32.1
6479,T01,D2_S3,D2,S3,0,0.0,6.362,1.39,1.35,2.64,4,0,21.31
6480,T02,D2_S4,D2,S4,0,0.0,6.638,1.49,1.35,10.66,0,0,20.55
6481,T06,CR2_S3,CR2,S3,0,0.0,6.579,1.9,1.35,8.06,3,0,19.18
6482,T08,S3_CR2,S3,CR2,1,208.5,6.579,1.9,1.35,7.31,4,0,27.98
6483,T02,S1_D1,S1,D1,1,201.8,5.834,1.12,1.15,8.87,0,0,13.67
6484,T03,D1_S5,D1,S5,0,0.0,6.724,1.12,1.15,4.47,2,0,18.01
6485,T01,D2_S3,D2,S3,0,0.0,6.362,1.39,1.35,8.61,1,0,22.13
6486,T09,S1_CR1,S1,CR1,1,193.3,8.767,0.8,1.15,6.82,5,0,31.57
6487,T07,CR1_S5,CR1,S5,0,0.0,10.342,0.89,1.15,9.0,1,0,25.53
6488,T08,S1_CR1,S1,CR1,1,183.3,8.767,0.8,1.15,11.22,1,0,31.39
6489,T09,D2_S4,D2,S4,0,0.0,6.638,1.49,1.35,0.71,4,0,24.92
6490,T06,S5_D1,S5,D1,1,207.9,6.724,1.12,1.15,1.5,2,0,21.02
6491,T01,S4_D2,S4,D2,1,205.0,6.638,1.49,1.35,4.57,2,0,27.37
6492,T02,S5_CR1,S5,CR1,1,191.2,10.342,0.89,1.15,5.0,3,0,38.03
6493,T07,CR2_S4,CR2,S4,0,0.0,6.855,1.9,1.35,9.66,1,0,18.31
6494,T03,CR2_S6,CR2,S6,0,0.0,8.342,1.9,1.35,9.09,1,0,22.48
6495,T05,CR1_S2,CR1,S2,0,0.0,8.334,1.39,1.15,4.18,3,0,22.48
6496,T07,CR1_S5,CR1,S5,0,0.0,10.342,0.89,1.15,9.54,2,0,28.64
6497,T09,S3_CR2,S3,CR2,1,220.0,6.579,1.9,1.35,4.3,4,0,22.76
6498,T10,CR2_S4,CR2,S4,0,0.0,6.855,1.9,1.35,3.09,2,0,16.44
6499,T10,CR1_S3,CR1,S3,0,0.0,8.135,1.57,1.15,5.99,2,0,17.43
6500,T02,D2_S4,D2,S4,0,0.0,6.638,1.49,1.35,10.3,2,0,21.3
6501,T08,S4_D2,S4,D2,1,220.0,6.638,1.49,1.35,7.8,3,0,30.33
6502,T09,CR1_S3,CR1,S3,0,0.0,8.135,1.57,1.15,7.19,5,0,18.73
6503,T10,S3_D2,S3,D2,1,185.2,6.362,1.39,1.35,4.51,2,0,30.06
6504,T10,CR1_S3,CR1,S3,0,0.0,8.135,1.57,1.15,11.94,0,0,16.53
6505,T09,CR1_S5,CR1,S5,0,0.0,10.342,0.89,1.15,10.29,4,0,30.25
6506,T04,S6_CR2,S6,CR2,1,220.0,8.342,1.9,1.35,6.91,3,0,24.36
6507,T10,S3_CR1,S3,CR1,1,197.5,8.135,1.57,1.15,5.33,1,0,21.78
6508,T05,CR2_S4,CR2,S4,0,0.0,6.855,1.9,1.35,3.76,2,0,18.37
6509,T02,CR2_S4,CR2,S4,0,0.0,6.855,1.9,1.35,4.33,3,0,21.05
6510,T04,S5_CR1,S5,CR1,1,189.8,10.342,0.89,1.15,2.12,2,0,33.08
6511,T04,CR2_S4,CR2,S4,0,0.0,6.855,1.9,1.35,7.03,3,0,21.04
6512,T09,S1_CR1,S1,CR1,1,191.6,8.767,0.8,1.15,5.54,2,1,35.29
6513,T03,S1_CR1,S1,CR1,1,183.6,8.767,0.8,1.15,8.69,3,1,38.9
6514,T05,CR1_S1,CR1,S1,0,0.0,8.767,0.8,1.15,8.97,2,0,24.04
6515,T06,D2_S4,D2,S4,0,0.0,6.638,1.49,1.35,0.66,2,0,20.79
6516,T05,S1_D1,S1,D1,1,209.7,5.834,1.12,1.15,5.61,4,0,18.02
6517,T07,S6_CR2,S6,CR2,1,190.6,8.342,1.9,1.35,5.16,3,0,27.46
6518,T06,D2_S4,D2,S4,0,0.0,6.638,1.49,1.35,9.21,3,0,24.6
6519,T05,S1_D1,S1,D1,1,198.4,5.834,1.12,1.15,5.74,3,0,16.66
6520,T03,S3_CR1,S3,CR1,1,212.7,8.135,1.57,1.15,0.37,6,1,33.74
6521,T08,CR1_S3,CR1,S3,0,0.0,8.135,1.57,1.15,1.93,1,0,17.33
6522,T07,S1_CR1,S1,CR1,1,167.5,8.767,0.8,1.15,10.81,0,0,27.99
6523,T04,D1_S1,D1,S1,0,0.0,5.834,1.12,1.15,5.23,8,0,17.71
6524,T01,CR1_S5,CR1,S5,0,0.0,10.342,0.89,1.15,5.8,3,0,27.76
6525,T05,S4_CR2,S4,CR2,1,167.1,6.855,1.9,1.35,3.52,2,0,24.12
6526,T04,S2_CR1,S2,CR1,1,196.3,8.334,1.39,1.15,3.06,0,0,23.42
6527,T02,S4_CR2,S4,CR2,1,205.3,6.855,1.9,1.35,8.03,5,0,24.51
6528,T03,D1_S1,D1,S1,0,0.0,5.834,1.12,1.15,8.9,1,0,12.93
6529,T03,S3_CR2,S3,CR2,1,184.4,6.579,1.9,1.35,11.7,6,0,26.49
6530,T05,D1_S1,D1,S1,0,0.0,5.834,1.12,1.15,11.12,2,0,12.04
6531,T01,S3_D2,S3,D2,1,206.4,6.362,1.39,1.35,4.8,2,0,29.33
6532,T03,S3_CR2,S3,CR2,1,194.7,6.579,1.9,1.35,8.26,3,0,22.84
6533,T04,D1_S1,D1,S1,0,0.0,5.834,1.12,1.15,11.44,2,0,13.89
6534,T05,S4_D2,S4,D2,1,200.1,6.638,1.49,1.35,1.87,1,0,28.1
6535,T08,D2_S4,D2,S4,0,0.0,6.638,1.49,1.35,10.54,0,0,20.29
6536,T03,S1_D1,S1,D1,1,167.9,5.834,1.12,1.15,1.88,1,1,17.58
6537,T07,D1_S1,D1,S1,0,0.0,5.834,1.12,1.15,1.19,2,0,12.95
6538,T08,CR1_S1,CR1,S1,0,0.0,8.767,0.8,1.15,10.67,1,0,22.93
6539,T06,D2_S3,D2,S3,0,0.0,6.362,1.39,1.35,3.15,5,1,32.35
6540,T05,D2_S3,D2,S3,0,0.0,6.362,1.39,1.35,6.98,2,0,20.83
6541,T05,S1_CR1,S1,CR1,1,219.5,8.767,0.8,1.15,11.08,6,1,38.86
6542,T05,S5_CR1,S5,CR1,1,190.6,10.342,0.89,1.15,0.47,5,0,37.47
6543,T07,D1_S5,D1,S5,0,0.0,6.724,1.12,1.15,7.46,2,0,16.81
6544,T01,S3_CR1,S3,CR1,1,178.7,8.135,1.57,1.15,9.09,5,0,21.99
6545,T03,CR2_S6,CR2,S6,0,0.0,8.342,1.9,1.35,0.68,1,0,20.89
6546,T08,D1_S5,D1,S5,0,0.0,6.724,1.12,1.15,6.81,4,0,20.72
6547,T02,S3_CR1,S3,CR1,1,207.3,8.135,1.57,1.15,9.19,1,0,20.93
6548,T05,S1_CR1,S1,CR1,1,196.0,8.767,0.8,1.15,4.25,1,0,28.23
6549,T02,S3_CR1,S3,CR1,1,220.0,8.135,1.57,1.15,10.74,1,0,21.43
6550,T01,CR2_S4,CR2,S4,0,0.0,6.855,1.9,1.35,0.35,1,1,25.65
6551,T03,S3_CR1,S3,CR1,1,196.4,8.135,1.57,1.15,3.88,3,0,23.57
6552,T10,CR2_S6,CR2,S6,0,0.0,8.342,1.9,1.35,11.76,2,0,21.02
6553,T04,D2_S3,D2,S3,0,0.0,6.362,1.39,1.35,6.38,2,0,22.83
6554,T03,S6_CR2,S6,CR2,1,204.5,8.342,1.9,1.35,2.03,4,0,30.18
6555,T03,D2_S4,D2,S4,0,0.0,6.638,1.49,1.35,0.12,3,0,23.9
6556,T05,D2_S3,D2,S3,0,0.0,6.362,1.39,1.35,8.81,2,0,21.83
6557,T06,D2_S4,D2,S4,0,0.0,6.638,1.49,1.35,7.94,1,0,21.57
6558,T01,CR1_S2,CR1,S2,0,0.0,8.334,1.39,1.15,1.28,3,1,27.68
6559,T08,S5_D1,S5,D1,1,206.8,6.724,1.12,1.15,5.86,3,0,21.9
6560,T06,D2_S3,D2,S3,0,0.0,6.362,1.39,1.35,4.18,2,0,23.15
6561,T09,D1_S1,D1,S1,0,0.0,5.834,1.12,1.15,2.14,4,0,15.57
6562,T10,S4_CR2,S4,CR2,1,213.3,6.855,1.9,1.35,3.1,1,0,21.54
6563,T05,S5_CR1,S5,CR1,1,162.7,10.342,0.89,1.15,4.31,4,0,32.25
6564,T09,S5_D1,S5,D1,1,198.5,6.724,1.12,1.15,7.67,3,0,21.51
6565,T03,CR1_S2,CR1,S2,0,0.0,8.334,1.39,1.15,8.78,1,0,23.57
6566,T09,S4_D2,S4,D2,1,198.2,6.638,1.49,1.35,3.83,3,0,27.26
6567,T01,S3_CR2,S3,CR2,1,200.6,6.579,1.9,1.35,6.51,3,0,23.65
6568,T06,S5_CR1,S5,CR1,1,191.9,10.342,0.89,1.15,3.1,3,0,32.6
6569,T06,CR1_S2,CR1,S2,0,0.0,8.334,1.39,1.15,4.15,2,0,22.21
6570,T02,S4_CR2,S4,CR2,1,211.1,6.855,1.9,1.35,1.87,3,0,23.22
6571,T06,S3_D2,S3,D2,1,189.8,6.362,1.39,1.35,2.84,4,0,26.78
6572,T04,S1_CR1,S1,CR1,1,210.6,8.767,0.8,1.15,11.08,3,0,29.5
6573,T02,CR2_S4,CR2,S4,0,0.0,6.855,1.9,1.35,3.35,3,0,21.46
6574,T05,D1_S1,D1,S1,0,0.0,5.834,1.12,1.15,5.91,6,0,16.49
6575,T03,S4_D2,S4,D2,1,176.8,6.638,1.49,1.35,5.09,6,0,33.5
6576,T10,CR2_S4,CR2,S4,0,0.0,6.855,1.9,1.35,6.01,6,0,19.47
6577,T02,S3_D2,S3,D2,1,200.6,6.362,1.39,1.35,1.5,1,1,36.42
6578,T03,D1_S1,D1,S1,0,0.0,5.834,1.12,1.15,3.19,4,0,14.44
6579,T07,CR2_S3,CR2,S3,0,0.0,6.579,1.9,1.35,2.4,0,0,15.91
6580,T07,D1_S5,D1,S5,0,0.0,6.724,1.12,1.15,6.06,6,0,21.94
6581,T02,D2_S3,D2,S3,0,0.0,6.362,1.39,1.35,0.96,4,1,30.81
6582,T01,CR1_S3,CR1,S3,0,0.0,8.135,1.57,1.15,7.03,7,0,22.53
6583,T01,S6_CR2,S6,CR2,1,180.8,8.342,1.9,1.35,7.56,6,0,31.0
6584,T08,S3_D2,S3,D2,1,189.6,6.362,1.39,1.35,11.3,1,0,29.78
6585,T10,S4_CR2,S4,CR2,1,190.6,6.855,1.9,1.35,11.84,1,0,23.15
6586,T10,S6_CR2,S6,CR2,1,208.2,8.342,1.9,1.35,6.07,4,0,27.23
6587,T10,CR2_S4,CR2,S4,0,0.0,6.855,1.9,1.35,2.71,1,0,18.79
6588,T03,S4_D2,S4,D2,1,178.9,6.638,1.49,1.35,3.66,2,0,25.82
6589,T05,S3_CR1,S3,CR1,1,204.4,8.135,1.57,1.15,4.14,1,0,20.21
6590,T01,S4_D2,S4,D2,1,175.7,6.638,1.49,1.35,9.2,1,0,27.82
6591,T06,CR2_S6,CR2,S6,0,0.0,8.342,1.9,1.35,5.87,3,0,20.68
6592,T08,S4_CR2,S4,CR2,1,194.9,6.855,1.9,1.35,8.88,4,0,23.96
6593,T10,CR2_S4,CR2,S4,0,0.0,6.855,1.9,1.35,3.62,2,0,19.42
6594,T06,D1_S5,D1,S5,0,0.0,6.724,1.12,1.15,4.55,1,0,18.76
6595,T06,S1_CR1,S1,CR1,1,198.8,8.767,0.8,1.15,4.06,1,0,29.69
6596,T04,CR2_S4,CR2,S4,0,0.0,6.855,1.9,1.35,2.52,2,0,18.54
6597,T06,CR2_S6,CR2,S6,0,0.0,8.342,1.9,1.35,8.92,3,0,24.63
6598,T02,S4_CR2,S4,CR2,1,175.2,6.855,1.9,1.35,8.75,3,0,24.62
6599,T04,D2_S3,D2,S3,0,0.0,6.362,1.39,1.35,7.05,2,0,22.72
6600,T06,S2_CR1,S2,CR1,1,201.6,8.334,1.39,1.15,11.72,2,0,26.05
6601,T10,S3_CR1,S3,CR1,1,212.1,8.135,1.57,1.15,10.03,1,0,22.21
6602,T05,S5_D1,S5,D1,1,188.6,6.724,1.12,1.15,10.94,1,0,19.66
6603,T06,CR1_S2,CR1,S2,0,0.0,8.334,1.39,1.15,1.46,0,1,26.87
6604,T07,S3_D2,S3,D2,1,190.7,6.362,1.39,1.35,0.04,0,0,23.92
6605,T03,S3_D2,S3,D2,1,185.9,6.362,1.39,1.35,7.71,4,1,37.34
6606,T02,S2_CR1,S2,CR1,1,193.7,8.334,1.39,1.15,11.53,2,0,28.22
6607,T07,S1_CR1,S1,CR1,1,193.7,8.767,0.8,1.15,6.19,4,0,31.86
6608,T02,CR1_S5,CR1,S5,0,0.0,10.342,0.89,1.15,4.02,2,0,28.83
6609,T04,S6_CR2,S6,CR2,1,211.0,8.342,1.9,1.35,5.68,4,1,38.76
6610,T08,CR1_S1,CR1,S1,0,0.0,8.767,0.8,1.15,11.81,2,0,21.77
6611,T06,CR1_S1,CR1,S1,0,0.0,8.767,0.8,1.15,7.48,4,0,25.24
6612,T04,CR1_S5,CR1,S5,0,0.0,10.342,0.89,1.15,9.58,2,0,25.63
6613,T05,D1_S5,D1,S5,0,0.0,6.724,1.12,1.15,7.7,4,0,18.48
6614,T09,S2_CR1,S2,CR1,1,188.7,8.334,1.39,1.15,8.18,1,0,26.38
6615,T04,D2_S4,D2,S4,0,0.0,6.638,1.49,1.35,0.32,0,0,20.47
6616,T07,CR2_S4,CR2,S4,0,0.0,6.855,1.9,1.35,9.51,1,0,19.12
6617,T06,S2_CR1,S2,CR1,1,205.6,8.334,1.39,1.15,8.57,1,0,28.91
6618,T08,CR1_S1,CR1,S1,0,0.0,8.767,0.8,1.15,8.21,3,0,23.89
6619,T10,CR2_S3,CR2,S3,0,0.0,6.579,1.9,1.35,9.82,1,0,18.22
6620,T03,D2_S4,D2,S4,0,0.0,6.638,1.49,1.35,1.98,3,0,23.18
6621,T10,S5_CR1,S5,CR1,1,204.2,10.342,0.89,1.15,0.57,2,0,35.65
6622,T05,D2_S4,D2,S4,0,0.0,6.638,1.49,1.35,10.64,3,0,23.11
6623,T07,D1_S1,D1,S1,0,0.0,5.834,1.12,1.15,8.92,5,0,15.7
6624,T10,D2_S4,D2,S4,0,0.0,6.638,1.49,1.35,5.38,3,0,21.37
6625,T05,S5_CR1,S5,CR1,1,198.6,10.342,0.89,1.15,7.22,2,0,32.7
6626,T04,CR1_S2,CR1,S2,0,0.0,8.334,1.39,1.15,9.35,0,0,20.02
6627,T01,CR1_S1,CR1,S1,0,0.0,8.767,0.8,1.15,10.73,2,0,22.44
6628,T07,CR1_S3,CR1,S3,0,0.0,8.135,1.57,1.15,8.39,4,0,19.74
6629,T07,CR1_S5,CR1,S5,0,0.0,10.342,0.89,1.15,9.73,2,0,27.14
6630,T03,S1_D1,S1,D1,1,189.9,5.834,1.12,1.15,1.74,1,0,15.66
6631,T08,CR2_S6,CR2,S6,0,0.0,8.342,1.9,1.35,2.08,1,0,22.48
6632,T09,CR1_S3,CR1,S3,0,0.0,8.135,1.57,1.15,5.32,4,0,19.42
6633,T01,D1_S5,D1,S5,0,0.0,6.724,1.12,1.15,7.49,3,0,17.5
6634,T06,S4_D2,S4,D2,1,183.0,6.638,1.49,1.35,6.73,8,0,29.72
6635,T10,CR1_S1,CR1,S1,0,0.0,8.767,0.8,1.15,7.65,1,0,21.85
6636,T10,CR1_S2,CR1,S2,0,0.0,8.334,1.39,1.15,6.25,2,0,19.78
6637,T08,S4_CR2,S4,CR2,1,190.4,6.855,1.9,1.35,10.87,2,0,23.9
6638,T10,S1_CR1,S1,CR1,1,200.2,8.767,0.8,1.15,8.52,1,0,28.21
6639,T03,S3_D2,S3,D2,1,220.0,6.362,1.39,1.35,8.68,1,0,29.0
6640,T09,S3_CR1,S3,CR1,1,203.3,8.135,1.57,1.15,9.91,1,0,22.49
6641,T04,S4_D2,S4,D2,1,207.7,6.638,1.49,1.35,7.37,4,0,30.78
6642,T04,S1_D1,S1,D1,1,186.0,5.834,1.12,1.15,11.48,2,0,17.46
6643,T02,S3_D2,S3,D2,1,220.0,6.362,1.39,1.35,3.45,5,0,30.63
6644,T10,S6_CR2,S6,CR2,1,194.3,8.342,1.9,1.35,1.62,3,0,25.83
6645,T07,D2_S3,D2,S3,0,0.0,6.362,1.39,1.35,10.44,3,0,23.36
6646,T01,S1_CR1,S1,CR1,1,183.6,8.767,0.8,1.15,3.54,2,0,26.42
6647,T02,S6_CR2,S6,CR2,1,212.7,8.342,1.9,1.35,9.53,2,0,28.88
6648,T04,CR1_S5,CR1,S5,0,0.0,10.342,0.89,1.15,6.42,7,0,29.67
6649,T09,CR2_S4,CR2,S4,0,0.0,6.855,1.9,1.35,0.22,4,0,22.65
6650,T09,S2_CR1,S2,CR1,1,174.6,8.334,1.39,1.15,7.75,2,0,30.99
6651,T05,CR1_S3,CR1,S3,0,0.0,8.135,1.57,1.15,4.35,5,0,19.46
6652,T10,CR1_S1,CR1,S1,0,0.0,8.767,0.8,1.15,6.58,6,0,26.7
6653,T08,D2_S4,D2,S4,0,0.0,6.638,1.49,1.35,8.69,3,0,23.91
6654,T05,S3_CR1,S3,CR1,1,187.6,8.135,1.57,1.15,8.82,5,0,23.88
6655,T03,S2_CR1,S2,CR1,1,189.5,8.334,1.39,1.15,9.72,5,0,32.08
6656,T08,S4_D2,S4,D2,1,186.5,6.638,1.49,1.35,4.85,3,0,27.51
6657,T10,D1_S5,D1,S5,0,0.0,6.724,1.12,1.15,2.31,4,0,18.73
6658,T05,CR2_S3,CR2,S3,0,0.0,6.579,1.9,1.35,5.58,4,0,21.4
6659,T01,D2_S3,D2,S3,0,0.0,6.362,1.39,1.35,10.22,2,0,20.18
6660,T06,CR1_S2,CR1,S2,0,0.0,8.334,1.39,1.15,3.37,0,0,20.69
6661,T06,CR2_S6,CR2,S6,0,0.0,8.342,1.9,1.35,0.99,1,0,19.98
6662,T04,S4_CR2,S4,CR2,1,211.6,6.855,1.9,1.35,3.88,3,0,23.45
6663,T06,S3_D2,S3,D2,1,203.9,6.362,1.39,1.35,11.97,3,0,27.79
6664,T05,S3_CR2,S3,CR2,1,194.4,6.579,1.9,1.35,8.85,0,0,20.15
6665,T09,S6_CR2,S6,CR2,1,212.3,8.342,1.9,1.35,1.35,3,0,28.97
6666,T06,S5_CR1,S5,CR1,1,190.2,10.342,0.89,1.15,1.12,2,0,31.09
6667,T01,S2_CR1,S2,CR1,1,176.8,8.334,1.39,1.15,3.89,3,0,29.65
6668,T03,CR1_S3,CR1,S3,0,0.0,8.135,1.57,1.15,2.81,4,0,18.81
6669,T01,S4_D2,S4,D2,1,160.6,6.638,1.49,1.35,4.25,2,0,26.51
6670,T07,S3_CR2,S3,CR2,1,188.5,6.579,1.9,1.35,5.42,3,0,22.97
6671,T10,S3_D2,S3,D2,1,198.5,6.362,1.39,1.35,8.29,4,0,28.47
6672,T04,CR1_S1,CR1,S1,0,0.0,8.767,0.8,1.15,5.4,8,0,26.99
6673,T03,S1_CR1,S1,CR1,1,220.0,8.767,0.8,1.15,11.99,2,0,28.16
6674,T09,S4_CR2,S4,CR2,1,211.7,6.855,1.9,1.35,0.31,6,0,26.36
6675,T10,S3_CR1,S3,CR1,1,183.3,8.135,1.57,1.15,11.72,4,0,25.28
6676,T01,CR1_S2,CR1,S2,0,0.0,8.334,1.39,1.15,4.84,3,0,24.03
6677,T05,S5_CR1,S5,CR1,1,184.1,10.342,0.89,1.15,10.86,4,0,30.94
6678,T03,CR1_S2,CR1,S2,0,0.0,8.334,1.39,1.15,4.53,3,0,25.62
6679,T07,S3_CR2,S3,CR2,1,181.6,6.579,1.9,1.35,5.03,1,0,23.84
6680,T10,S4_CR2,S4,CR2,1,197.3,6.855,1.9,1.35,6.52,4,0,24.36
6681,T04,CR1_S1,CR1,S1,0,0.0,8.767,0.8,1.15,6.31,8,0,29.02
6682,T02,CR1_S1,CR1,S1,0,0.0,8.767,0.8,1.15,10.78,2,0,21.49
6683,T07,S1_D1,S1,D1,1,203.0,5.834,1.12,1.15,9.49,2,0,16.91
6684,T01,S4_CR2,S4,CR2,1,188.5,6.855,1.9,1.35,5.8,3,0,23.82
6685,T07,S4_D2,S4,D2,1,192.2,6.638,1.49,1.35,8.73,4,0,31.85
6686,T08,S3_CR1,S3,CR1,1,207.6,8.135,1.57,1.15,10.44,2,0,21.1
6687,T02,S4_D2,S4,D2,1,200.5,6.638,1.49,1.35,7.97,4,0,29.83
6688,T07,S5_D1,S5,D1,1,219.9,6.724,1.12,1.15,5.1,5,0,22.67
6689,T09,D1_S5,D1,S5,0,0.0,6.724,1.12,1.15,1.49,1,0,16.66
6690,T09,S4_D2,S4,D2,1,180.3,6.638,1.49,1.35,9.12,3,0,27.93
6691,T08,S3_CR2,S3,CR2,1,189.6,6.579,1.9,1.35,9.85,1,0,21.85
6692,T10,CR2_S4,CR2,S4,0,0.0,6.855,1.9,1.35,11.64,3,0,19.51
6693,T04,D1_S5,D1,S5,0,0.0,6.724,1.12,1.15,2.06,1,0,15.17
6694,T02,S6_CR2,S6,CR2,1,170.0,8.342,1.9,1.35,3.09,3,0,30.03
6695,T08,S6_CR2,S6,CR2,1,210.5,8.342,1.9,1.35,11.66,3,1,34.11
6696,T06,S3_CR1,S3,CR1,1,201.2,8.135,1.57,1.15,8.35,2,0,21.59
6697,T07,S3_D2,S3,D2,1,209.0,6.362,1.39,1.35,1.29,1,0,26.53
6698,T09,CR2_S6,CR2,S6,0,0.0,8.342,1.9,1.35,11.42,5,0,24.82
6699,T03,S1_CR1,S1,CR1,1,181.0,8.767,0.8,1.15,6.19,1,0,26.45
6700,T03,D1_S5,D1,S5,0,0.0,6.724,1.12,1.15,5.14,3,0,16.58
6701,T02,S6_CR2,S6,CR2,1,216.6,8.342,1.9,1.35,7.93,2,0,29.39
6702,T03,S4_D2,S4,D2,1,178.9,6.638,1.49,1.35,11.61,2,0,28.47
6703,T01,CR1_S1,CR1,S1,0,0.0,8.767,0.8,1.15,6.74,4,0,23.13
6704,T05,S2_CR1,S2,CR1,1,217.6,8.334,1.39,1.15,6.87,5,0,27.3
6705,T01,S3_CR1,S3,CR1,1,192.3,8.135,1.57,1.15,9.22,1,1,27.17
6706,T02,S2_CR1,S2,CR1,1,201.1,8.334,1.39,1.15,8.21,3,0,25.69
6707,T10,S3_D2,S3,D2,1,186.2,6.362,1.39,1.35,4.23,1,0,27.46
6708,T04,S5_CR1,S5,CR1,1,203.7,10.342,0.89,1.15,5.46,4,0,37.14
6709,T10,S2_CR1,S2,CR1,1,187.1,8.334,1.39,1.15,8.35,4,0,26.66
6710,T03,S2_CR1,S2,CR1,1,186.6,8.334,1.39,1.15,3.35,5,0,28.53
6711,T01,D2_S4,D2,S4,0,0.0,6.638,1.49,1.35,0.42,0,0,21.08
6712,T08,D1_S1,D1,S1,0,0.0,5.834,1.12,1.15,0.98,1,0,12.3
6713,T04,D2_S3,D2,S3,0,0.0,6.362,1.39,1.35,8.99,1,0,18.91
6714,T01,D2_S4,D2,S4,0,0.0,6.638,1.49,1.35,1.37,1,0,22.21
6715,T08,S4_CR2,S4,CR2,1,220.0,6.855,1.9,1.35,3.87,2,0,23.6
6716,T05,D2_S4,D2,S4,0,0.0,6.638,1.49,1.35,2.81,0,0,20.03
6717,T05,S4_CR2,S4,CR2,1,196.9,6.855,1.9,1.35,5.1,0,0,22.67
6718,T06,CR1_S3,CR1,S3,0,0.0,8.135,1.57,1.15,1.27,1,0,17.76
6719,T09,S3_CR2,S3,CR2,1,180.3,6.579,1.9,1.35,1.95,3,0,24.74
6720,T08,S2_CR1,S2,CR1,1,181.1,8.334,1.39,1.15,4.36,2,0,27.67
6721,T01,CR1_S3,CR1,S3,0,0.0,8.135,1.57,1.15,4.29,2,1,19.5
6722,T07,S1_CR1,S1,CR1,1,200.6,8.767,0.8,1.15,3.61,2,0,30.29
6723,T10,CR1_S5,CR1,S5,0,0.0,10.342,0.89,1.15,11.68,2,0,25.48
6724,T04,CR1_S2,CR1,S2,0,0.0,8.334,1.39,1.15,1.0,3,0,23.96
6725,T07,S3_CR1,S3,CR1,1,190.5,8.135,1.57,1.15,0.08,1,0,22.28
6726,T01,S1_D1,S1,D1,1,177.5,5.834,1.12,1.15,4.34,3,0,18.32
6727,T09,S5_CR1,S5,CR1,1,200.3,10.342,0.89,1.15,9.54,0,0,31.11
6728,T05,S4_CR2,S4,CR2,1,184.4,6.855,1.9,1.35,11.36,3,0,22.13
6729,T08,S3_CR1,S3,CR1,1,212.7,8.135,1.57,1.15,2.54,2,0,21.01
6730,T08,CR2_S4,CR2,S4,0,0.0,6.855,1.9,1.35,1.76,2,0,19.25
6731,T03,CR2_S4,CR2,S4,0,0.0,6.855,1.9,1.35,11.78,2,0,18.22
6732,T04,S3_D2,S3,D2,1,209.1,6.362,1.39,1.35,1.89,2,0,28.94
6733,T09,D2_S3,D2,S3,0,0.0,6.362,1.39,1.35,0.66,2,0,22.01
6734,T10,S5_CR1,S5,CR1,1,181.3,10.342,0.89,1.15,6.97,4,0,35.38
6735,T07,S3_CR1,S3,CR1,1,205.1,8.135,1.57,1.15,9.2,2,0,23.89
6736,T06,S5_D1,S5,D1,1,177.3,6.724,1.12,1.15,6.24,2,0,20.67
6737,T01,D1_S1,D1,S1,0,0.0,5.834,1.12,1.15,11.69,1,0,13.04
6738,T01,CR1_S1,CR1,S1,0,0.0,8.767,0.8,1.15,0.57,2,0,20.93
6739,T03,S6_CR2,S6,CR2,1,211.8,8.342,1.9,1.35,3.2,2,1,36.28
6740,T09,D1_S1,D1,S1,0,0.0,5.834,1.12,1.15,4.24,7,0,16.79
6741,T01,D1_S5,D1,S5,0,0.0,6.724,1.12,1.15,3.72,3,0,16.91
6742,T03,D2_S4,D2,S4,0,0.0,6.638,1.49,1.35,11.4,1,0,22.1
6743,T10,S1_D1,S1,D1,1,191.6,5.834,1.12,1.15,5.91,6,0,18.69
6744,T08,CR2_S6,CR2,S6,0,0.0,8.342,1.9,1.35,11.45,1,0,20.3
6745,T10,CR2_S4,CR2,S4,0,0.0,6.855,1.9,1.35,11.91,2,0,17.86
6746,T02,S4_D2,S4,D2,1,188.1,6.638,1.49,1.35,3.15,3,0,29.3
6747,T03,S4_D2,S4,D2,1,219.5,6.638,1.49,1.35,2.33,1,0,28.5
6748,T01,S3_CR1,S3,CR1,1,167.8,8.135,1.57,1.15,6.16,2,0,22.63
6749,T05,S1_CR1,S1,CR1,1,192.6,8.767,0.8,1.15,0.12,4,0,29.39
6750,T09,CR2_S4,CR2,S4,0,0.0,6.855,1.9,1.35,9.9,1,0,18.36
6751,T09,S5_D1,S5,D1,1,189.1,6.724,1.12,1.15,3.79,2,1,28.14
6752,T04,S4_CR2,S4,CR2,1,196.5,6.855,1.9,1.35,5.38,6,0,27.57
6753,T10,CR2_S6,CR2,S6,0,0.0,8.342,1.9,1.35,3.6,7,0,24.88
6754,T07,S5_D1,S5,D1,1,206.6,6.724,1.12,1.15,8.28,5,0,22.58
6755,T10,S3_CR1,S3,CR1,1,214.8,8.135,1.57,1.15,6.56,4,0,24.99
6756,T01,D1_S1,D1,S1,0,0.0,5.834,1.12,1.15,0.31,1,0,12.27
6757,T09,S1_CR1,S1,CR1,1,202.9,8.767,0.8,1.15,11.9,2,0,29.42
6758,T09,S5_D1,S5,D1,1,220.0,6.724,1.12,1.15,5.56,5,0,21.9
6759,T06,CR1_S3,CR1,S3,0,0.0,8.135,1.57,1.15,8.33,3,0,19.61
6760,T03,CR2_S6,CR2,S6,0,0.0,8.342,1.9,1.35,6.91,2,0,21.92
6761,T07,S1_CR1,S1,CR1,1,189.2,8.767,0.8,1.15,10.4,2,0,26.81
6762,T10,D1_S1,D1,S1,0,0.0,5.834,1.12,1.15,11.85,2,0,12.12
6763,T10,S1_D1,S1,D1,1,213.1,5.834,1.12,1.15,8.55,4,0,16.85
6764,T10,S4_CR2,S4,CR2,1,208.6,6.855,1.9,1.35,2.96,3,0,25.07
6765,T06,S4_D2,S4,D2,1,167.7,6.638,1.49,1.35,3.63,1,0,24.99
6766,T02,S1_D1,S1,D1,1,194.8,5.834,1.12,1.15,7.07,0,0,14.12
6767,T05,CR1_S3,CR1,S3,0,0.0,8.135,1.57,1.15,8.03,1,0,16.04
6768,T06,D2_S4,D2,S4,0,0.0,6.638,1.49,1.35,7.55,3,0,20.88
6769,T10,CR2_S4,CR2,S4,0,0.0,6.855,1.9,1.35,3.96,2,0,19.75
6770,T06,S4_D2,S4,D2,1,204.1,6.638,1.49,1.35,5.6,1,1,36.98
6771,T05,CR1_S1,CR1,S1,0,0.0,8.767,0.8,1.15,10.93,0,0,18.35
6772,T09,S6_CR2,S6,CR2,1,201.4,8.342,1.9,1.35,0.21,2,0,26.98
6773,T09,CR1_S5,CR1,S5,0,0.0,10.342,0.89,1.15,1.78,2,0,28.73
6774,T09,S4_CR2,S4,CR2,1,188.2,6.855,1.9,1.35,9.5,4,0,25.33
6775,T04,CR1_S3,CR1,S3,0,0.0,8.135,1.57,1.15,11.49,3,0,17.93
6776,T10,D2_S4,D2,S4,0,0.0,6.638,1.49,1.35,0.39,3,1,28.62
6777,T06,CR2_S3,CR2,S3,0,0.0,6.579,1.9,1.35,2.11,1,1,27.57
6778,T03,D1_S5,D1,S5,0,0.0,6.724,1.12,1.15,5.87,1,0,16.36
6779,T02,D1_S5,D1,S5,0,0.0,6.724,1.12,1.15,4.12,2,0,15.96
6780,T05,D2_S4,D2,S4,0,0.0,6.638,1.49,1.35,3.89,4,0,23.19
6781,T08,S2_CR1,S2,CR1,1,200.9,8.334,1.39,1.15,0.17,2,0,27.37
6782,T09,D2_S3,D2,S3,0,0.0,6.362,1.39,1.35,11.04,1,1,24.78
6783,T02,CR1_S5,CR1,S5,0,0.0,10.342,0.89,1.15,4.61,7,0,33.98
6784,T05,S1_CR1,S1,CR1,1,160.0,8.767,0.8,1.15,9.12,0,0,25.06
6785,T03,CR2_S3,CR2,S3,0,0.0,6.579,1.9,1.35,8.94,0,0,18.57
6786,T06,S2_CR1,S2,CR1,1,190.9,8.334,1.39,1.15,2.42,3,0,28.57
6787,T06,CR1_S1,CR1,S1,0,0.0,8.767,0.8,1.15,4.89,4,0,25.8
6788,T10,D2_S3,D2,S3,0,0.0,6.362,1.39,1.35,11.03,3,0,24.62
6789,T04,S4_D2,S4,D2,1,213.3,6.638,1.49,1.35,5.79,1,0,26.46
6790,T08,CR2_S3,CR2,S3,0,0.0,6.579,1.9,1.35,5.53,4,1,23.41
6791,T03,S5_CR1,S5,CR1,1,183.9,10.342,0.89,1.15,4.82,5,0,38.26
6792,T01,S4_CR2,S4,CR2,1,183.9,6.855,1.9,1.35,1.78,0,0,23.56
6793,T01,CR1_S1,CR1,S1,0,0.0,8.767,0.8,1.15,2.01,2,0,23.26
6794,T05,S1_D1,S1,D1,1,220.0,5.834,1.12,1.15,1.2,2,0,16.84
6795,T03,D1_S1,D1,S1,0,0.0,5.834,1.12,1.15,4.14,0,0,12.92
6796,T07,S3_D2,S3,D2,1,159.3,6.362,1.39,1.35,5.84,2,0,27.56
6797,T03,D2_S4,D2,S4,0,0.0,6.638,1.49,1.35,6.54,4,0,25.48
6798,T08,CR1_S1,CR1,S1,0,0.0,8.767,0.8,1.15,7.65,1,0,20.9
6799,T08,CR1_S2,CR1,S2,0,0.0,8.334,1.39,1.15,8.22,2,0,21.64
6800,T09,D2_S4,D2,S4,0,0.0,6.638,1.49,1.35,0.05,2,0,19.65
6801,T03,CR2_S4,CR2,S4,0,0.0,6.855,1.9,1.35,2.17,3,0,20.48
6802,T09,S1_CR1,S1,CR1,1,158.0,8.767,0.8,1.15,3.79,2,0,25.89
6803,T04,S3_D2,S3,D2,1,205.3,6.362,1.39,1.35,0.91,1,0,27.15
6804,T04,S4_D2,S4,D2,1,178.3,6.638,1.49,1.35,3.19,4,0,26.55
6805,T02,S6_CR2,S6,CR2,1,203.9,8.342,1.9,1.35,9.57,1,0,26.21
6806,T05,CR2_S3,CR2,S3,0,0.0,6.579,1.9,1.35,6.76,1,0,18.13
6807,T07,CR2_S4,CR2,S4,0,0.0,6.855,1.9,1.35,4.77,3,1,25.81
6808,T10,S2_CR1,S2,CR1,1,220.0,8.334,1.39,1.15,2.41,3,0,29.1
6809,T06,S3_CR2,S3,CR2,1,220.0,6.579,1.9,1.35,8.59,3,0,27.28
6810,T04,S5_CR1,S5,CR1,1,195.6,10.342,0.89,1.15,7.3,3,1,39.87
6811,T03,CR2_S4,CR2,S4,0,0.0,6.855,1.9,1.35,4.33,0,0,17.93
6812,T02,D2_S4,D2,S4,0,0.0,6.638,1.49,1.35,0.39,2,0,23.99
6813,T01,CR1_S2,CR1,S2,0,0.0,8.334,1.39,1.15,8.62,2,0,23.01
6814,T07,S1_D1,S1,D1,1,208.1,5.834,1.12,1.15,7.42,5,0,17.21
6815,T03,CR2_S3,CR2,S3,0,0.0,6.579,1.9,1.35,9.15,4,0,20.96
6816,T07,CR2_S6,CR2,S6,0,0.0,8.342,1.9,1.35,1.16,1,0,21.47
6817,T04,S1_CR1,S1,CR1,1,211.6,8.767,0.8,1.15,4.43,8,0,34.47
6818,T10,S3_CR2,S3,CR2,1,204.1,6.579,1.9,1.35,8.03,3,0,26.5
6819,T06,CR1_S3,CR1,S3,0,0.0,8.135,1.57,1.15,10.04,3,0,18.67
6820,T05,D1_S1,D1,S1,0,0.0,5.834,1.12,1.15,10.12,3,0,13.79
6821,T04,D2_S4,D2,S4,0,0.0,6.638,1.49,1.35,1.1,0,0,21.22
6822,T05,D1_S5,D1,S5,0,0.0,6.724,1.12,1.15,9.49,2,0,16.91
6823,T02,S1_CR1,S1,CR1,1,195.8,8.767,0.8,1.15,0.53,2,0,31.56
6824,T05,S3_CR1,S3,CR1,1,219.3,8.135,1.57,1.15,0.01,2,0,22.82
6825,T06,CR1_S5,CR1,S5,0,0.0,10.342,0.89,1.15,3.38,3,0,28.61
6826,T08,S1_D1,S1,D1,1,181.1,5.834,1.12,1.15,10.09,5,0,21.37
6827,T02,CR1_S1,CR1,S1,0,0.0,8.767,0.8,1.15,10.5,0,0,22.38
6828,T05,CR1_S1,CR1,S1,0,0.0,8.767,0.8,1.15,7.15,1,0,21.99
6829,T04,S1_CR1,S1,CR1,1,184.0,8.767,0.8,1.15,0.67,2,0,28.83
6830,T05,D2_S4,D2,S4,0,0.0,6.638,1.49,1.35,3.11,0,0,20.99
6831,T01,CR1_S3,CR1,S3,0,0.0,8.135,1.57,1.15,0.79,1,0,16.93
6832,T02,S6_CR2,S6,CR2,1,174.2,8.342,1.9,1.35,7.68,1,0,24.18
6833,T07,D1_S5,D1,S5,0,0.0,6.724,1.12,1.15,8.72,1,0,16.27
6834,T06,D2_S3,D2,S3,0,0.0,6.362,1.39,1.35,6.63,6,1,34.9
6835,T03,S4_CR2,S4,CR2,1,220.0,6.855,1.9,1.35,4.89,2,0,23.85
6836,T04,CR1_S2,CR1,S2,0,0.0,8.334,1.39,1.15,7.22,1,0,18.94
6837,T09,S4_CR2,S4,CR2,1,172.0,6.855,1.9,1.35,3.15,2,0,24.14
6838,T01,CR2_S4,CR2,S4,0,0.0,6.855,1.9,1.35,2.29,0,0,16.26
6839,T03,S6_CR2,S6,CR2,1,188.8,8.342,1.9,1.35,9.54,3,0,27.44
6840,T09,S5_CR1,S5,CR1,1,178.1,10.342,0.89,1.15,3.36,2,0,34.25
6841,T04,D2_S3,D2,S3,0,0.0,6.362,1.39,1.35,3.29,2,0,23.97
6842,T04,CR2_S6,CR2,S6,0,0.0,8.342,1.9,1.35,9.54,3,1,28.63
6843,T02,S1_D1,S1,D1,1,193.3,5.834,1.12,1.15,11.2,2,0,16.83
6844,T08,CR2_S6,CR2,S6,0,0.0,8.342,1.9,1.35,6.26,4,0,25.43
6845,T10,D2_S4,D2,S4,0,0.0,6.638,1.49,1.35,4.53,3,0,23.81
6846,T06,D2_S3,D2,S3,0,0.0,6.362,1.39,1.35,4.98,0,0,20.69
6847,T07,D1_S5,D1,S5,0,0.0,6.724,1.12,1.15,8.8,5,0,19.41
6848,T04,CR2_S4,CR2,S4,0,0.0,6.855,1.9,1.35,0.93,4,0,19.35
6849,T06,CR1_S5,CR1,S5,0,0.0,10.342,0.89,1.15,9.43,2,0,25.65
6850,T09,CR1_S5,CR1,S5,0,0.0,10.342,0.89,1.15,8.69,4,0,32.0
6851,T02,S1_CR1,S1,CR1,1,171.1,8.767,0.8,1.15,4.9,6,0,34.8
6852,T09,S5_D1,S5,D1,1,182.4,6.724,1.12,1.15,10.6,2,0,20.15
6853,T07,D1_S1,D1,S1,0,0.0,5.834,1.12,1.15,11.0,2,0,14.38
6854,T02,S1_CR1,S1,CR1,1,210.2,8.767,0.8,1.15,4.47,2,0,28.26
6855,T09,S1_CR1,S1,CR1,1,209.1,8.767,0.8,1.15,0.72,3,0,30.41
6856,T10,CR2_S6,CR2,S6,0,0.0,8.342,1.9,1.35,0.74,4,0,24.51
6857,T08,S1_CR1,S1,CR1,1,176.5,8.767,0.8,1.15,3.28,2,0,27.18
6858,T10,CR1_S5,CR1,S5,0,0.0,10.342,0.89,1.15,11.5,4,0,28.6
6859,T08,CR1_S1,CR1,S1,0,0.0,8.767,0.8,1.15,9.11,1,0,22.85
6860,T04,D2_S4,D2,S4,0,0.0,6.638,1.49,1.35,7.82,4,0,23.14
6861,T02,D2_S4,D2,S4,0,0.0,6.638,1.49,1.35,2.34,1,0,20.23
6862,T06,S3_CR1,S3,CR1,1,202.9,8.135,1.57,1.15,6.84,6,0,25.61
6863,T09,S2_CR1,S2,CR1,1,196.2,8.334,1.39,1.15,6.46,4,0,29.31
6864,T01,D2_S3,D2,S3,0,0.0,6.362,1.39,1.35,1.56,3,0,23.55
6865,T07,S6_CR2,S6,CR2,1,199.1,8.342,1.9,1.35,1.21,2,0,27.52
6866,T04,CR1_S2,CR1,S2,0,0.0,8.334,1.39,1.15,9.34,2,0,22.86
6867,T08,S3_CR1,S3,CR1,1,204.5,8.135,1.57,1.15,6.76,4,0,22.62
6868,T02,D1_S5,D1,S5,0,0.0,6.724,1.12,1.15,9.42,2,0,16.0
6869,T05,D1_S5,D1,S5,0,0.0,6.724,1.12,1.15,7.15,2,0,15.29
6870,T02,CR2_S4,CR2,S4,0,0.0,6.855,1.9,1.35,10.59,3,0,18.83
6871,T03,S5_D1,S5,D1,1,206.9,6.724,1.12,1.15,2.88,2,0,21.76
6872,T09,S6_CR2,S6,CR2,1,196.9,8.342,1.9,1.35,3.67,1,0,25.07
6873,T10,CR2_S6,CR2,S6,0,0.0,8.342,1.9,1.35,5.07,3,1,28.73
6874,T08,CR1_S1,CR1,S1,0,0.0,8.767,0.8,1.15,3.26,3,0,21.74
6875,T10,S4_CR2,S4,CR2,1,194.9,6.855,1.9,1.35,9.09,3,0,23.67
6876,T07,CR1_S5,CR1,S5,0,0.0,10.342,0.89,1.15,6.21,3,0,28.61
6877,T01,S3_CR1,S3,CR1,1,204.2,8.135,1.57,1.15,11.1,4,0,24.09
6878,T06,S5_CR1,S5,CR1,1,209.6,10.342,0.89,1.15,1.41,1,0,34.65
6879,T02,S3_CR1,S3,CR1,1,172.0,8.135,1.57,1.15,4.76,0,0,18.79
6880,T06,D2_S4,D2,S4,0,0.0,6.638,1.49,1.35,1.17,2,0,24.9
6881,T02,S3_CR1,S3,CR1,1,171.7,8.135,1.57,1.15,11.38,2,0,23.54
6882,T03,CR2_S4,CR2,S4,0,0.0,6.855,1.9,1.35,2.73,1,0,16.85
6883,T09,CR2_S3,CR2,S3,0,0.0,6.579,1.9,1.35,10.54,0,0,18.85
6884,T08,S2_CR1,S2,CR1,1,205.7,8.334,1.39,1.15,3.12,3,0,29.27
6885,T03,S1_D1,S1,D1,1,220.0,5.834,1.12,1.15,2.64,0,0,14.78
6886,T08,CR1_S5,CR1,S5,0,0.0,10.342,0.89,1.15,0.05,1,0,26.89
6887,T05,D1_S5,D1,S5,0,0.0,6.724,1.12,1.15,4.92,6,0,19.96
6888,T04,S4_D2,S4,D2,1,202.0,6.638,1.49,1.35,8.53,3,0,26.37
6889,T10,CR1_S5,CR1,S5,0,0.0,10.342,0.89,1.15,4.39,5,0,26.34
6890,T08,S5_CR1,S5,CR1,1,205.6,10.342,0.89,1.15,0.39,3,0,35.16
6891,T01,S6_CR2,S6,CR2,1,184.6,8.342,1.9,1.35,5.23,1,0,26.57
6892,T04,S4_D2,S4,D2,1,188.8,6.638,1.49,1.35,3.69,3,0,28.17
6893,T08,D1_S1,D1,S1,0,0.0,5.834,1.12,1.15,4.84,1,0,13.88
6894,T01,S5_CR1,S5,CR1,1,181.2,10.342,0.89,1.15,11.59,6,0,41.25
6895,T07,S3_CR2,S3,CR2,1,178.6,6.579,1.9,1.35,10.38,3,0,25.84
6896,T07,S3_D2,S3,D2,1,189.9,6.362,1.39,1.35,0.1,1,0,27.48
6897,T01,S1_D1,S1,D1,1,176.3,5.834,1.12,1.15,6.02,3,0,17.59
6898,T02,S3_CR2,S3,CR2,1,174.3,6.579,1.9,1.35,6.59,6,1,33.43
6899,T03,S5_CR1,S5,CR1,1,213.1,10.342,0.89,1.15,9.23,3,0,33.85
6900,T06,S5_CR1,S5,CR1,1,210.5,10.342,0.89,1.15,9.69,3,0,32.02
6901,T03,CR2_S6,CR2,S6,0,0.0,8.342,1.9,1.35,3.98,3,0,22.88
6902,T10,D2_S4,D2,S4,0,0.0,6.638,1.49,1.35,6.74,3,0,22.0
6903,T04,D1_S5,D1,S5,0,0.0,6.724,1.12,1.15,2.28,4,0,17.81
6904,T10,D2_S4,D2,S4,0,0.0,6.638,1.49,1.35,9.98,2,0,22.96
6905,T05,CR2_S4,CR2,S4,0,0.0,6.855,1.9,1.35,7.55,3,1,23.42
6906,T02,CR2_S4,CR2,S4,0,0.0,6.855,1.9,1.35,10.08,0,0,18.29
6907,T09,S6_CR2,S6,CR2,1,212.3,8.342,1.9,1.35,10.27,2,0,29.36
6908,T09,S3_CR1,S3,CR1,1,218.5,8.135,1.57,1.15,0.17,2,1,29.5
6909,T07,S3_CR1,S3,CR1,1,220.0,8.135,1.57,1.15,1.32,0,0,17.64
6910,T05,S6_CR2,S6,CR2,1,191.0,8.342,1.9,1.35,4.1,6,0,28.25
6911,T01,CR2_S6,CR2,S6,0,0.0,8.342,1.9,1.35,7.61,1,0,20.4
6912,T03,CR2_S4,CR2,S4,0,0.0,6.855,1.9,1.35,9.91,2,0,19.47
6913,T10,S1_CR1,S1,CR1,1,207.7,8.767,0.8,1.15,1.09,0,0,29.94
6914,T03,CR1_S1,CR1,S1,0,0.0,8.767,0.8,1.15,1.48,5,0,25.77
6915,T09,D1_S1,D1,S1,0,0.0,5.834,1.12,1.15,7.38,3,0,15.88
6916,T10,S5_D1,S5,D1,1,201.8,6.724,1.12,1.15,0.28,0,1,22.61
6917,T03,S5_D1,S5,D1,1,197.1,6.724,1.12,1.15,3.79,0,0,19.07
6918,T09,S5_CR1,S5,CR1,1,190.8,10.342,0.89,1.15,11.79,0,0,35.82
6919,T06,CR2_S6,CR2,S6,0,0.0,8.342,1.9,1.35,8.72,1,0,18.74
6920,T08,D2_S4,D2,S4,0,0.0,6.638,1.49,1.35,6.8,1,0,18.7
6921,T10,CR2_S3,CR2,S3,0,0.0,6.579,1.9,1.35,9.15,1,0,20.13
6922,T05,S3_D2,S3,D2,1,168.3,6.362,1.39,1.35,4.19,4,0,29.16
6923,T02,CR1_S1,CR1,S1,0,0.0,8.767,0.8,1.15,6.92,2,0,21.87
6924,T07,S1_CR1,S1,CR1,1,215.0,8.767,0.8,1.15,11.63,0,0,27.68
6925,T06,S6_CR2,S6,CR2,1,205.6,8.342,1.9,1.35,9.61,1,0,28.44
6926,T07,D2_S3,D2,S3,0,0.0,6.362,1.39,1.35,8.33,1,1,31.29
6927,T09,S3_CR1,S3,CR1,1,187.9,8.135,1.57,1.15,2.33,2,0,20.73
6928,T05,S5_D1,S5,D1,1,201.1,6.724,1.12,1.15,1.19,2,0,20.67
6929,T02,S5_CR1,S5,CR1,1,194.8,10.342,0.89,1.15,2.05,3,0,30.74
6930,T03,S3_D2,S3,D2,1,190.2,6.362,1.39,1.35,5.4,3,0,26.64
6931,T04,CR1_S5,CR1,S5,0,0.0,10.342,0.89,1.15,9.62,3,0,25.7
6932,T05,S3_CR2,S3,CR2,1,201.7,6.579,1.9,1.35,0.05,3,0,24.76
6933,T05,CR2_S3,CR2,S3,0,0.0,6.579,1.9,1.35,0.18,2,0,17.72
6934,T10,D2_S3,D2,S3,0,0.0,6.362,1.39,1.35,1.99,1,0,20.17
6935,T08,S3_D2,S3,D2,1,211.3,6.362,1.39,1.35,4.35,4,0,28.11
6936,T02,S5_D1,S5,D1,1,198.7,6.724,1.12,1.15,1.81,3,0,21.62
6937,T02,D1_S1,D1,S1,0,0.0,5.834,1.12,1.15,3.86,4,0,16.55
6938,T07,S4_CR2,S4,CR2,1,188.4,6.855,1.9,1.35,11.16,4,0,27.3
6939,T10,CR1_S1,CR1,S1,0,0.0,8.767,0.8,1.15,11.12,1,0,21.77
6940,T09,CR1_S5,CR1,S5,0,0.0,10.342,0.89,1.15,9.54,3,0,30.36
6941,T10,S1_CR1,S1,CR1,1,209.3,8.767,0.8,1.15,6.79,3,0,30.07
6942,T01,S5_D1,S5,D1,1,183.2,6.724,1.12,1.15,4.05,4,0,21.13
6943,T02,S3_D2,S3,D2,1,175.6,6.362,1.39,1.35,11.78,1,0,29.67
6944,T01,D2_S3,D2,S3,0,0.0,6.362,1.39,1.35,7.29,2,0,20.93
6945,T09,CR2_S3,CR2,S3,0,0.0,6.579,1.9,1.35,10.46,6,0,21.15
6946,T06,S4_CR2,S4,CR2,1,181.4,6.855,1.9,1.35,2.77,3,0,24.08
6947,T04,CR2_S3,CR2,S3,0,0.0,6.579,1.9,1.35,9.31,1,0,19.03
6948,T09,S3_CR1,S3,CR1,1,199.0,8.135,1.57,1.15,3.43,1,0,17.73
6949,T05,S3_CR1,S3,CR1,1,208.6,8.135,1.57,1.15,10.44,0,0,18.9
6950,T03,S3_CR2,S3,CR2,1,215.0,6.579,1.9,1.35,2.22,7,0,25.23
6951,T06,CR1_S2,CR1,S2,0,0.0,8.334,1.39,1.15,4.28,5,0,26.01
6952,T02,S5_CR1,S5,CR1,1,203.0,10.342,0.89,1.15,5.4,4,0,40.52
6953,T03,S5_CR1,S5,CR1,1,218.3,10.342,0.89,1.15,11.19,4,0,34.99
6954,T04,S2_CR1,S2,CR1,1,217.7,8.334,1.39,1.15,4.72,3,0,28.72
6955,T10,S4_CR2,S4,CR2,1,195.1,6.855,1.9,1.35,11.37,0,0,21.82
6956,T01,S3_CR1,S3,CR1,1,194.0,8.135,1.57,1.15,7.4,3,0,22.92
6957,T01,CR2_S3,CR2,S3,0,0.0,6.579,1.9,1.35,2.53,4,1,28.34
6958,T02,S3_D2,S3,D2,1,197.1,6.362,1.39,1.35,3.1,4,0,26.21
6959,T05,CR1_S1,CR1,S1,0,0.0,8.767,0.8,1.15,6.68,6,0,27.39
6960,T04,S3_D2,S3,D2,1,193.7,6.362,1.39,1.35,5.62,3,0,27.67
6961,T03,S5_CR1,S5,CR1,1,185.7,10.342,0.89,1.15,6.48,1,0,33.14
6962,T06,S5_D1,S5,D1,1,188.3,6.724,1.12,1.15,2.59,1,0,19.01
6963,T08,CR1_S3,CR1,S3,0,0.0,8.135,1.57,1.15,8.11,1,0,16.51
6964,T08,S3_CR1,S3,CR1,1,215.9,8.135,1.57,1.15,2.69,3,0,22.95
6965,T09,D1_S1,D1,S1,0,0.0,5.834,1.12,1.15,3.8,1,0,12.27
6966,T06,S4_CR2,S4,CR2,1,202.3,6.855,1.9,1.35,4.32,3,0,27.59
6967,T08,CR1_S1,CR1,S1,0,0.0,8.767,0.8,1.15,9.67,2,0,22.64
6968,T02,D1_S5,D1,S5,0,0.0,6.724,1.12,1.15,3.43,6,1,24.12
6969,T06,S4_D2,S4,D2,1,220.0,6.638,1.49,1.35,2.64,4,1,39.53
6970,T10,CR2_S4,CR2,S4,0,0.0,6.855,1.9,1.35,6.19,4,0,19.22
6971,T10,CR2_S4,CR2,S4,0,0.0,6.855,1.9,1.35,9.67,2,0,17.88
6972,T08,CR2_S4,CR2,S4,0,0.0,6.855,1.9,1.35,1.56,2,0,20.0
6973,T08,S4_CR2,S4,CR2,1,201.8,6.855,1.9,1.35,3.42,1,0,21.51
6974,T03,S1_CR1,S1,CR1,1,166.9,8.767,0.8,1.15,1.66,4,0,30.53
6975,T04,S1_CR1,S1,CR1,1,179.6,8.767,0.8,1.15,4.57,3,0,27.22
6976,T02,S3_CR2,S3,CR2,1,195.1,6.579,1.9,1.35,9.44,3,0,20.05
6977,T01,S1_CR1,S1,CR1,1,209.0,8.767,0.8,1.15,0.58,1,0,27.79
6978,T03,S3_D2,S3,D2,1,204.6,6.362,1.39,1.35,7.14,2,0,25.5
6979,T05,S1_CR1,S1,CR1,1,171.0,8.767,0.8,1.15,6.1,7,0,28.56
6980,T05,S5_D1,S5,D1,1,201.3,6.724,1.12,1.15,9.03,2,0,20.38
6981,T01,S4_CR2,S4,CR2,1,219.4,6.855,1.9,1.35,5.14,5,0,25.86
6982,T03,CR2_S6,CR2,S6,0,0.0,8.342,1.9,1.35,1.68,3,0,22.25
6983,T05,S3_D2,S3,D2,1,184.5,6.362,1.39,1.35,2.89,4,0,23.87
6984,T10,S4_D2,S4,D2,1,193.4,6.638,1.49,1.35,5.63,4,0,26.42
6985,T07,S1_D1,S1,D1,1,200.1,5.834,1.12,1.15,4.17,2,0,16.45
6986,T09,S3_CR2,S3,CR2,1,197.2,6.579,1.9,1.35,8.75,5,0,26.12
6987,T10,S5_CR1,S5,CR1,1,210.8,10.342,0.89,1.15,7.28,2,0,27.56
6988,T10,CR2_S4,CR2,S4,0,0.0,6.855,1.9,1.35,9.51,3,1,24.45
6989,T08,CR2_S4,CR2,S4,0,0.0,6.855,1.9,1.35,8.27,0,0,17.79
6990,T08,D2_S4,D2,S4,0,0.0,6.638,1.49,1.35,3.59,0,0,19.91
6991,T06,D2_S3,D2,S3,0,0.0,6.362,1.39,1.35,1.3,3,0,22.84
6992,T07,S3_CR1,S3,CR1,1,177.2,8.135,1.57,1.15,0.2,2,0,22.09
6993,T09,S3_CR2,S3,CR2,1,196.9,6.579,1.9,1.35,7.49,7,0,28.58
6994,T02,S3_D2,S3,D2,1,192.0,6.362,1.39,1.35,0.24,0,0,26.27
6995,T08,S3_D2,S3,D2,1,185.8,6.362,1.39,1.35,2.09,1,0,25.77
6996,T02,D1_S5,D1,S5,0,0.0,6.724,1.12,1.15,10.35,5,0,18.38
6997,T10,CR2_S3,CR2,S3,0,0.0,6.579,1.9,1.35,9.55,1,0,17.6
6998,T04,D2_S3,D2,S3,0,0.0,6.362,1.39,1.35,3.67,3,0,25.55
6999,T09,S4_CR2,S4,CR2,1,198.0,6.855,1.9,1.35,9.24,0,0,22.22
7000,T01,S3_CR1,S3,CR1,1,198.5,8.135,1.57,1.15,0.36,7,0,24.78
7001,T06,S2_CR1,S2,CR1,1,200.4,8.334,1.39,1.15,6.42,2,0,26.89
7002,T10,S3_D2,S3,D2,1,220.0,6.362,1.39,1.35,5.21,7,0,27.64
7003,T04,S3_CR1,S3,CR1,1,215.9,8.135,1.57,1.15,1.26,1,0,20.34
7004,T10,CR1_S2,CR1,S2,0,0.0,8.334,1.39,1.15,11.22,3,0,24.0
7005,T08,D2_S3,D2,S3,0,0.0,6.362,1.39,1.35,10.04,0,0,21.73
7006,T08,D2_S4,D2,S4,0,0.0,6.638,1.49,1.35,2.63,3,0,22.85
7007,T09,S5_D1,S5,D1,1,206.8,6.724,1.12,1.15,3.98,0,0,18.46
7008,T08,D2_S4,D2,S4,0,0.0,6.638,1.49,1.35,9.79,0,0,20.95
7009,T08,CR2_S3,CR2,S3,0,0.0,6.579,1.9,1.35,4.28,3,0,21.75
7010,T07,S4_D2,S4,D2,1,200.2,6.638,1.49,1.35,9.52,0,0,25.23
7011,T05,S5_CR1,S5,CR1,1,176.7,10.342,0.89,1.15,6.44,1,0,31.73
7012,T10,S4_D2,S4,D2,1,169.0,6.638,1.49,1.35,0.43,0,0,25.79
7013,T02,D2_S4,D2,S4,0,0.0,6.638,1.49,1.35,11.57,2,0,21.1
7014,T09,CR1_S1,CR1,S1,0,0.0,8.767,0.8,1.15,10.9,3,0,24.2
7015,T08,S2_CR1,S2,CR1,1,184.3,8.334,1.39,1.15,10.24,2,0,24.14
7016,T09,CR2_S4,CR2,S4,0,0.0,6.855,1.9,1.35,11.77,3,0,18.61
7017,T09,S3_CR1,S3,CR1,1,183.6,8.135,1.57,1.15,6.76,8,0,25.6
7018,T04,S1_CR1,S1,CR1,1,189.8,8.767,0.8,1.15,11.49,6,0,33.51
7019,T01,CR2_S4,CR2,S4,0,0.0,6.855,1.9,1.35,8.65,1,0,17.56
7020,T07,S1_D1,S1,D1,1,214.8,5.834,1.12,1.15,5.76,5,0,17.28
7021,T03,S5_CR1,S5,CR1,1,194.2,10.342,0.89,1.15,0.67,1,0,34.51
7022,T07,CR1_S1,CR1,S1,0,0.0,8.767,0.8,1.15,6.87,5,1,31.25
7023,T01,S3_D2,S3,D2,1,204.2,6.362,1.39,1.35,8.72,1,1,38.19
7024,T09,CR1_S2,CR1,S2,0,0.0,8.334,1.39,1.15,10.09,3,0,24.61
7025,T02,S3_D2,S3,D2,1,211.9,6.362,1.39,1.35,9.99,0,0,26.15
7026,T08,D2_S3,D2,S3,0,0.0,6.362,1.39,1.35,4.15,4,0,25.53
7027,T10,D2_S3,D2,S3,0,0.0,6.362,1.39,1.35,4.98,3,0,21.45
7028,T05,CR1_S5,CR1,S5,0,0.0,10.342,0.89,1.15,2.22,2,0,29.09
7029,T04,CR1_S2,CR1,S2,0,0.0,8.334,1.39,1.15,10.18,2,0,22.09
7030,T09,D2_S4,D2,S4,0,0.0,6.638,1.49,1.35,5.1,2,0,21.46
7031,T01,S4_D2,S4,D2,1,210.4,6.638,1.49,1.35,4.44,2,0,28.71
7032,T02,CR2_S6,CR2,S6,0,0.0,8.342,1.9,1.35,6.79,4,0,24.58
7033,T04,CR1_S2,CR1,S2,0,0.0,8.334,1.39,1.15,9.58,2,0,22.58
7034,T01,D2_S4,D2,S4,0,0.0,6.638,1.49,1.35,6.36,0,1,22.63
7035,T01,D2_S3,D2,S3,0,0.0,6.362,1.39,1.35,11.41,2,0,20.45
7036,T05,D2_S3,D2,S3,0,0.0,6.362,1.39,1.35,0.42,3,0,23.65
7037,T02,CR2_S4,CR2,S4,0,0.0,6.855,1.9,1.35,10.72,1,0,16.4
7038,T08,S2_CR1,S2,CR1,1,201.3,8.334,1.39,1.15,10.7,4,1,39.76
7039,T01,S3_CR1,S3,CR1,1,188.3,8.135,1.57,1.15,8.48,1,0,18.49
7040,T02,CR2_S3,CR2,S3,0,0.0,6.579,1.9,1.35,2.3,4,0,20.73
7041,T04,S4_CR2,S4,CR2,1,187.5,6.855,1.9,1.35,1.03,3,1,28.84
7042,T10,CR1_S5,CR1,S5,0,0.0,10.342,0.89,1.15,5.77,3,0,27.62
7043,T07,D2_S3,D2,S3,0,0.0,6.362,1.39,1.35,0.18,2,0,23.27
7044,T01,CR1_S1,CR1,S1,0,0.0,8.767,0.8,1.15,5.37,4,0,25.76
7045,T06,S2_CR1,S2,CR1,1,178.2,8.334,1.39,1.15,5.38,4,0,29.87
7046,T04,S5_D1,S5,D1,1,176.8,6.724,1.12,1.15,5.81,4,0,22.93
7047,T06,CR2_S3,CR2,S3,0,0.0,6.579,1.9,1.35,2.96,2,0,20.05
7048,T07,S2_CR1,S2,CR1,1,200.8,8.334,1.39,1.15,2.33,3,0,27.01
7049,T03,CR1_S2,CR1,S2,0,0.0,8.334,1.39,1.15,7.63,4,0,24.74
7050,T10,D2_S4,D2,S4,0,0.0,6.638,1.49,1.35,4.01,3,0,22.2
7051,T09,D2_S4,D2,S4,0,0.0,6.638,1.49,1.35,11.71,5,0,21.17
7052,T04,D1_S1,D1,S1,0,0.0,5.834,1.12,1.15,5.38,8,0,15.5
7053,T03,S5_D1,S5,D1,1,205.1,6.724,1.12,1.15,3.37,3,0,18.99
7054,T06,D1_S5,D1,S5,0,0.0,6.724,1.12,1.15,3.75,1,0,15.12
7055,T06,D2_S4,D2,S4,0,0.0,6.638,1.49,1.35,2.23,0,0,22.66
7056,T05,S2_CR1,S2,CR1,1,178.7,8.334,1.39,1.15,6.89,3,0,29.36
7057,T10,CR2_S6,CR2,S6,0,0.0,8.342,1.9,1.35,7.99,2,0,22.2
7058,T02,S3_D2,S3,D2,1,169.5,6.362,1.39,1.35,8.3,0,0,29.27
7059,T01,S4_CR2,S4,CR2,1,178.9,6.855,1.9,1.35,9.84,5,0,25.48
7060,T03,S1_D1,S1,D1,1,208.1,5.834,1.12,1.15,10.06,1,0,15.18
7061,T10,D2_S3,D2,S3,0,0.0,6.362,1.39,1.35,4.77,2,0,20.93
7062,T05,D2_S4,D2,S4,0,0.0,6.638,1.49,1.35,3.47,5,0,23.56
7063,T06,D2_S4,D2,S4,0,0.0,6.638,1.49,1.35,3.82,7,0,25.46
7064,T05,S4_CR2,S4,CR2,1,192.7,6.855,1.9,1.35,8.62,5,0,27.55
7065,T03,D2_S3,D2,S3,0,0.0,6.362,1.39,1.35,5.67,7,0,26.1
7066,T05,S3_CR2,S3,CR2,1,203.1,6.579,1.9,1.35,11.44,1,1,29.3
7067,T09,S1_CR1,S1,CR1,1,199.8,8.767,0.8,1.15,0.68,1,1,31.59
7068,T03,S2_CR1,S2,CR1,1,211.9,8.334,1.39,1.15,4.3,0,0,26.18
7069,T03,CR2_S4,CR2,S4,0,0.0,6.855,1.9,1.35,10.67,0,0,18.96
7070,T01,S3_D2,S3,D2,1,195.3,6.362,1.39,1.35,9.24,6,0,31.36
7071,T03,S3_CR2,S3,CR2,1,183.8,6.579,1.9,1.35,0.63,1,0,22.76
7072,T04,CR1_S3,CR1,S3,0,0.0,8.135,1.57,1.15,6.3,3,0,18.49
7073,T08,S4_D2,S4,D2,1,214.7,6.638,1.49,1.35,1.75,3,0,28.74
7074,T09,CR2_S4,CR2,S4,0,0.0,6.855,1.9,1.35,1.88,0,0,16.91
7075,T01,S5_CR1,S5,CR1,1,188.4,10.342,0.89,1.15,1.49,0,0,34.17
7076,T03,CR2_S6,CR2,S6,0,0.0,8.342,1.9,1.35,6.44,2,0,23.99
7077,T02,S5_D1,S5,D1,1,220.0,6.724,1.12,1.15,8.07,0,0,17.45
7078,T02,S4_D2,S4,D2,1,183.7,6.638,1.49,1.35,9.3,4,0,28.95
7079,T03,D1_S5,D1,S5,0,0.0,6.724,1.12,1.15,11.43,2,0,16.69
7080,T03,D2_S4,D2,S4,0,0.0,6.638,1.49,1.35,7.62,2,1,31.66
7081,T06,CR2_S4,CR2,S4,0,0.0,6.855,1.9,1.35,8.63,1,0,20.46
7082,T09,S1_D1,S1,D1,1,174.4,5.834,1.12,1.15,6.04,5,0,19.34
7083,T02,S3_D2,S3,D2,1,204.0,6.362,1.39,1.35,6.14,6,0,28.64
7084,T10,S1_D1,S1,D1,1,181.2,5.834,1.12,1.15,4.11,3,0,16.61
7085,T04,S5_CR1,S5,CR1,1,214.4,10.342,0.89,1.15,9.1,1,0,34.76
7086,T04,S4_CR2,S4,CR2,1,203.8,6.855,1.9,1.35,11.55,2,0,24.42
7087,T09,S3_CR1,S3,CR1,1,196.3,8.135,1.57,1.15,8.21,3,0,22.72
7088,T06,CR2_S3,CR2,S3,0,0.0,6.579,1.9,1.35,4.25,3,0,20.59
7089,T10,S6_CR2,S6,CR2,1,216.1,8.342,1.9,1.35,11.64,1,0,26.15
7090,T04,CR2_S6,CR2,S6,0,0.0,8.342,1.9,1.35,1.53,1,0,19.51
7091,T03,S5_D1,S5,D1,1,186.6,6.724,1.12,1.15,10.11,2,0,22.62
7092,T05,CR1_S5,CR1,S5,0,0.0,10.342,0.89,1.15,9.26,3,0,27.22
7093,T01,S3_D2,S3,D2,1,181.6,6.362,1.39,1.35,6.15,3,0,27.07
7094,T07,S5_CR1,S5,CR1,1,191.5,10.342,0.89,1.15,10.94,1,0,33.94
7095,T03,S5_CR1,S5,CR1,1,188.5,10.342,0.89,1.15,11.88,2,0,34.36
7096,T02,D1_S1,D1,S1,0,0.0,5.834,1.12,1.15,0.88,6,0,15.52
7097,T07,D2_S3,D2,S3,0,0.0,6.362,1.39,1.35,9.45,4,0,24.07
7098,T05,S4_D2,S4,D2,1,189.1,6.638,1.49,1.35,3.68,2,0,28.9
7099,T07,S4_D2,S4,D2,1,211.1,6.638,1.49,1.35,3.25,5,0,31.47
7100,T09,CR1_S5,CR1,S5,0,0.0,10.342,0.89,1.15,5.69,3,0,30.12
7101,T04,S3_CR1,S3,CR1,1,220.0,8.135,1.57,1.15,10.02,0,0,19.68
7102,T06,CR1_S5,CR1,S5,0,0.0,10.342,0.89,1.15,9.78,3,0,28.53
7103,T04,CR1_S1,CR1,S1,0,0.0,8.767,0.8,1.15,5.79,6,0,26.54
7104,T08,S1_D1,S1,D1,1,192.9,5.834,1.12,1.15,9.99,0,0,14.79
7105,T10,CR1_S2,CR1,S2,0,0.0,8.334,1.39,1.15,5.6,4,0,24.3
7106,T01,CR1_S3,CR1,S3,0,0.0,8.135,1.57,1.15,11.69,1,0,15.55
7107,T05,S1_CR1,S1,CR1,1,168.1,8.767,0.8,1.15,5.44,5,1,41.09
7108,T01,CR1_S2,CR1,S2,0,0.0,8.334,1.39,1.15,0.34,3,0,22.94
7109,T08,S3_CR2,S3,CR2,1,183.3,6.579,1.9,1.35,11.25,2,0,25.63
7110,T05,D1_S1,D1,S1,0,0.0,5.834,1.12,1.15,5.55,4,0,16.64
7111,T01,S2_CR1,S2,CR1,1,216.7,8.334,1.39,1.15,3.39,1,0,28.18
7112,T07,S6_CR2,S6,CR2,1,187.9,8.342,1.9,1.35,7.8,4,0,27.8
7113,T07,S3_D2,S3,D2,1,189.6,6.362,1.39,1.35,5.76,5,0,28.83
7114,T03,S1_D1,S1,D1,1,205.4,5.834,1.12,1.15,1.62,5,0,18.5
7115,T06,CR1_S3,CR1,S3,0,0.0,8.135,1.57,1.15,0.69,2,0,18.04
7116,T01,S3_CR2,S3,CR2,1,183.1,6.579,1.9,1.35,1.23,2,0,24.63
7117,T02,D2_S3,D2,S3,0,0.0,6.362,1.39,1.35,3.42,3,0,22.8
7118,T09,D1_S1,D1,S1,0,0.0,5.834,1.12,1.15,3.8,4,0,14.85
7119,T10,D2_S4,D2,S4,0,0.0,6.638,1.49,1.35,11.18,6,0,25.02
7120,T02,S5_D1,S5,D1,1,179.3,6.724,1.12,1.15,2.64,0,0,18.97
7121,T05,CR2_S3,CR2,S3,0,0.0,6.579,1.9,1.35,6.2,1,0,16.29
7122,T01,S4_CR2,S4,CR2,1,184.8,6.855,1.9,1.35,5.99,3,0,24.45
7123,T01,CR2_S3,CR2,S3,0,0.0,6.579,1.9,1.35,10.2,6,0,21.07
7124,T01,S6_CR2,S6,CR2,1,214.7,8.342,1.9,1.35,10.66,2,0,26.34
7125,T02,S1_D1,S1,D1,1,220.0,5.834,1.12,1.15,9.18,5,1,23.97
7126,T08,CR2_S3,CR2,S3,0,0.0,6.579,1.9,1.35,11.42,3,0,20.37
7127,T08,S4_CR2,S4,CR2,1,192.1,6.855,1.9,1.35,3.47,0,0,23.13
7128,T09,CR2_S3,CR2,S3,0,0.0,6.579,1.9,1.35,2.27,3,1,26.81
7129,T09,D2_S3,D2,S3,0,0.0,6.362,1.39,1.35,0.73,2,0,21.25
7130,T08,CR1_S3,CR1,S3,0,0.0,8.135,1.57,1.15,0.45,1,0,17.63
7131,T01,CR1_S3,CR1,S3,0,0.0,8.135,1.57,1.15,4.85,6,0,21.63
7132,T08,D1_S1,D1,S1,0,0.0,5.834,1.12,1.15,9.31,0,0,11.88
7133,T03,CR2_S6,CR2,S6,0,0.0,8.342,1.9,1.35,5.97,2,0,22.14
7134,T05,S1_D1,S1,D1,1,188.9,5.834,1.12,1.15,2.66,2,0,17.06
7135,T03,S1_CR1,S1,CR1,1,208.8,8.767,0.8,1.15,6.87,1,0,27.05
7136,T10,S1_D1,S1,D1,1,201.3,5.834,1.12,1.15,9.48,2,0,16.82
7137,T05,S2_CR1,S2,CR1,1,189.9,8.334,1.39,1.15,0.74,3,0,29.87
7138,T08,D1_S5,D1,S5,0,0.0,6.724,1.12,1.15,4.37,4,0,21.0
7139,T01,D2_S4,D2,S4,0,0.0,6.638,1.49,1.35,7.36,2,0,19.72
7140,T01,D2_S3,D2,S3,0,0.0,6.362,1.39,1.35,7.13,4,0,25.14
7141,T05,S3_CR1,S3,CR1,1,196.0,8.135,1.57,1.15,8.56,4,0,24.19
7142,T07,S3_CR2,S3,CR2,1,199.2,6.579,1.9,1.35,10.3,0,0,20.72
7143,T08,D2_S3,D2,S3,0,0.0,6.362,1.39,1.35,10.22,3,0,20.57
7144,T08,CR2_S6,CR2,S6,0,0.0,8.342,1.9,1.35,10.85,0,0,20.07
7145,T01,S1_D1,S1,D1,1,197.8,5.834,1.12,1.15,5.46,7,0,20.46
7146,T01,S3_CR1,S3,CR1,1,181.9,8.135,1.57,1.15,8.11,3,0,21.24
7147,T01,S1_D1,S1,D1,1,209.3,5.834,1.12,1.15,4.38,2,0,15.83
7148,T08,S4_CR2,S4,CR2,1,213.7,6.855,1.9,1.35,9.55,1,0,21.82
7149,T06,S3_CR1,S3,CR1,1,194.4,8.135,1.57,1.15,7.47,3,0,19.68
7150,T02,S5_CR1,S5,CR1,1,190.6,10.342,0.89,1.15,11.92,4,0,36.44
7151,T05,S1_CR1,S1,CR1,1,220.0,8.767,0.8,1.15,6.19,4,0,33.29
7152,T08,S5_D1,S5,D1,1,209.6,6.724,1.12,1.15,7.08,2,0,21.05
7153,T10,CR1_S1,CR1,S1,0,0.0,8.767,0.8,1.15,9.15,1,0,23.76
7154,T10,S3_CR1,S3,CR1,1,220.0,8.135,1.57,1.15,7.87,5,0,26.11
7155,T03,CR1_S1,CR1,S1,0,0.0,8.767,0.8,1.15,6.48,5,0,26.62
7156,T08,CR1_S1,CR1,S1,0,0.0,8.767,0.8,1.15,1.61,2,0,22.74
7157,T06,CR1_S5,CR1,S5,0,0.0,10.342,0.89,1.15,11.86,5,0,28.44
7158,T07,CR1_S1,CR1,S1,0,0.0,8.767,0.8,1.15,0.27,3,0,24.38
7159,T02,S3_CR1,S3,CR1,1,217.1,8.135,1.57,1.15,3.68,0,0,21.63
7160,T06,S4_D2,S4,D2,1,220.0,6.638,1.49,1.35,5.3,4,0,30.71
7161,T10,S1_CR1,S1,CR1,1,192.4,8.767,0.8,1.15,5.93,3,0,28.87
7162,T08,CR2_S6,CR2,S6,0,0.0,8.342,1.9,1.35,2.93,0,0,18.8
7163,T02,CR1_S5,CR1,S5,0,0.0,10.342,0.89,1.15,10.23,2,1,33.07
7164,T08,D1_S1,D1,S1,0,0.0,5.834,1.12,1.15,7.82,3,0,14.33
7165,T03,S2_CR1,S2,CR1,1,218.3,8.334,1.39,1.15,4.3,3,0,26.84
7166,T04,S5_CR1,S5,CR1,1,202.6,10.342,0.89,1.15,2.19,1,0,32.16
7167,T10,D2_S4,D2,S4,0,0.0,6.638,1.49,1.35,3.25,0,0,22.22
7168,T01,S3_CR1,S3,CR1,1,201.7,8.135,1.57,1.15,4.04,4,0,23.95
7169,T05,S1_CR1,S1,CR1,1,176.1,8.767,0.8,1.15,5.72,3,0,28.09
7170,T08,D2_S4,D2,S4,0,0.0,6.638,1.49,1.35,10.6,0,0,18.3
7171,T10,S4_D2,S4,D2,1,220.0,6.638,1.49,1.35,10.07,2,0,25.64
7172,T01,S3_CR1,S3,CR1,1,194.5,8.135,1.57,1.15,3.7,2,0,18.85
7173,T10,D2_S4,D2,S4,0,0.0,6.638,1.49,1.35,10.67,3,0,20.77
7174,T04,S3_CR2,S3,CR2,1,180.5,6.579,1.9,1.35,4.0,2,0,24.2
7175,T03,CR2_S6,CR2,S6,0,0.0,8.342,1.9,1.35,0.02,2,0,20.89
7176,T02,CR1_S5,CR1,S5,0,0.0,10.342,0.89,1.15,11.4,3,0,29.11
7177,T07,S2_CR1,S2,CR1,1,193.1,8.334,1.39,1.15,1.53,5,0,28.57
7178,T08,CR1_S2,CR1,S2,0,0.0,8.334,1.39,1.15,3.63,3,0,23.05
7179,T05,CR1_S1,CR1,S1,0,0.0,8.767,0.8,1.15,2.73,1,0,22.11
7180,T04,S2_CR1,S2,CR1,1,169.3,8.334,1.39,1.15,11.98,2,0,27.15
7181,T07,S4_CR2,S4,CR2,1,220.0,6.855,1.9,1.35,4.02,1,0,22.85
7182,T10,CR2_S4,CR2,S4,0,0.0,6.855,1.9,1.35,9.51,0,0,18.38
7183,T03,S2_CR1,S2,CR1,1,168.8,8.334,1.39,1.15,5.85,6,0,29.77
7184,T10,S4_D2,S4,D2,1,168.6,6.638,1.49,1.35,5.36,7,0,29.65
7185,T10,S3_CR2,S3,CR2,1,177.3,6.579,1.9,1.35,10.79,1,0,23.08
7186,T09,S1_D1,S1,D1,1,186.5,5.834,1.12,1.15,10.54,4,0,15.57
7187,T01,S5_D1,S5,D1,1,202.2,6.724,1.12,1.15,7.71,3,0,20.51
7188,T06,S3_CR2,S3,CR2,1,181.7,6.579,1.9,1.35,1.23,1,0,22.18
7189,T02,S5_CR1,S5,CR1,1,192.1,10.342,0.89,1.15,9.29,0,0,29.4
7190,T01,CR1_S2,CR1,S2,0,0.0,8.334,1.39,1.15,5.67,3,0,23.63
7191,T02,S5_D1,S5,D1,1,204.6,6.724,1.12,1.15,8.68,2,0,19.37
7192,T03,S4_D2,S4,D2,1,190.6,6.638,1.49,1.35,2.32,5,1,41.09
7193,T05,S1_CR1,S1,CR1,1,202.1,8.767,0.8,1.15,1.6,3,0,29.0
7194,T01,S6_CR2,S6,CR2,1,193.6,8.342,1.9,1.35,1.1,1,0,27.48
7195,T06,S3_CR2,S3,CR2,1,220.0,6.579,1.9,1.35,1.98,5,0,24.73
7196,T06,CR2_S3,CR2,S3,0,0.0,6.579,1.9,1.35,7.27,3,0,22.29
7197,T08,S4_D2,S4,D2,1,190.9,6.638,1.49,1.35,9.46,2,0,24.06
7198,T09,S3_CR2,S3,CR2,1,199.3,6.579,1.9,1.35,8.57,5,0,26.5
7199,T08,S6_CR2,S6,CR2,1,184.2,8.342,1.9,1.35,1.63,2,0,28.86
7200,T02,S1_D1,S1,D1,1,179.7,5.834,1.12,1.15,7.46,4,0,19.84
7201,T06,D1_S1,D1,S1,0,0.0,5.834,1.12,1.15,3.65,2,0,11.5
7202,T02,CR2_S6,CR2,S6,0,0.0,8.342,1.9,1.35,0.12,4,0,23.6
7203,T07,S1_D1,S1,D1,1,182.6,5.834,1.12,1.15,8.71,1,0,14.32
7204,T06,CR2_S4,CR2,S4,0,0.0,6.855,1.9,1.35,10.33,1,0,16.51
7205,T03,S3_D2,S3,D2,1,180.6,6.362,1.39,1.35,0.82,5,0,28.33
7206,T06,CR1_S3,CR1,S3,0,0.0,8.135,1.57,1.15,3.5,1,0,16.6
7207,T10,S3_D2,S3,D2,1,214.8,6.362,1.39,1.35,8.66,1,0,28.74
7208,T07,S1_D1,S1,D1,1,194.4,5.834,1.12,1.15,1.63,3,0,16.33
7209,T04,D2_S4,D2,S4,0,0.0,6.638,1.49,1.35,1.36,2,0,23.35
7210,T08,D2_S3,D2,S3,0,0.0,6.362,1.39,1.35,4.39,2,0,22.0
7211,T04,S3_D2,S3,D2,1,179.5,6.362,1.39,1.35,0.59,1,0,25.29
7212,T02,S1_CR1,S1,CR1,1,204.2,8.767,0.8,1.15,6.58,0,0,23.78
7213,T03,D1_S1,D1,S1,0,0.0,5.834,1.12,1.15,2.58,2,0,12.71
7214,T03,CR1_S1,CR1,S1,0,0.0,8.767,0.8,1.15,9.47,3,0,24.83
7215,T02,S1_CR1,S1,CR1,1,200.8,8.767,0.8,1.15,8.68,4,0,30.66
7216,T09,CR2_S6,CR2,S6,0,0.0,8.342,1.9,1.35,11.69,1,1,27.16
7217,T05,S1_CR1,S1,CR1,1,183.8,8.767,0.8,1.15,0.85,1,0,29.4
7218,T09,CR2_S4,CR2,S4,0,0.0,6.855,1.9,1.35,9.75,1,0,20.41
7219,T04,D1_S1,D1,S1,0,0.0,5.834,1.12,1.15,9.57,4,0,14.86
7220,T01,S3_CR1,S3,CR1,1,219.3,8.135,1.57,1.15,7.88,2,0,20.15
7221,T06,S3_D2,S3,D2,1,220.0,6.362,1.39,1.35,10.19,4,0,29.51
7222,T07,S3_CR2,S3,CR2,1,195.4,6.579,1.9,1.35,3.18,2,0,22.16
7223,T08,S5_CR1,S5,CR1,1,172.5,10.342,0.89,1.15,6.67,3,0,37.58
7224,T08,CR1_S5,CR1,S5,0,0.0,10.342,0.89,1.15,7.96,2,0,26.82
7225,T04,CR2_S6,CR2,S6,0,0.0,8.342,1.9,1.35,1.32,1,0,21.62
7226,T02,CR1_S1,CR1,S1,0,0.0,8.767,0.8,1.15,0.19,3,0,25.4
7227,T05,S3_CR1,S3,CR1,1,192.8,8.135,1.57,1.15,11.25,3,0,22.67
7228,T05,S5_D1,S5,D1,1,198.6,6.724,1.12,1.15,0.76,2,0,18.71
7229,T06,S4_CR2,S4,CR2,1,199.5,6.855,1.9,1.35,10.57,2,0,23.07
7230,T03,CR2_S3,CR2,S3,0,0.0,6.579,1.9,1.35,6.9,1,0,19.49
7231,T10,S2_CR1,S2,CR1,1,176.0,8.334,1.39,1.15,1.7,5,0,30.88
7232,T09,D1_S1,D1,S1,0,0.0,5.834,1.12,1.15,0.28,3,0,15.0
7233,T09,CR1_S3,CR1,S3,0,0.0,8.135,1.57,1.15,7.08,3,0,18.06
7234,T10,S2_CR1,S2,CR1,1,204.0,8.334,1.39,1.15,7.04,4,0,27.77
7235,T08,D1_S1,D1,S1,0,0.0,5.834,1.12,1.15,10.58,3,0,13.63
7236,T09,D1_S5,D1,S5,0,0.0,6.724,1.12,1.15,4.16,3,0,18.0
7237,T07,CR1_S3,CR1,S3,0,0.0,8.135,1.57,1.15,11.11,2,0,17.67
7238,T07,D1_S1,D1,S1,0,0.0,5.834,1.12,1.15,5.72,5,0,14.67
7239,T01,D1_S5,D1,S5,0,0.0,6.724,1.12,1.15,6.87,3,0,17.21
7240,T09,CR1_S5,CR1,S5,0,0.0,10.342,0.89,1.15,10.26,4,0,29.92
7241,T08,S3_CR1,S3,CR1,1,207.0,8.135,1.57,1.15,9.37,0,0,18.67
7242,T10,CR1_S2,CR1,S2,0,0.0,8.334,1.39,1.15,7.64,1,0,20.56
7243,T09,S5_D1,S5,D1,1,189.2,6.724,1.12,1.15,2.73,1,0,19.57
7244,T01,CR1_S1,CR1,S1,0,0.0,8.767,0.8,1.15,8.51,4,0,25.62
7245,T10,CR1_S3,CR1,S3,0,0.0,8.135,1.57,1.15,10.64,2,0,17.5
7246,T04,CR2_S3,CR2,S3,0,0.0,6.579,1.9,1.35,7.27,3,0,20.76
7247,T07,CR1_S1,CR1,S1,0,0.0,8.767,0.8,1.15,9.94,1,0,23.37
7248,T05,S3_D2,S3,D2,1,180.1,6.362,1.39,1.35,1.88,1,0,27.76
7249,T03,CR2_S4,CR2,S4,0,0.0,6.855,1.9,1.35,5.81,8,0,25.4
7250,T03,CR1_S2,CR1,S2,0,0.0,8.334,1.39,1.15,9.34,5,0,24.47
7251,T05,CR2_S3,CR2,S3,0,0.0,6.579,1.9,1.35,6.85,2,1,26.75
7252,T07,CR2_S4,CR2,S4,0,0.0,6.855,1.9,1.35,8.95,3,0,20.18
7253,T05,S1_CR1,S1,CR1,1,198.1,8.767,0.8,1.15,11.41,6,0,31.17
7254,T10,S4_D2,S4,D2,1,186.2,6.638,1.49,1.35,2.03,0,0,26.37
7255,T01,CR2_S6,CR2,S6,0,0.0,8.342,1.9,1.35,8.95,3,0,23.57
7256,T07,D1_S5,D1,S5,0,0.0,6.724,1.12,1.15,7.14,3,0,16.82
7257,T02,CR2_S6,CR2,S6,0,0.0,8.342,1.9,1.35,4.74,5,0,25.49
7258,T06,CR1_S5,CR1,S5,0,0.0,10.342,0.89,1.15,8.64,2,0,26.69
7259,T05,S3_D2,S3,D2,1,195.1,6.362,1.39,1.35,6.43,4,0,27.68
7260,T02,D1_S5,D1,S5,0,0.0,6.724,1.12,1.15,8.52,6,0,20.37
7261,T03,D1_S1,D1,S1,0,0.0,5.834,1.12,1.15,4.96,4,0,15.27
7262,T07,S3_CR1,S3,CR1,1,189.0,8.135,1.57,1.15,3.79,4,1,31.77
7263,T02,S6_CR2,S6,CR2,1,198.4,8.342,1.9,1.35,11.04,7,0,31.52
7264,T08,CR1_S1,CR1,S1,0,0.0,8.767,0.8,1.15,6.69,6,0,27.09
7265,T01,CR1_S1,CR1,S1,0,0.0,8.767,0.8,1.15,11.03,1,0,21.77
7266,T10,S3_D2,S3,D2,1,190.4,6.362,1.39,1.35,1.77,2,0,26.57
7267,T02,S3_CR1,S3,CR1,1,198.4,8.135,1.57,1.15,0.14,0,1,24.22
7268,T05,D2_S3,D2,S3,0,0.0,6.362,1.39,1.35,9.84,3,0,25.0
7269,T08,S2_CR1,S2,CR1,1,215.6,8.334,1.39,1.15,1.48,0,0,28.56
7270,T04,S5_CR1,S5,CR1,1,193.2,10.342,0.89,1.15,4.31,3,0,33.3
7271,T05,D2_S4,D2,S4,0,0.0,6.638,1.49,1.35,6.61,5,0,23.79
7272,T02,S3_CR1,S3,CR1,1,188.6,8.135,1.57,1.15,3.77,2,0,22.66
7273,T10,CR2_S4,CR2,S4,0,0.0,6.855,1.9,1.35,11.82,1,0,17.68
7274,T09,S5_CR1,S5,CR1,1,210.0,10.342,0.89,1.15,10.67,3,0,34.25
7275,T05,CR1_S5,CR1,S5,0,0.0,10.342,0.89,1.15,0.55,2,0,28.94
7276,T02,D1_S5,D1,S5,0,0.0,6.724,1.12,1.15,9.26,6,0,20.1
7277,T10,D1_S5,D1,S5,0,0.0,6.724,1.12,1.15,9.56,1,0,17.31
7278,T05,S2_CR1,S2,CR1,1,212.1,8.334,1.39,1.15,6.49,5,0,29.92
7279,T01,CR1_S1,CR1,S1,0,0.0,8.767,0.8,1.15,3.7,2,0,23.96
7280,T02,CR1_S1,CR1,S1,0,0.0,8.767,0.8,1.15,4.8,1,0,23.62
7281,T07,D2_S3,D2,S3,0,0.0,6.362,1.39,1.35,2.68,1,0,20.5
7282,T05,CR2_S4,CR2,S4,0,0.0,6.855,1.9,1.35,2.33,2,0,19.48
7283,T10,S5_D1,S5,D1,1,215.2,6.724,1.12,1.15,11.48,3,0,21.48
7284,T04,S5_CR1,S5,CR1,1,192.1,10.342,0.89,1.15,10.49,1,0,34.13
7285,T05,S4_CR2,S4,CR2,1,202.2,6.855,1.9,1.35,8.28,1,0,21.97
7286,T10,S3_CR2,S3,CR2,1,170.4,6.579,1.9,1.35,0.4,2,0,21.84
7287,T06,CR1_S2,CR1,S2,0,0.0,8.334,1.39,1.15,8.68,1,1,30.25
7288,T08,S4_D2,S4,D2,1,216.5,6.638,1.49,1.35,4.64,0,0,25.83
7289,T05,S5_CR1,S5,CR1,1,185.9,10.342,0.89,1.15,4.37,1,0,34.94
7290,T05,CR2_S4,CR2,S4,0,0.0,6.855,1.9,1.35,3.51,4,1,25.75
7291,T06,S1_CR1,S1,CR1,1,191.6,8.767,0.8,1.15,1.32,0,0,26.74
7292,T09,S2_CR1,S2,CR1,1,176.5,8.334,1.39,1.15,1.77,4,0,27.95
7293,T03,S6_CR2,S6,CR2,1,220.0,8.342,1.9,1.35,8.87,1,0,25.5
7294,T02,S5_D1,S5,D1,1,182.7,6.724,1.12,1.15,9.27,1,0,21.16
7295,T09,S6_CR2,S6,CR2,1,176.5,8.342,1.9,1.35,4.94,2,0,26.41
7296,T01,S1_D1,S1,D1,1,190.5,5.834,1.12,1.15,0.55,3,0,19.31
7297,T09,D2_S3,D2,S3,0,0.0,6.362,1.39,1.35,4.38,1,0,20.7
7298,T05,S5_D1,S5,D1,1,187.1,6.724,1.12,1.15,11.24,1,0,20.62
7299,T03,S4_D2,S4,D2,1,188.8,6.638,1.49,1.35,8.69,3,0,29.54
7300,T04,S5_CR1,S5,CR1,1,205.1,10.342,0.89,1.15,9.55,2,0,36.03
7301,T05,S5_D1,S5,D1,1,200.9,6.724,1.12,1.15,10.98,2,0,22.22
7302,T03,S6_CR2,S6,CR2,1,194.3,8.342,1.9,1.35,11.97,1,0,27.27
7303,T02,S1_D1,S1,D1,1,178.1,5.834,1.12,1.15,0.07,0,0,15.13
7304,T01,S6_CR2,S6,CR2,1,217.0,8.342,1.9,1.35,5.97,8,0,30.26
7305,T09,D1_S1,D1,S1,0,0.0,5.834,1.12,1.15,11.65,1,0,11.51
7306,T06,S6_CR2,S6,CR2,1,169.1,8.342,1.9,1.35,8.38,2,0,26.82
7307,T05,CR1_S3,CR1,S3,0,0.0,8.135,1.57,1.15,9.9,4,0,17.49
7308,T10,S3_CR2,S3,CR2,1,209.8,6.579,1.9,1.35,7.49,2,0,22.89
7309,T09,S5_D1,S5,D1,1,187.1,6.724,1.12,1.15,2.03,1,1,26.1
7310,T02,S4_CR2,S4,CR2,1,177.8,6.855,1.9,1.35,9.2,4,0,25.84
7311,T02,CR1_S5,CR1,S5,0,0.0,10.342,0.89,1.15,6.27,3,0,28.73
7312,T09,S3_D2,S3,D2,1,200.9,6.362,1.39,1.35,1.02,3,0,30.23
7313,T01,S4_CR2,S4,CR2,1,164.1,6.855,1.9,1.35,11.78,1,0,21.73
7314,T09,S3_CR1,S3,CR1,1,183.1,8.135,1.57,1.15,5.32,4,0,23.13
7315,T10,D2_S4,D2,S4,0,0.0,6.638,1.49,1.35,8.74,1,0,22.05
7316,T10,S3_CR2,S3,CR2,1,196.2,6.579,1.9,1.35,10.54,0,0,21.38
7317,T09,D1_S5,D1,S5,0,0.0,6.724,1.12,1.15,3.45,0,0,15.49
7318,T04,CR1_S1,CR1,S1,0,0.0,8.767,0.8,1.15,5.29,4,0,25.32
7319,T06,D1_S1,D1,S1,0,0.0,5.834,1.12,1.15,6.05,8,0,17.09
7320,T06,S3_CR1,S3,CR1,1,165.6,8.135,1.57,1.15,4.78,1,0,20.24
7321,T09,CR1_S1,CR1,S1,0,0.0,8.767,0.8,1.15,5.35,5,0,23.93
7322,T02,CR1_S5,CR1,S5,0,0.0,10.342,0.89,1.15,5.08,0,0,26.92
7323,T03,D1_S5,D1,S5,0,0.0,6.724,1.12,1.15,9.51,3,0,17.61
7324,T04,S1_D1,S1,D1,1,216.5,5.834,1.12,1.15,4.83,3,0,19.08
7325,T08,S2_CR1,S2,CR1,1,161.7,8.334,1.39,1.15,5.74,7,0,34.04
7326,T04,S1_CR1,S1,CR1,1,200.9,8.767,0.8,1.15,7.43,3,0,31.38
7327,T01,CR1_S5,CR1,S5,0,0.0,10.342,0.89,1.15,5.97,4,0,27.09
7328,T06,S1_CR1,S1,CR1,1,198.5,8.767,0.8,1.15,2.4,3,0,27.61
7329,T01,S1_CR1,S1,CR1,1,187.3,8.767,0.8,1.15,2.55,0,0,26.14
7330,T01,S1_CR1,S1,CR1,1,208.4,8.767,0.8,1.15,4.89,4,0,32.25
7331,T05,S1_D1,S1,D1,1,211.3,5.834,1.12,1.15,11.49,4,0,16.17
7332,T10,D1_S5,D1,S5,0,0.0,6.724,1.12,1.15,8.11,2,0,14.47
7333,T02,D2_S4,D2,S4,0,0.0,6.638,1.49,1.35,5.15,4,0,24.82
7334,T07,S3_CR1,S3,CR1,1,198.0,8.135,1.57,1.15,1.81,5,0,25.39
7335,T03,S6_CR2,S6,CR2,1,197.3,8.342,1.9,1.35,5.27,4,0,30.54
7336,T02,S6_CR2,S6,CR2,1,171.8,8.342,1.9,1.35,2.98,4,0,29.94
7337,T04,S3_CR2,S3,CR2,1,208.8,6.579,1.9,1.35,6.4,4,0,21.58
7338,T02,CR2_S6,CR2,S6,0,0.0,8.342,1.9,1.35,0.22,1,0,21.34
7339,T10,S5_CR1,S5,CR1,1,187.2,10.342,0.89,1.15,10.15,1,0,33.33
7340,T08,CR2_S6,CR2,S6,0,0.0,8.342,1.9,1.35,10.18,0,0,23.58
7341,T01,S6_CR2,S6,CR2,1,184.5,8.342,1.9,1.35,4.5,4,0,27.85
7342,T02,D2_S4,D2,S4,0,0.0,6.638,1.49,1.35,5.86,5,0,23.76
7343,T08,S1_CR1,S1,CR1,1,208.9,8.767,0.8,1.15,2.86,0,0,27.07
7344,T10,S1_D1,S1,D1,1,191.3,5.834,1.12,1.15,1.14,4,0,16.82
7345,T06,S6_CR2,S6,CR2,1,220.0,8.342,1.9,1.35,6.6,6,0,32.19
7346,T08,S4_D2,S4,D2,1,220.0,6.638,1.49,1.35,1.18,1,0,27.54
7347,T10,D2_S3,D2,S3,0,0.0,6.362,1.39,1.35,10.61,2,0,21.27
7348,T04,S4_D2,S4,D2,1,208.2,6.638,1.49,1.35,8.0,4,1,33.62
7349,T02,S3_CR2,S3,CR2,1,190.4,6.579,1.9,1.35,1.34,2,0,22.58
7350,T05,D2_S3,D2,S3,0,0.0,6.362,1.39,1.35,4.73,1,0,22.53
7351,T08,S4_D2,S4,D2,1,164.2,6.638,1.49,1.35,8.82,1,1,34.23
7352,T07,CR1_S3,CR1,S3,0,0.0,8.135,1.57,1.15,4.23,5,0,18.64
7353,T02,S1_D1,S1,D1,1,186.1,5.834,1.12,1.15,4.04,2,0,16.73
7354,T09,CR2_S3,CR2,S3,0,0.0,6.579,1.9,1.35,6.94,3,0,18.75
7355,T05,CR1_S2,CR1,S2,0,0.0,8.334,1.39,1.15,1.89,6,0,25.37
7356,T05,S2_CR1,S2,CR1,1,193.6,8.334,1.39,1.15,6.59,1,0,27.46
7357,T03,D1_S5,D1,S5,0,0.0,6.724,1.12,1.15,7.98,2,0,18.05
7358,T06,D1_S5,D1,S5,0,0.0,6.724,1.12,1.15,5.09,3,0,19.79
7359,T10,D1_S5,D1,S5,0,0.0,6.724,1.12,1.15,6.11,5,0,21.43
7360,T09,CR2_S4,CR2,S4,0,0.0,6.855,1.9,1.35,1.2,2,0,18.79
7361,T07,CR2_S4,CR2,S4,0,0.0,6.855,1.9,1.35,2.9,0,0,17.49
7362,T01,S3_CR2,S3,CR2,1,174.5,6.579,1.9,1.35,7.65,2,0,23.1
7363,T03,CR1_S1,CR1,S1,0,0.0,8.767,0.8,1.15,7.87,5,0,26.17
7364,T01,S6_CR2,S6,CR2,1,190.6,8.342,1.9,1.35,3.99,1,0,25.9
7365,T10,S3_CR2,S3,CR2,1,192.1,6.579,1.9,1.35,1.28,1,0,23.77
7366,T04,D1_S1,D1,S1,0,0.0,5.834,1.12,1.15,9.35,5,0,14.8
7367,T05,CR2_S4,CR2,S4,0,0.0,6.855,1.9,1.35,6.04,2,0,17.8
7368,T06,S3_CR2,S3,CR2,1,193.5,6.579,1.9,1.35,2.75,2,0,25.83
7369,T06,S1_D1,S1,D1,1,146.6,5.834,1.12,1.15,11.75,1,0,15.45
7370,T09,CR1_S2,CR1,S2,0,0.0,8.334,1.39,1.15,8.73,5,0,26.68
7371,T09,S3_D2,S3,D2,1,213.2,6.362,1.39,1.35,1.13,1,0,27.85
7372,T03,CR2_S6,CR2,S6,0,0.0,8.342,1.9,1.35,7.1,4,0,25.96
7373,T07,S5_CR1,S5,CR1,1,175.1,10.342,0.89,1.15,6.25,4,0,37.27
7374,T05,S5_CR1,S5,CR1,1,206.9,10.342,0.89,1.15,0.62,2,0,34.81
7375,T10,CR1_S1,CR1,S1,0,0.0,8.767,0.8,1.15,7.81,5,0,25.84
7376,T04,CR1_S2,CR1,S2,0,0.0,8.334,1.39,1.15,2.52,4,1,27.99
7377,T03,S5_D1,S5,D1,1,184.5,6.724,1.12,1.15,2.4,2,0,20.06
7378,T08,CR2_S4,CR2,S4,0,0.0,6.855,1.9,1.35,11.62,1,0,18.46
7379,T04,S4_CR2,S4,CR2,1,180.6,6.855,1.9,1.35,4.67,4,0,24.84
7380,T10,D1_S5,D1,S5,0,0.0,6.724,1.12,1.15,9.71,4,0,18.08
7381,T10,S1_CR1,S1,CR1,1,220.0,8.767,0.8,1.15,7.54,2,0,26.57
7382,T05,D1_S5,D1,S5,0,0.0,6.724,1.12,1.15,10.65,0,0,14.69
7383,T02,CR2_S3,CR2,S3,0,0.0,6.579,1.9,1.35,5.44,2,0,18.2
7384,T09,S2_CR1,S2,CR1,1,186.0,8.334,1.39,1.15,10.92,0,0,25.88
7385,T09,S5_D1,S5,D1,1,197.1,6.724,1.12,1.15,10.45,3,0,21.23
7386,T05,CR2_S3,CR2,S3,0,0.0,6.579,1.9,1.35,0.88,4,1,24.06
7387,T01,D2_S3,D2,S3,0,0.0,6.362,1.39,1.35,10.56,1,0,21.65
7388,T08,S2_CR1,S2,CR1,1,190.0,8.334,1.39,1.15,10.52,1,0,23.81
7389,T08,S2_CR1,S2,CR1,1,206.7,8.334,1.39,1.15,7.5,3,0,31.65
7390,T08,CR1_S1,CR1,S1,0,0.0,8.767,0.8,1.15,6.2,3,0,23.31
7391,T05,CR1_S1,CR1,S1,0,0.0,8.767,0.8,1.15,3.73,0,0,22.29
7392,T01,S4_CR2,S4,CR2,1,196.1,6.855,1.9,1.35,6.95,7,0,26.32
7393,T03,CR2_S6,CR2,S6,0,0.0,8.342,1.9,1.35,7.36,4,0,25.19
7394,T06,S3_D2,S3,D2,1,215.0,6.362,1.39,1.35,4.1,5,0,32.69
7395,T01,S6_CR2,S6,CR2,1,188.0,8.342,1.9,1.35,1.13,2,1,32.97
7396,T01,CR2_S3,CR2,S3,0,0.0,6.579,1.9,1.35,6.55,3,0,18.64
7397,T02,S1_D1,S1,D1,1,184.7,5.834,1.12,1.15,8.7,3,0,16.73
7398,T08,S5_CR1,S5,CR1,1,209.3,10.342,0.89,1.15,2.21,1,0,35.82
7399,T08,S4_D2,S4,D2,1,214.4,6.638,1.49,1.35,3.19,1,0,23.47
7400,T01,S4_D2,S4,D2,1,183.7,6.638,1.49,1.35,10.55,1,0,26.24
7401,T01,CR2_S4,CR2,S4,0,0.0,6.855,1.9,1.35,5.49,6,0,21.4
7402,T04,CR1_S3,CR1,S3,0,0.0,8.135,1.57,1.15,2.36,1,0,16.82
7403,T10,S1_CR1,S1,CR1,1,187.8,8.767,0.8,1.15,7.59,1,0,26.65
7404,T01,CR1_S1,CR1,S1,0,0.0,8.767,0.8,1.15,5.7,2,0,24.99
7405,T04,S3_CR1,S3,CR1,1,220.0,8.135,1.57,1.15,6.7,2,0,23.28
7406,T04,S5_CR1,S5,CR1,1,184.6,10.342,0.89,1.15,11.03,4,0,29.83
7407,T06,S1_D1,S1,D1,1,160.2,5.834,1.12,1.15,2.34,2,0,17.68
7408,T06,S3_CR2,S3,CR2,1,185.9,6.579,1.9,1.35,10.21,1,0,21.85
7409,T06,CR1_S5,CR1,S5,0,0.0,10.342,0.89,1.15,5.23,5,0,32.61
7410,T04,CR1_S2,CR1,S2,0,0.0,8.334,1.39,1.15,9.63,0,0,20.77
7411,T05,S2_CR1,S2,CR1,1,203.8,8.334,1.39,1.15,2.56,2,1,33.36
7412,T09,S4_CR2,S4,CR2,1,206.3,6.855,1.9,1.35,9.19,7,0,27.08
7413,T08,S4_D2,S4,D2,1,201.4,6.638,1.49,1.35,5.9,4,0,27.9
7414,T08,S4_CR2,S4,CR2,1,201.9,6.855,1.9,1.35,10.08,0,0,21.43
7415,T09,S2_CR1,S2,CR1,1,183.3,8.334,1.39,1.15,5.39,6,0,31.77
7416,T03,D1_S5,D1,S5,0,0.0,6.724,1.12,1.15,1.99,2,0,16.04
7417,T07,S3_D2,S3,D2,1,177.1,6.362,1.39,1.35,0.67,1,0,27.63
7418,T10,S5_CR1,S5,CR1,1,176.8,10.342,0.89,1.15,1.21,1,0,35.43
7419,T05,CR2_S6,CR2,S6,0,0.0,8.342,1.9,1.35,8.4,2,0,21.76
7420,T01,S6_CR2,S6,CR2,1,214.6,8.342,1.9,1.35,4.73,5,0,26.54
7421,T07,S5_D1,S5,D1,1,189.1,6.724,1.12,1.15,8.17,4,1,29.63
7422,T04,CR1_S3,CR1,S3,0,0.0,8.135,1.57,1.15,9.39,1,0,17.51
7423,T04,S2_CR1,S2,CR1,1,187.6,8.334,1.39,1.15,7.1,5,0,31.69
7424,T10,S1_CR1,S1,CR1,1,193.9,8.767,0.8,1.15,10.53,4,0,29.92
7425,T02,D2_S4,D2,S4,0,0.0,6.638,1.49,1.35,0.62,1,0,21.35
7426,T10,S3_CR1,S3,CR1,1,210.1,8.135,1.57,1.15,4.9,3,1,28.23
7427,T03,S1_CR1,S1,CR1,1,178.9,8.767,0.8,1.15,0.07,0,0,26.63
7428,T05,S3_CR1,S3,CR1,1,203.4,8.135,1.57,1.15,1.52,5,0,24.27
7429,T03,CR2_S3,CR2,S3,0,0.0,6.579,1.9,1.35,0.03,2,0,19.0
7430,T06,S1_CR1,S1,CR1,1,192.5,8.767,0.8,1.15,8.87,3,0,29.66
7431,T02,D1_S5,D1,S5,0,0.0,6.724,1.12,1.15,0.69,2,0,16.01
7432,T01,CR2_S6,CR2,S6,0,0.0,8.342,1.9,1.35,8.24,6,0,25.08
7433,T07,CR2_S4,CR2,S4,0,0.0,6.855,1.9,1.35,7.46,2,1,20.74
7434,T08,CR2_S4,CR2,S4,0,0.0,6.855,1.9,1.35,5.01,6,0,22.18
7435,T10,D2_S3,D2,S3,0,0.0,6.362,1.39,1.35,8.97,0,0,19.53
7436,T05,S1_D1,S1,D1,1,220.0,5.834,1.12,1.15,1.2,3,0,18.23
7437,T04,CR2_S6,CR2,S6,0,0.0,8.342,1.9,1.35,0.05,2,0,21.42
7438,T08,S3_CR1,S3,CR1,1,203.8,8.135,1.57,1.15,9.65,0,0,21.57
7439,T09,CR1_S5,CR1,S5,0,0.0,10.342,0.89,1.15,4.7,8,0,32.56
7440,T03,CR1_S5,CR1,S5,0,0.0,10.342,0.89,1.15,5.28,3,0,28.14
7441,T03,CR1_S1,CR1,S1,0,0.0,8.767,0.8,1.15,0.51,2,0,22.32
7442,T05,CR1_S5,CR1,S5,0,0.0,10.342,0.89,1.15,5.76,4,0,30.11
7443,T10,S5_CR1,S5,CR1,1,201.4,10.342,0.89,1.15,2.8,1,0,32.06
7444,T03,CR1_S5,CR1,S5,0,0.0,10.342,0.89,1.15,5.76,7,0,32.21
7445,T10,D2_S4,D2,S4,0,0.0,6.638,1.49,1.35,2.48,4,0,22.12
7446,T09,S4_CR2,S4,CR2,1,155.9,6.855,1.9,1.35,9.32,2,0,24.83
7447,T01,S2_CR1,S2,CR1,1,193.7,8.334,1.39,1.15,11.87,4,0,28.98
7448,T01,S3_CR2,S3,CR2,1,200.8,6.579,1.9,1.35,5.78,4,0,26.4
7449,T05,S3_D2,S3,D2,1,196.3,6.362,1.39,1.35,1.31,2,0,29.19
7450,T02,D1_S5,D1,S5,0,0.0,6.724,1.12,1.15,6.31,7,0,19.79
7451,T07,CR1_S5,CR1,S5,0,0.0,10.342,0.89,1.15,2.86,0,0,25.65
7452,T09,S1_CR1,S1,CR1,1,201.8,8.767,0.8,1.15,5.75,3,0,28.79
7453,T09,S2_CR1,S2,CR1,1,220.0,8.334,1.39,1.15,8.03,1,0,23.77
7454,T08,D2_S4,D2,S4,0,0.0,6.638,1.49,1.35,2.74,5,0,24.68
7455,T08,S1_CR1,S1,CR1,1,206.6,8.767,0.8,1.15,5.86,2,0,26.09
7456,T07,D1_S1,D1,S1,0,0.0,5.834,1.12,1.15,5.08,3,0,12.1
7457,T04,S2_CR1,S2,CR1,1,178.6,8.334,1.39,1.15,0.83,5,1,37.95
7458,T09,S3_CR1,S3,CR1,1,201.0,8.135,1.57,1.15,11.33,1,0,22.49
7459,T05,S3_D2,S3,D2,1,190.5,6.362,1.39,1.35,9.97,1,0,26.58
7460,T04,S6_CR2,S6,CR2,1,177.0,8.342,1.9,1.35,1.91,1,0,26.66
7461,T06,S6_CR2,S6,CR2,1,187.0,8.342,1.9,1.35,2.34,2,0,25.4
7462,T10,S1_CR1,S1,CR1,1,197.5,8.767,0.8,1.15,2.65,2,0,30.3
7463,T08,CR1_S3,CR1,S3,0,0.0,8.135,1.57,1.15,4.59,5,0,20.23
7464,T02,CR1_S2,CR1,S2,0,0.0,8.334,1.39,1.15,2.67,4,0,24.67
7465,T06,S4_CR2,S4,CR2,1,198.6,6.855,1.9,1.35,1.72,1,0,20.17
7466,T04,CR1_S2,CR1,S2,0,0.0,8.334,1.39,1.15,9.82,0,0,22.01
7467,T01,S5_CR1,S5,CR1,1,199.2,10.342,0.89,1.15,10.9,1,0,28.46
7468,T08,S6_CR2,S6,CR2,1,172.2,8.342,1.9,1.35,10.86,2,0,24.98
7469,T08,CR1_S5,CR1,S5,0,0.0,10.342,0.89,1.15,8.8,5,0,29.22
7470,T02,S3_D2,S3,D2,1,193.5,6.362,1.39,1.35,10.71,6,0,29.51
7471,T07,CR1_S5,CR1,S5,0,0.0,10.342,0.89,1.15,10.33,2,1,36.83
7472,T01,CR2_S4,CR2,S4,0,0.0,6.855,1.9,1.35,3.85,4,0,21.67
7473,T03,CR1_S3,CR1,S3,0,0.0,8.135,1.57,1.15,7.11,5,0,18.22
7474,T01,S3_CR2,S3,CR2,1,177.4,6.579,1.9,1.35,1.06,2,0,22.73
7475,T01,D2_S3,D2,S3,0,0.0,6.362,1.39,1.35,6.81,2,1,26.29
7476,T08,S1_CR1,S1,CR1,1,206.3,8.767,0.8,1.15,10.16,1,0,27.59
7477,T09,S5_CR1,S5,CR1,1,198.1,10.342,0.89,1.15,0.27,1,0,31.88
7478,T07,CR1_S3,CR1,S3,0,0.0,8.135,1.57,1.15,8.59,3,0,19.64
7479,T07,D1_S5,D1,S5,0,0.0,6.724,1.12,1.15,4.83,7,0,20.34
7480,T09,S1_CR1,S1,CR1,1,193.7,8.767,0.8,1.15,6.12,1,0,29.44
7481,T08,D1_S1,D1,S1,0,0.0,5.834,1.12,1.15,10.87,3,0,13.86
7482,T03,S1_D1,S1,D1,1,178.6,5.834,1.12,1.15,11.34,4,0,18.59
7483,T07,S3_CR2,S3,CR2,1,209.5,6.579,1.9,1.35,5.09,4,0,23.85
7484,T01,S5_CR1,S5,CR1,1,201.4,10.342,0.89,1.15,9.84,1,0,36.76
7485,T04,CR1_S3,CR1,S3,0,0.0,8.135,1.57,1.15,8.6,3,0,18.01
7486,T05,S5_CR1,S5,CR1,1,188.5,10.342,0.89,1.15,0.72,2,0,37.31
7487,T08,CR1_S2,CR1,S2,0,0.0,8.334,1.39,1.15,0.25,2,0,22.43
7488,T06,S1_D1,S1,D1,1,180.8,5.834,1.12,1.15,5.23,2,0,17.24
7489,T09,S4_D2,S4,D2,1,163.7,6.638,1.49,1.35,4.34,1,0,27.04
7490,T03,D2_S3,D2,S3,0,0.0,6.362,1.39,1.35,10.69,1,0,20.13
7491,T07,S1_CR1,S1,CR1,1,181.3,8.767,0.8,1.15,10.72,2,0,28.69
7492,T02,S5_D1,S5,D1,1,186.9,6.724,1.12,1.15,0.59,3,0,22.11
7493,T01,S5_D1,S5,D1,1,197.8,6.724,1.12,1.15,0.46,0,0,19.18
7494,T10,D2_S3,D2,S3,0,0.0,6.362,1.39,1.35,7.97,5,0,24.9
7495,T08,CR1_S1,CR1,S1,0,0.0,8.767,0.8,1.15,10.54,3,0,22.18
7496,T01,S1_CR1,S1,CR1,1,206.9,8.767,0.8,1.15,4.61,1,1,36.45
7497,T06,S3_CR1,S3,CR1,1,217.5,8.135,1.57,1.15,3.14,4,0,23.16
7498,T07,D1_S5,D1,S5,0,0.0,6.724,1.12,1.15,1.8,4,0,18.81
7499,T03,S1_CR1,S1,CR1,1,202.9,8.767,0.8,1.15,2.39,2,0,31.02
7500,T06,S5_D1,S5,D1,1,155.6,6.724,1.12,1.15,11.03,0,0,20.74
7501,T08,S2_CR1,S2,CR1,1,198.9,8.334,1.39,1.15,9.7,1,0,23.94
7502,T05,CR1_S5,CR1,S5,0,0.0,10.342,0.89,1.15,8.67,2,0,29.42
7503,T06,CR2_S4,CR2,S4,0,0.0,6.855,1.9,1.35,10.29,2,0,18.59
7504,T02,S3_CR2,S3,CR2,1,208.7,6.579,1.9,1.35,0.69,3,0,24.67
7505,T10,CR2_S3,CR2,S3,0,0.0,6.579,1.9,1.35,8.99,2,0,19.65
7506,T06,S2_CR1,S2,CR1,1,211.2,8.334,1.39,1.15,9.29,3,0,27.16
7507,T07,D1_S5,D1,S5,0,0.0,6.724,1.12,1.15,2.36,2,0,13.81
7508,T07,CR2_S6,CR2,S6,0,0.0,8.342,1.9,1.35,9.39,2,0,18.66
7509,T05,S5_CR1,S5,CR1,1,195.8,10.342,0.89,1.15,8.97,3,0,33.85
7510,T08,S4_CR2,S4,CR2,1,220.0,6.855,1.9,1.35,11.97,3,0,23.11
7511,T07,CR1_S5,CR1,S5,0,0.0,10.342,0.89,1.15,9.07,0,0,27.7
7512,T02,S4_D2,S4,D2,1,189.2,6.638,1.49,1.35,4.84,3,0,27.71
7513,T08,CR1_S2,CR1,S2,0,0.0,8.334,1.39,1.15,6.56,7,1,39.74
7514,T07,CR2_S4,CR2,S4,0,0.0,6.855,1.9,1.35,9.0,3,0,20.49
7515,T01,CR2_S3,CR2,S3,0,0.0,6.579,1.9,1.35,9.28,2,1,24.19
7516,T03,S5_D1,S5,D1,1,203.3,6.724,1.12,1.15,2.06,0,0,18.93
7517,T06,S3_CR1,S3,CR1,1,194.6,8.135,1.57,1.15,1.02,1,0,21.71
7518,T01,CR2_S3,CR2,S3,0,0.0,6.579,1.9,1.35,4.62,3,0,21.8
7519,T04,S1_D1,S1,D1,1,195.6,5.834,1.12,1.15,8.21,2,0,16.54
7520,T01,CR1_S5,CR1,S5,0,0.0,10.342,0.89,1.15,9.44,2,1,33.27
7521,T09,CR2_S6,CR2,S6,0,0.0,8.342,1.9,1.35,10.31,4,0,24.61
7522,T07,S6_CR2,S6,CR2,1,159.2,8.342,1.9,1.35,7.69,3,0,24.76
7523,T06,S1_CR1,S1,CR1,1,187.5,8.767,0.8,1.15,3.73,1,0,29.85
7524,T05,S1_D1,S1,D1,1,195.4,5.834,1.12,1.15,7.16,4,0,17.96
7525,T05,S6_CR2,S6,CR2,1,182.4,8.342,1.9,1.35,4.14,2,0,27.33
7526,T06,CR1_S3,CR1,S3,0,0.0,8.135,1.57,1.15,7.6,1,0,14.87
7527,T08,S4_D2,S4,D2,1,206.7,6.638,1.49,1.35,1.51,3,0,24.51
7528,T07,D2_S4,D2,S4,0,0.0,6.638,1.49,1.35,10.99,0,0,22.49
7529,T05,CR1_S5,CR1,S5,0,0.0,10.342,0.89,1.15,11.03,3,0,30.27
7530,T09,S3_D2,S3,D2,1,177.4,6.362,1.39,1.35,2.34,4,0,30.44
7531,T04,S6_CR2,S6,CR2,1,208.2,8.342,1.9,1.35,4.26,0,0,25.92
7532,T03,CR2_S3,CR2,S3,0,0.0,6.579,1.9,1.35,7.24,3,0,19.82
7533,T04,D2_S4,D2,S4,0,0.0,6.638,1.49,1.35,3.62,1,0,21.7
7534,T03,S1_D1,S1,D1,1,220.0,5.834,1.12,1.15,6.92,4,0,17.05
7535,T06,S1_CR1,S1,CR1,1,194.6,8.767,0.8,1.15,6.48,4,0,31.01
7536,T09,S4_D2,S4,D2,1,191.6,6.638,1.49,1.35,4.91,4,0,26.04
7537,T05,S4_CR2,S4,CR2,1,183.3,6.855,1.9,1.35,5.58,6,0,29.79
7538,T05,CR2_S6,CR2,S6,0,0.0,8.342,1.9,1.35,8.16,3,0,25.03
7539,T04,D1_S5,D1,S5,0,0.0,6.724,1.12,1.15,2.14,3,0,17.96
7540,T10,S3_CR1,S3,CR1,1,190.1,8.135,1.57,1.15,11.0,2,0,21.71
7541,T07,S3_D2,S3,D2,1,198.7,6.362,1.39,1.35,0.8,1,0,25.1
7542,T09,CR1_S1,CR1,S1,0,0.0,8.767,0.8,1.15,9.7,4,0,24.78
7543,T04,S6_CR2,S6,CR2,1,176.1,8.342,1.9,1.35,11.87,1,0,28.79
7544,T02,S3_CR1,S3,CR1,1,192.1,8.135,1.57,1.15,0.44,3,0,21.73
7545,T10,D1_S5,D1,S5,0,0.0,6.724,1.12,1.15,6.12,5,0,19.09
7546,T06,CR1_S1,CR1,S1,0,0.0,8.767,0.8,1.15,11.49,4,0,20.73
7547,T07,S3_D2,S3,D2,1,205.9,6.362,1.39,1.35,6.45,7,0,32.2
7548,T05,CR2_S6,CR2,S6,0,0.0,8.342,1.9,1.35,2.54,2,0,22.48
7549,T10,D1_S1,D1,S1,0,0.0,5.834,1.12,1.15,4.15,1,0,12.77
7550,T05,D1_S1,D1,S1,0,0.0,5.834,1.12,1.15,1.25,1,0,11.64
7551,T03,S3_CR1,S3,CR1,1,188.9,8.135,1.57,1.15,4.98,7,0,27.18
7552,T02,S4_D2,S4,D2,1,211.5,6.638,1.49,1.35,5.75,2,0,26.31
7553,T08,CR2_S3,CR2,S3,0,0.0,6.579,1.9,1.35,3.24,1,0,18.09
7554,T03,S1_CR1,S1,CR1,1,200.7,8.767,0.8,1.15,2.66,1,0,25.39
7555,T07,CR1_S3,CR1,S3,0,0.0,8.135,1.57,1.15,2.78,4,0,17.19
7556,T01,CR1_S3,CR1,S3,0,0.0,8.135,1.57,1.15,4.07,2,0,18.07
7557,T01,S6_CR2,S6,CR2,1,180.8,8.342,1.9,1.35,4.46,1,0,20.91
7558,T05,CR1_S1,CR1,S1,0,0.0,8.767,0.8,1.15,7.48,1,0,20.26
7559,T06,S4_CR2,S4,CR2,1,156.9,6.855,1.9,1.35,0.93,1,0,24.39
7560,T02,CR2_S4,CR2,S4,0,0.0,6.855,1.9,1.35,3.63,2,0,19.39
7561,T07,D1_S1,D1,S1,0,0.0,5.834,1.12,1.15,10.69,3,0,14.41
7562,T03,S5_D1,S5,D1,1,196.6,6.724,1.12,1.15,0.81,2,0,21.57
7563,T06,S3_CR2,S3,CR2,1,189.6,6.579,1.9,1.35,1.73,4,0,24.5
7564,T04,CR1_S2,CR1,S2,0,0.0,8.334,1.39,1.15,0.65,4,0,25.24
7565,T07,S3_CR1,S3,CR1,1,217.4,8.135,1.57,1.15,0.55,3,0,20.37
7566,T01,CR1_S2,CR1,S2,0,0.0,8.334,1.39,1.15,4.37,0,0,22.21
7567,T05,D2_S4,D2,S4,0,0.0,6.638,1.49,1.35,0.22,2,0,21.37
7568,T06,CR1_S1,CR1,S1,0,0.0,8.767,0.8,1.15,1.77,4,0,22.89
7569,T10,S3_D2,S3,D2,1,202.0,6.362,1.39,1.35,7.3,7,0,30.09
7570,T03,S3_CR2,S3,CR2,1,182.2,6.579,1.9,1.35,8.01,1,0,22.49
7571,T03,D2_S3,D2,S3,0,0.0,6.362,1.39,1.35,0.42,2,0,23.22
7572,T09,D1_S5,D1,S5,0,0.0,6.724,1.12,1.15,6.17,3,0,18.79
7573,T09,CR2_S6,CR2,S6,0,0.0,8.342,1.9,1.35,5.01,3,0,25.49
7574,T05,S2_CR1,S2,CR1,1,191.1,8.334,1.39,1.15,3.08,6,0,28.27
7575,T04,D2_S3,D2,S3,0,0.0,6.362,1.39,1.35,6.38,6,0,27.21
7576,T08,CR2_S3,CR2,S3,0,0.0,6.579,1.9,1.35,3.86,2,0,19.08
7577,T04,CR1_S1,CR1,S1,0,0.0,8.767,0.8,1.15,7.44,1,0,21.89
7578,T05,S1_CR1,S1,CR1,1,198.3,8.767,0.8,1.15,6.74,8,0,36.64
7579,T04,D2_S4,D2,S4,0,0.0,6.638,1.49,1.35,11.34,2,0,20.95
7580,T06,D2_S4,D2,S4,0,0.0,6.638,1.49,1.35,3.47,5,0,24.99
7581,T07,D1_S5,D1,S5,0,0.0,6.724,1.12,1.15,11.65,1,0,17.51
7582,T06,CR1_S1,CR1,S1,0,0.0,8.767,0.8,1.15,4.53,2,0,23.89
7583,T02,S5_CR1,S5,CR1,1,217.8,10.342,0.89,1.15,0.95,1,0,32.33
7584,T07,S5_D1,S5,D1,1,179.7,6.724,1.12,1.15,9.74,1,0,20.26
7585,T09,S6_CR2,S6,CR2,1,178.4,8.342,1.9,1.35,6.41,4,0,30.28
7586,T03,CR2_S6,CR2,S6,0,0.0,8.342,1.9,1.35,0.85,4,0,24.27
7587,T01,D1_S5,D1,S5,0,0.0,6.724,1.12,1.15,7.17,0,0,17.69
7588,T09,S1_CR1,S1,CR1,1,159.7,8.767,0.8,1.15,7.77,3,0,31.13
7589,T07,S5_CR1,S5,CR1,1,201.5,10.342,0.89,1.15,6.71,2,0,28.99
7590,T01,D2_S3,D2,S3,0,0.0,6.362,1.39,1.35,4.65,6,0,26.96
7591,T08,S4_CR2,S4,CR2,1,201.7,6.855,1.9,1.35,3.03,2,0,23.27
7592,T01,CR2_S3,CR2,S3,0,0.0,6.579,1.9,1.35,4.86,4,0,22.23
7593,T06,CR2_S6,CR2,S6,0,0.0,8.342,1.9,1.35,4.29,8,0,28.43
7594,T10,D1_S1,D1,S1,0,0.0,5.834,1.12,1.15,0.58,0,0,12.1
7595,T06,D2_S3,D2,S3,0,0.0,6.362,1.39,1.35,5.94,2,0,22.65
7596,T06,S1_CR1,S1,CR1,1,200.8,8.767,0.8,1.15,11.49,1,0,27.13
7597,T10,D1_S1,D1,S1,0,0.0,5.834,1.12,1.15,5.85,7,0,17.5
7598,T02,D2_S4,D2,S4,0,0.0,6.638,1.49,1.35,7.37,6,0,27.91
7599,T07,S5_CR1,S5,CR1,1,186.1,10.342,0.89,1.15,0.5,2,0,32.9
7600,T05,S1_D1,S1,D1,1,193.8,5.834,1.12,1.15,2.57,4,0,18.3
7601,T02,D1_S1,D1,S1,0,0.0,5.834,1.12,1.15,10.65,4,0,14.55
7602,T02,CR2_S3,CR2,S3,0,0.0,6.579,1.9,1.35,1.51,0,0,19.35
7603,T10,S3_CR2,S3,CR2,1,217.1,6.579,1.9,1.35,10.69,1,0,24.83
7604,T10,D2_S4,D2,S4,0,0.0,6.638,1.49,1.35,6.59,3,0,22.59
7605,T07,CR2_S6,CR2,S6,0,0.0,8.342,1.9,1.35,9.59,1,0,19.06
7606,T01,S4_D2,S4,D2,1,164.5,6.638,1.49,1.35,8.47,1,1,33.33
7607,T10,D1_S1,D1,S1,0,0.0,5.834,1.12,1.15,4.65,2,0,14.0
7608,T01,S4_D2,S4,D2,1,200.0,6.638,1.49,1.35,10.04,0,0,23.94
7609,T02,D2_S4,D2,S4,0,0.0,6.638,1.49,1.35,3.41,2,0,23.88
7610,T07,S6_CR2,S6,CR2,1,207.3,8.342,1.9,1.35,9.41,1,0,25.48
7611,T02,S4_CR2,S4,CR2,1,196.1,6.855,1.9,1.35,5.09,3,0,25.52
7612,T02,CR2_S3,CR2,S3,0,0.0,6.579,1.9,1.35,6.42,5,0,23.82
7613,T02,S1_CR1,S1,CR1,1,200.1,8.767,0.8,1.15,7.43,7,0,32.48
7614,T08,CR2_S4,CR2,S4,0,0.0,6.855,1.9,1.35,3.87,1,0,19.45
7615,T10,CR2_S4,CR2,S4,0,0.0,6.855,1.9,1.35,0.07,3,0,19.54
7616,T07,D2_S4,D2,S4,0,0.0,6.638,1.49,1.35,4.29,4,0,23.66
7617,T03,CR2_S4,CR2,S4,0,0.0,6.855,1.9,1.35,2.57,2,0,19.0
7618,T05,S4_CR2,S4,CR2,1,204.5,6.855,1.9,1.35,8.74,4,0,26.03
7619,T10,CR1_S5,CR1,S5,0,0.0,10.342,0.89,1.15,2.21,0,0,28.43
7620,T09,S6_CR2,S6,CR2,1,205.3,8.342,1.9,1.35,8.56,0,0,25.78
7621,T03,S3_CR1,S3,CR1,1,196.5,8.135,1.57,1.15,7.4,4,0,23.81
7622,T10,S3_CR1,S3,CR1,1,179.0,8.135,1.57,1.15,8.18,5,0,24.54
7623,T08,CR2_S4,CR2,S4,0,0.0,6.855,1.9,1.35,5.12,2,0,18.31
7624,T01,S3_D2,S3,D2,1,212.5,6.362,1.39,1.35,9.96,5,0,29.83
7625,T05,S4_CR2,S4,CR2,1,208.0,6.855,1.9,1.35,8.74,4,0,23.15
7626,T07,CR1_S1,CR1,S1,0,0.0,8.767,0.8,1.15,2.4,2,0,22.54
7627,T04,S3_CR2,S3,CR2,1,207.6,6.579,1.9,1.35,0.7,0,0,20.1
7628,T06,S4_CR2,S4,CR2,1,195.8,6.855,1.9,1.35,9.99,2,0,22.9
7629,T01,D1_S1,D1,S1,0,0.0,5.834,1.12,1.15,8.18,2,0,13.28
7630,T02,CR2_S6,CR2,S6,0,0.0,8.342,1.9,1.35,8.18,0,0,21.06
7631,T01,S3_CR2,S3,CR2,1,190.9,6.579,1.9,1.35,5.7,1,0,22.4
7632,T02,D1_S1,D1,S1,0,0.0,5.834,1.12,1.15,0.02,1,0,12.61
7633,T03,S4_CR2,S4,CR2,1,191.6,6.855,1.9,1.35,10.88,1,0,23.06
7634,T07,D1_S5,D1,S5,0,0.0,6.724,1.12,1.15,4.27,2,0,16.77
7635,T04,CR1_S2,CR1,S2,0,0.0,8.334,1.39,1.15,3.09,3,0,24.38
7636,T04,D1_S5,D1,S5,0,0.0,6.724,1.12,1.15,5.76,6,0,18.03
7637,T07,CR1_S3,CR1,S3,0,0.0,8.135,1.57,1.15,8.07,2,0,17.23
7638,T09,CR2_S4,CR2,S4,0,0.0,6.855,1.9,1.35,1.3,4,0,20.39
7639,T06,CR1_S3,CR1,S3,0,0.0,8.135,1.57,1.15,0.59,5,0,21.14
7640,T04,CR2_S4,CR2,S4,0,0.0,6.855,1.9,1.35,3.17,3,0,18.82
7641,T02,CR1_S2,CR1,S2,0,0.0,8.334,1.39,1.15,9.1,3,0,22.19
7642,T05,CR1_S3,CR1,S3,0,0.0,8.135,1.57,1.15,5.97,2,0,17.73
7643,T07,S1_CR1,S1,CR1,1,201.2,8.767,0.8,1.15,1.54,0,0,25.99
7644,T02,S5_CR1,S5,CR1,1,202.3,10.342,0.89,1.15,10.79,3,0,34.65
7645,T09,CR1_S5,CR1,S5,0,0.0,10.342,0.89,1.15,3.41,5,0,30.12
7646,T04,CR1_S3,CR1,S3,0,0.0,8.135,1.57,1.15,5.87,5,0,19.43
7647,T04,CR1_S1,CR1,S1,0,0.0,8.767,0.8,1.15,1.57,2,0,23.23
7648,T08,S1_CR1,S1,CR1,1,194.9,8.767,0.8,1.15,3.42,4,0,29.43
7649,T08,CR1_S5,CR1,S5,0,0.0,10.342,0.89,1.15,5.75,4,0,25.91
7650,T07,S2_CR1,S2,CR1,1,209.3,8.334,1.39,1.15,11.21,1,0,26.54
7651,T05,CR2_S4,CR2,S4,0,0.0,6.855,1.9,1.35,1.5,5,0,22.59
7652,T03,S3_CR1,S3,CR1,1,194.1,8.135,1.57,1.15,3.41,2,0,21.58
7653,T06,D2_S3,D2,S3,0,0.0,6.362,1.39,1.35,11.02,1,0,20.82
7654,T03,CR1_S1,CR1,S1,0,0.0,8.767,0.8,1.15,1.04,2,0,21.45
7655,T03,D2_S4,D2,S4,0,0.0,6.638,1.49,1.35,0.69,2,0,19.02
7656,T09,S1_CR1,S1,CR1,1,187.2,8.767,0.8,1.15,4.17,1,0,26.95
7657,T06,S5_CR1,S5,CR1,1,190.4,10.342,0.89,1.15,8.84,2,0,35.09
7658,T01,S1_CR1,S1,CR1,1,196.6,8.767,0.8,1.15,4.69,0,0,25.76
7659,T09,D2_S3,D2,S3,0,0.0,6.362,1.39,1.35,6.64,4,0,24.12
7660,T05,S3_CR2,S3,CR2,1,179.4,6.579,1.9,1.35,4.49,5,0,25.88
7661,T02,CR1_S3,CR1,S3,0,0.0,8.135,1.57,1.15,2.19,4,0,20.44
7662,T07,D1_S5,D1,S5,0,0.0,6.724,1.12,1.15,10.13,2,0,17.19
7663,T07,S5_D1,S5,D1,1,189.1,6.724,1.12,1.15,10.77,2,0,19.28
7664,T03,CR1_S3,CR1,S3,0,0.0,8.135,1.57,1.15,3.45,2,0,18.86
7665,T01,D1_S5,D1,S5,0,0.0,6.724,1.12,1.15,5.25,6,0,18.88
7666,T09,CR2_S6,CR2,S6,0,0.0,8.342,1.9,1.35,0.58,2,0,21.96
7667,T09,S3_D2,S3,D2,1,199.2,6.362,1.39,1.35,11.31,2,1,29.28
7668,T04,CR1_S3,CR1,S3,0,0.0,8.135,1.57,1.15,4.98,2,0,16.33
7669,T01,D2_S3,D2,S3,0,0.0,6.362,1.39,1.35,3.06,1,0,23.19
7670,T09,S5_CR1,S5,CR1,1,189.8,10.342,0.89,1.15,6.68,3,1,46.35
7671,T09,S3_CR1,S3,CR1,1,194.1,8.135,1.57,1.15,1.96,0,0,18.78
7672,T09,D1_S1,D1,S1,0,0.0,5.834,1.12,1.15,10.8,0,0,11.95
7673,T04,S5_CR1,S5,CR1,1,180.9,10.342,0.89,1.15,6.86,4,1,44.95
7674,T07,CR1_S2,CR1,S2,0,0.0,8.334,1.39,1.15,6.4,4,0,25.4
7675,T08,CR2_S3,CR2,S3,0,0.0,6.579,1.9,1.35,4.38,4,0,19.94
7676,T09,CR1_S1,CR1,S1,0,0.0,8.767,0.8,1.15,3.76,1,0,22.82
7677,T03,S5_D1,S5,D1,1,220.0,6.724,1.12,1.15,7.76,6,0,24.37
7678,T03,S3_CR1,S3,CR1,1,217.9,8.135,1.57,1.15,1.9,4,0,22.93
7679,T02,D2_S4,D2,S4,0,0.0,6.638,1.49,1.35,0.2,2,0,20.45
7680,T09,S3_D2,S3,D2,1,199.5,6.362,1.39,1.35,9.44,4,0,30.88
7681,T08,S6_CR2,S6,CR2,1,193.1,8.342,1.9,1.35,0.41,1,0,26.79
7682,T10,S5_D1,S5,D1,1,201.6,6.724,1.12,1.15,5.09,6,0,27.15
7683,T10,CR2_S4,CR2,S4,0,0.0,6.855,1.9,1.35,3.0,0,0,18.35
7684,T05,S3_CR1,S3,CR1,1,207.6,8.135,1.57,1.15,9.85,4,0,22.02
7685,T08,S1_CR1,S1,CR1,1,219.9,8.767,0.8,1.15,7.55,3,0,29.76
7686,T10,S3_D2,S3,D2,1,180.3,6.362,1.39,1.35,9.69,0,0,27.46
7687,T03,S4_D2,S4,D2,1,192.2,6.638,1.49,1.35,3.04,3,0,28.36
7688,T01,S6_CR2,S6,CR2,1,188.7,8.342,1.9,1.35,10.76,2,1,38.16
7689,T03,S3_D2,S3,D2,1,201.7,6.362,1.39,1.35,2.22,4,0,29.3
7690,T08,CR2_S3,CR2,S3,0,0.0,6.579,1.9,1.35,11.72,3,0,18.26
7691,T04,D1_S1,D1,S1,0,0.0,5.834,1.12,1.15,2.66,3,1,15.99
7692,T03,S2_CR1,S2,CR1,1,197.9,8.334,1.39,1.15,6.28,8,0,35.38
7693,T08,S5_D1,S5,D1,1,189.2,6.724,1.12,1.15,11.02,4,0,23.31
7694,T02,CR2_S4,CR2,S4,0,0.0,6.855,1.9,1.35,6.41,4,0,19.05
7695,T09,D1_S5,D1,S5,0,0.0,6.724,1.12,1.15,7.34,4,0,16.65
7696,T09,S3_CR1,S3,CR1,1,176.7,8.135,1.57,1.15,1.78,1,0,20.94
7697,T05,CR2_S4,CR2,S4,0,0.0,6.855,1.9,1.35,1.53,2,0,17.1
7698,T04,S6_CR2,S6,CR2,1,186.4,8.342,1.9,1.35,3.6,0,0,24.39
7699,T08,CR1_S5,CR1,S5,0,0.0,10.342,0.89,1.15,5.61,3,0,27.49
7700,T09,S4_CR2,S4,CR2,1,194.0,6.855,1.9,1.35,1.63,2,0,22.54
7701,T08,D2_S3,D2,S3,0,0.0,6.362,1.39,1.35,1.61,0,0,22.48
7702,T01,CR1_S3,CR1,S3,0,0.0,8.135,1.57,1.15,5.73,4,0,20.63
7703,T03,D1_S1,D1,S1,0,0.0,5.834,1.12,1.15,6.38,4,0,14.71
7704,T07,D2_S4,D2,S4,0,0.0,6.638,1.49,1.35,8.68,2,0,21.67
7705,T09,CR1_S3,CR1,S3,0,0.0,8.135,1.57,1.15,3.5,2,0,17.86
7706,T09,S5_CR1,S5,CR1,1,180.4,10.342,0.89,1.15,8.83,3,0,34.53
7707,T04,CR1_S2,CR1,S2,0,0.0,8.334,1.39,1.15,11.11,3,0,25.2
7708,T09,S1_D1,S1,D1,1,192.6,5.834,1.12,1.15,0.45,2,0,16.55
7709,T01,S1_CR1,S1,CR1,1,220.0,8.767,0.8,1.15,8.56,2,1,39.55
7710,T09,S3_CR2,S3,CR2,1,181.3,6.579,1.9,1.35,9.79,2,0,23.33
7711,T09,S1_D1,S1,D1,1,200.8,5.834,1.12,1.15,8.12,5,0,18.62
7712,T02,D2_S4,D2,S4,0,0.0,6.638,1.49,1.35,11.44,3,0,23.32
7713,T08,CR2_S4,CR2,S4,0,0.0,6.855,1.9,1.35,0.13,0,0,15.86
7714,T03,CR2_S4,CR2,S4,0,0.0,6.855,1.9,1.35,1.86,4,0,20.38
7715,T08,CR2_S3,CR2,S3,0,0.0,6.579,1.9,1.35,0.09,5,0,23.7
7716,T09,S5_CR1,S5,CR1,1,199.5,10.342,0.89,1.15,5.65,3,0,36.52
7717,T07,CR2_S3,CR2,S3,0,0.0,6.579,1.9,1.35,11.2,3,0,18.84
7718,T01,S5_D1,S5,D1,1,175.2,6.724,1.12,1.15,11.97,4,1,30.83
7719,T10,S3_CR1,S3,CR1,1,220.0,8.135,1.57,1.15,8.9,4,0,23.63
7720,T09,S3_CR1,S3,CR1,1,209.6,8.135,1.57,1.15,9.59,7,1,31.39
7721,T07,S1_D1,S1,D1,1,172.2,5.834,1.12,1.15,2.96,0,0,15.08
7722,T05,CR1_S1,CR1,S1,0,0.0,8.767,0.8,1.15,9.57,3,0,23.99
7723,T03,S1_CR1,S1,CR1,1,191.8,8.767,0.8,1.15,0.46,1,0,28.15
7724,T04,S3_CR2,S3,CR2,1,202.9,6.579,1.9,1.35,6.5,4,0,24.31
7725,T03,S3_CR2,S3,CR2,1,207.0,6.579,1.9,1.35,0.76,3,0,25.15
7726,T05,S4_CR2,S4,CR2,1,199.7,6.855,1.9,1.35,2.4,3,0,23.79
7727,T07,D1_S5,D1,S5,0,0.0,6.724,1.12,1.15,11.79,2,0,15.43
7728,T06,CR1_S5,CR1,S5,0,0.0,10.342,0.89,1.15,2.84,2,0,29.03
7729,T10,D2_S3,D2,S3,0,0.0,6.362,1.39,1.35,0.89,3,0,25.6
7730,T10,S1_CR1,S1,CR1,1,199.2,8.767,0.8,1.15,9.17,0,0,27.71
7731,T06,CR2_S6,CR2,S6,0,0.0,8.342,1.9,1.35,5.88,3,0,21.12
7732,T06,S6_CR2,S6,CR2,1,191.5,8.342,1.9,1.35,9.9,2,0,27.57
7733,T03,S4_CR2,S4,CR2,1,198.0,6.855,1.9,1.35,11.41,2,0,25.68
7734,T01,D1_S1,D1,S1,0,0.0,5.834,1.12,1.15,2.77,1,0,12.74
7735,T01,CR2_S6,CR2,S6,0,0.0,8.342,1.9,1.35,1.01,0,0,21.2
7736,T08,D1_S1,D1,S1,0,0.0,5.834,1.12,1.15,4.13,0,1,17.05
7737,T08,S1_D1,S1,D1,1,220.0,5.834,1.12,1.15,8.72,5,0,20.15
7738,T05,CR1_S3,CR1,S3,0,0.0,8.135,1.57,1.15,7.18,2,0,17.24
7739,T07,CR2_S6,CR2,S6,0,0.0,8.342,1.9,1.35,8.37,5,0,25.16
7740,T09,S3_CR2,S3,CR2,1,187.0,6.579,1.9,1.35,6.1,3,0,20.84
7741,T02,D2_S3,D2,S3,0,0.0,6.362,1.39,1.35,10.41,2,0,21.74
7742,T05,CR2_S6,CR2,S6,0,0.0,8.342,1.9,1.35,6.57,3,0,22.48
7743,T03,D1_S5,D1,S5,0,0.0,6.724,1.12,1.15,0.74,3,0,16.12
7744,T01,CR1_S5,CR1,S5,0,0.0,10.342,0.89,1.15,10.58,3,0,31.25
7745,T08,D1_S1,D1,S1,0,0.0,5.834,1.12,1.15,1.06,3,0,12.45
7746,T05,CR1_S5,CR1,S5,0,0.0,10.342,0.89,1.15,8.87,5,0,30.63
7747,T05,CR1_S3,CR1,S3,0,0.0,8.135,1.57,1.15,3.82,3,1,23.91
7748,T05,CR1_S5,CR1,S5,0,0.0,10.342,0.89,1.15,5.22,2,0,26.75
7749,T05,CR1_S5,CR1,S5,0,0.0,10.342,0.89,1.15,5.8,4,0,30.21
7750,T01,S1_D1,S1,D1,1,177.0,5.834,1.12,1.15,7.33,3,0,17.17
7751,T06,S6_CR2,S6,CR2,1,188.3,8.342,1.9,1.35,9.76,2,0,28.51
7752,T05,D1_S1,D1,S1,0,0.0,5.834,1.12,1.15,7.1,5,1,18.89
7753,T09,S3_CR1,S3,CR1,1,220.0,8.135,1.57,1.15,1.61,1,0,18.86
7754,T10,S3_D2,S3,D2,1,175.7,6.362,1.39,1.35,1.36,1,0,24.32
7755,T06,S3_CR2,S3,CR2,1,205.8,6.579,1.9,1.35,9.58,3,0,23.45
7756,T04,D1_S1,D1,S1,0,0.0,5.834,1.12,1.15,4.16,1,0,11.69
7757,T02,CR2_S3,CR2,S3,0,0.0,6.579,1.9,1.35,1.56,3,0,20.2
7758,T08,S4_CR2,S4,CR2,1,190.1,6.855,1.9,1.35,4.26,3,0,23.27
7759,T04,S5_CR1,S5,CR1,1,215.4,10.342,0.89,1.15,8.1,4,0,38.23
7760,T09,D2_S4,D2,S4,0,0.0,6.638,1.49,1.35,10.16,3,0,23.64
7761,T10,S6_CR2,S6,CR2,1,220.0,8.342,1.9,1.35,2.51,1,0,25.68
7762,T09,D1_S5,D1,S5,0,0.0,6.724,1.12,1.15,10.62,2,1,23.69
7763,T03,S1_D1,S1,D1,1,215.1,5.834,1.12,1.15,6.21,6,0,18.49
7764,T09,D1_S1,D1,S1,0,0.0,5.834,1.12,1.15,6.32,4,1,18.67
7765,T10,CR1_S2,CR1,S2,0,0.0,8.334,1.39,1.15,8.55,2,0,23.57
7766,T07,CR1_S2,CR1,S2,0,0.0,8.334,1.39,1.15,7.84,2,0,22.9
7767,T08,D1_S1,D1,S1,0,0.0,5.834,1.12,1.15,4.94,3,0,13.11
7768,T10,S2_CR1,S2,CR1,1,201.7,8.334,1.39,1.15,3.8,0,0,25.78
7769,T08,CR1_S5,CR1,S5,0,0.0,10.342,0.89,1.15,4.57,2,0,29.56
7770,T08,S6_CR2,S6,CR2,1,186.4,8.342,1.9,1.35,8.15,1,0,24.5
7771,T01,S3_CR2,S3,CR2,1,200.1,6.579,1.9,1.35,5.31,5,0,26.13
7772,T07,S5_D1,S5,D1,1,197.3,6.724,1.12,1.15,6.27,4,0,22.67
7773,T03,S1_D1,S1,D1,1,192.6,5.834,1.12,1.15,3.65,1,0,15.79
7774,T06,D1_S1,D1,S1,0,0.0,5.834,1.12,1.15,9.04,3,0,14.62
7775,T05,S1_CR1,S1,CR1,1,184.6,8.767,0.8,1.15,6.44,7,0,32.8
7776,T05,S4_CR2,S4,CR2,1,214.0,6.855,1.9,1.35,1.98,3,0,21.18
7777,T09,CR1_S2,CR1,S2,0,0.0,8.334,1.39,1.15,3.66,2,0,23.14
7778,T08,S5_D1,S5,D1,1,189.8,6.724,1.12,1.15,8.47,3,0,22.87
7779,T09,S3_D2,S3,D2,1,213.7,6.362,1.39,1.35,8.67,2,0,30.72
7780,T10,D1_S5,D1,S5,0,0.0,6.724,1.12,1.15,5.97,6,0,20.09
7781,T09,CR1_S1,CR1,S1,0,0.0,8.767,0.8,1.15,9.54,1,1,31.65
7782,T02,CR1_S3,CR1,S3,0,0.0,8.135,1.57,1.15,11.85,3,0,18.16
7783,T01,CR1_S1,CR1,S1,0,0.0,8.767,0.8,1.15,1.04,2,0,22.52
7784,T09,CR1_S3,CR1,S3,0,0.0,8.135,1.57,1.15,11.54,3,0,17.95
7785,T09,S4_D2,S4,D2,1,220.0,6.638,1.49,1.35,5.19,2,0,25.94
7786,T03,S4_CR2,S4,CR2,1,193.8,6.855,1.9,1.35,4.05,2,1,32.03
7787,T09,CR1_S5,CR1,S5,0,0.0,10.342,0.89,1.15,3.18,1,0,25.12
7788,T05,S5_CR1,S5,CR1,1,180.2,10.342,0.89,1.15,7.77,3,0,38.86
7789,T04,S4_D2,S4,D2,1,220.0,6.638,1.49,1.35,8.98,3,0,27.74
7790,T03,D2_S3,D2,S3,0,0.0,6.362,1.39,1.35,5.92,2,0,23.9
7791,T01,D1_S1,D1,S1,0,0.0,5.834,1.12,1.15,4.9,3,0,14.17
7792,T10,S5_D1,S5,D1,1,188.8,6.724,1.12,1.15,7.44,1,0,18.13
7793,T01,D2_S4,D2,S4,0,0.0,6.638,1.49,1.35,7.28,1,0,21.59
7794,T03,D2_S4,D2,S4,0,0.0,6.638,1.49,1.35,2.0,1,0,19.77
7795,T07,D2_S4,D2,S4,0,0.0,6.638,1.49,1.35,10.2,0,0,21.2
7796,T09,S5_CR1,S5,CR1,1,200.8,10.342,0.89,1.15,11.36,2,0,34.26
7797,T10,S2_CR1,S2,CR1,1,188.4,8.334,1.39,1.15,4.76,0,0,25.55
7798,T06,D2_S3,D2,S3,0,0.0,6.362,1.39,1.35,8.79,2,0,19.21
7799,T02,S1_CR1,S1,CR1,1,180.7,8.767,0.8,1.15,9.72,1,0,26.03
7800,T06,CR1_S1,CR1,S1,0,0.0,8.767,0.8,1.15,5.17,4,0,26.47
7801,T08,CR2_S6,CR2,S6,0,0.0,8.342,1.9,1.35,8.64,8,0,25.51
7802,T10,S5_CR1,S5,CR1,1,185.1,10.342,0.89,1.15,4.99,3,0,35.08
7803,T03,S5_CR1,S5,CR1,1,220.0,10.342,0.89,1.15,9.69,3,0,37.45
7804,T01,D1_S5,D1,S5,0,0.0,6.724,1.12,1.15,5.36,4,1,19.89
7805,T05,S5_CR1,S5,CR1,1,177.0,10.342,0.89,1.15,7.03,6,0,36.62
7806,T05,D2_S4,D2,S4,0,0.0,6.638,1.49,1.35,6.81,3,0,23.66
7807,T02,CR1_S5,CR1,S5,0,0.0,10.342,0.89,1.15,9.3,1,0,23.79
7808,T03,S5_D1,S5,D1,1,184.4,6.724,1.12,1.15,5.75,6,0,22.64
7809,T03,CR1_S5,CR1,S5,0,0.0,10.342,0.89,1.15,3.91,1,0,26.63
7810,T02,CR2_S4,CR2,S4,0,0.0,6.855,1.9,1.35,3.04,1,0,20.62
7811,T03,S3_CR2,S3,CR2,1,190.8,6.579,1.9,1.35,9.39,3,0,23.25
7812,T08,CR1_S3,CR1,S3,0,0.0,8.135,1.57,1.15,5.49,5,0,19.84
7813,T03,CR1_S3,CR1,S3,0,0.0,8.135,1.57,1.15,0.4,2,0,17.33
7814,T07,S3_CR1,S3,CR1,1,183.5,8.135,1.57,1.15,8.84,2,0,22.32
7815,T08,S1_CR1,S1,CR1,1,173.6,8.767,0.8,1.15,5.55,4,0,31.89
7816,T07,S2_CR1,S2,CR1,1,192.7,8.334,1.39,1.15,1.41,4,0,28.45
7817,T09,D2_S3,D2,S3,0,0.0,6.362,1.39,1.35,11.58,3,0,24.6
7818,T02,S3_CR1,S3,CR1,1,187.9,8.135,1.57,1.15,5.64,5,0,24.92
7819,T09,CR1_S2,CR1,S2,0,0.0,8.334,1.39,1.15,2.13,2,0,21.73
7820,T01,D1_S5,D1,S5,0,0.0,6.724,1.12,1.15,0.8,1,0,15.75
7821,T09,D2_S4,D2,S4,0,0.0,6.638,1.49,1.35,5.31,5,0,23.73
7822,T05,S2_CR1,S2,CR1,1,195.6,8.334,1.39,1.15,1.61,3,0,31.16
7823,T09,S3_CR2,S3,CR2,1,204.9,6.579,1.9,1.35,8.52,4,0,25.33
7824,T04,S4_CR2,S4,CR2,1,191.3,6.855,1.9,1.35,2.21,3,0,24.24
7825,T09,S6_CR2,S6,CR2,1,206.7,8.342,1.9,1.35,0.22,3,0,28.11
7826,T02,CR2_S3,CR2,S3,0,0.0,6.579,1.9,1.35,8.37,1,0,18.35
7827,T01,S5_D1,S5,D1,1,213.7,6.724,1.12,1.15,5.43,3,0,23.23
7828,T07,S3_CR1,S3,CR1,1,188.8,8.135,1.57,1.15,6.12,3,0,21.14
7829,T08,S4_CR2,S4,CR2,1,208.9,6.855,1.9,1.35,0.33,2,0,22.37
7830,T07,D2_S3,D2,S3,0,0.0,6.362,1.39,1.35,7.01,2,0,23.19
7831,T07,CR1_S1,CR1,S1,0,0.0,8.767,0.8,1.15,9.25,0,0,22.21
7832,T03,S1_D1,S1,D1,1,192.7,5.834,1.12,1.15,2.89,1,0,17.32
7833,T09,S6_CR2,S6,CR2,1,181.4,8.342,1.9,1.35,11.83,1,0,22.17
7834,T09,S3_CR2,S3,CR2,1,211.5,6.579,1.9,1.35,5.21,3,0,22.79
7835,T09,D2_S3,D2,S3,0,0.0,6.362,1.39,1.35,6.65,4,0,24.02
7836,T03,S3_CR2,S3,CR2,1,190.7,6.579,1.9,1.35,3.79,4,0,24.86
7837,T09,S1_CR1,S1,CR1,1,204.6,8.767,0.8,1.15,1.48,0,0,27.86
7838,T01,S4_D2,S4,D2,1,209.6,6.638,1.49,1.35,5.05,1,0,27.34
7839,T01,S6_CR2,S6,CR2,1,191.2,8.342,1.9,1.35,6.74,6,0,31.77
7840,T06,D1_S1,D1,S1,0,0.0,5.834,1.12,1.15,2.33,1,0,12.14
7841,T01,D1_S5,D1,S5,0,0.0,6.724,1.12,1.15,8.33,1,0,16.95
7842,T05,S3_D2,S3,D2,1,194.8,6.362,1.39,1.35,10.35,0,0,26.07
7843,T04,CR2_S3,CR2,S3,0,0.0,6.579,1.9,1.35,11.76,2,0,16.97
7844,T01,CR1_S2,CR1,S2,0,0.0,8.334,1.39,1.15,10.17,4,1,32.95
7845,T05,S3_D2,S3,D2,1,180.8,6.362,1.39,1.35,0.18,0,0,27.93
7846,T04,CR2_S6,CR2,S6,0,0.0,8.342,1.9,1.35,7.46,4,0,18.99
7847,T06,S4_CR2,S4,CR2,1,183.0,6.855,1.9,1.35,2.86,3,0,23.64
7848,T03,S3_D2,S3,D2,1,197.4,6.362,1.39,1.35,5.51,3,0,31.47
7849,T02,S2_CR1,S2,CR1,1,198.6,8.334,1.39,1.15,1.79,2,0,27.23
7850,T05,S5_D1,S5,D1,1,176.4,6.724,1.12,1.15,0.33,1,0,19.96
7851,T04,CR2_S6,CR2,S6,0,0.0,8.342,1.9,1.35,6.4,4,0,22.97
7852,T04,S4_CR2,S4,CR2,1,208.0,6.855,1.9,1.35,7.6,2,0,24.11
7853,T06,CR1_S2,CR1,S2,0,0.0,8.334,1.39,1.15,8.58,0,0,23.23
7854,T07,S3_D2,S3,D2,1,218.0,6.362,1.39,1.35,2.32,2,0,27.22
7855,T10,CR1_S3,CR1,S3,0,0.0,8.135,1.57,1.15,1.04,2,0,17.83
7856,T01,D2_S3,D2,S3,0,0.0,6.362,1.39,1.35,6.67,1,0,20.09
7857,T05,CR1_S3,CR1,S3,0,0.0,8.135,1.57,1.15,5.34,2,0,15.94
7858,T06,D2_S3,D2,S3,0,0.0,6.362,1.39,1.35,9.46,3,0,21.47
7859,T08,S4_D2,S4,D2,1,205.4,6.638,1.49,1.35,7.12,1,0,26.34
7860,T10,D2_S3,D2,S3,0,0.0,6.362,1.39,1.35,4.48,3,1,26.03
7861,T07,S5_CR1,S5,CR1,1,202.4,10.342,0.89,1.15,4.28,5,0,37.35
7862,T09,D2_S4,D2,S4,0,0.0,6.638,1.49,1.35,1.78,5,0,26.45
7863,T08,S6_CR2,S6,CR2,1,188.5,8.342,1.9,1.35,3.76,4,1,35.87
7864,T03,S5_CR1,S5,CR1,1,199.3,10.342,0.89,1.15,9.35,1,0,34.71
7865,T09,S5_D1,S5,D1,1,173.4,6.724,1.12,1.15,11.54,3,0,21.25
7866,T10,CR2_S4,CR2,S4,0,0.0,6.855,1.9,1.35,10.01,1,0,18.7
7867,T03,S6_CR2,S6,CR2,1,183.6,8.342,1.9,1.35,1.42,0,0,25.23
7868,T05,D2_S3,D2,S3,0,0.0,6.362,1.39,1.35,9.5,1,0,19.89
7869,T07,S2_CR1,S2,CR1,1,211.0,8.334,1.39,1.15,4.41,4,0,29.7
7870,T03,S3_CR1,S3,CR1,1,220.0,8.135,1.57,1.15,8.45,1,0,18.89
7871,T01,D1_S5,D1,S5,0,0.0,6.724,1.12,1.15,11.17,2,0,17.02
7872,T02,D1_S5,D1,S5,0,0.0,6.724,1.12,1.15,8.55,2,0,15.21
7873,T08,S1_CR1,S1,CR1,1,177.9,8.767,0.8,1.15,3.22,2,1,40.19
7874,T02,CR2_S4,CR2,S4,0,0.0,6.855,1.9,1.35,10.44,1,0,18.86
7875,T09,CR2_S3,CR2,S3,0,0.0,6.579,1.9,1.35,10.2,2,0,18.08
7876,T09,CR2_S3,CR2,S3,0,0.0,6.579,1.9,1.35,9.11,2,0,18.0
7877,T01,S5_CR1,S5,CR1,1,208.8,10.342,0.89,1.15,4.08,3,0,34.21
7878,T01,S3_CR2,S3,CR2,1,182.6,6.579,1.9,1.35,11.25,0,0,21.92
7879,T02,CR2_S3,CR2,S3,0,0.0,6.579,1.9,1.35,2.39,3,0,22.03
7880,T04,S4_D2,S4,D2,1,204.9,6.638,1.49,1.35,0.39,3,0,27.51
7881,T03,D1_S1,D1,S1,0,0.0,5.834,1.12,1.15,7.97,6,0,17.74
7882,T10,S3_CR2,S3,CR2,1,186.0,6.579,1.9,1.35,11.46,4,0,23.74
7883,T02,CR1_S5,CR1,S5,0,0.0,10.342,0.89,1.15,9.52,2,0,28.09
7884,T01,CR2_S6,CR2,S6,0,0.0,8.342,1.9,1.35,6.93,2,0,22.48
7885,T04,CR2_S3,CR2,S3,0,0.0,6.579,1.9,1.35,5.72,5,0,24.46
7886,T09,S5_CR1,S5,CR1,1,179.1,10.342,0.89,1.15,0.82,2,0,30.76
7887,T06,S6_CR2,S6,CR2,1,182.4,8.342,1.9,1.35,2.03,3,1,33.73
7888,T07,D2_S4,D2,S4,0,0.0,6.638,1.49,1.35,10.15,1,0,20.38
7889,T09,CR1_S1,CR1,S1,0,0.0,8.767,0.8,1.15,3.3,2,0,22.53
7890,T10,D2_S4,D2,S4,0,0.0,6.638,1.49,1.35,6.02,5,0,24.93
7891,T09,CR2_S4,CR2,S4,0,0.0,6.855,1.9,1.35,5.91,3,0,20.02
7892,T06,S5_CR1,S5,CR1,1,205.3,10.342,0.89,1.15,4.38,4,0,36.18
7893,T09,D1_S1,D1,S1,0,0.0,5.834,1.12,1.15,8.63,2,0,14.45
7894,T01,D2_S4,D2,S4,0,0.0,6.638,1.49,1.35,2.24,3,0,23.19
7895,T09,S5_D1,S5,D1,1,193.3,6.724,1.12,1.15,4.37,4,0,23.42
7896,T02,S1_D1,S1,D1,1,186.0,5.834,1.12,1.15,3.85,3,0,17.94
7897,T03,S5_CR1,S5,CR1,1,220.0,10.342,0.89,1.15,0.72,2,0,32.67
7898,T03,S5_CR1,S5,CR1,1,183.6,10.342,0.89,1.15,9.82,5,0,38.99
7899,T07,CR2_S4,CR2,S4,0,0.0,6.855,1.9,1.35,0.97,0,1,22.51
7900,T04,CR2_S6,CR2,S6,0,0.0,8.342,1.9,1.35,0.06,2,0,20.35
7901,T08,CR1_S2,CR1,S2,0,0.0,8.334,1.39,1.15,4.56,3,0,24.44
7902,T10,CR2_S4,CR2,S4,0,0.0,6.855,1.9,1.35,0.72,3,0,19.03
7903,T09,D2_S3,D2,S3,0,0.0,6.362,1.39,1.35,6.19,7,0,26.63
7904,T05,S4_CR2,S4,CR2,1,185.4,6.855,1.9,1.35,1.57,2,0,24.2
7905,T02,S3_CR2,S3,CR2,1,199.2,6.579,1.9,1.35,11.57,3,0,27.05
7906,T03,CR1_S1,CR1,S1,0,0.0,8.767,0.8,1.15,9.04,3,0,23.87
7907,T06,CR1_S3,CR1,S3,0,0.0,8.135,1.57,1.15,8.44,2,0,16.79
7908,T04,CR2_S3,CR2,S3,0,0.0,6.579,1.9,1.35,9.91,0,0,17.03
7909,T08,CR2_S3,CR2,S3,0,0.0,6.579,1.9,1.35,1.65,2,0,20.04
7910,T02,D2_S4,D2,S4,0,0.0,6.638,1.49,1.35,3.98,3,0,24.45
7911,T05,CR2_S3,CR2,S3,0,0.0,6.579,1.9,1.35,3.92,2,0,19.91
7912,T03,CR2_S3,CR2,S3,0,0.0,6.579,1.9,1.35,4.0,4,0,19.36
7913,T07,CR1_S2,CR1,S2,0,0.0,8.334,1.39,1.15,9.8,1,0,21.84
7914,T08,D1_S5,D1,S5,0,0.0,6.724,1.12,1.15,10.98,2,0,18.12
7915,T09,S3_CR1,S3,CR1,1,199.9,8.135,1.57,1.15,10.1,1,0,21.2
7916,T08,S5_D1,S5,D1,1,183.3,6.724,1.12,1.15,10.47,3,0,19.28
7917,T10,S5_CR1,S5,CR1,1,207.0,10.342,0.89,1.15,9.59,0,0,34.85
7918,T08,CR2_S6,CR2,S6,0,0.0,8.342,1.9,1.35,4.78,4,1,31.93
7919,T06,S5_CR1,S5,CR1,1,213.3,10.342,0.89,1.15,5.13,3,0,38.27
7920,T09,S1_D1,S1,D1,1,219.1,5.834,1.12,1.15,1.48,3,0,17.08
7921,T02,CR2_S4,CR2,S4,0,0.0,6.855,1.9,1.35,10.47,2,0,19.93
7922,T02,S1_D1,S1,D1,1,185.3,5.834,1.12,1.15,3.12,1,1,19.3
7923,T01,S2_CR1,S2,CR1,1,192.6,8.334,1.39,1.15,11.43,2,0,29.65
7924,T06,S6_CR2,S6,CR2,1,202.9,8.342,1.9,1.35,9.01,2,0,27.43
7925,T06,S1_D1,S1,D1,1,194.8,5.834,1.12,1.15,6.42,3,0,15.2
7926,T09,CR2_S6,CR2,S6,0,0.0,8.342,1.9,1.35,9.86,1,0,20.85
7927,T04,D2_S3,D2,S3,0,0.0,6.362,1.39,1.35,3.58,1,0,21.98
7928,T02,CR2_S6,CR2,S6,0,0.0,8.342,1.9,1.35,11.44,4,0,26.12
7929,T02,CR2_S6,CR2,S6,0,0.0,8.342,1.9,1.35,5.29,5,0,25.57
7930,T06,S3_D2,S3,D2,1,215.9,6.362,1.39,1.35,0.88,3,0,29.21
7931,T01,CR1_S5,CR1,S5,0,0.0,10.342,0.89,1.15,4.05,4,0,29.64
7932,T07,S4_CR2,S4,CR2,1,188.9,6.855,1.9,1.35,7.08,7,0,26.14
7933,T03,S2_CR1,S2,CR1,1,185.1,8.334,1.39,1.15,7.47,6,0,32.6
7934,T10,S1_D1,S1,D1,1,213.1,5.834,1.12,1.15,6.55,1,1,18.86
7935,T01,CR2_S6,CR2,S6,0,0.0,8.342,1.9,1.35,0.06,2,0,23.07
7936,T10,D2_S4,D2,S4,0,0.0,6.638,1.49,1.35,4.13,1,0,21.66
7937,T06,S1_CR1,S1,CR1,1,187.7,8.767,0.8,1.15,8.22,2,0,26.75
7938,T08,S5_D1,S5,D1,1,178.2,6.724,1.12,1.15,10.18,2,0,20.26
7939,T08,CR1_S1,CR1,S1,0,0.0,8.767,0.8,1.15,5.23,3,0,22.78
7940,T06,S1_D1,S1,D1,1,213.2,5.834,1.12,1.15,10.52,1,0,15.51
7941,T02,CR1_S1,CR1,S1,0,0.0,8.767,0.8,1.15,9.28,0,0,20.51
7942,T09,S3_D2,S3,D2,1,220.0,6.362,1.39,1.35,10.36,2,0,27.28
7943,T01,S4_CR2,S4,CR2,1,154.6,6.855,1.9,1.35,10.99,4,1,31.0
7944,T10,D2_S4,D2,S4,0,0.0,6.638,1.49,1.35,3.76,2,0,24.59
7945,T07,S2_CR1,S2,CR1,1,201.2,8.334,1.39,1.15,7.32,4,0,28.68
7946,T05,CR2_S6,CR2,S6,0,0.0,8.342,1.9,1.35,9.86,0,0,20.88
7947,T07,S6_CR2,S6,CR2,1,184.5,8.342,1.9,1.35,6.94,4,0,27.77
7948,T09,S6_CR2,S6,CR2,1,174.0,8.342,1.9,1.35,11.1,4,0,28.99
7949,T01,CR1_S3,CR1,S3,0,0.0,8.135,1.57,1.15,1.81,3,0,17.86
7950,T06,S1_CR1,S1,CR1,1,182.2,8.767,0.8,1.15,5.11,7,0,31.48
7951,T07,CR1_S1,CR1,S1,0,0.0,8.767,0.8,1.15,7.55,2,0,24.78
7952,T10,CR1_S3,CR1,S3,0,0.0,8.135,1.57,1.15,2.52,1,0,15.42
7953,T02,CR2_S4,CR2,S4,0,0.0,6.855,1.9,1.35,5.39,1,0,17.74
7954,T09,S4_CR2,S4,CR2,1,208.3,6.855,1.9,1.35,4.38,0,0,22.68
7955,T06,S5_CR1,S5,CR1,1,210.8,10.342,0.89,1.15,4.39,1,0,34.29
7956,T10,D1_S5,D1,S5,0,0.0,6.724,1.12,1.15,3.91,2,0,17.62
7957,T09,D2_S4,D2,S4,0,0.0,6.638,1.49,1.35,1.19,1,0,20.63
7958,T05,S1_D1,S1,D1,1,189.1,5.834,1.12,1.15,11.18,3,0,16.38
7959,T03,S5_D1,S5,D1,1,173.4,6.724,1.12,1.15,10.63,3,0,21.59
7960,T03,D2_S3,D2,S3,0,0.0,6.362,1.39,1.35,10.56,3,0,21.72
7961,T09,CR2_S4,CR2,S4,0,0.0,6.855,1.9,1.35,11.79,2,0,16.55
7962,T02,S1_CR1,S1,CR1,1,188.2,8.767,0.8,1.15,10.11,0,0,26.74
7963,T05,S1_D1,S1,D1,1,195.6,5.834,1.12,1.15,7.35,3,0,16.68
7964,T04,S1_CR1,S1,CR1,1,176.3,8.767,0.8,1.15,8.27,6,0,35.38
7965,T09,S4_CR2,S4,CR2,1,156.3,6.855,1.9,1.35,10.88,1,0,22.64
7966,T04,S1_D1,S1,D1,1,202.3,5.834,1.12,1.15,0.85,1,0,14.07
7967,T10,D1_S1,D1,S1,0,0.0,5.834,1.12,1.15,4.34,6,0,13.76
7968,T07,D1_S1,D1,S1,0,0.0,5.834,1.12,1.15,1.36,3,0,14.4
7969,T03,CR2_S6,CR2,S6,0,0.0,8.342,1.9,1.35,11.5,2,0,22.58
7970,T09,S1_CR1,S1,CR1,1,180.3,8.767,0.8,1.15,3.69,2,0,30.06
7971,T08,CR2_S6,CR2,S6,0,0.0,8.342,1.9,1.35,2.47,2,0,19.99
7972,T09,CR2_S3,CR2,S3,0,0.0,6.579,1.9,1.35,2.81,0,0,17.32
7973,T01,S3_CR2,S3,CR2,1,181.1,6.579,1.9,1.35,9.36,2,0,23.44
7974,T02,S1_D1,S1,D1,1,179.5,5.834,1.12,1.15,8.64,3,0,18.39
7975,T08,D2_S3,D2,S3,0,0.0,6.362,1.39,1.35,6.01,4,0,24.79
7976,T10,CR2_S3,CR2,S3,0,0.0,6.579,1.9,1.35,11.42,1,0,16.48
7977,T03,CR2_S6,CR2,S6,0,0.0,8.342,1.9,1.35,11.21,3,0,21.38
7978,T06,S6_CR2,S6,CR2,1,169.7,8.342,1.9,1.35,4.78,2,0,26.05
7979,T03,S3_D2,S3,D2,1,203.6,6.362,1.39,1.35,3.52,0,0,25.74
7980,T08,CR1_S5,CR1,S5,0,0.0,10.342,0.89,1.15,5.94,4,0,31.66
7981,T08,S1_CR1,S1,CR1,1,185.0,8.767,0.8,1.15,3.32,6,0,32.36
7982,T08,CR1_S3,CR1,S3,0,0.0,8.135,1.57,1.15,0.71,3,0,18.17
7983,T01,D2_S4,D2,S4,0,0.0,6.638,1.49,1.35,10.2,1,0,20.26
7984,T08,D2_S3,D2,S3,0,0.0,6.362,1.39,1.35,1.3,4,0,24.31
7985,T06,CR2_S6,CR2,S6,0,0.0,8.342,1.9,1.35,7.95,6,0,24.97
7986,T04,S4_D2,S4,D2,1,167.1,6.638,1.49,1.35,11.43,3,0,26.28
7987,T02,S1_D1,S1,D1,1,204.3,5.834,1.12,1.15,9.24,2,0,16.68
7988,T09,D1_S1,D1,S1,0,0.0,5.834,1.12,1.15,6.89,4,0,15.37
7989,T07,S5_D1,S5,D1,1,200.6,6.724,1.12,1.15,10.3,1,0,19.7
7990,T01,S1_D1,S1,D1,1,204.4,5.834,1.12,1.15,11.44,2,0,16.95
7991,T06,S5_D1,S5,D1,1,176.0,6.724,1.12,1.15,9.58,5,0,22.79
7992,T05,CR2_S4,CR2,S4,0,0.0,6.855,1.9,1.35,0.06,2,0,20.65
7993,T09,D1_S5,D1,S5,0,0.0,6.724,1.12,1.15,0.23,2,0,16.78
7994,T02,CR2_S4,CR2,S4,0,0.0,6.855,1.9,1.35,7.42,6,1,30.5
7995,T07,D1_S1,D1,S1,0,0.0,5.834,1.12,1.15,10.03,0,1,15.72
7996,T04,S1_D1,S1,D1,1,197.3,5.834,1.12,1.15,7.73,2,0,17.07
7997,T02,D2_S3,D2,S3,0,0.0,6.362,1.39,1.35,5.68,7,0,28.7
7998,T09,D2_S3,D2,S3,0,0.0,6.362,1.39,1.35,7.34,5,1,29.08
7999,T09,CR2_S3,CR2,S3,0,0.0,6.579,1.9,1.35,1.39,5,0,21.39
8000,T02,D2_S4,D2,S4,0,0.0,6.638,1.49,1.35,9.34,2,0,21.46
8001,T09,S3_D2,S3,D2,1,211.9,6.362,1.39,1.35,4.89,3,0,29.34
8002,T10,S6_CR2,S6,CR2,1,220.0,8.342,1.9,1.35,9.19,2,0,26.54
8003,T06,CR1_S5,CR1,S5,0,0.0,10.342,0.89,1.15,1.53,2,0,28.87
8004,T03,CR1_S3,CR1,S3,0,0.0,8.135,1.57,1.15,9.76,5,0,19.58
8005,T10,CR2_S6,CR2,S6,0,0.0,8.342,1.9,1.35,10.9,2,0,22.72
8006,T07,S4_D2,S4,D2,1,210.8,6.638,1.49,1.35,6.14,0,0,23.56
8007,T03,CR1_S2,CR1,S2,0,0.0,8.334,1.39,1.15,9.21,1,0,23.62
8008,T05,D2_S4,D2,S4,0,0.0,6.638,1.49,1.35,6.04,3,0,20.13
8009,T10,S4_CR2,S4,CR2,1,188.1,6.855,1.9,1.35,2.74,4,0,24.27
8010,T08,S1_CR1,S1,CR1,1,204.0,8.767,0.8,1.15,11.63,4,0,29.18
8011,T08,S1_CR1,S1,CR1,1,187.9,8.767,0.8,1.15,9.49,4,0,27.01
8012,T04,S3_CR1,S3,CR1,1,199.3,8.135,1.57,1.15,9.82,0,0,20.94
8013,T06,S1_CR1,S1,CR1,1,197.2,8.767,0.8,1.15,10.19,2,0,30.63
8014,T06,CR2_S3,CR2,S3,0,0.0,6.579,1.9,1.35,2.51,2,0,18.13
8015,T10,S6_CR2,S6,CR2,1,192.5,8.342,1.9,1.35,0.23,3,1,36.28
8016,T07,S5_CR1,S5,CR1,1,204.4,10.342,0.89,1.15,4.73,5,0,34.06
8017,T08,CR2_S4,CR2,S4,0,0.0,6.855,1.9,1.35,0.1,2,0,18.52
8018,T09,D2_S4,D2,S4,0,0.0,6.638,1.49,1.35,5.25,4,0,23.71
8019,T06,CR2_S3,CR2,S3,0,0.0,6.579,1.9,1.35,5.52,5,0,20.02
8020,T05,S4_D2,S4,D2,1,200.6,6.638,1.49,1.35,9.73,3,0,27.45
8021,T09,S3_CR1,S3,CR1,1,157.5,8.135,1.57,1.15,2.85,1,0,21.88
8022,T01,CR2_S6,CR2,S6,0,0.0,8.342,1.9,1.35,10.68,2,0,23.75
8023,T01,S4_D2,S4,D2,1,202.1,6.638,1.49,1.35,8.82,2,0,26.58
8024,T09,S5_CR1,S5,CR1,1,196.8,10.342,0.89,1.15,2.75,3,0,35.79
8025,T01,S1_CR1,S1,CR1,1,172.8,8.767,0.8,1.15,4.87,4,0,31.53
8026,T04,CR2_S6,CR2,S6,0,0.0,8.342,1.9,1.35,9.29,2,0,22.58
8027,T06,S5_D1,S5,D1,1,182.7,6.724,1.12,1.15,1.33,1,0,19.17
8028,T06,S3_CR1,S3,CR1,1,214.7,8.135,1.57,1.15,7.26,4,0,24.03
8029,T06,CR1_S2,CR1,S2,0,0.0,8.334,1.39,1.15,4.37,3,0,24.64
8030,T07,CR1_S3,CR1,S3,0,0.0,8.135,1.57,1.15,6.07,4,1,27.99
8031,T09,D1_S5,D1,S5,0,0.0,6.724,1.12,1.15,3.21,1,0,15.7
8032,T07,CR1_S1,CR1,S1,0,0.0,8.767,0.8,1.15,9.57,1,0,22.8
8033,T03,D1_S5,D1,S5,0,0.0,6.724,1.12,1.15,7.79,1,0,16.77
8034,T09,S6_CR2,S6,CR2,1,210.4,8.342,1.9,1.35,8.04,3,0,28.68
8035,T05,S5_D1,S5,D1,1,198.5,6.724,1.12,1.15,7.7,0,0,21.04
8036,T09,S5_D1,S5,D1,1,165.0,6.724,1.12,1.15,8.03,2,0,21.26
8037,T03,S1_CR1,S1,CR1,1,189.9,8.767,0.8,1.15,6.66,3,0,32.06
8038,T07,S1_CR1,S1,CR1,1,180.6,8.767,0.8,1.15,9.62,3,1,39.48
8039,T10,CR1_S2,CR1,S2,0,0.0,8.334,1.39,1.15,7.67,2,0,22.76
8040,T06,D2_S3,D2,S3,0,0.0,6.362,1.39,1.35,7.33,2,1,25.84
8041,T03,S5_CR1,S5,CR1,1,192.3,10.342,0.89,1.15,10.87,1,0,38.22
8042,T09,CR1_S2,CR1,S2,0,0.0,8.334,1.39,1.15,1.13,3,0,20.64
8043,T07,D1_S1,D1,S1,0,0.0,5.834,1.12,1.15,11.87,3,0,13.4
8044,T10,CR2_S4,CR2,S4,0,0.0,6.855,1.9,1.35,0.22,1,0,18.6
8045,T02,S3_CR2,S3,CR2,1,176.8,6.579,1.9,1.35,4.56,4,0,23.66
8046,T09,CR1_S5,CR1,S5,0,0.0,10.342,0.89,1.15,6.67,3,0,29.16
8047,T05,S2_CR1,S2,CR1,1,171.9,8.334,1.39,1.15,11.31,1,0,30.51
8048,T01,S1_CR1,S1,CR1,1,203.8,8.767,0.8,1.15,8.64,2,1,31.67
8049,T04,CR2_S6,CR2,S6,0,0.0,8.342,1.9,1.35,2.56,2,0,21.76
8050,T04,CR2_S6,CR2,S6,0,0.0,8.342,1.9,1.35,4.38,4,0,24.13
8051,T09,CR2_S4,CR2,S4,0,0.0,6.855,1.9,1.35,7.25,2,0,18.59
8052,T07,CR2_S4,CR2,S4,0,0.0,6.855,1.9,1.35,1.34,1,1,21.59
8053,T10,S3_CR2,S3,CR2,1,200.0,6.579,1.9,1.35,1.39,0,0,20.17
8054,T06,S4_D2,S4,D2,1,209.6,6.638,1.49,1.35,4.56,3,0,27.63
8055,T06,CR2_S6,CR2,S6,0,0.0,8.342,1.9,1.35,4.8,2,0,20.95
8056,T03,S3_D2,S3,D2,1,204.5,6.362,1.39,1.35,7.92,3,0,26.93
8057,T02,S6_CR2,S6,CR2,1,209.4,8.342,1.9,1.35,3.34,1,0,28.93
8058,T07,S6_CR2,S6,CR2,1,195.1,8.342,1.9,1.35,4.13,3,0,27.9
8059,T03,CR1_S1,CR1,S1,0,0.0,8.767,0.8,1.15,7.39,5,0,25.45
8060,T02,S3_CR2,S3,CR2,1,207.8,6.579,1.9,1.35,11.13,2,0,22.71
8061,T08,S3_CR2,S3,CR2,1,194.2,6.579,1.9,1.35,3.49,3,1,31.59
8062,T04,S5_CR1,S5,CR1,1,199.8,10.342,0.89,1.15,1.44,4,0,40.44
8063,T09,S4_D2,S4,D2,1,205.8,6.638,1.49,1.35,2.82,2,0,29.41
8064,T07,S5_D1,S5,D1,1,178.0,6.724,1.12,1.15,6.35,6,0,24.39
8065,T05,D2_S4,D2,S4,0,0.0,6.638,1.49,1.35,3.7,2,0,22.62
8066,T03,D2_S4,D2,S4,0,0.0,6.638,1.49,1.35,2.27,0,0,20.68
8067,T01,D2_S4,D2,S4,0,0.0,6.638,1.49,1.35,6.77,2,0,21.6
8068,T05,D1_S5,D1,S5,0,0.0,6.724,1.12,1.15,10.55,3,0,17.87
8069,T01,S1_D1,S1,D1,1,179.1,5.834,1.12,1.15,11.27,1,0,14.21
8070,T03,CR1_S5,CR1,S5,0,0.0,10.342,0.89,1.15,4.38,2,0,26.36
8071,T08,S3_D2,S3,D2,1,187.2,6.362,1.39,1.35,1.56,1,0,30.48
8072,T03,S5_D1,S5,D1,1,185.6,6.724,1.12,1.15,5.86,2,0,21.14
8073,T05,S2_CR1,S2,CR1,1,210.4,8.334,1.39,1.15,1.75,4,0,30.58
8074,T01,CR1_S1,CR1,S1,0,0.0,8.767,0.8,1.15,2.54,0,0,20.2
8075,T04,S4_CR2,S4,CR2,1,191.6,6.855,1.9,1.35,7.74,1,0,21.97
8076,T05,D2_S4,D2,S4,0,0.0,6.638,1.49,1.35,4.59,6,0,24.5
8077,T01,CR1_S3,CR1,S3,0,0.0,8.135,1.57,1.15,11.46,2,0,18.31
8078,T08,S5_CR1,S5,CR1,1,176.8,10.342,0.89,1.15,1.61,0,0,29.44
8079,T07,S1_CR1,S1,CR1,1,183.9,8.767,0.8,1.15,10.46,4,0,30.33
8080,T10,S1_CR1,S1,CR1,1,196.6,8.767,0.8,1.15,2.22,0,0,27.97
8081,T02,CR1_S1,CR1,S1,0,0.0,8.767,0.8,1.15,0.35,2,0,22.26
8082,T10,CR1_S2,CR1,S2,0,0.0,8.334,1.39,1.15,6.0,3,0,25.92
8083,T05,S3_D2,S3,D2,1,203.7,6.362,1.39,1.35,2.2,2,0,24.75
8084,T09,D1_S1,D1,S1,0,0.0,5.834,1.12,1.15,6.74,3,0,13.14
8085,T01,S2_CR1,S2,CR1,1,193.9,8.334,1.39,1.15,3.7,2,0,26.71
8086,T07,S1_CR1,S1,CR1,1,205.7,8.767,0.8,1.15,0.52,2,0,30.03
8087,T02,D2_S4,D2,S4,0,0.0,6.638,1.49,1.35,3.67,2,0,24.29
8088,T01,S5_D1,S5,D1,1,209.3,6.724,1.12,1.15,4.54,6,0,22.39
8089,T10,CR1_S3,CR1,S3,0,0.0,8.135,1.57,1.15,1.47,3,0,19.01
8090,T10,S1_D1,S1,D1,1,220.0,5.834,1.12,1.15,4.73,2,0,16.79
8091,T02,D1_S1,D1,S1,0,0.0,5.834,1.12,1.15,11.02,1,0,12.42
8092,T09,CR1_S3,CR1,S3,0,0.0,8.135,1.57,1.15,11.45,1,0,16.12
8093,T04,D2_S4,D2,S4,0,0.0,6.638,1.49,1.35,1.81,1,0,19.72
8094,T10,S3_D2,S3,D2,1,176.3,6.362,1.39,1.35,9.13,1,0,25.33
8095,T04,CR1_S1,CR1,S1,0,0.0,8.767,0.8,1.15,1.21,1,0,22.07
8096,T08,CR1_S1,CR1,S1,0,0.0,8.767,0.8,1.15,6.23,4,0,24.63
8097,T07,CR2_S4,CR2,S4,0,0.0,6.855,1.9,1.35,11.86,2,0,19.88
8098,T03,CR1_S5,CR1,S5,0,0.0,10.342,0.89,1.15,5.54,5,0,28.5
8099,T10,D2_S3,D2,S3,0,0.0,6.362,1.39,1.35,11.93,2,0,23.13
8100,T07,CR1_S3,CR1,S3,0,0.0,8.135,1.57,1.15,3.21,3,0,19.73
8101,T07,D2_S4,D2,S4,0,0.0,6.638,1.49,1.35,1.12,1,0,21.93
8102,T04,D2_S3,D2,S3,0,0.0,6.362,1.39,1.35,9.59,1,0,18.91
8103,T02,S3_D2,S3,D2,1,202.5,6.362,1.39,1.35,8.09,2,0,27.09
8104,T02,D2_S3,D2,S3,0,0.0,6.362,1.39,1.35,2.3,0,0,20.47
8105,T01,D1_S1,D1,S1,0,0.0,5.834,1.12,1.15,9.41,5,0,16.29
8106,T10,S5_D1,S5,D1,1,206.1,6.724,1.12,1.15,4.06,1,0,19.26
8107,T07,S1_CR1,S1,CR1,1,213.4,8.767,0.8,1.15,1.66,1,0,28.01
8108,T10,S6_CR2,S6,CR2,1,220.0,8.342,1.9,1.35,2.78,1,0,27.81
8109,T08,S2_CR1,S2,CR1,1,179.6,8.334,1.39,1.15,0.49,5,0,29.25
8110,T03,S3_CR2,S3,CR2,1,166.2,6.579,1.9,1.35,10.15,2,0,23.8
8111,T09,CR2_S4,CR2,S4,0,0.0,6.855,1.9,1.35,9.64,2,0,19.84
8112,T06,S5_D1,S5,D1,1,169.5,6.724,1.12,1.15,1.85,5,0,22.15
8113,T07,S4_D2,S4,D2,1,210.1,6.638,1.49,1.35,11.06,2,0,26.19
8114,T06,CR1_S1,CR1,S1,0,0.0,8.767,0.8,1.15,7.04,4,0,24.81
8115,T01,S4_CR2,S4,CR2,1,178.1,6.855,1.9,1.35,4.75,1,0,22.05
8116,T06,S5_CR1,S5,CR1,1,198.5,10.342,0.89,1.15,2.35,1,0,33.94
8117,T03,S4_D2,S4,D2,1,192.3,6.638,1.49,1.35,9.06,0,0,26.14
8118,T02,S1_D1,S1,D1,1,169.5,5.834,1.12,1.15,4.99,3,0,17.97
8119,T06,D1_S1,D1,S1,0,0.0,5.834,1.12,1.15,4.08,4,0,15.27
8120,T06,CR1_S5,CR1,S5,0,0.0,10.342,0.89,1.15,8.62,3,0,31.1
8121,T03,CR1_S2,CR1,S2,0,0.0,8.334,1.39,1.15,4.02,2,0,23.64
8122,T02,S4_CR2,S4,CR2,1,179.9,6.855,1.9,1.35,5.38,5,0,26.42
8123,T08,S4_CR2,S4,CR2,1,171.3,6.855,1.9,1.35,8.5,2,0,23.78
8124,T01,CR1_S3,CR1,S3,0,0.0,8.135,1.57,1.15,9.49,4,0,18.88
8125,T01,CR2_S6,CR2,S6,0,0.0,8.342,1.9,1.35,10.27,3,0,21.26
8126,T05,S4_D2,S4,D2,1,201.7,6.638,1.49,1.35,4.54,0,0,25.46
8127,T10,S4_CR2,S4,CR2,1,189.8,6.855,1.9,1.35,10.44,4,0,20.05
8128,T05,S3_CR2,S3,CR2,1,210.4,6.579,1.9,1.35,9.36,1,0,21.1
8129,T03,S4_D2,S4,D2,1,188.2,6.638,1.49,1.35,1.36,1,0,26.68
8130,T08,S2_CR1,S2,CR1,1,164.7,8.334,1.39,1.15,3.05,0,0,25.3
8131,T02,D2_S4,D2,S4,0,0.0,6.638,1.49,1.35,7.24,8,0,28.9
8132,T08,S5_CR1,S5,CR1,1,211.5,10.342,0.89,1.15,7.89,5,0,34.79
8133,T04,D2_S4,D2,S4,0,0.0,6.638,1.49,1.35,8.09,5,0,23.96
8134,T10,CR2_S6,CR2,S6,0,0.0,8.342,1.9,1.35,5.76,3,0,22.65
8135,T03,CR1_S1,CR1,S1,0,0.0,8.767,0.8,1.15,9.46,1,0,21.4
8136,T01,D2_S4,D2,S4,0,0.0,6.638,1.49,1.35,11.52,1,0,21.38
8137,T10,S5_D1,S5,D1,1,209.7,6.724,1.12,1.15,10.64,0,0,20.11
8138,T09,S1_D1,S1,D1,1,193.5,5.834,1.12,1.15,7.87,1,0,16.4
8139,T06,CR1_S5,CR1,S5,0,0.0,10.342,0.89,1.15,4.35,3,0,29.31
8140,T01,S3_D2,S3,D2,1,207.6,6.362,1.39,1.35,7.55,4,1,35.53
8141,T02,CR1_S5,CR1,S5,0,0.0,10.342,0.89,1.15,4.94,3,0,27.34
8142,T04,S5_CR1,S5,CR1,1,204.9,10.342,0.89,1.15,3.09,0,0,28.9
8143,T08,CR1_S5,CR1,S5,0,0.0,10.342,0.89,1.15,5.62,2,0,28.75
8144,T02,S3_CR1,S3,CR1,1,173.6,8.135,1.57,1.15,7.67,0,0,19.47
8145,T09,D1_S5,D1,S5,0,0.0,6.724,1.12,1.15,3.18,3,0,16.73
8146,T03,D1_S1,D1,S1,0,0.0,5.834,1.12,1.15,9.29,1,1,16.44
8147,T08,S1_D1,S1,D1,1,220.0,5.834,1.12,1.15,8.82,4,0,18.75
8148,T06,S3_CR1,S3,CR1,1,174.0,8.135,1.57,1.15,4.92,2,0,21.55
8149,T07,S5_D1,S5,D1,1,199.4,6.724,1.12,1.15,2.77,1,0,21.2
8150,T09,D1_S5,D1,S5,0,0.0,6.724,1.12,1.15,5.64,4,0,19.79
8151,T08,CR1_S1,CR1,S1,0,0.0,8.767,0.8,1.15,0.02,4,0,26.97
8152,T02,CR2_S3,CR2,S3,0,0.0,6.579,1.9,1.35,9.62,1,0,19.12
8153,T08,S3_D2,S3,D2,1,199.8,6.362,1.39,1.35,1.74,1,0,26.72
8154,T09,S1_CR1,S1,CR1,1,172.5,8.767,0.8,1.15,2.89,3,0,27.92
8155,T04,S3_CR2,S3,CR2,1,203.5,6.579,1.9,1.35,3.41,3,0,24.58
8156,T10,S1_CR1,S1,CR1,1,188.6,8.767,0.8,1.15,4.11,7,0,33.79
8157,T06,CR2_S3,CR2,S3,0,0.0,6.579,1.9,1.35,8.6,1,1,24.93
8158,T07,D1_S5,D1,S5,0,0.0,6.724,1.12,1.15,2.03,3,1,23.86
8159,T04,S5_CR1,S5,CR1,1,166.7,10.342,0.89,1.15,4.72,4,0,41.16
8160,T05,CR2_S3,CR2,S3,0,0.0,6.579,1.9,1.35,10.98,1,0,18.77
8161,T10,S6_CR2,S6,CR2,1,212.6,8.342,1.9,1.35,7.55,3,0,29.88
8162,T03,S5_CR1,S5,CR1,1,182.0,10.342,0.89,1.15,4.25,2,0,34.93
8163,T08,D1_S5,D1,S5,0,0.0,6.724,1.12,1.15,11.86,3,0,16.98
8164,T04,S3_CR1,S3,CR1,1,212.4,8.135,1.57,1.15,5.4,7,1,34.24
8165,T08,S2_CR1,S2,CR1,1,182.5,8.334,1.39,1.15,9.94,3,0,28.71
8166,T09,D2_S3,D2,S3,0,0.0,6.362,1.39,1.35,0.21,2,0,23.27
8167,T06,CR2_S4,CR2,S4,0,0.0,6.855,1.9,1.35,0.95,1,0,17.94
8168,T03,D1_S5,D1,S5,0,0.0,6.724,1.12,1.15,11.07,3,0,15.66
8169,T01,S5_D1,S5,D1,1,172.0,6.724,1.12,1.15,7.69,3,1,25.13
8170,T04,D2_S4,D2,S4,0,0.0,6.638,1.49,1.35,1.2,4,0,24.64
8171,T04,CR1_S1,CR1,S1,0,0.0,8.767,0.8,1.15,1.98,0,0,21.34
8172,T01,D1_S1,D1,S1,0,0.0,5.834,1.12,1.15,10.75,0,1,11.71
8173,T10,CR1_S5,CR1,S5,0,0.0,10.342,0.89,1.15,1.41,1,0,26.35
8174,T04,CR1_S3,CR1,S3,0,0.0,8.135,1.57,1.15,8.37,2,0,16.94
8175,T04,S5_CR1,S5,CR1,1,197.3,10.342,0.89,1.15,3.84,4,0,34.18
8176,T04,CR1_S3,CR1,S3,0,0.0,8.135,1.57,1.15,8.36,2,0,18.77
8177,T08,D1_S1,D1,S1,0,0.0,5.834,1.12,1.15,11.15,2,1,15.86
8178,T09,D1_S5,D1,S5,0,0.0,6.724,1.12,1.15,10.55,1,0,16.8
8179,T02,CR2_S4,CR2,S4,0,0.0,6.855,1.9,1.35,1.0,3,0,19.22
8180,T06,S3_D2,S3,D2,1,195.6,6.362,1.39,1.35,11.26,1,0,28.04
8181,T10,CR1_S2,CR1,S2,0,0.0,8.334,1.39,1.15,10.27,2,0,23.44
8182,T01,CR1_S2,CR1,S2,0,0.0,8.334,1.39,1.15,9.96,2,0,23.98
8183,T02,CR2_S6,CR2,S6,0,0.0,8.342,1.9,1.35,6.38,3,0,19.63
8184,T08,S4_D2,S4,D2,1,195.9,6.638,1.49,1.35,10.44,3,0,27.11
8185,T02,D2_S4,D2,S4,0,0.0,6.638,1.49,1.35,4.4,1,0,20.65
8186,T06,CR2_S4,CR2,S4,0,0.0,6.855,1.9,1.35,4.33,4,0,19.49
8187,T04,CR1_S2,CR1,S2,0,0.0,8.334,1.39,1.15,5.01,4,0,24.8
8188,T09,S3_CR1,S3,CR1,1,183.4,8.135,1.57,1.15,1.78,4,0,20.94
8189,T02,S3_CR2,S3,CR2,1,211.5,6.579,1.9,1.35,8.13,1,0,25.13
8190,T10,D1_S1,D1,S1,0,0.0,5.834,1.12,1.15,1.13,1,0,12.5
8191,T03,S1_CR1,S1,CR1,1,205.2,8.767,0.8,1.15,7.45,0,0,27.83
8192,T05,S3_CR1,S3,CR1,1,175.3,8.135,1.57,1.15,0.66,3,0,22.79
8193,T02,S6_CR2,S6,CR2,1,220.0,8.342,1.9,1.35,4.59,1,0,29.75
8194,T01,CR2_S4,CR2,S4,0,0.0,6.855,1.9,1.35,8.19,7,0,21.13
8195,T06,CR2_S4,CR2,S4,0,0.0,6.855,1.9,1.35,5.16,4,0,19.6
8196,T02,D2_S4,D2,S4,0,0.0,6.638,1.49,1.35,8.4,3,0,21.41
8197,T01,S1_CR1,S1,CR1,1,202.4,8.767,0.8,1.15,1.77,1,0,26.63
8198,T07,S4_CR2,S4,CR2,1,206.6,6.855,1.9,1.35,2.45,4,0,25.94
8199,T08,S5_CR1,S5,CR1,1,193.3,10.342,0.89,1.15,8.07,3,0,31.2
8200,T06,CR1_S5,CR1,S5,0,0.0,10.342,0.89,1.15,0.43,2,0,25.96
8201,T05,CR1_S5,CR1,S5,0,0.0,10.342,0.89,1.15,4.7,5,0,28.62
8202,T09,S1_D1,S1,D1,1,179.4,5.834,1.12,1.15,4.29,4,0,17.83
8203,T08,CR1_S3,CR1,S3,0,0.0,8.135,1.57,1.15,11.18,4,0,17.45
8204,T09,CR1_S5,CR1,S5,0,0.0,10.342,0.89,1.15,9.11,2,0,27.7
8205,T03,CR2_S3,CR2,S3,0,0.0,6.579,1.9,1.35,5.66,2,0,17.38
8206,T02,S5_CR1,S5,CR1,1,194.8,10.342,0.89,1.15,0.26,2,0,33.82
8207,T05,CR1_S5,CR1,S5,0,0.0,10.342,0.89,1.15,3.71,0,0,24.8
8208,T02,S2_CR1,S2,CR1,1,172.8,8.334,1.39,1.15,10.22,5,0,30.29
8209,T04,D2_S3,D2,S3,0,0.0,6.362,1.39,1.35,2.67,1,0,22.41
8210,T06,S5_D1,S5,D1,1,196.9,6.724,1.12,1.15,0.41,3,0,24.19
8211,T05,S6_CR2,S6,CR2,1,208.6,8.342,1.9,1.35,11.5,1,0,27.83
8212,T07,CR1_S1,CR1,S1,0,0.0,8.767,0.8,1.15,7.21,0,1,21.17
8213,T09,CR1_S2,CR1,S2,0,0.0,8.334,1.39,1.15,7.87,0,0,21.58
8214,T06,S4_CR2,S4,CR2,1,179.0,6.855,1.9,1.35,3.89,1,0,20.76
8215,T07,S1_CR1,S1,CR1,1,214.7,8.767,0.8,1.15,11.74,1,0,27.22
8216,T04,S1_CR1,S1,CR1,1,207.0,8.767,0.8,1.15,7.7,5,0,31.58
8217,T06,CR1_S5,CR1,S5,0,0.0,10.342,0.89,1.15,11.74,1,0,25.12
8218,T05,S5_CR1,S5,CR1,1,206.8,10.342,0.89,1.15,11.59,1,0,35.55
8219,T09,CR1_S2,CR1,S2,0,0.0,8.334,1.39,1.15,8.54,0,0,20.56
8220,T01,D2_S4,D2,S4,0,0.0,6.638,1.49,1.35,8.25,2,0,21.8
8221,T10,S4_D2,S4,D2,1,220.0,6.638,1.49,1.35,9.07,2,0,25.49
8222,T10,D1_S5,D1,S5,0,0.0,6.724,1.12,1.15,1.28,4,0,19.67
8223,T01,S1_D1,S1,D1,1,200.1,5.834,1.12,1.15,1.3,3,0,16.13
8224,T07,D2_S4,D2,S4,0,0.0,6.638,1.49,1.35,3.32,2,0,22.17
8225,T05,S1_CR1,S1,CR1,1,190.6,8.767,0.8,1.15,8.31,1,0,28.99
8226,T01,CR2_S3,CR2,S3,0,0.0,6.579,1.9,1.35,10.72,3,0,19.21
8227,T09,CR1_S5,CR1,S5,0,0.0,10.342,0.89,1.15,1.46,3,0,27.86
8228,T07,CR2_S3,CR2,S3,0,0.0,6.579,1.9,1.35,7.89,4,0,20.26
8229,T04,S3_CR1,S3,CR1,1,200.5,8.135,1.57,1.15,3.58,1,0,18.71
8230,T04,CR1_S5,CR1,S5,0,0.0,10.342,0.89,1.15,9.36,4,0,27.72
8231,T09,S3_D2,S3,D2,1,190.4,6.362,1.39,1.35,3.78,2,0,28.11
8232,T07,S3_D2,S3,D2,1,205.9,6.362,1.39,1.35,2.0,2,0,27.17
8233,T05,CR1_S3,CR1,S3,0,0.0,8.135,1.57,1.15,5.34,5,0,19.6
8234,T04,D2_S4,D2,S4,0,0.0,6.638,1.49,1.35,0.31,0,0,20.89
8235,T08,CR1_S5,CR1,S5,0,0.0,10.342,0.89,1.15,11.85,3,0,28.4
8236,T10,CR2_S6,CR2,S6,0,0.0,8.342,1.9,1.35,9.3,6,0,24.59
8237,T04,S3_CR2,S3,CR2,1,187.6,6.579,1.9,1.35,11.37,2,1,32.37
8238,T05,D2_S3,D2,S3,0,0.0,6.362,1.39,1.35,7.71,3,0,22.86
8239,T02,CR1_S2,CR1,S2,0,0.0,8.334,1.39,1.15,5.47,3,0,22.95
8240,T02,S5_CR1,S5,CR1,1,186.2,10.342,0.89,1.15,1.12,0,0,31.18
8241,T06,S4_CR2,S4,CR2,1,166.7,6.855,1.9,1.35,5.16,6,0,26.67
8242,T05,D2_S3,D2,S3,0,0.0,6.362,1.39,1.35,10.47,1,0,21.92
8243,T05,D1_S5,D1,S5,0,0.0,6.724,1.12,1.15,9.53,2,0,16.8
8244,T05,CR1_S1,CR1,S1,0,0.0,8.767,0.8,1.15,8.63,1,0,23.11
8245,T06,CR2_S6,CR2,S6,0,0.0,8.342,1.9,1.35,7.64,1,0,22.16
8246,T09,S4_D2,S4,D2,1,191.8,6.638,1.49,1.35,11.18,4,0,29.05
8247,T05,S3_CR1,S3,CR1,1,197.3,8.135,1.57,1.15,9.66,1,0,22.13
8248,T07,S5_D1,S5,D1,1,200.0,6.724,1.12,1.15,8.67,5,0,21.8
8249,T09,S1_D1,S1,D1,1,185.5,5.834,1.12,1.15,9.35,1,0,16.09
8250,T05,CR1_S5,CR1,S5,0,0.0,10.342,0.89,1.15,2.93,2,0,28.13
8251,T01,D1_S1,D1,S1,0,0.0,5.834,1.12,1.15,4.4,3,0,14.44
8252,T02,D2_S4,D2,S4,0,0.0,6.638,1.49,1.35,7.25,2,0,21.33
8253,T10,S3_D2,S3,D2,1,212.1,6.362,1.39,1.35,11.92,1,0,26.7
8254,T01,CR1_S1,CR1,S1,0,0.0,8.767,0.8,1.15,6.77,3,0,22.77
8255,T01,S4_CR2,S4,CR2,1,202.6,6.855,1.9,1.35,1.97,2,0,23.59
8256,T05,D1_S5,D1,S5,0,0.0,6.724,1.12,1.15,2.24,0,0,14.77
8257,T04,S6_CR2,S6,CR2,1,188.5,8.342,1.9,1.35,8.17,5,0,30.49
8258,T03,S1_CR1,S1,CR1,1,186.0,8.767,0.8,1.15,11.27,1,0,26.63
8259,T09,CR2_S3,CR2,S3,0,0.0,6.579,1.9,1.35,7.3,3,1,23.52
8260,T09,D1_S1,D1,S1,0,0.0,5.834,1.12,1.15,1.76,0,0,11.02
8261,T01,S4_CR2,S4,CR2,1,191.9,6.855,1.9,1.35,10.38,0,0,23.7
8262,T06,S4_CR2,S4,CR2,1,190.4,6.855,1.9,1.35,2.24,2,0,24.43
8263,T04,CR1_S1,CR1,S1,0,0.0,8.767,0.8,1.15,0.45,0,0,20.12
8264,T04,S5_D1,S5,D1,1,159.7,6.724,1.12,1.15,9.24,1,0,19.55
8265,T01,CR2_S6,CR2,S6,0,0.0,8.342,1.9,1.35,4.08,5,0,26.86
8266,T06,S3_D2,S3,D2,1,209.0,6.362,1.39,1.35,1.46,0,0,27.02
8267,T03,S5_D1,S5,D1,1,176.6,6.724,1.12,1.15,0.52,2,0,20.34
8268,T04,S5_D1,S5,D1,1,172.4,6.724,1.12,1.15,6.04,1,0,19.88
8269,T03,S1_D1,S1,D1,1,173.1,5.834,1.12,1.15,4.73,1,0,15.89
8270,T07,S3_CR1,S3,CR1,1,162.6,8.135,1.57,1.15,12.0,0,0,19.83
8271,T05,S2_CR1,S2,CR1,1,215.8,8.334,1.39,1.15,0.54,2,1,35.83
8272,T08,S6_CR2,S6,CR2,1,187.1,8.342,1.9,1.35,4.18,3,0,29.69
8273,T07,CR1_S1,CR1,S1,0,0.0,8.767,0.8,1.15,1.46,3,0,23.67
8274,T07,S3_CR1,S3,CR1,1,201.1,8.135,1.57,1.15,0.55,2,0,21.98
8275,T09,S1_CR1,S1,CR1,1,202.0,8.767,0.8,1.15,9.96,1,0,31.04
8276,T01,S4_D2,S4,D2,1,200.9,6.638,1.49,1.35,2.86,2,0,27.99
8277,T05,CR2_S4,CR2,S4,0,0.0,6.855,1.9,1.35,11.82,1,0,19.05
8278,T05,CR1_S5,CR1,S5,0,0.0,10.342,0.89,1.15,4.03,2,0,28.7
8279,T01,S3_CR1,S3,CR1,1,188.6,8.135,1.57,1.15,10.95,2,0,20.98
8280,T06,CR1_S1,CR1,S1,0,0.0,8.767,0.8,1.15,10.01,4,0,27.05
8281,T05,D1_S5,D1,S5,0,0.0,6.724,1.12,1.15,6.73,0,0,15.14
8282,T01,S4_CR2,S4,CR2,1,185.4,6.855,1.9,1.35,7.95,1,1,29.21
8283,T10,CR1_S3,CR1,S3,0,0.0,8.135,1.57,1.15,1.67,4,0,20.19
8284,T05,CR1_S1,CR1,S1,0,0.0,8.767,0.8,1.15,9.12,2,0,21.52
8285,T07,CR1_S2,CR1,S2,0,0.0,8.334,1.39,1.15,9.13,1,0,23.47
8286,T08,CR2_S4,CR2,S4,0,0.0,6.855,1.9,1.35,3.39,4,0,20.9
8287,T09,D2_S3,D2,S3,0,0.0,6.362,1.39,1.35,10.2,3,0,23.37
8288,T01,S6_CR2,S6,CR2,1,210.3,8.342,1.9,1.35,8.06,4,0,27.06
8289,T06,S3_CR1,S3,CR1,1,192.5,8.135,1.57,1.15,5.83,2,0,20.08
8290,T07,S4_D2,S4,D2,1,192.2,6.638,1.49,1.35,2.8,2,0,25.99
8291,T01,S5_CR1,S5,CR1,1,220.0,10.342,0.89,1.15,8.05,4,0,36.81
8292,T01,CR2_S4,CR2,S4,0,0.0,6.855,1.9,1.35,8.65,2,0,21.27
8293,T04,S3_CR2,S3,CR2,1,192.9,6.579,1.9,1.35,0.64,3,0,24.32
8294,T06,CR2_S6,CR2,S6,0,0.0,8.342,1.9,1.35,4.08,3,0,21.83
8295,T08,S1_CR1,S1,CR1,1,220.0,8.767,0.8,1.15,4.79,5,0,31.63
8296,T03,S1_CR1,S1,CR1,1,192.1,8.767,0.8,1.15,9.98,1,0,27.42
8297,T08,CR1_S2,CR1,S2,0,0.0,8.334,1.39,1.15,10.1,2,0,22.69
8298,T06,S3_CR1,S3,CR1,1,204.3,8.135,1.57,1.15,4.64,3,0,22.02
8299,T02,S1_D1,S1,D1,1,187.0,5.834,1.12,1.15,11.69,2,1,21.84
8300,T04,CR2_S6,CR2,S6,0,0.0,8.342,1.9,1.35,10.67,0,0,21.77
8301,T05,CR1_S1,CR1,S1,0,0.0,8.767,0.8,1.15,11.37,1,0,21.99
8302,T03,S3_CR1,S3,CR1,1,184.9,8.135,1.57,1.15,5.53,1,0,22.84
8303,T03,CR2_S3,CR2,S3,0,0.0,6.579,1.9,1.35,8.63,2,0,18.09
8304,T03,CR2_S6,CR2,S6,0,0.0,8.342,1.9,1.35,2.14,0,0,19.86
8305,T10,S6_CR2,S6,CR2,1,210.2,8.342,1.9,1.35,11.59,2,0,26.39
8306,T07,S3_CR1,S3,CR1,1,189.2,8.135,1.57,1.15,2.32,2,0,22.02
8307,T09,CR2_S6,CR2,S6,0,0.0,8.342,1.9,1.35,4.99,4,0,23.36
8308,T03,S3_CR2,S3,CR2,1,201.6,6.579,1.9,1.35,0.43,2,0,21.19
8309,T10,S2_CR1,S2,CR1,1,194.6,8.334,1.39,1.15,6.47,3,0,29.29
8310,T02,CR2_S4,CR2,S4,0,0.0,6.855,1.9,1.35,8.1,1,0,18.6
8311,T06,S4_D2,S4,D2,1,172.8,6.638,1.49,1.35,8.42,0,1,34.22
8312,T06,D1_S5,D1,S5,0,0.0,6.724,1.12,1.15,6.53,1,0,16.89
8313,T06,CR1_S2,CR1,S2,0,0.0,8.334,1.39,1.15,0.11,4,0,25.72
8314,T04,S1_CR1,S1,CR1,1,196.4,8.767,0.8,1.15,4.3,3,0,29.73
8315,T03,D2_S4,D2,S4,0,0.0,6.638,1.49,1.35,7.72,1,0,20.91
8316,T10,CR1_S3,CR1,S3,0,0.0,8.135,1.57,1.15,4.31,3,0,17.36
8317,T07,D1_S5,D1,S5,0,0.0,6.724,1.12,1.15,10.87,2,0,15.4
8318,T06,CR2_S6,CR2,S6,0,0.0,8.342,1.9,1.35,9.68,2,0,24.1
8319,T05,CR2_S4,CR2,S4,0,0.0,6.855,1.9,1.35,7.73,3,0,19.86
8320,T07,CR1_S5,CR1,S5,0,0.0,10.342,0.89,1.15,9.69,2,0,28.39
8321,T05,S6_CR2,S6,CR2,1,198.0,8.342,1.9,1.35,1.32,2,0,27.91
8322,T06,D1_S1,D1,S1,0,0.0,5.834,1.12,1.15,9.92,1,0,13.36
8323,T10,S3_CR1,S3,CR1,1,188.4,8.135,1.57,1.15,9.83,1,0,20.64
8324,T06,CR1_S5,CR1,S5,0,0.0,10.342,0.89,1.15,4.32,6,0,32.49
8325,T02,S2_CR1,S2,CR1,1,193.6,8.334,1.39,1.15,1.63,2,0,26.48
8326,T03,D1_S1,D1,S1,0,0.0,5.834,1.12,1.15,9.54,5,0,16.17
8327,T08,D1_S5,D1,S5,0,0.0,6.724,1.12,1.15,10.68,0,0,14.78
8328,T01,S5_CR1,S5,CR1,1,190.6,10.342,0.89,1.15,1.0,0,0,34.96
8329,T02,S1_CR1,S1,CR1,1,205.9,8.767,0.8,1.15,10.11,2,0,29.33
8330,T03,S4_D2,S4,D2,1,207.2,6.638,1.49,1.35,3.57,2,0,30.07
8331,T10,CR1_S5,CR1,S5,0,0.0,10.342,0.89,1.15,0.15,1,0,29.08
8332,T01,S4_D2,S4,D2,1,210.4,6.638,1.49,1.35,0.98,0,1,39.14
8333,T09,S4_CR2,S4,CR2,1,191.1,6.855,1.9,1.35,0.37,1,0,22.87
8334,T04,S5_D1,S5,D1,1,206.9,6.724,1.12,1.15,0.56,1,0,20.85
8335,T10,S3_CR1,S3,CR1,1,175.3,8.135,1.57,1.15,7.0,4,1,32.11
8336,T03,CR2_S6,CR2,S6,0,0.0,8.342,1.9,1.35,2.35,0,0,19.66
8337,T04,S5_D1,S5,D1,1,214.7,6.724,1.12,1.15,6.47,3,0,21.8
8338,T05,CR2_S3,CR2,S3,0,0.0,6.579,1.9,1.35,2.85,3,0,21.0
8339,T03,CR1_S1,CR1,S1,0,0.0,8.767,0.8,1.15,4.27,3,0,25.27
8340,T01,CR1_S1,CR1,S1,0,0.0,8.767,0.8,1.15,11.21,0,0,20.74
8341,T06,S4_CR2,S4,CR2,1,208.5,6.855,1.9,1.35,1.55,0,0,20.1
8342,T10,CR1_S1,CR1,S1,0,0.0,8.767,0.8,1.15,10.83,3,0,22.7
8343,T01,D2_S4,D2,S4,0,0.0,6.638,1.49,1.35,7.56,3,0,24.61
8344,T05,CR2_S4,CR2,S4,0,0.0,6.855,1.9,1.35,11.79,0,0,17.65
8345,T02,D2_S3,D2,S3,0,0.0,6.362,1.39,1.35,9.22,0,1,29.97
8346,T08,S5_CR1,S5,CR1,1,214.0,10.342,0.89,1.15,0.22,1,0,34.29
8347,T07,CR1_S5,CR1,S5,0,0.0,10.342,0.89,1.15,5.42,4,0,29.93
8348,T05,D2_S4,D2,S4,0,0.0,6.638,1.49,1.35,6.68,5,0,28.37
8349,T01,D1_S5,D1,S5,0,0.0,6.724,1.12,1.15,4.37,4,0,18.57
8350,T07,CR2_S3,CR2,S3,0,0.0,6.579,1.9,1.35,3.83,1,0,17.68
8351,T06,S3_CR1,S3,CR1,1,197.6,8.135,1.57,1.15,11.01,1,0,20.74
8352,T04,CR1_S5,CR1,S5,0,0.0,10.342,0.89,1.15,8.71,1,0,27.91
8353,T07,S2_CR1,S2,CR1,1,193.1,8.334,1.39,1.15,10.34,2,0,28.79
8354,T09,S4_CR2,S4,CR2,1,201.5,6.855,1.9,1.35,2.67,2,0,22.19
8355,T01,S5_D1,S5,D1,1,216.1,6.724,1.12,1.15,8.98,2,0,20.74
8356,T10,D2_S3,D2,S3,0,0.0,6.362,1.39,1.35,1.32,1,0,22.94
8357,T07,CR2_S3,CR2,S3,0,0.0,6.579,1.9,1.35,7.5,2,0,17.71
8358,T02,S1_D1,S1,D1,1,210.6,5.834,1.12,1.15,8.74,0,0,15.29
8359,T08,S3_CR1,S3,CR1,1,198.4,8.135,1.57,1.15,1.51,3,0,23.04
8360,T03,CR2_S6,CR2,S6,0,0.0,8.342,1.9,1.35,1.35,1,0,21.56
8361,T02,CR2_S4,CR2,S4,0,0.0,6.855,1.9,1.35,6.34,3,0,18.96
8362,T04,CR2_S4,CR2,S4,0,0.0,6.855,1.9,1.35,10.82,1,0,17.85
8363,T09,CR1_S5,CR1,S5,0,0.0,10.342,0.89,1.15,9.95,2,0,26.55
8364,T05,CR2_S4,CR2,S4,0,0.0,6.855,1.9,1.35,11.81,1,0,17.79
8365,T07,S6_CR2,S6,CR2,1,184.0,8.342,1.9,1.35,1.59,1,0,27.99
8366,T10,S1_CR1,S1,CR1,1,211.0,8.767,0.8,1.15,6.56,3,0,28.6
8367,T09,S3_D2,S3,D2,1,193.3,6.362,1.39,1.35,10.27,1,0,24.07
8368,T03,S3_CR2,S3,CR2,1,171.1,6.579,1.9,1.35,0.81,0,1,28.98
8369,T10,CR1_S3,CR1,S3,0,0.0,8.135,1.57,1.15,3.54,2,0,16.97
8370,T03,S5_CR1,S5,CR1,1,197.3,10.342,0.89,1.15,11.85,2,0,34.88
8371,T02,S3_CR2,S3,CR2,1,199.6,6.579,1.9,1.35,0.47,3,0,28.8
8372,T10,D2_S3,D2,S3,0,0.0,6.362,1.39,1.35,2.77,0,0,21.26
8373,T09,CR1_S1,CR1,S1,0,0.0,8.767,0.8,1.15,0.11,1,0,23.43
8374,T10,S6_CR2,S6,CR2,1,215.1,8.342,1.9,1.35,6.9,4,0,30.01
8375,T03,S4_D2,S4,D2,1,186.5,6.638,1.49,1.35,11.96,4,0,29.05
8376,T10,CR1_S5,CR1,S5,0,0.0,10.342,0.89,1.15,11.92,4,0,26.7
8377,T01,CR1_S2,CR1,S2,0,0.0,8.334,1.39,1.15,4.45,5,0,26.07
8378,T07,D2_S4,D2,S4,0,0.0,6.638,1.49,1.35,2.97,3,0,23.99
8379,T01,CR2_S3,CR2,S3,0,0.0,6.579,1.9,1.35,3.71,2,0,17.95
8380,T03,D1_S5,D1,S5,0,0.0,6.724,1.12,1.15,1.76,2,0,16.93
8381,T06,CR1_S2,CR1,S2,0,0.0,8.334,1.39,1.15,3.84,5,0,26.54
8382,T02,CR1_S3,CR1,S3,0,0.0,8.135,1.57,1.15,3.72,1,0,18.89
8383,T10,CR1_S1,CR1,S1,0,0.0,8.767,0.8,1.15,11.9,4,0,23.17
8384,T09,S3_D2,S3,D2,1,179.1,6.362,1.39,1.35,6.37,3,0,27.85
8385,T03,S3_CR2,S3,CR2,1,220.0,6.579,1.9,1.35,10.03,3,0,25.54
8386,T09,CR1_S5,CR1,S5,0,0.0,10.342,0.89,1.15,8.19,7,0,32.64
8387,T04,CR1_S1,CR1,S1,0,0.0,8.767,0.8,1.15,5.59,4,0,25.77
8388,T04,D1_S5,D1,S5,0,0.0,6.724,1.12,1.15,7.63,0,0,15.51
8389,T08,S4_CR2,S4,CR2,1,190.8,6.855,1.9,1.35,3.72,2,0,24.42
8390,T09,S3_D2,S3,D2,1,186.7,6.362,1.39,1.35,8.42,2,0,28.23
8391,T04,S5_CR1,S5,CR1,1,208.7,10.342,0.89,1.15,4.81,3,0,33.12
8392,T07,S3_D2,S3,D2,1,183.1,6.362,1.39,1.35,11.9,0,0,26.35
8393,T08,S3_D2,S3,D2,1,220.0,6.362,1.39,1.35,3.49,3,0,29.17
8394,T08,S6_CR2,S6,CR2,1,208.4,8.342,1.9,1.35,9.39,3,0,28.46
8395,T08,D1_S1,D1,S1,0,0.0,5.834,1.12,1.15,0.44,4,0,15.49
8396,T07,S4_D2,S4,D2,1,203.6,6.638,1.49,1.35,4.13,2,0,25.42
8397,T02,S1_D1,S1,D1,1,213.9,5.834,1.12,1.15,3.22,2,0,15.6
8398,T10,S3_CR2,S3,CR2,1,179.1,6.579,1.9,1.35,11.51,1,1,25.42
8399,T01,CR1_S1,CR1,S1,0,0.0,8.767,0.8,1.15,1.8,2,0,19.72
8400,T02,D2_S4,D2,S4,0,0.0,6.638,1.49,1.35,3.05,4,0,23.06
8401,T07,CR1_S2,CR1,S2,0,0.0,8.334,1.39,1.15,6.79,5,0,23.85
8402,T04,S3_CR2,S3,CR2,1,215.7,6.579,1.9,1.35,0.69,2,0,23.43
8403,T05,S2_CR1,S2,CR1,1,204.5,8.334,1.39,1.15,4.31,1,0,30.28
8404,T01,S3_D2,S3,D2,1,176.7,6.362,1.39,1.35,1.1,2,0,28.04
8405,T07,S5_D1,S5,D1,1,198.9,6.724,1.12,1.15,4.67,0,0,18.77
8406,T06,D2_S4,D2,S4,0,0.0,6.638,1.49,1.35,9.45,3,0,20.37
8407,T05,CR1_S5,CR1,S5,0,0.0,10.342,0.89,1.15,2.96,1,0,24.21
8408,T06,S2_CR1,S2,CR1,1,191.3,8.334,1.39,1.15,11.95,4,0,29.4
8409,T01,CR2_S6,CR2,S6,0,0.0,8.342,1.9,1.35,2.64,1,0,21.33
8410,T07,S6_CR2,S6,CR2,1,211.5,8.342,1.9,1.35,2.49,0,0,26.53
8411,T08,CR2_S4,CR2,S4,0,0.0,6.855,1.9,1.35,7.67,5,0,20.28
8412,T07,CR2_S6,CR2,S6,0,0.0,8.342,1.9,1.35,6.64,2,0,21.45
8413,T07,CR2_S6,CR2,S6,0,0.0,8.342,1.9,1.35,5.41,7,0,27.57
8414,T06,S4_CR2,S4,CR2,1,206.7,6.855,1.9,1.35,2.13,3,0,24.53
8415,T08,CR2_S6,CR2,S6,0,0.0,8.342,1.9,1.35,7.61,2,0,24.37
8416,T01,S3_CR1,S3,CR1,1,209.8,8.135,1.57,1.15,10.05,2,0,21.33
8417,T10,S4_CR2,S4,CR2,1,188.4,6.855,1.9,1.35,11.07,4,0,27.96
8418,T04,D1_S1,D1,S1,0,0.0,5.834,1.12,1.15,2.67,2,0,13.94
8419,T03,D1_S1,D1,S1,0,0.0,5.834,1.12,1.15,11.26,1,0,11.86
8420,T07,S5_D1,S5,D1,1,185.4,6.724,1.12,1.15,3.47,1,0,18.28
8421,T01,S5_CR1,S5,CR1,1,191.8,10.342,0.89,1.15,11.97,1,1,42.73
8422,T07,S1_CR1,S1,CR1,1,220.0,8.767,0.8,1.15,11.74,1,0,25.83
8423,T02,S5_D1,S5,D1,1,199.2,6.724,1.12,1.15,0.24,1,0,19.66
8424,T05,S3_CR2,S3,CR2,1,195.1,6.579,1.9,1.35,10.26,2,0,23.13
8425,T02,CR1_S1,CR1,S1,0,0.0,8.767,0.8,1.15,4.71,4,0,25.48
8426,T02,CR1_S1,CR1,S1,0,0.0,8.767,0.8,1.15,0.31,0,0,21.65
8427,T10,S5_D1,S5,D1,1,197.5,6.724,1.12,1.15,8.6,3,0,21.98
8428,T01,S4_D2,S4,D2,1,164.0,6.638,1.49,1.35,4.41,1,0,27.07
8429,T05,S6_CR2,S6,CR2,1,192.8,8.342,1.9,1.35,9.9,1,0,24.63
8430,T08,S4_D2,S4,D2,1,212.1,6.638,1.49,1.35,7.93,5,0,28.37
8431,T07,CR1_S2,CR1,S2,0,0.0,8.334,1.39,1.15,5.85,2,0,24.82
8432,T01,CR1_S1,CR1,S1,0,0.0,8.767,0.8,1.15,6.11,6,0,24.71
8433,T09,CR1_S3,CR1,S3,0,0.0,8.135,1.57,1.15,5.74,2,1,19.68
8434,T10,CR1_S5,CR1,S5,0,0.0,10.342,0.89,1.15,1.82,2,1,37.56
8435,T05,CR1_S2,CR1,S2,0,0.0,8.334,1.39,1.15,4.52,5,1,32.43
8436,T09,D2_S3,D2,S3,0,0.0,6.362,1.39,1.35,3.22,1,0,21.51
8437,T06,S2_CR1,S2,CR1,1,186.4,8.334,1.39,1.15,9.37,3,0,27.5
8438,T05,S3_D2,S3,D2,1,196.0,6.362,1.39,1.35,2.84,0,0,25.99
8439,T09,CR1_S2,CR1,S2,0,0.0,8.334,1.39,1.15,2.15,1,0,23.33
8440,T08,S3_D2,S3,D2,1,198.0,6.362,1.39,1.35,3.37,1,0,24.39
8441,T08,S2_CR1,S2,CR1,1,196.7,8.334,1.39,1.15,3.1,4,0,31.44
8442,T08,S5_CR1,S5,CR1,1,214.1,10.342,0.89,1.15,6.34,8,0,41.92
8443,T04,CR1_S5,CR1,S5,0,0.0,10.342,0.89,1.15,8.06,1,0,28.36
8444,T06,S5_D1,S5,D1,1,163.6,6.724,1.12,1.15,5.99,4,0,21.39
8445,T09,D2_S4,D2,S4,0,0.0,6.638,1.49,1.35,3.0,2,1,25.0
8446,T01,S5_CR1,S5,CR1,1,200.1,10.342,0.89,1.15,3.26,2,0,32.64
8447,T01,D2_S3,D2,S3,0,0.0,6.362,1.39,1.35,6.59,2,0,24.43
8448,T09,S3_CR2,S3,CR2,1,192.6,6.579,1.9,1.35,11.8,1,0,24.12
8449,T02,CR1_S5,CR1,S5,0,0.0,10.342,0.89,1.15,4.26,2,0,25.14
8450,T06,S5_D1,S5,D1,1,192.7,6.724,1.12,1.15,3.12,2,0,21.48
8451,T05,S1_CR1,S1,CR1,1,211.0,8.767,0.8,1.15,9.91,0,0,29.39
8452,T05,CR1_S1,CR1,S1,0,0.0,8.767,0.8,1.15,6.17,4,0,27.61
8453,T03,CR2_S6,CR2,S6,0,0.0,8.342,1.9,1.35,9.79,2,0,21.66
8454,T08,S5_CR1,S5,CR1,1,181.6,10.342,0.89,1.15,8.35,1,0,28.88
8455,T04,D2_S3,D2,S3,0,0.0,6.362,1.39,1.35,6.98,5,0,22.98
8456,T09,S6_CR2,S6,CR2,1,217.1,8.342,1.9,1.35,10.07,1,0,28.12
8457,T05,S3_CR2,S3,CR2,1,176.7,6.579,1.9,1.35,5.57,7,0,28.15
8458,T10,S4_D2,S4,D2,1,182.4,6.638,1.49,1.35,2.95,1,0,27.45
8459,T09,S1_D1,S1,D1,1,215.0,5.834,1.12,1.15,5.98,2,0,16.69
8460,T06,D2_S4,D2,S4,0,0.0,6.638,1.49,1.35,9.4,5,0,24.6
8461,T10,S6_CR2,S6,CR2,1,177.1,8.342,1.9,1.35,10.36,3,0,29.36
8462,T02,S6_CR2,S6,CR2,1,181.3,8.342,1.9,1.35,1.51,2,0,28.58
8463,T08,S3_CR2,S3,CR2,1,201.2,6.579,1.9,1.35,8.92,4,0,25.99
8464,T04,CR1_S3,CR1,S3,0,0.0,8.135,1.57,1.15,11.89,1,0,16.65
8465,T04,D1_S1,D1,S1,0,0.0,5.834,1.12,1.15,10.92,2,0,13.24
8466,T02,CR2_S6,CR2,S6,0,0.0,8.342,1.9,1.35,10.94,4,0,24.64
8467,T04,CR1_S2,CR1,S2,0,0.0,8.334,1.39,1.15,11.42,1,0,23.22
8468,T02,CR1_S3,CR1,S3,0,0.0,8.135,1.57,1.15,11.12,2,0,17.85
8469,T07,S3_CR1,S3,CR1,1,190.9,8.135,1.57,1.15,0.03,3,0,20.1
8470,T01,S4_D2,S4,D2,1,193.7,6.638,1.49,1.35,5.68,4,0,30.12
8471,T08,D2_S3,D2,S3,0,0.0,6.362,1.39,1.35,7.7,4,0,24.17
8472,T05,S4_D2,S4,D2,1,183.4,6.638,1.49,1.35,10.41,1,0,27.86
8473,T02,S1_CR1,S1,CR1,1,203.4,8.767,0.8,1.15,11.56,3,1,40.96
8474,T07,S3_CR2,S3,CR2,1,185.3,6.579,1.9,1.35,10.11,0,0,23.11
8475,T07,CR1_S2,CR1,S2,0,0.0,8.334,1.39,1.15,7.51,1,0,21.81
8476,T09,S5_CR1,S5,CR1,1,195.0,10.342,0.89,1.15,11.95,4,0,33.1
8477,T05,S2_CR1,S2,CR1,1,204.9,8.334,1.39,1.15,11.81,3,0,31.83
8478,T07,CR1_S1,CR1,S1,0,0.0,8.767,0.8,1.15,4.58,3,0,23.45
8479,T07,S5_CR1,S5,CR1,1,177.6,10.342,0.89,1.15,9.94,2,0,33.29
8480,T05,D2_S4,D2,S4,0,0.0,6.638,1.49,1.35,1.26,3,0,22.39
8481,T07,S3_CR2,S3,CR2,1,220.0,6.579,1.9,1.35,10.38,1,0,22.69
8482,T07,S4_D2,S4,D2,1,219.2,6.638,1.49,1.35,11.81,4,0,29.11
8483,T05,S5_D1,S5,D1,1,197.3,6.724,1.12,1.15,8.35,0,0,17.39
8484,T03,D2_S4,D2,S4,0,0.0,6.638,1.49,1.35,2.9,2,0,20.2
8485,T05,CR1_S2,CR1,S2,0,0.0,8.334,1.39,1.15,7.31,4,0,23.05
8486,T02,S4_D2,S4,D2,1,190.2,6.638,1.49,1.35,10.6,1,0,27.96
8487,T04,S1_D1,S1,D1,1,194.1,5.834,1.12,1.15,1.75,3,0,15.65
8488,T01,S5_D1,S5,D1,1,198.7,6.724,1.12,1.15,1.65,0,0,18.61
8489,T01,CR1_S5,CR1,S5,0,0.0,10.342,0.89,1.15,6.38,4,0,26.99
8490,T02,CR2_S4,CR2,S4,0,0.0,6.855,1.9,1.35,8.91,4,0,21.5
8491,T04,CR1_S5,CR1,S5,0,0.0,10.342,0.89,1.15,5.74,2,0,26.27
8492,T03,CR2_S4,CR2,S4,0,0.0,6.855,1.9,1.35,3.49,4,0,19.18
8493,T09,CR1_S3,CR1,S3,0,0.0,8.135,1.57,1.15,1.92,3,0,18.14
8494,T01,S4_CR2,S4,CR2,1,207.7,6.855,1.9,1.35,2.21,4,0,22.71
8495,T09,S5_D1,S5,D1,1,196.1,6.724,1.12,1.15,11.75,1,0,21.6
8496,T07,CR1_S5,CR1,S5,0,0.0,10.342,0.89,1.15,1.62,3,0,28.93
8497,T04,D1_S1,D1,S1,0,0.0,5.834,1.12,1.15,11.34,3,0,15.31
8498,T03,S3_D2,S3,D2,1,185.4,6.362,1.39,1.35,5.33,3,0,27.71
8499,T06,D1_S1,D1,S1,0,0.0,5.834,1.12,1.15,11.42,1,0,13.14
8500,T06,CR1_S2,CR1,S2,0,0.0,8.334,1.39,1.15,1.6,1,0,20.9
8501,T04,S1_D1,S1,D1,1,181.9,5.834,1.12,1.15,6.37,2,0,16.28
8502,T06,CR1_S5,CR1,S5,0,0.0,10.342,0.89,1.15,7.54,3,1,36.25
8503,T01,S2_CR1,S2,CR1,1,213.3,8.334,1.39,1.15,8.26,2,0,29.12
8504,T02,S6_CR2,S6,CR2,1,175.9,8.342,1.9,1.35,4.24,2,0,27.05
8505,T07,S1_CR1,S1,CR1,1,208.5,8.767,0.8,1.15,0.72,1,0,28.63
8506,T06,S3_CR2,S3,CR2,1,186.9,6.579,1.9,1.35,10.44,1,0,24.25
8507,T10,D1_S5,D1,S5,0,0.0,6.724,1.12,1.15,8.56,2,0,19.02
8508,T01,S4_CR2,S4,CR2,1,203.2,6.855,1.9,1.35,3.16,2,0,22.53
8509,T05,S4_CR2,S4,CR2,1,203.0,6.855,1.9,1.35,9.55,1,0,20.82
8510,T01,S6_CR2,S6,CR2,1,197.5,8.342,1.9,1.35,9.84,3,0,27.1
8511,T09,S1_CR1,S1,CR1,1,206.6,8.767,0.8,1.15,8.77,3,0,32.79
8512,T04,D2_S4,D2,S4,0,0.0,6.638,1.49,1.35,7.72,3,0,22.06
8513,T04,D1_S1,D1,S1,0,0.0,5.834,1.12,1.15,6.49,5,0,15.28
8514,T08,D2_S3,D2,S3,0,0.0,6.362,1.39,1.35,2.23,1,0,20.86
8515,T09,S1_D1,S1,D1,1,190.5,5.834,1.12,1.15,7.79,2,0,15.56
8516,T01,S1_D1,S1,D1,1,176.2,5.834,1.12,1.15,0.97,2,0,15.95
8517,T03,D2_S4,D2,S4,0,0.0,6.638,1.49,1.35,5.43,2,0,21.69
8518,T09,D2_S3,D2,S3,0,0.0,6.362,1.39,1.35,11.99,2,0,23.47
8519,T10,S4_CR2,S4,CR2,1,205.4,6.855,1.9,1.35,7.47,4,1,32.6
8520,T07,CR2_S3,CR2,S3,0,0.0,6.579,1.9,1.35,9.3,2,0,20.87
8521,T07,CR2_S6,CR2,S6,0,0.0,8.342,1.9,1.35,9.93,2,0,18.98
8522,T09,CR2_S4,CR2,S4,0,0.0,6.855,1.9,1.35,5.9,0,0,16.07
8523,T07,S3_CR2,S3,CR2,1,209.5,6.579,1.9,1.35,0.82,2,1,26.8
8524,T08,S3_CR2,S3,CR2,1,200.5,6.579,1.9,1.35,11.65,2,0,22.62
8525,T02,S1_CR1,S1,CR1,1,191.0,8.767,0.8,1.15,3.84,1,0,25.94
8526,T08,D2_S3,D2,S3,0,0.0,6.362,1.39,1.35,5.33,3,0,22.71
8527,T10,D1_S5,D1,S5,0,0.0,6.724,1.12,1.15,9.76,2,0,18.31
8528,T10,S4_CR2,S4,CR2,1,220.0,6.855,1.9,1.35,7.76,3,0,25.24
8529,T01,D1_S1,D1,S1,0,0.0,5.834,1.12,1.15,11.17,3,0,13.48
8530,T04,CR2_S4,CR2,S4,0,0.0,6.855,1.9,1.35,3.73,3,0,20.5
8531,T06,CR1_S1,CR1,S1,0,0.0,8.767,0.8,1.15,7.51,4,0,23.65
8532,T05,S3_CR2,S3,CR2,1,185.9,6.579,1.9,1.35,0.98,2,0,21.88
8533,T08,S1_CR1,S1,CR1,1,220.0,8.767,0.8,1.15,6.55,4,0,28.34
8534,T03,S5_CR1,S5,CR1,1,214.1,10.342,0.89,1.15,10.09,3,0,36.15
8535,T06,S3_CR1,S3,CR1,1,190.3,8.135,1.57,1.15,10.88,3,0,22.88
8536,T07,S5_D1,S5,D1,1,198.5,6.724,1.12,1.15,8.5,2,0,19.96
8537,T05,S2_CR1,S2,CR1,1,202.7,8.334,1.39,1.15,1.97,1,0,28.12
8538,T06,D2_S4,D2,S4,0,0.0,6.638,1.49,1.35,9.33,3,0,22.63
8539,T02,CR2_S6,CR2,S6,0,0.0,8.342,1.9,1.35,8.19,0,0,20.0
8540,T06,D1_S1,D1,S1,0,0.0,5.834,1.12,1.15,9.71,3,0,14.96
8541,T01,S3_CR2,S3,CR2,1,177.5,6.579,1.9,1.35,10.49,3,0,22.96
8542,T01,D2_S3,D2,S3,0,0.0,6.362,1.39,1.35,4.19,1,0,22.33
8543,T05,D2_S4,D2,S4,0,0.0,6.638,1.49,1.35,11.29,1,0,20.35
8544,T04,D1_S1,D1,S1,0,0.0,5.834,1.12,1.15,8.77,1,0,12.63
8545,T08,CR1_S5,CR1,S5,0,0.0,10.342,0.89,1.15,4.11,3,0,26.52
8546,T06,S6_CR2,S6,CR2,1,198.7,8.342,1.9,1.35,5.81,2,0,28.72
8547,T01,CR1_S2,CR1,S2,0,0.0,8.334,1.39,1.15,10.81,1,0,20.98
8548,T03,D1_S5,D1,S5,0,0.0,6.724,1.12,1.15,7.28,1,0,18.02
8549,T05,D1_S5,D1,S5,0,0.0,6.724,1.12,1.15,4.94,3,0,19.79
8550,T09,S6_CR2,S6,CR2,1,194.2,8.342,1.9,1.35,2.97,1,0,27.54
8551,T10,S1_D1,S1,D1,1,192.0,5.834,1.12,1.15,3.37,6,0,19.61
8552,T03,S4_D2,S4,D2,1,193.4,6.638,1.49,1.35,10.73,0,0,24.68
8553,T03,D2_S3,D2,S3,0,0.0,6.362,1.39,1.35,5.22,6,0,27.77
8554,T01,S6_CR2,S6,CR2,1,185.4,8.342,1.9,1.35,5.68,3,0,27.41
8555,T05,D2_S3,D2,S3,0,0.0,6.362,1.39,1.35,8.47,4,0,22.22
8556,T09,D1_S5,D1,S5,0,0.0,6.724,1.12,1.15,0.79,2,0,16.81
8557,T04,D1_S5,D1,S5,0,0.0,6.724,1.12,1.15,0.39,0,0,14.5
8558,T07,S1_D1,S1,D1,1,187.1,5.834,1.12,1.15,7.87,4,0,19.58
8559,T10,CR2_S3,CR2,S3,0,0.0,6.579,1.9,1.35,9.5,3,0,18.65
8560,T07,CR2_S4,CR2,S4,0,0.0,6.855,1.9,1.35,11.68,5,0,22.39
8561,T07,CR1_S2,CR1,S2,0,0.0,8.334,1.39,1.15,10.85,1,0,24.55
8562,T08,S1_D1,S1,D1,1,204.1,5.834,1.12,1.15,3.43,0,1,19.85
8563,T05,S3_CR2,S3,CR2,1,200.0,6.579,1.9,1.35,5.85,6,0,24.32
8564,T10,D1_S1,D1,S1,0,0.0,5.834,1.12,1.15,1.84,2,0,12.88
8565,T07,S3_D2,S3,D2,1,214.3,6.362,1.39,1.35,8.83,2,0,28.21
8566,T06,CR1_S3,CR1,S3,0,0.0,8.135,1.57,1.15,0.13,3,0,20.09
8567,T01,S5_CR1,S5,CR1,1,196.8,10.342,0.89,1.15,4.4,3,0,39.11
8568,T05,S4_CR2,S4,CR2,1,201.7,6.855,1.9,1.35,2.33,2,0,24.77
8569,T02,CR1_S5,CR1,S5,0,0.0,10.342,0.89,1.15,10.12,1,0,25.62
8570,T01,S6_CR2,S6,CR2,1,212.2,8.342,1.9,1.35,9.11,3,0,28.24
8571,T06,S1_D1,S1,D1,1,198.2,5.834,1.12,1.15,4.04,2,1,18.09
8572,T08,CR1_S5,CR1,S5,0,0.0,10.342,0.89,1.15,11.93,1,1,35.04
8573,T09,S5_CR1,S5,CR1,1,196.6,10.342,0.89,1.15,0.79,1,0,33.09
8574,T09,D2_S4,D2,S4,0,0.0,6.638,1.49,1.35,2.79,3,0,25.54
8575,T04,S3_CR2,S3,CR2,1,220.0,6.579,1.9,1.35,0.39,1,0,21.63
8576,T10,D2_S4,D2,S4,0,0.0,6.638,1.49,1.35,4.16,2,0,24.22
8577,T09,S1_D1,S1,D1,1,168.5,5.834,1.12,1.15,1.72,2,0,16.51
8578,T03,S1_CR1,S1,CR1,1,212.0,8.767,0.8,1.15,1.35,3,0,28.17
8579,T07,S5_D1,S5,D1,1,194.3,6.724,1.12,1.15,1.33,2,0,19.93
8580,T10,S4_CR2,S4,CR2,1,203.6,6.855,1.9,1.35,10.67,2,0,24.28
8581,T02,D2_S3,D2,S3,0,0.0,6.362,1.39,1.35,9.79,2,1,29.46
8582,T07,S6_CR2,S6,CR2,1,200.1,8.342,1.9,1.35,8.99,2,0,27.49
8583,T08,S3_D2,S3,D2,1,200.5,6.362,1.39,1.35,6.47,2,0,27.75
8584,T08,S3_CR2,S3,CR2,1,193.9,6.579,1.9,1.35,3.44,2,0,22.62
8585,T01,S2_CR1,S2,CR1,1,212.3,8.334,1.39,1.15,8.94,3,0,26.66
8586,T09,CR2_S6,CR2,S6,0,0.0,8.342,1.9,1.35,5.58,7,0,25.96
8587,T07,CR2_S4,CR2,S4,0,0.0,6.855,1.9,1.35,2.11,1,0,19.85
8588,T05,CR2_S3,CR2,S3,0,0.0,6.579,1.9,1.35,1.91,4,0,20.54
8589,T07,CR1_S2,CR1,S2,0,0.0,8.334,1.39,1.15,5.6,3,0,24.34
8590,T09,CR2_S6,CR2,S6,0,0.0,8.342,1.9,1.35,0.71,2,0,22.1
8591,T05,CR2_S6,CR2,S6,0,0.0,8.342,1.9,1.35,4.37,0,0,20.32
8592,T02,S3_CR2,S3,CR2,1,187.1,6.579,1.9,1.35,7.75,1,0,21.14
8593,T08,D2_S3,D2,S3,0,0.0,6.362,1.39,1.35,2.68,0,1,24.87
8594,T06,CR2_S6,CR2,S6,0,0.0,8.342,1.9,1.35,2.5,3,0,25.42
8595,T06,S4_D2,S4,D2,1,181.7,6.638,1.49,1.35,4.72,2,0,26.07
8596,T05,S1_CR1,S1,CR1,1,192.9,8.767,0.8,1.15,7.19,2,0,30.91
8597,T09,S3_CR1,S3,CR1,1,180.8,8.135,1.57,1.15,3.44,1,0,19.56
8598,T08,D2_S3,D2,S3,0,0.0,6.362,1.39,1.35,10.43,3,0,23.47
8599,T06,S5_D1,S5,D1,1,197.5,6.724,1.12,1.15,0.75,2,0,20.18
8600,T06,S3_CR2,S3,CR2,1,220.0,6.579,1.9,1.35,11.03,1,0,23.62
8601,T06,CR1_S1,CR1,S1,0,0.0,8.767,0.8,1.15,7.7,3,0,26.42
8602,T02,CR2_S3,CR2,S3,0,0.0,6.579,1.9,1.35,1.41,3,0,19.83
8603,T06,S5_CR1,S5,CR1,1,201.1,10.342,0.89,1.15,7.74,2,0,32.21
8604,T09,CR2_S3,CR2,S3,0,0.0,6.579,1.9,1.35,10.76,3,0,23.42
8605,T09,S1_CR1,S1,CR1,1,189.9,8.767,0.8,1.15,4.31,4,0,27.06
8606,T06,S3_D2,S3,D2,1,208.7,6.362,1.39,1.35,6.46,8,0,33.45
8607,T10,S1_CR1,S1,CR1,1,193.1,8.767,0.8,1.15,5.65,0,0,26.4
8608,T06,S4_D2,S4,D2,1,170.4,6.638,1.49,1.35,1.77,3,0,28.18
8609,T07,S2_CR1,S2,CR1,1,193.3,8.334,1.39,1.15,1.69,3,0,29.52
8610,T09,CR2_S3,CR2,S3,0,0.0,6.579,1.9,1.35,9.81,1,0,19.35
8611,T04,CR2_S6,CR2,S6,0,0.0,8.342,1.9,1.35,2.03,3,0,24.02
8612,T07,S3_CR2,S3,CR2,1,186.4,6.579,1.9,1.35,8.11,2,0,22.55
8613,T01,CR2_S3,CR2,S3,0,0.0,6.579,1.9,1.35,6.45,8,0,25.38
8614,T09,CR2_S3,CR2,S3,0,0.0,6.579,1.9,1.35,11.18,3,0,20.6
8615,T04,S5_D1,S5,D1,1,206.7,6.724,1.12,1.15,2.3,2,0,19.45
8616,T03,S3_CR1,S3,CR1,1,188.4,8.135,1.57,1.15,7.3,4,0,23.2
8617,T05,S2_CR1,S2,CR1,1,220.0,8.334,1.39,1.15,3.35,3,0,29.14
8618,T02,S4_CR2,S4,CR2,1,199.0,6.855,1.9,1.35,7.59,2,0,26.0
8619,T10,S3_CR2,S3,CR2,1,176.0,6.579,1.9,1.35,9.65,4,0,24.47
8620,T10,CR2_S6,CR2,S6,0,0.0,8.342,1.9,1.35,4.88,1,0,21.77
8621,T01,D1_S5,D1,S5,0,0.0,6.724,1.12,1.15,6.43,4,0,16.62
8622,T05,CR2_S6,CR2,S6,0,0.0,8.342,1.9,1.35,0.82,3,0,22.33
8623,T07,S4_D2,S4,D2,1,187.6,6.638,1.49,1.35,2.04,0,0,23.15
8624,T08,CR1_S3,CR1,S3,0,0.0,8.135,1.57,1.15,6.76,5,0,18.85
8625,T05,S1_D1,S1,D1,1,214.6,5.834,1.12,1.15,5.82,4,0,18.76
8626,T02,D1_S1,D1,S1,0,0.0,5.834,1.12,1.15,4.55,4,0,13.16
8627,T07,S6_CR2,S6,CR2,1,196.2,8.342,1.9,1.35,3.72,3,0,26.5
8628,T07,S2_CR1,S2,CR1,1,201.6,8.334,1.39,1.15,9.4,4,0,28.92
8629,T05,CR2_S6,CR2,S6,0,0.0,8.342,1.9,1.35,1.04,0,0,19.49
8630,T03,D1_S5,D1,S5,0,0.0,6.724,1.12,1.15,1.87,4,0,17.73
8631,T10,S3_CR1,S3,CR1,1,219.4,8.135,1.57,1.15,6.69,4,1,31.28
8632,T08,D2_S3,D2,S3,0,0.0,6.362,1.39,1.35,6.37,5,0,24.46
8633,T09,D2_S4,D2,S4,0,0.0,6.638,1.49,1.35,1.82,0,0,21.25
8634,T03,S3_D2,S3,D2,1,181.2,6.362,1.39,1.35,1.83,2,0,27.58
8635,T10,D1_S5,D1,S5,0,0.0,6.724,1.12,1.15,6.34,1,0,14.83
8636,T07,S1_D1,S1,D1,1,204.4,5.834,1.12,1.15,9.39,3,1,19.7
8637,T05,S5_CR1,S5,CR1,1,213.1,10.342,0.89,1.15,6.57,4,0,36.94
8638,T02,CR1_S5,CR1,S5,0,0.0,10.342,0.89,1.15,3.81,3,0,26.5
8639,T06,S4_D2,S4,D2,1,204.8,6.638,1.49,1.35,10.69,0,0,25.46
8640,T06,S6_CR2,S6,CR2,1,199.0,8.342,1.9,1.35,4.13,1,0,22.48
8641,T01,S3_CR1,S3,CR1,1,189.2,8.135,1.57,1.15,5.01,3,0,23.88
8642,T04,S5_CR1,S5,CR1,1,179.9,10.342,0.89,1.15,10.73,5,0,36.55
8643,T09,S3_CR2,S3,CR2,1,194.4,6.579,1.9,1.35,0.98,3,0,25.14
8644,T10,S3_CR1,S3,CR1,1,173.1,8.135,1.57,1.15,1.85,3,0,21.58
8645,T03,D2_S4,D2,S4,0,0.0,6.638,1.49,1.35,3.14,1,0,23.01
8646,T09,D1_S1,D1,S1,0,0.0,5.834,1.12,1.15,8.64,1,0,12.54
8647,T09,CR2_S6,CR2,S6,0,0.0,8.342,1.9,1.35,0.24,3,0,22.04
8648,T06,S1_D1,S1,D1,1,211.7,5.834,1.12,1.15,10.46,1,0,15.88
8649,T08,S5_CR1,S5,CR1,1,171.2,10.342,0.89,1.15,1.78,3,0,31.06
8650,T03,CR1_S1,CR1,S1,0,0.0,8.767,0.8,1.15,9.54,4,0,24.31
8651,T08,S2_CR1,S2,CR1,1,197.6,8.334,1.39,1.15,5.28,4,0,28.58
8652,T06,S1_CR1,S1,CR1,1,180.8,8.767,0.8,1.15,0.38,4,0,28.55
8653,T09,S3_CR1,S3,CR1,1,172.6,8.135,1.57,1.15,0.96,1,1,23.42
8654,T03,S1_CR1,S1,CR1,1,215.1,8.767,0.8,1.15,1.66,1,0,27.41
8655,T10,D2_S4,D2,S4,0,0.0,6.638,1.49,1.35,3.91,1,1,25.48
8656,T02,CR1_S3,CR1,S3,0,0.0,8.135,1.57,1.15,6.82,3,0,17.52
8657,T03,CR1_S5,CR1,S5,0,0.0,10.342,0.89,1.15,10.79,1,1,31.74
8658,T08,D2_S4,D2,S4,0,0.0,6.638,1.49,1.35,2.42,6,0,26.35
8659,T04,S3_CR2,S3,CR2,1,175.3,6.579,1.9,1.35,8.85,6,0,25.38
8660,T05,S3_D2,S3,D2,1,201.9,6.362,1.39,1.35,1.38,2,0,27.38
8661,T10,CR2_S6,CR2,S6,0,0.0,8.342,1.9,1.35,8.97,1,0,22.48
8662,T04,CR1_S2,CR1,S2,0,0.0,8.334,1.39,1.15,6.01,4,0,23.25
8663,T06,D2_S3,D2,S3,0,0.0,6.362,1.39,1.35,0.4,2,0,22.71
8664,T06,D1_S1,D1,S1,0,0.0,5.834,1.12,1.15,10.53,3,0,14.35
8665,T04,CR1_S5,CR1,S5,0,0.0,10.342,0.89,1.15,6.4,4,1,34.35
8666,T09,S3_CR1,S3,CR1,1,208.1,8.135,1.57,1.15,6.85,2,0,20.76
8667,T02,CR1_S3,CR1,S3,0,0.0,8.135,1.57,1.15,9.99,4,0,19.65
8668,T03,D2_S3,D2,S3,0,0.0,6.362,1.39,1.35,8.04,8,0,28.5
8669,T04,S3_D2,S3,D2,1,186.5,6.362,1.39,1.35,1.8,0,1,36.85
8670,T02,CR2_S6,CR2,S6,0,0.0,8.342,1.9,1.35,3.19,2,0,20.88
8671,T09,S1_D1,S1,D1,1,192.4,5.834,1.12,1.15,1.56,2,0,17.21
8672,T03,S1_D1,S1,D1,1,220.0,5.834,1.12,1.15,7.12,4,0,17.61
8673,T07,S2_CR1,S2,CR1,1,202.5,8.334,1.39,1.15,5.52,3,0,32.4
8674,T08,S3_D2,S3,D2,1,180.2,6.362,1.39,1.35,8.95,2,0,28.84
8675,T04,S5_CR1,S5,CR1,1,187.9,10.342,0.89,1.15,11.29,1,0,31.65
8676,T10,S4_D2,S4,D2,1,170.6,6.638,1.49,1.35,11.78,5,0,29.33
8677,T05,S4_CR2,S4,CR2,1,190.5,6.855,1.9,1.35,5.23,2,0,22.9
8678,T02,S1_D1,S1,D1,1,192.4,5.834,1.12,1.15,2.94,4,1,22.62
8679,T10,S1_CR1,S1,CR1,1,189.3,8.767,0.8,1.15,9.34,5,0,31.79
8680,T03,S4_D2,S4,D2,1,168.7,6.638,1.49,1.35,9.04,1,0,24.74
8681,T07,CR1_S5,CR1,S5,0,0.0,10.342,0.89,1.15,8.48,2,0,30.21
8682,T10,D2_S3,D2,S3,0,0.0,6.362,1.39,1.35,8.3,1,0,22.93
8683,T07,D2_S3,D2,S3,0,0.0,6.362,1.39,1.35,11.08,3,0,23.18
8684,T05,CR1_S1,CR1,S1,0,0.0,8.767,0.8,1.15,9.14,4,0,28.01
8685,T09,S5_CR1,S5,CR1,1,179.8,10.342,0.89,1.15,3.37,3,0,36.63
8686,T07,S4_D2,S4,D2,1,206.7,6.638,1.49,1.35,4.35,3,1,34.67
8687,T01,CR2_S4,CR2,S4,0,0.0,6.855,1.9,1.35,1.47,2,0,20.66
8688,T08,D1_S1,D1,S1,0,0.0,5.834,1.12,1.15,2.81,0,0,12.21
8689,T07,CR1_S1,CR1,S1,0,0.0,8.767,0.8,1.15,5.96,3,0,26.16
8690,T01,S4_CR2,S4,CR2,1,195.8,6.855,1.9,1.35,2.4,1,0,19.66
8691,T08,S5_CR1,S5,CR1,1,198.2,10.342,0.89,1.15,0.37,4,0,36.16
8692,T04,S3_D2,S3,D2,1,173.1,6.362,1.39,1.35,2.36,1,0,26.92
8693,T05,S1_D1,S1,D1,1,191.6,5.834,1.12,1.15,0.85,2,0,17.45
8694,T06,S5_CR1,S5,CR1,1,214.0,10.342,0.89,1.15,11.19,1,0,32.64
8695,T01,S5_CR1,S5,CR1,1,185.7,10.342,0.89,1.15,9.07,2,0,28.41
8696,T08,S4_CR2,S4,CR2,1,188.4,6.855,1.9,1.35,6.25,6,0,24.95
8697,T05,CR1_S2,CR1,S2,0,0.0,8.334,1.39,1.15,7.09,6,0,27.32
8698,T08,D2_S3,D2,S3,0,0.0,6.362,1.39,1.35,5.68,4,0,21.08
8699,T01,D1_S5,D1,S5,0,0.0,6.724,1.12,1.15,11.79,1,0,17.35
8700,T10,S3_CR2,S3,CR2,1,203.2,6.579,1.9,1.35,7.95,2,0,23.99
8701,T05,CR1_S2,CR1,S2,0,0.0,8.334,1.39,1.15,5.84,8,0,27.66
8702,T01,CR1_S3,CR1,S3,0,0.0,8.135,1.57,1.15,11.35,0,0,15.92
8703,T10,CR2_S6,CR2,S6,0,0.0,8.342,1.9,1.35,11.87,1,0,20.65
8704,T09,S1_CR1,S1,CR1,1,200.3,8.767,0.8,1.15,4.92,7,0,32.52
8705,T10,CR2_S3,CR2,S3,0,0.0,6.579,1.9,1.35,6.26,3,0,20.61
8706,T05,D1_S1,D1,S1,0,0.0,5.834,1.12,1.15,6.19,2,0,12.81
8707,T09,CR1_S2,CR1,S2,0,0.0,8.334,1.39,1.15,8.45,2,0,22.21
8708,T08,S1_CR1,S1,CR1,1,213.7,8.767,0.8,1.15,4.68,6,1,36.47
8709,T07,S1_CR1,S1,CR1,1,207.4,8.767,0.8,1.15,1.5,1,0,27.1
8710,T07,CR1_S5,CR1,S5,0,0.0,10.342,0.89,1.15,6.18,6,0,27.7
8711,T03,S1_D1,S1,D1,1,195.1,5.834,1.12,1.15,6.74,5,0,18.66
8712,T05,D1_S5,D1,S5,0,0.0,6.724,1.12,1.15,1.83,0,0,15.23
8713,T02,CR1_S3,CR1,S3,0,0.0,8.135,1.57,1.15,7.48,4,0,19.91
8714,T10,D2_S4,D2,S4,0,0.0,6.638,1.49,1.35,0.69,1,0,20.94
8715,T02,D1_S5,D1,S5,0,0.0,6.724,1.12,1.15,0.06,4,0,18.61
8716,T02,CR2_S3,CR2,S3,0,0.0,6.579,1.9,1.35,9.21,0,1,20.1
8717,T05,S1_D1,S1,D1,1,220.0,5.834,1.12,1.15,2.2,1,0,15.87
8718,T01,CR2_S3,CR2,S3,0,0.0,6.579,1.9,1.35,1.99,3,0,21.42
8719,T09,CR1_S3,CR1,S3,0,0.0,8.135,1.57,1.15,11.34,5,0,20.82
8720,T10,CR1_S2,CR1,S2,0,0.0,8.334,1.39,1.15,4.73,3,0,23.27
8721,T06,S5_CR1,S5,CR1,1,218.5,10.342,0.89,1.15,11.27,1,0,32.29
8722,T07,S3_CR2,S3,CR2,1,170.6,6.579,1.9,1.35,5.98,1,0,23.3
8723,T01,CR2_S3,CR2,S3,0,0.0,6.579,1.9,1.35,11.7,0,0,16.5
8724,T08,S6_CR2,S6,CR2,1,210.2,8.342,1.9,1.35,6.74,4,0,27.88
8725,T02,S1_CR1,S1,CR1,1,215.6,8.767,0.8,1.15,5.26,4,1,36.57
8726,T09,S1_CR1,S1,CR1,1,195.7,8.767,0.8,1.15,2.1,4,0,29.26
8727,T09,CR2_S4,CR2,S4,0,0.0,6.855,1.9,1.35,11.39,2,0,18.3
8728,T06,CR2_S4,CR2,S4,0,0.0,6.855,1.9,1.35,2.33,0,1,22.6
8729,T04,S2_CR1,S2,CR1,1,220.0,8.334,1.39,1.15,6.7,1,0,28.89
8730,T08,CR1_S5,CR1,S5,0,0.0,10.342,0.89,1.15,8.15,1,0,27.84
8731,T10,S3_CR2,S3,CR2,1,176.9,6.579,1.9,1.35,8.31,3,0,24.83
8732,T08,CR1_S1,CR1,S1,0,0.0,8.767,0.8,1.15,5.98,4,0,25.85
8733,T01,CR1_S2,CR1,S2,0,0.0,8.334,1.39,1.15,1.93,0,0,21.28
8734,T06,S4_CR2,S4,CR2,1,186.7,6.855,1.9,1.35,11.86,2,0,22.6
8735,T07,D1_S5,D1,S5,0,0.0,6.724,1.12,1.15,3.03,1,0,15.43
8736,T04,S3_CR2,S3,CR2,1,218.5,6.579,1.9,1.35,8.75,4,0,22.79
8737,T03,S1_D1,S1,D1,1,184.7,5.834,1.12,1.15,8.77,4,0,18.96
8738,T04,S3_CR2,S3,CR2,1,189.1,6.579,1.9,1.35,5.24,4,0,24.55
8739,T07,S6_CR2,S6,CR2,1,167.8,8.342,1.9,1.35,5.17,1,0,28.49
8740,T03,S6_CR2,S6,CR2,1,209.8,8.342,1.9,1.35,1.93,2,0,25.61
8741,T04,CR1_S5,CR1,S5,0,0.0,10.342,0.89,1.15,1.28,5,0,29.04
8742,T08,S4_D2,S4,D2,1,183.3,6.638,1.49,1.35,8.84,1,0,26.65
8743,T04,CR2_S4,CR2,S4,0,0.0,6.855,1.9,1.35,4.8,5,0,19.84
8744,T06,D2_S3,D2,S3,0,0.0,6.362,1.39,1.35,4.39,2,0,23.44
8745,T03,S5_CR1,S5,CR1,1,193.3,10.342,0.89,1.15,3.44,0,0,33.09
8746,T02,S3_CR2,S3,CR2,1,206.5,6.579,1.9,1.35,8.06,4,0,26.64
8747,T07,D2_S3,D2,S3,0,0.0,6.362,1.39,1.35,6.34,4,0,25.72
8748,T02,S3_CR1,S3,CR1,1,213.1,8.135,1.57,1.15,9.75,2,0,18.86
8749,T01,CR1_S3,CR1,S3,0,0.0,8.135,1.57,1.15,2.98,3,0,18.17
8750,T01,CR2_S4,CR2,S4,0,0.0,6.855,1.9,1.35,11.2,2,0,17.66
8751,T08,S1_CR1,S1,CR1,1,195.5,8.767,0.8,1.15,10.53,1,0,26.52
8752,T06,D1_S1,D1,S1,0,0.0,5.834,1.12,1.15,6.5,4,0,15.07
8753,T02,S2_CR1,S2,CR1,1,195.4,8.334,1.39,1.15,10.52,1,0,29.79
8754,T01,S2_CR1,S2,CR1,1,185.8,8.334,1.39,1.15,5.04,2,0,26.22
8755,T07,S5_D1,S5,D1,1,179.3,6.724,1.12,1.15,10.48,2,0,21.01
8756,T04,S6_CR2,S6,CR2,1,180.0,8.342,1.9,1.35,4.92,3,0,28.66
8757,T08,S2_CR1,S2,CR1,1,185.9,8.334,1.39,1.15,4.03,4,0,31.86
8758,T02,D2_S4,D2,S4,0,0.0,6.638,1.49,1.35,2.67,4,0,24.52
8759,T03,CR1_S3,CR1,S3,0,0.0,8.135,1.57,1.15,0.68,2,0,17.05
8760,T07,CR1_S5,CR1,S5,0,0.0,10.342,0.89,1.15,6.15,3,0,26.4
8761,T02,S4_CR2,S4,CR2,1,200.4,6.855,1.9,1.35,3.41,3,0,25.35
8762,T04,D2_S4,D2,S4,0,0.0,6.638,1.49,1.35,1.46,6,0,26.71
8763,T06,S6_CR2,S6,CR2,1,209.2,8.342,1.9,1.35,0.57,5,0,28.03
8764,T02,CR2_S3,CR2,S3,0,0.0,6.579,1.9,1.35,9.82,2,0,18.62
8765,T08,S3_D2,S3,D2,1,189.5,6.362,1.39,1.35,1.01,2,0,27.9
8766,T08,S3_D2,S3,D2,1,220.0,6.362,1.39,1.35,6.13,1,0,28.58
8767,T06,D2_S3,D2,S3,0,0.0,6.362,1.39,1.35,8.7,2,0,21.33
8768,T04,CR2_S6,CR2,S6,0,0.0,8.342,1.9,1.35,7.92,3,0,23.42
8769,T02,CR1_S3,CR1,S3,0,0.0,8.135,1.57,1.15,8.09,1,0,16.88
8770,T06,S6_CR2,S6,CR2,1,203.7,8.342,1.9,1.35,2.53,2,0,26.48
8771,T02,S1_CR1,S1,CR1,1,194.9,8.767,0.8,1.15,1.16,0,0,29.39
8772,T02,S2_CR1,S2,CR1,1,171.1,8.334,1.39,1.15,3.47,4,0,29.34
8773,T06,S3_CR2,S3,CR2,1,200.5,6.579,1.9,1.35,7.56,1,0,22.55
8774,T05,S6_CR2,S6,CR2,1,180.0,8.342,1.9,1.35,0.22,1,0,27.89
8775,T10,S4_CR2,S4,CR2,1,203.7,6.855,1.9,1.35,7.21,4,0,23.57
8776,T04,S4_D2,S4,D2,1,193.8,6.638,1.49,1.35,11.22,3,0,28.67
8777,T08,S5_D1,S5,D1,1,220.0,6.724,1.12,1.15,5.63,4,0,21.67
8778,T02,D2_S3,D2,S3,0,0.0,6.362,1.39,1.35,7.54,3,0,23.54
8779,T05,S3_CR1,S3,CR1,1,186.3,8.135,1.57,1.15,5.21,2,0,20.09
8780,T05,S1_D1,S1,D1,1,216.5,5.834,1.12,1.15,1.3,2,1,22.14
8781,T05,CR1_S1,CR1,S1,0,0.0,8.767,0.8,1.15,0.7,2,0,23.38
8782,T02,CR2_S4,CR2,S4,0,0.0,6.855,1.9,1.35,11.45,2,0,18.88
8783,T10,S5_CR1,S5,CR1,1,188.6,10.342,0.89,1.15,0.64,3,1,41.54
8784,T02,D2_S4,D2,S4,0,0.0,6.638,1.49,1.35,5.04,4,0,24.67
8785,T07,S3_CR1,S3,CR1,1,211.4,8.135,1.57,1.15,1.81,4,0,24.19
8786,T07,CR2_S3,CR2,S3,0,0.0,6.579,1.9,1.35,3.69,3,0,20.06
8787,T08,CR2_S3,CR2,S3,0,0.0,6.579,1.9,1.35,3.55,4,0,18.77
8788,T07,S3_CR2,S3,CR2,1,214.8,6.579,1.9,1.35,2.46,3,0,24.18
8789,T03,S4_CR2,S4,CR2,1,212.7,6.855,1.9,1.35,3.92,1,0,23.49
8790,T06,CR2_S3,CR2,S3,0,0.0,6.579,1.9,1.35,4.26,4,0,20.11
8791,T08,S3_D2,S3,D2,1,215.2,6.362,1.39,1.35,10.98,2,0,28.2
8792,T10,S3_CR1,S3,CR1,1,220.0,8.135,1.57,1.15,8.13,1,0,19.15
8793,T10,CR1_S5,CR1,S5,0,0.0,10.342,0.89,1.15,0.49,5,0,26.99
8794,T03,CR2_S3,CR2,S3,0,0.0,6.579,1.9,1.35,5.46,3,0,20.95
8795,T04,S3_D2,S3,D2,1,187.8,6.362,1.39,1.35,6.05,5,0,27.55
8796,T09,CR1_S2,CR1,S2,0,0.0,8.334,1.39,1.15,7.24,3,0,24.29
8797,T01,S3_CR2,S3,CR2,1,206.9,6.579,1.9,1.35,2.72,2,0,24.05
8798,T04,S3_CR2,S3,CR2,1,176.2,6.579,1.9,1.35,5.72,3,0,24.29
8799,T09,S3_CR2,S3,CR2,1,190.0,6.579,1.9,1.35,9.37,2,0,26.86
8800,T05,D1_S1,D1,S1,0,0.0,5.834,1.12,1.15,9.03,0,0,11.62
8801,T02,CR1_S2,CR1,S2,0,0.0,8.334,1.39,1.15,10.2,3,0,22.32
8802,T08,D1_S1,D1,S1,0,0.0,5.834,1.12,1.15,5.98,4,0,14.43
8803,T04,S2_CR1,S2,CR1,1,195.9,8.334,1.39,1.15,10.03,1,1,36.17
8804,T08,S6_CR2,S6,CR2,1,220.0,8.342,1.9,1.35,9.49,4,1,34.36
8805,T08,S4_D2,S4,D2,1,184.0,6.638,1.49,1.35,4.27,5,0,29.04
8806,T06,S4_CR2,S4,CR2,1,201.9,6.855,1.9,1.35,9.38,3,0,22.38
8807,T04,CR1_S2,CR1,S2,0,0.0,8.334,1.39,1.15,5.94,3,0,23.31
8808,T03,CR1_S3,CR1,S3,0,0.0,8.135,1.57,1.15,5.15,1,0,18.11
8809,T04,CR1_S3,CR1,S3,0,0.0,8.135,1.57,1.15,1.52,2,0,16.95
8810,T09,S4_CR2,S4,CR2,1,187.0,6.855,1.9,1.35,2.6,2,0,24.73
8811,T03,D2_S3,D2,S3,0,0.0,6.362,1.39,1.35,6.64,3,0,23.76
8812,T05,S1_CR1,S1,CR1,1,192.8,8.767,0.8,1.15,8.17,3,0,30.48
8813,T06,D2_S4,D2,S4,0,0.0,6.638,1.49,1.35,2.59,0,0,21.21
8814,T02,S4_D2,S4,D2,1,186.9,6.638,1.49,1.35,8.46,2,0,28.98
8815,T10,S3_CR1,S3,CR1,1,187.8,8.135,1.57,1.15,9.17,4,1,28.43
8816,T04,D1_S5,D1,S5,0,0.0,6.724,1.12,1.15,4.91,5,0,19.49
8817,T04,CR2_S6,CR2,S6,0,0.0,8.342,1.9,1.35,2.35,4,0,22.7
8818,T03,CR2_S3,CR2,S3,0,0.0,6.579,1.9,1.35,11.86,3,0,19.58
8819,T05,S3_CR2,S3,CR2,1,198.5,6.579,1.9,1.35,11.4,3,0,24.46
8820,T03,S1_CR1,S1,CR1,1,181.4,8.767,0.8,1.15,9.57,2,0,27.96
8821,T07,CR1_S5,CR1,S5,0,0.0,10.342,0.89,1.15,11.79,1,0,25.69
8822,T07,S1_CR1,S1,CR1,1,198.6,8.767,0.8,1.15,6.33,1,0,27.66
8823,T03,S1_CR1,S1,CR1,1,167.0,8.767,0.8,1.15,10.51,2,0,27.86
8824,T06,CR2_S6,CR2,S6,0,0.0,8.342,1.9,1.35,11.78,1,0,20.53
8825,T10,S3_CR1,S3,CR1,1,206.1,8.135,1.57,1.15,7.57,1,0,21.96
8826,T06,S1_CR1,S1,CR1,1,203.2,8.767,0.8,1.15,3.46,3,0,28.43
8827,T07,CR2_S3,CR2,S3,0,0.0,6.579,1.9,1.35,6.35,4,0,18.56
8828,T02,D1_S1,D1,S1,0,0.0,5.834,1.12,1.15,6.67,4,0,13.9
8829,T03,CR1_S1,CR1,S1,0,0.0,8.767,0.8,1.15,2.67,5,0,26.2
8830,T10,S2_CR1,S2,CR1,1,183.0,8.334,1.39,1.15,1.51,2,0,24.4
8831,T02,D2_S3,D2,S3,0,0.0,6.362,1.39,1.35,8.34,5,0,21.98
8832,T04,S3_CR1,S3,CR1,1,215.7,8.135,1.57,1.15,2.97,1,0,18.85
8833,T08,S5_CR1,S5,CR1,1,210.1,10.342,0.89,1.15,6.2,7,0,39.81
8834,T08,S3_CR2,S3,CR2,1,218.6,6.579,1.9,1.35,4.7,2,0,21.93
8835,T01,D2_S3,D2,S3,0,0.0,6.362,1.39,1.35,10.07,1,0,21.88
8836,T09,S5_D1,S5,D1,1,190.6,6.724,1.12,1.15,0.34,1,0,21.68
8837,T04,CR2_S6,CR2,S6,0,0.0,8.342,1.9,1.35,10.52,1,0,21.28
8838,T10,S3_CR2,S3,CR2,1,195.3,6.579,1.9,1.35,11.11,3,0,26.28
8839,T06,CR2_S6,CR2,S6,0,0.0,8.342,1.9,1.35,11.69,2,0,21.49
8840,T10,S3_CR2,S3,CR2,1,216.5,6.579,1.9,1.35,11.69,1,1,25.96
8841,T03,S4_D2,S4,D2,1,203.3,6.638,1.49,1.35,11.85,3,0,26.99
8842,T07,CR1_S2,CR1,S2,0,0.0,8.334,1.39,1.15,11.07,1,0,24.32
8843,T05,S2_CR1,S2,CR1,1,215.0,8.334,1.39,1.15,5.92,7,0,29.96
8844,T02,CR1_S1,CR1,S1,0,0.0,8.767,0.8,1.15,11.34,1,0,20.77
8845,T04,D1_S5,D1,S5,0,0.0,6.724,1.12,1.15,5.89,8,0,22.12
8846,T01,S3_D2,S3,D2,1,208.2,6.362,1.39,1.35,8.19,1,0,25.76
8847,T02,CR2_S3,CR2,S3,0,0.0,6.579,1.9,1.35,0.34,0,0,15.75
8848,T02,D1_S1,D1,S1,0,0.0,5.834,1.12,1.15,9.9,1,0,12.07
8849,T05,S6_CR2,S6,CR2,1,217.8,8.342,1.9,1.35,9.8,1,0,27.83
8850,T02,S6_CR2,S6,CR2,1,201.0,8.342,1.9,1.35,11.84,5,0,28.76
8851,T10,CR2_S6,CR2,S6,0,0.0,8.342,1.9,1.35,6.48,2,0,20.71
8852,T01,S3_D2,S3,D2,1,182.1,6.362,1.39,1.35,3.88,1,1,33.81
8853,T10,S3_D2,S3,D2,1,174.3,6.362,1.39,1.35,0.03,3,0,27.53
8854,T03,S6_CR2,S6,CR2,1,170.1,8.342,1.9,1.35,5.85,4,0,30.39
8855,T09,S5_D1,S5,D1,1,196.2,6.724,1.12,1.15,2.09,1,0,22.03
8856,T09,D1_S5,D1,S5,0,0.0,6.724,1.12,1.15,5.77,5,0,20.26
8857,T07,CR2_S3,CR2,S3,0,0.0,6.579,1.9,1.35,2.19,2,0,17.57
8858,T08,CR1_S2,CR1,S2,0,0.0,8.334,1.39,1.15,8.1,4,0,25.52
8859,T04,S3_CR2,S3,CR2,1,215.0,6.579,1.9,1.35,3.41,4,0,24.31
8860,T04,S5_D1,S5,D1,1,209.1,6.724,1.12,1.15,6.74,4,0,23.36
8861,T05,CR2_S3,CR2,S3,0,0.0,6.579,1.9,1.35,0.66,2,0,20.21
8862,T04,S6_CR2,S6,CR2,1,212.4,8.342,1.9,1.35,5.1,4,0,28.29
8863,T07,D1_S1,D1,S1,0,0.0,5.834,1.12,1.15,0.21,2,0,14.15
8864,T08,S1_CR1,S1,CR1,1,206.6,8.767,0.8,1.15,1.75,0,0,25.57
8865,T04,S3_D2,S3,D2,1,188.9,6.362,1.39,1.35,7.41,3,0,28.08
8866,T02,CR2_S3,CR2,S3,0,0.0,6.579,1.9,1.35,7.27,4,0,19.72
8867,T06,CR1_S5,CR1,S5,0,0.0,10.342,0.89,1.15,6.9,4,0,28.8
8868,T01,CR1_S1,CR1,S1,0,0.0,8.767,0.8,1.15,2.67,3,0,24.87
8869,T07,S5_D1,S5,D1,1,194.2,6.724,1.12,1.15,10.58,5,0,21.16
8870,T08,S5_CR1,S5,CR1,1,203.0,10.342,0.89,1.15,6.73,4,0,36.25
8871,T09,S4_D2,S4,D2,1,173.8,6.638,1.49,1.35,7.27,4,0,28.83
8872,T08,CR2_S3,CR2,S3,0,0.0,6.579,1.9,1.35,11.22,2,0,19.71
8873,T08,D1_S5,D1,S5,0,0.0,6.724,1.12,1.15,11.46,1,0,16.67
8874,T09,CR2_S4,CR2,S4,0,0.0,6.855,1.9,1.35,10.5,3,0,21.32
8875,T05,S2_CR1,S2,CR1,1,184.7,8.334,1.39,1.15,6.71,2,0,29.09
8876,T02,S4_CR2,S4,CR2,1,220.0,6.855,1.9,1.35,3.36,2,0,23.55
8877,T04,S1_CR1,S1,CR1,1,205.9,8.767,0.8,1.15,10.61,1,0,28.45
8878,T06,D2_S3,D2,S3,0,0.0,6.362,1.39,1.35,1.68,1,0,20.74
8879,T03,CR2_S6,CR2,S6,0,0.0,8.342,1.9,1.35,7.73,2,0,21.54
8880,T07,S3_D2,S3,D2,1,193.3,6.362,1.39,1.35,0.94,1,1,29.88
8881,T04,S5_D1,S5,D1,1,177.4,6.724,1.12,1.15,10.35,2,0,21.32
8882,T02,S6_CR2,S6,CR2,1,175.7,8.342,1.9,1.35,9.76,2,0,25.32
8883,T02,CR1_S5,CR1,S5,0,0.0,10.342,0.89,1.15,1.45,0,0,27.78
8884,T10,S2_CR1,S2,CR1,1,200.2,8.334,1.39,1.15,6.57,3,0,32.43
8885,T09,S6_CR2,S6,CR2,1,214.5,8.342,1.9,1.35,8.38,1,1,31.01
8886,T01,CR1_S2,CR1,S2,0,0.0,8.334,1.39,1.15,1.28,1,0,21.8
8887,T04,D2_S3,D2,S3,0,0.0,6.362,1.39,1.35,6.69,3,0,21.86
8888,T01,D2_S4,D2,S4,0,0.0,6.638,1.49,1.35,6.38,2,0,23.12
8889,T07,S3_D2,S3,D2,1,212.5,6.362,1.39,1.35,6.45,4,0,27.32
8890,T05,S2_CR1,S2,CR1,1,194.2,8.334,1.39,1.15,5.94,4,0,29.45
8891,T04,S5_D1,S5,D1,1,197.5,6.724,1.12,1.15,3.7,6,0,24.84
8892,T06,CR1_S3,CR1,S3,0,0.0,8.135,1.57,1.15,6.21,5,0,18.5
8893,T04,S4_D2,S4,D2,1,179.7,6.638,1.49,1.35,8.18,5,0,28.36
8894,T03,D1_S5,D1,S5,0,0.0,6.724,1.12,1.15,5.74,1,0,16.36
8895,T06,D2_S4,D2,S4,0,0.0,6.638,1.49,1.35,8.1,5,0,25.36
8896,T06,S1_D1,S1,D1,1,190.7,5.834,1.12,1.15,5.9,3,0,17.27
8897,T03,D1_S5,D1,S5,0,0.0,6.724,1.12,1.15,7.97,3,0,16.2
8898,T01,S1_D1,S1,D1,1,206.7,5.834,1.12,1.15,1.51,2,0,15.52
8899,T02,S1_D1,S1,D1,1,206.0,5.834,1.12,1.15,9.75,2,0,15.68
8900,T07,D2_S4,D2,S4,0,0.0,6.638,1.49,1.35,3.06,4,0,25.0
8901,T06,CR1_S1,CR1,S1,0,0.0,8.767,0.8,1.15,9.25,4,0,24.85
8902,T07,S3_CR2,S3,CR2,1,172.7,6.579,1.9,1.35,7.77,1,0,22.21
8903,T04,CR1_S2,CR1,S2,0,0.0,8.334,1.39,1.15,9.77,2,0,22.43
8904,T09,S3_CR1,S3,CR1,1,177.4,8.135,1.57,1.15,4.94,5,0,24.36
8905,T04,S1_D1,S1,D1,1,194.1,5.834,1.12,1.15,11.16,6,0,19.67
8906,T06,S5_CR1,S5,CR1,1,216.6,10.342,0.89,1.15,9.07,1,0,29.56
8907,T02,CR1_S1,CR1,S1,0,0.0,8.767,0.8,1.15,5.86,5,1,38.53
8908,T03,CR2_S3,CR2,S3,0,0.0,6.579,1.9,1.35,7.01,4,0,20.3
8909,T06,S4_CR2,S4,CR2,1,194.7,6.855,1.9,1.35,4.47,7,1,30.84
8910,T10,S4_CR2,S4,CR2,1,199.7,6.855,1.9,1.35,9.77,2,0,22.34
8911,T10,S6_CR2,S6,CR2,1,209.6,8.342,1.9,1.35,4.91,0,0,24.62
8912,T02,CR1_S3,CR1,S3,0,0.0,8.135,1.57,1.15,11.86,2,0,17.66
8913,T06,CR1_S3,CR1,S3,0,0.0,8.135,1.57,1.15,2.73,2,0,15.72
8914,T06,D1_S5,D1,S5,0,0.0,6.724,1.12,1.15,6.09,3,0,15.41
8915,T02,CR1_S5,CR1,S5,0,0.0,10.342,0.89,1.15,0.21,2,0,23.85
8916,T10,D2_S4,D2,S4,0,0.0,6.638,1.49,1.35,0.2,4,0,21.82
8917,T04,CR1_S1,CR1,S1,0,0.0,8.767,0.8,1.15,0.01,3,1,26.72
8918,T08,D1_S1,D1,S1,0,0.0,5.834,1.12,1.15,4.43,1,0,12.83
8919,T08,S3_CR2,S3,CR2,1,216.6,6.579,1.9,1.35,0.8,2,0,25.14
8920,T03,S3_CR2,S3,CR2,1,193.7,6.579,1.9,1.35,6.82,0,0,21.46
8921,T10,S3_CR1,S3,CR1,1,186.5,8.135,1.57,1.15,0.32,4,0,22.73
8922,T09,S1_CR1,S1,CR1,1,204.8,8.767,0.8,1.15,3.12,1,0,30.39
8923,T10,S3_D2,S3,D2,1,197.3,6.362,1.39,1.35,6.38,3,0,28.5
8924,T03,S3_CR2,S3,CR2,1,204.9,6.579,1.9,1.35,1.54,5,0,27.06
8925,T04,S6_CR2,S6,CR2,1,180.8,8.342,1.9,1.35,11.77,1,0,25.85
8926,T10,CR1_S2,CR1,S2,0,0.0,8.334,1.39,1.15,4.78,4,1,27.28
8927,T10,S5_D1,S5,D1,1,207.0,6.724,1.12,1.15,0.84,2,0,20.71
8928,T04,D2_S4,D2,S4,0,0.0,6.638,1.49,1.35,5.61,5,0,25.86
8929,T01,CR2_S3,CR2,S3,0,0.0,6.579,1.9,1.35,10.41,3,0,22.09
8930,T02,CR1_S5,CR1,S5,0,0.0,10.342,0.89,1.15,3.61,3,1,33.23
8931,T04,D2_S3,D2,S3,0,0.0,6.362,1.39,1.35,2.75,3,0,21.49
8932,T05,S5_D1,S5,D1,1,207.9,6.724,1.12,1.15,5.98,5,0,23.53
8933,T10,S4_D2,S4,D2,1,196.9,6.638,1.49,1.35,9.44,2,0,27.4
8934,T09,S1_CR1,S1,CR1,1,182.6,8.767,0.8,1.15,7.3,3,0,28.56
8935,T08,S6_CR2,S6,CR2,1,206.1,8.342,1.9,1.35,6.09,5,0,33.2
8936,T07,CR1_S1,CR1,S1,0,0.0,8.767,0.8,1.15,7.18,6,0,26.49
8937,T06,S6_CR2,S6,CR2,1,187.2,8.342,1.9,1.35,11.14,1,0,26.3
8938,T08,D1_S1,D1,S1,0,0.0,5.834,1.12,1.15,11.97,1,0,11.79
8939,T07,S5_CR1,S5,CR1,1,185.5,10.342,0.89,1.15,9.64,3,0,31.6
8940,T03,S1_D1,S1,D1,1,190.6,5.834,1.12,1.15,8.53,2,0,15.57
8941,T02,S5_D1,S5,D1,1,203.1,6.724,1.12,1.15,6.49,6,0,20.62
8942,T02,CR1_S5,CR1,S5,0,0.0,10.342,0.89,1.15,10.42,2,0,31.07
8943,T09,CR1_S2,CR1,S2,0,0.0,8.334,1.39,1.15,11.88,1,1,28.28
8944,T07,CR1_S5,CR1,S5,0,0.0,10.342,0.89,1.15,3.46,2,1,34.67
8945,T08,CR2_S3,CR2,S3,0,0.0,6.579,1.9,1.35,1.41,0,0,20.01
8946,T07,D2_S4,D2,S4,0,0.0,6.638,1.49,1.35,8.4,5,0,26.4
8947,T02,S3_D2,S3,D2,1,209.7,6.362,1.39,1.35,7.05,4,0,25.71
8948,T08,S1_D1,S1,D1,1,199.4,5.834,1.12,1.15,1.7,4,0,15.28
8949,T07,S1_CR1,S1,CR1,1,195.0,8.767,0.8,1.15,11.52,3,0,30.43
8950,T06,S3_CR1,S3,CR1,1,187.2,8.135,1.57,1.15,9.04,1,0,22.25
8951,T04,D2_S3,D2,S3,0,0.0,6.362,1.39,1.35,3.91,2,0,21.58
8952,T02,S4_D2,S4,D2,1,187.6,6.638,1.49,1.35,3.84,0,0,24.97
8953,T02,CR1_S1,CR1,S1,0,0.0,8.767,0.8,1.15,4.13,4,0,25.15
8954,T01,D1_S5,D1,S5,0,0.0,6.724,1.12,1.15,1.24,4,0,18.47
8955,T06,S3_D2,S3,D2,1,195.1,6.362,1.39,1.35,2.96,0,0,25.16
8956,T02,D2_S3,D2,S3,0,0.0,6.362,1.39,1.35,3.43,1,1,27.26
8957,T10,S2_CR1,S2,CR1,1,190.1,8.334,1.39,1.15,1.71,3,0,28.43
8958,T07,D1_S5,D1,S5,0,0.0,6.724,1.12,1.15,8.55,6,0,17.49
8959,T08,S1_D1,S1,D1,1,189.6,5.834,1.12,1.15,5.6,1,0,15.84
8960,T07,S1_CR1,S1,CR1,1,203.8,8.767,0.8,1.15,3.19,2,0,29.37
8961,T08,S4_CR2,S4,CR2,1,209.7,6.855,1.9,1.35,0.55,1,0,20.14
8962,T03,S1_D1,S1,D1,1,210.9,5.834,1.12,1.15,2.56,1,0,18.04
8963,T07,CR2_S6,CR2,S6,0,0.0,8.342,1.9,1.35,2.29,1,0,22.23
8964,T10,S6_CR2,S6,CR2,1,197.0,8.342,1.9,1.35,1.47,1,0,26.3
8965,T05,S5_CR1,S5,CR1,1,210.4,10.342,0.89,1.15,8.39,3,0,35.92
8966,T03,S3_CR1,S3,CR1,1,200.1,8.135,1.57,1.15,4.39,4,0,22.88
8967,T01,S3_CR1,S3,CR1,1,202.9,8.135,1.57,1.15,3.96,3,0,22.15
8968,T09,S2_CR1,S2,CR1,1,204.7,8.334,1.39,1.15,9.66,4,0,25.8
8969,T07,S3_CR2,S3,CR2,1,209.8,6.579,1.9,1.35,9.53,3,0,23.4
8970,T02,S3_CR1,S3,CR1,1,203.6,8.135,1.57,1.15,10.55,3,0,22.87
8971,T09,S4_CR2,S4,CR2,1,202.7,6.855,1.9,1.35,7.57,5,1,32.94
8972,T06,S1_CR1,S1,CR1,1,210.0,8.767,0.8,1.15,3.31,2,0,27.86
8973,T02,D2_S4,D2,S4,0,0.0,6.638,1.49,1.35,8.23,1,0,21.19
8974,T04,CR1_S1,CR1,S1,0,0.0,8.767,0.8,1.15,6.8,3,0,21.31
8975,T03,D1_S5,D1,S5,0,0.0,6.724,1.12,1.15,1.59,2,0,15.23
8976,T02,CR2_S3,CR2,S3,0,0.0,6.579,1.9,1.35,10.78,2,0,17.01
8977,T02,S6_CR2,S6,CR2,1,184.2,8.342,1.9,1.35,11.1,1,0,27.48
8978,T08,D2_S4,D2,S4,0,0.0,6.638,1.49,1.35,3.33,4,0,23.42
8979,T07,S5_D1,S5,D1,1,184.7,6.724,1.12,1.15,11.67,5,0,22.56
8980,T09,S3_D2,S3,D2,1,183.6,6.362,1.39,1.35,9.49,0,0,23.17
8981,T04,S6_CR2,S6,CR2,1,195.5,8.342,1.9,1.35,9.01,2,0,26.78
8982,T08,S5_D1,S5,D1,1,176.4,6.724,1.12,1.15,0.85,0,0,19.22
8983,T09,CR2_S3,CR2,S3,0,0.0,6.579,1.9,1.35,8.55,3,0,18.47
8984,T10,CR2_S4,CR2,S4,0,0.0,6.855,1.9,1.35,2.55,3,0,18.94
8985,T01,S6_CR2,S6,CR2,1,220.0,8.342,1.9,1.35,2.45,1,0,26.18
8986,T02,D1_S5,D1,S5,0,0.0,6.724,1.12,1.15,6.95,4,0,19.36
8987,T06,CR2_S3,CR2,S3,0,0.0,6.579,1.9,1.35,3.63,2,0,18.8
8988,T05,S2_CR1,S2,CR1,1,182.5,8.334,1.39,1.15,6.43,7,0,29.3
8989,T06,S3_CR2,S3,CR2,1,190.3,6.579,1.9,1.35,7.39,0,0,21.85
8990,T04,D1_S1,D1,S1,0,0.0,5.834,1.12,1.15,10.03,2,0,14.16
8991,T01,CR2_S4,CR2,S4,0,0.0,6.855,1.9,1.35,3.87,7,0,24.41
8992,T08,CR1_S5,CR1,S5,0,0.0,10.342,0.89,1.15,4.43,3,0,28.22
8993,T06,CR1_S5,CR1,S5,0,0.0,10.342,0.89,1.15,5.74,6,0,27.89
8994,T01,CR1_S2,CR1,S2,0,0.0,8.334,1.39,1.15,10.91,1,0,22.6
8995,T03,CR2_S4,CR2,S4,0,0.0,6.855,1.9,1.35,11.82,2,0,18.41
8996,T06,S4_CR2,S4,CR2,1,195.2,6.855,1.9,1.35,8.1,2,0,20.96
8997,T07,S3_CR2,S3,CR2,1,174.2,6.579,1.9,1.35,11.81,5,0,26.92
8998,T02,D1_S1,D1,S1,0,0.0,5.834,1.12,1.15,0.98,0,0,12.24
8999,T01,S3_D2,S3,D2,1,198.4,6.362,1.39,1.35,9.94,4,0,33.04
9000,T04,S1_D1,S1,D1,1,208.7,5.834,1.12,1.15,11.25,1,0,16.5
9001,T10,S3_CR1,S3,CR1,1,169.9,8.135,1.57,1.15,7.93,3,0,21.64
9002,T07,CR2_S3,CR2,S3,0,0.0,6.579,1.9,1.35,4.56,3,0,17.74
9003,T10,CR2_S6,CR2,S6,0,0.0,8.342,1.9,1.35,1.57,2,0,22.93
9004,T01,S5_CR1,S5,CR1,1,186.8,10.342,0.89,1.15,7.14,2,0,37.52
9005,T02,CR2_S4,CR2,S4,0,0.0,6.855,1.9,1.35,5.15,1,0,17.75
9006,T04,D2_S3,D2,S3,0,0.0,6.362,1.39,1.35,2.38,2,0,21.49
9007,T07,CR2_S6,CR2,S6,0,0.0,8.342,1.9,1.35,8.49,2,1,29.4
9008,T02,S4_D2,S4,D2,1,220.0,6.638,1.49,1.35,1.91,6,0,31.32
9009,T08,S6_CR2,S6,CR2,1,211.3,8.342,1.9,1.35,7.23,3,0,29.6
9010,T06,CR2_S3,CR2,S3,0,0.0,6.579,1.9,1.35,6.21,5,1,26.84
9011,T05,CR2_S6,CR2,S6,0,0.0,8.342,1.9,1.35,9.93,2,0,21.76
9012,T03,S3_CR2,S3,CR2,1,197.6,6.579,1.9,1.35,1.8,0,0,20.89
9013,T06,CR1_S2,CR1,S2,0,0.0,8.334,1.39,1.15,10.88,1,0,21.3
9014,T03,D1_S1,D1,S1,0,0.0,5.834,1.12,1.15,4.04,5,0,16.28
9015,T01,S1_D1,S1,D1,1,196.2,5.834,1.12,1.15,7.96,3,0,16.92
9016,T07,S3_CR1,S3,CR1,1,195.7,8.135,1.57,1.15,8.79,2,0,23.12
9017,T09,CR2_S4,CR2,S4,0,0.0,6.855,1.9,1.35,6.35,7,1,26.2
9018,T10,CR2_S4,CR2,S4,0,0.0,6.855,1.9,1.35,6.53,2,0,18.93
9019,T01,CR1_S2,CR1,S2,0,0.0,8.334,1.39,1.15,2.16,3,0,21.85
9020,T04,S3_CR2,S3,CR2,1,180.9,6.579,1.9,1.35,6.76,6,0,25.18
9021,T03,S5_D1,S5,D1,1,188.7,6.724,1.12,1.15,11.05,3,1,24.83
9022,T08,S3_CR2,S3,CR2,1,193.4,6.579,1.9,1.35,10.33,1,0,22.47
9023,T03,S1_D1,S1,D1,1,185.2,5.834,1.12,1.15,6.67,3,0,17.16
9024,T06,S6_CR2,S6,CR2,1,196.8,8.342,1.9,1.35,2.78,3,0,25.87
9025,T07,CR1_S1,CR1,S1,0,0.0,8.767,0.8,1.15,8.84,3,0,23.54
9026,T03,S6_CR2,S6,CR2,1,196.9,8.342,1.9,1.35,5.42,4,0,29.68
9027,T03,D2_S3,D2,S3,0,0.0,6.362,1.39,1.35,1.8,1,0,21.8
9028,T06,CR2_S4,CR2,S4,0,0.0,6.855,1.9,1.35,3.85,4,0,21.84
9029,T02,S5_CR1,S5,CR1,1,194.4,10.342,0.89,1.15,6.41,5,0,35.5
9030,T04,D1_S1,D1,S1,0,0.0,5.834,1.12,1.15,3.99,3,0,12.7
9031,T03,S4_CR2,S4,CR2,1,184.6,6.855,1.9,1.35,7.98,5,1,32.41
9032,T04,D1_S5,D1,S5,0,0.0,6.724,1.12,1.15,0.52,2,0,16.63
9033,T06,D2_S4,D2,S4,0,0.0,6.638,1.49,1.35,0.03,2,0,20.34
9034,T10,D2_S3,D2,S3,0,0.0,6.362,1.39,1.35,3.06,2,0,21.59
9035,T03,CR2_S6,CR2,S6,0,0.0,8.342,1.9,1.35,10.66,2,0,22.71
9036,T08,S5_D1,S5,D1,1,197.5,6.724,1.12,1.15,5.59,2,0,21.6
9037,T06,S1_D1,S1,D1,1,194.5,5.834,1.12,1.15,2.58,4,0,18.74
9038,T01,CR2_S3,CR2,S3,0,0.0,6.579,1.9,1.35,1.8,2,0,19.23
9039,T03,S3_D2,S3,D2,1,200.3,6.362,1.39,1.35,8.73,3,0,24.54
9040,T01,CR1_S3,CR1,S3,0,0.0,8.135,1.57,1.15,6.04,7,0,22.4
9041,T10,CR1_S5,CR1,S5,0,0.0,10.342,0.89,1.15,9.77,2,0,27.93
9042,T09,S2_CR1,S2,CR1,1,220.0,8.334,1.39,1.15,4.7,2,0,26.31
9043,T01,S5_CR1,S5,CR1,1,204.2,10.342,0.89,1.15,1.15,3,0,36.12
9044,T01,D2_S3,D2,S3,0,0.0,6.362,1.39,1.35,6.69,2,0,24.64
9045,T07,S4_D2,S4,D2,1,174.3,6.638,1.49,1.35,11.25,3,0,28.26
9046,T07,D1_S5,D1,S5,0,0.0,6.724,1.12,1.15,10.39,1,0,14.24
9047,T02,CR2_S3,CR2,S3,0,0.0,6.579,1.9,1.35,2.58,1,0,18.77
9048,T03,S3_D2,S3,D2,1,209.2,6.362,1.39,1.35,5.41,3,0,25.4
9049,T01,CR2_S4,CR2,S4,0,0.0,6.855,1.9,1.35,9.48,0,0,17.42
9050,T08,CR1_S1,CR1,S1,0,0.0,8.767,0.8,1.15,3.08,3,0,26.97
9051,T02,S4_D2,S4,D2,1,187.3,6.638,1.49,1.35,6.76,3,0,29.62
9052,T04,D1_S5,D1,S5,0,0.0,6.724,1.12,1.15,4.21,2,1,21.8
9053,T08,CR1_S1,CR1,S1,0,0.0,8.767,0.8,1.15,0.39,0,0,22.46
9054,T01,S5_CR1,S5,CR1,1,189.6,10.342,0.89,1.15,8.44,4,0,34.14
9055,T03,S1_CR1,S1,CR1,1,180.6,8.767,0.8,1.15,1.09,2,0,30.01
9056,T08,D1_S5,D1,S5,0,0.0,6.724,1.12,1.15,4.76,3,0,18.59
9057,T06,S4_D2,S4,D2,1,215.3,6.638,1.49,1.35,9.83,2,0,27.21
9058,T05,CR1_S5,CR1,S5,0,0.0,10.342,0.89,1.15,7.19,2,0,27.82
9059,T07,S3_D2,S3,D2,1,204.4,6.362,1.39,1.35,3.95,7,0,32.88
9060,T05,CR1_S5,CR1,S5,0,0.0,10.342,0.89,1.15,0.35,1,0,25.74
9061,T08,S3_CR2,S3,CR2,1,201.1,6.579,1.9,1.35,3.57,3,0,25.18
9062,T08,S5_CR1,S5,CR1,1,197.4,10.342,0.89,1.15,4.09,3,0,33.12
9063,T05,CR2_S6,CR2,S6,0,0.0,8.342,1.9,1.35,0.66,1,0,22.6
9064,T02,CR2_S3,CR2,S3,0,0.0,6.579,1.9,1.35,9.15,3,0,20.62
9065,T06,S1_D1,S1,D1,1,211.0,5.834,1.12,1.15,2.3,2,0,16.91
9066,T03,CR2_S3,CR2,S3,0,0.0,6.579,1.9,1.35,7.62,2,0,17.78
9067,T05,CR1_S1,CR1,S1,0,0.0,8.767,0.8,1.15,4.63,1,0,23.14
9068,T01,S1_D1,S1,D1,1,182.5,5.834,1.12,1.15,3.64,3,0,15.6
9069,T04,S3_CR2,S3,CR2,1,177.2,6.579,1.9,1.35,2.46,3,0,24.89
9070,T05,CR1_S3,CR1,S3,0,0.0,8.135,1.57,1.15,0.47,2,0,16.81
9071,T01,S4_CR2,S4,CR2,1,194.3,6.855,1.9,1.35,9.97,4,0,20.74
9072,T09,S1_D1,S1,D1,1,198.4,5.834,1.12,1.15,11.83,1,0,16.56
9073,T04,CR2_S6,CR2,S6,0,0.0,8.342,1.9,1.35,9.9,0,0,20.44
9074,T10,D1_S5,D1,S5,0,0.0,6.724,1.12,1.15,1.31,3,0,15.16
9075,T02,S5_D1,S5,D1,1,215.8,6.724,1.12,1.15,8.8,4,0,22.57
9076,T05,D2_S4,D2,S4,0,0.0,6.638,1.49,1.35,4.66,2,1,32.27
9077,T01,CR1_S3,CR1,S3,0,0.0,8.135,1.57,1.15,7.24,3,0,18.28
9078,T04,S6_CR2,S6,CR2,1,200.9,8.342,1.9,1.35,1.2,4,0,25.11
9079,T02,S1_D1,S1,D1,1,199.1,5.834,1.12,1.15,9.62,1,0,16.36
9080,T01,S1_D1,S1,D1,1,205.8,5.834,1.12,1.15,8.9,2,0,16.89
9081,T02,S3_D2,S3,D2,1,208.9,6.362,1.39,1.35,4.73,2,0,25.69
9082,T08,CR1_S5,CR1,S5,0,0.0,10.342,0.89,1.15,7.24,0,0,24.66
9083,T05,CR2_S4,CR2,S4,0,0.0,6.855,1.9,1.35,2.47,1,0,17.26
9084,T09,S5_D1,S5,D1,1,171.3,6.724,1.12,1.15,2.79,2,0,21.61
9085,T02,S6_CR2,S6,CR2,1,220.0,8.342,1.9,1.35,2.74,1,0,25.12
9086,T06,D2_S3,D2,S3,0,0.0,6.362,1.39,1.35,11.91,4,0,23.92
9087,T10,CR2_S3,CR2,S3,0,0.0,6.579,1.9,1.35,8.96,2,0,17.27
9088,T01,CR2_S3,CR2,S3,0,0.0,6.579,1.9,1.35,4.19,2,0,18.96
9089,T02,CR2_S6,CR2,S6,0,0.0,8.342,1.9,1.35,1.87,0,0,19.31
9090,T08,D1_S5,D1,S5,0,0.0,6.724,1.12,1.15,8.82,1,0,16.83
9091,T03,CR1_S2,CR1,S2,0,0.0,8.334,1.39,1.15,2.21,6,0,23.7
9092,T08,D2_S4,D2,S4,0,0.0,6.638,1.49,1.35,5.15,5,0,26.46
9093,T02,D1_S1,D1,S1,0,0.0,5.834,1.12,1.15,5.1,4,0,15.21
9094,T08,S6_CR2,S6,CR2,1,218.0,8.342,1.9,1.35,6.79,4,0,28.14
9095,T01,CR2_S4,CR2,S4,0,0.0,6.855,1.9,1.35,3.73,2,0,20.19
9096,T06,S2_CR1,S2,CR1,1,200.6,8.334,1.39,1.15,1.22,2,0,27.54
9097,T03,CR2_S6,CR2,S6,0,0.0,8.342,1.9,1.35,10.42,4,0,20.32
9098,T07,S3_CR1,S3,CR1,1,182.6,8.135,1.57,1.15,4.04,4,0,23.01
9099,T08,S4_CR2,S4,CR2,1,187.7,6.855,1.9,1.35,5.19,1,1,27.08
9100,T08,S3_CR2,S3,CR2,1,202.0,6.579,1.9,1.35,6.24,1,0,24.31
9101,T01,CR1_S2,CR1,S2,0,0.0,8.334,1.39,1.15,7.25,2,0,22.92
9102,T09,CR2_S3,CR2,S3,0,0.0,6.579,1.9,1.35,9.95,2,0,20.14
9103,T10,D2_S4,D2,S4,0,0.0,6.638,1.49,1.35,0.81,1,0,21.04
9104,T05,S1_D1,S1,D1,1,170.4,5.834,1.12,1.15,5.18,4,0,18.78
9105,T07,S1_CR1,S1,CR1,1,195.0,8.767,0.8,1.15,6.96,5,0,32.3
9106,T03,D2_S4,D2,S4,0,0.0,6.638,1.49,1.35,4.0,6,0,25.21
9107,T10,S6_CR2,S6,CR2,1,199.3,8.342,1.9,1.35,6.18,5,0,26.86
9108,T02,CR1_S5,CR1,S5,0,0.0,10.342,0.89,1.15,11.88,1,0,27.12
9109,T06,S5_D1,S5,D1,1,180.1,6.724,1.12,1.15,6.73,2,0,19.76
9110,T05,D1_S5,D1,S5,0,0.0,6.724,1.12,1.15,8.84,1,0,15.91
9111,T09,S4_D2,S4,D2,1,185.7,6.638,1.49,1.35,1.29,3,0,29.92
9112,T05,S5_CR1,S5,CR1,1,177.7,10.342,0.89,1.15,4.43,3,0,38.02
9113,T07,S3_D2,S3,D2,1,199.2,6.362,1.39,1.35,10.74,2,0,27.32
9114,T07,S3_CR1,S3,CR1,1,187.4,8.135,1.57,1.15,4.69,2,0,20.69
9115,T03,S3_D2,S3,D2,1,195.3,6.362,1.39,1.35,0.29,1,0,24.75
9116,T09,D1_S1,D1,S1,0,0.0,5.834,1.12,1.15,9.37,2,0,14.9
9117,T05,S5_D1,S5,D1,1,187.7,6.724,1.12,1.15,0.95,1,0,18.19
9118,T06,CR2_S4,CR2,S4,0,0.0,6.855,1.9,1.35,8.13,4,0,20.4
9119,T09,CR1_S5,CR1,S5,0,0.0,10.342,0.89,1.15,10.17,1,0,24.59
9120,T01,D2_S4,D2,S4,0,0.0,6.638,1.49,1.35,7.13,4,0,26.13
9121,T06,D2_S3,D2,S3,0,0.0,6.362,1.39,1.35,0.09,0,0,20.7
9122,T10,S3_CR1,S3,CR1,1,190.8,8.135,1.57,1.15,2.25,2,0,20.32
9123,T03,S3_CR1,S3,CR1,1,208.2,8.135,1.57,1.15,10.09,1,0,23.2
9124,T07,CR1_S1,CR1,S1,0,0.0,8.767,0.8,1.15,0.04,2,0,23.01
9125,T09,CR2_S4,CR2,S4,0,0.0,6.855,1.9,1.35,10.98,4,1,24.92
9126,T06,CR2_S6,CR2,S6,0,0.0,8.342,1.9,1.35,8.57,3,0,23.03
9127,T06,D1_S1,D1,S1,0,0.0,5.834,1.12,1.15,11.99,5,0,15.1
9128,T06,D2_S4,D2,S4,0,0.0,6.638,1.49,1.35,8.29,1,0,21.82
9129,T09,CR2_S6,CR2,S6,0,0.0,8.342,1.9,1.35,3.54,6,0,25.53
9130,T09,S3_CR2,S3,CR2,1,180.6,6.579,1.9,1.35,1.07,2,0,23.17
9131,T01,D1_S5,D1,S5,0,0.0,6.724,1.12,1.15,7.22,0,0,15.98
9132,T04,D1_S5,D1,S5,0,0.0,6.724,1.12,1.15,1.06,0,0,15.61
9133,T06,S6_CR2,S6,CR2,1,199.8,8.342,1.9,1.35,2.54,0,0,26.76
9134,T04,CR2_S3,CR2,S3,0,0.0,6.579,1.9,1.35,11.14,1,0,17.12
9135,T07,CR2_S6,CR2,S6,0,0.0,8.342,1.9,1.35,4.56,4,0,23.97
9136,T09,S5_D1,S5,D1,1,197.1,6.724,1.12,1.15,0.18,2,0,19.61
9137,T10,D2_S3,D2,S3,0,0.0,6.362,1.39,1.35,3.97,3,0,20.74
9138,T01,D2_S3,D2,S3,0,0.0,6.362,1.39,1.35,7.98,3,0,22.12
9139,T08,CR1_S1,CR1,S1,0,0.0,8.767,0.8,1.15,5.26,8,0,27.86
9140,T09,CR2_S6,CR2,S6,0,0.0,8.342,1.9,1.35,11.8,0,0,20.24
9141,T05,S6_CR2,S6,CR2,1,198.5,8.342,1.9,1.35,2.03,1,1,30.2
9142,T06,D2_S3,D2,S3,0,0.0,6.362,1.39,1.35,3.13,1,0,21.66
9143,T01,CR2_S6,CR2,S6,0,0.0,8.342,1.9,1.35,7.88,1,0,19.68
9144,T05,S2_CR1,S2,CR1,1,210.2,8.334,1.39,1.15,3.32,2,0,27.97
9145,T02,D1_S1,D1,S1,0,0.0,5.834,1.12,1.15,11.45,0,0,11.18
9146,T08,CR2_S6,CR2,S6,0,0.0,8.342,1.9,1.35,6.02,3,0,21.16
9147,T07,D1_S5,D1,S5,0,0.0,6.724,1.12,1.15,5.44,2,0,16.17
9148,T02,S1_CR1,S1,CR1,1,217.2,8.767,0.8,1.15,5.44,2,0,28.99
9149,T03,S3_CR1,S3,CR1,1,190.7,8.135,1.57,1.15,6.48,4,0,24.38
9150,T02,CR2_S4,CR2,S4,0,0.0,6.855,1.9,1.35,4.47,1,0,19.11
9151,T05,S3_D2,S3,D2,1,188.0,6.362,1.39,1.35,11.03,2,1,31.67
9152,T10,S4_D2,S4,D2,1,187.5,6.638,1.49,1.35,3.38,1,0,24.81
9153,T04,CR1_S1,CR1,S1,0,0.0,8.767,0.8,1.15,10.41,2,0,23.7
9154,T05,CR1_S5,CR1,S5,0,0.0,10.342,0.89,1.15,7.11,6,0,30.21
9155,T10,D2_S3,D2,S3,0,0.0,6.362,1.39,1.35,10.73,1,0,20.43
9156,T07,S3_CR2,S3,CR2,1,184.0,6.579,1.9,1.35,4.0,5,0,25.7
9157,T08,S3_CR1,S3,CR1,1,192.7,8.135,1.57,1.15,0.35,2,0,21.35
9158,T03,S5_CR1,S5,CR1,1,218.8,10.342,0.89,1.15,6.04,4,0,36.25
9159,T08,S1_D1,S1,D1,1,220.0,5.834,1.12,1.15,10.47,2,0,16.76
9160,T06,S2_CR1,S2,CR1,1,179.1,8.334,1.39,1.15,6.59,7,0,32.36
9161,T08,D2_S4,D2,S4,0,0.0,6.638,1.49,1.35,0.13,1,0,20.49
9162,T03,S3_D2,S3,D2,1,184.5,6.362,1.39,1.35,1.91,3,0,28.36
9163,T05,D2_S4,D2,S4,0,0.0,6.638,1.49,1.35,9.7,2,0,23.52
9164,T03,S6_CR2,S6,CR2,1,199.0,8.342,1.9,1.35,1.42,4,0,29.57
9165,T04,CR2_S4,CR2,S4,0,0.0,6.855,1.9,1.35,5.04,4,0,20.13
9166,T02,CR2_S4,CR2,S4,0,0.0,6.855,1.9,1.35,1.21,1,0,16.89
9167,T09,D2_S3,D2,S3,0,0.0,6.362,1.39,1.35,4.31,2,0,22.05
9168,T03,S1_CR1,S1,CR1,1,177.4,8.767,0.8,1.15,2.36,5,0,33.54
9169,T02,S1_D1,S1,D1,1,179.7,5.834,1.12,1.15,10.83,2,0,16.9
9170,T10,D2_S3,D2,S3,0,0.0,6.362,1.39,1.35,5.09,2,0,21.33
9171,T05,CR2_S6,CR2,S6,0,0.0,8.342,1.9,1.35,11.37,0,0,21.09
9172,T05,S3_CR1,S3,CR1,1,169.9,8.135,1.57,1.15,1.01,4,0,23.14
9173,T05,S4_D2,S4,D2,1,169.1,6.638,1.49,1.35,11.69,1,0,27.78
9174,T06,S3_D2,S3,D2,1,218.8,6.362,1.39,1.35,8.09,2,0,27.14
9175,T03,D1_S5,D1,S5,0,0.0,6.724,1.12,1.15,5.73,3,0,18.6
9176,T07,S1_D1,S1,D1,1,213.4,5.834,1.12,1.15,10.27,2,0,17.55
9177,T10,S3_CR1,S3,CR1,1,211.0,8.135,1.57,1.15,8.74,0,0,19.73
9178,T02,D1_S5,D1,S5,0,0.0,6.724,1.12,1.15,11.08,4,0,17.18
9179,T08,S4_CR2,S4,CR2,1,178.6,6.855,1.9,1.35,10.16,4,0,26.21
9180,T10,S3_CR1,S3,CR1,1,193.4,8.135,1.57,1.15,2.83,2,0,22.06
9181,T10,CR1_S3,CR1,S3,0,0.0,8.135,1.57,1.15,8.23,4,0,19.55
9182,T09,S4_D2,S4,D2,1,201.9,6.638,1.49,1.35,0.74,2,0,27.27
9183,T08,S1_D1,S1,D1,1,215.5,5.834,1.12,1.15,4.29,0,0,16.16
9184,T07,CR2_S4,CR2,S4,0,0.0,6.855,1.9,1.35,9.24,1,0,17.47
9185,T03,CR1_S2,CR1,S2,0,0.0,8.334,1.39,1.15,4.46,1,0,20.69
9186,T04,S1_CR1,S1,CR1,1,185.4,8.767,0.8,1.15,9.49,5,0,32.43
9187,T02,D1_S1,D1,S1,0,0.0,5.834,1.12,1.15,10.92,5,0,16.11
9188,T05,S2_CR1,S2,CR1,1,212.9,8.334,1.39,1.15,10.1,6,0,31.54
9189,T08,S5_D1,S5,D1,1,183.5,6.724,1.12,1.15,2.86,1,0,18.82
9190,T04,D2_S4,D2,S4,0,0.0,6.638,1.49,1.35,5.03,2,0,18.74
9191,T08,D2_S3,D2,S3,0,0.0,6.362,1.39,1.35,3.33,8,0,27.69
9192,T07,CR1_S5,CR1,S5,0,0.0,10.342,0.89,1.15,3.91,2,0,30.32
9193,T07,D1_S5,D1,S5,0,0.0,6.724,1.12,1.15,9.21,3,0,19.21
9194,T10,S4_CR2,S4,CR2,1,220.0,6.855,1.9,1.35,0.42,2,0,24.3
9195,T05,D2_S4,D2,S4,0,0.0,6.638,1.49,1.35,4.94,4,0,23.1
9196,T10,S4_D2,S4,D2,1,181.7,6.638,1.49,1.35,1.4,2,0,26.21
9197,T02,CR1_S2,CR1,S2,0,0.0,8.334,1.39,1.15,2.93,0,0,22.47
9198,T05,S6_CR2,S6,CR2,1,177.8,8.342,1.9,1.35,10.11,0,0,25.4
9199,T05,S4_D2,S4,D2,1,210.2,6.638,1.49,1.35,1.13,1,0,24.85
9200,T05,D1_S5,D1,S5,0,0.0,6.724,1.12,1.15,3.87,2,0,17.59
9201,T06,D2_S4,D2,S4,0,0.0,6.638,1.49,1.35,5.97,4,0,24.66
9202,T10,S2_CR1,S2,CR1,1,187.8,8.334,1.39,1.15,7.03,3,0,29.0
9203,T08,S3_CR2,S3,CR2,1,160.3,6.579,1.9,1.35,1.47,0,1,29.31
9204,T09,S4_D2,S4,D2,1,210.3,6.638,1.49,1.35,8.41,1,0,27.97
9205,T05,D1_S1,D1,S1,0,0.0,5.834,1.12,1.15,0.65,5,0,16.27
9206,T07,D1_S5,D1,S5,0,0.0,6.724,1.12,1.15,1.62,2,0,16.94
9207,T08,CR1_S1,CR1,S1,0,0.0,8.767,0.8,1.15,9.4,4,0,24.97
9208,T03,S3_D2,S3,D2,1,167.0,6.362,1.39,1.35,6.39,2,0,27.56
9209,T01,S5_D1,S5,D1,1,201.7,6.724,1.12,1.15,3.96,1,1,28.06
9210,T08,S3_D2,S3,D2,1,210.9,6.362,1.39,1.35,8.61,4,0,26.0
9211,T10,S6_CR2,S6,CR2,1,173.9,8.342,1.9,1.35,7.66,2,0,26.15
9212,T08,S5_CR1,S5,CR1,1,178.1,10.342,0.89,1.15,1.72,1,0,34.19
9213,T07,S3_CR1,S3,CR1,1,217.2,8.135,1.57,1.15,2.39,2,0,21.62
9214,T08,D2_S3,D2,S3,0,0.0,6.362,1.39,1.35,1.59,1,0,21.95
9215,T05,S3_CR1,S3,CR1,1,171.8,8.135,1.57,1.15,11.74,0,0,19.69
9216,T04,CR1_S3,CR1,S3,0,0.0,8.135,1.57,1.15,7.09,3,0,18.9
9217,T08,CR1_S3,CR1,S3,0,0.0,8.135,1.57,1.15,11.84,2,0,19.27
9218,T03,S1_CR1,S1,CR1,1,202.7,8.767,0.8,1.15,9.91,1,1,35.02
9219,T03,S1_CR1,S1,CR1,1,195.2,8.767,0.8,1.15,6.22,3,0,28.54
9220,T04,S2_CR1,S2,CR1,1,188.3,8.334,1.39,1.15,3.07,1,0,27.07
9221,T08,CR2_S4,CR2,S4,0,0.0,6.855,1.9,1.35,10.99,1,0,18.1
9222,T08,S4_CR2,S4,CR2,1,168.6,6.855,1.9,1.35,1.51,0,0,21.21
9223,T04,S3_D2,S3,D2,1,170.4,6.362,1.39,1.35,9.87,3,1,33.78
9224,T10,D1_S1,D1,S1,0,0.0,5.834,1.12,1.15,2.81,3,1,19.67
9225,T04,CR1_S3,CR1,S3,0,0.0,8.135,1.57,1.15,9.82,5,0,19.46
9226,T02,D2_S3,D2,S3,0,0.0,6.362,1.39,1.35,1.68,1,0,20.85
9227,T06,S5_D1,S5,D1,1,208.3,6.724,1.12,1.15,2.19,4,0,20.47
9228,T09,S6_CR2,S6,CR2,1,190.6,8.342,1.9,1.35,11.12,0,0,23.2
9229,T01,S3_CR1,S3,CR1,1,210.9,8.135,1.57,1.15,9.39,4,0,24.77
9230,T05,CR2_S4,CR2,S4,0,0.0,6.855,1.9,1.35,1.06,4,0,23.33
9231,T05,D2_S4,D2,S4,0,0.0,6.638,1.49,1.35,4.01,2,0,20.02
9232,T04,CR1_S2,CR1,S2,0,0.0,8.334,1.39,1.15,1.7,2,0,22.99
9233,T09,CR1_S1,CR1,S1,0,0.0,8.767,0.8,1.15,9.46,4,0,25.48
9234,T07,S1_D1,S1,D1,1,198.7,5.834,1.12,1.15,10.08,1,0,12.91
9235,T05,CR2_S6,CR2,S6,0,0.0,8.342,1.9,1.35,6.65,6,0,24.77
9236,T05,S6_CR2,S6,CR2,1,209.8,8.342,1.9,1.35,4.06,6,1,38.7
9237,T01,S3_D2,S3,D2,1,178.1,6.362,1.39,1.35,11.71,2,0,23.03
9238,T10,CR1_S1,CR1,S1,0,0.0,8.767,0.8,1.15,3.53,1,0,23.25
9239,T02,CR1_S1,CR1,S1,0,0.0,8.767,0.8,1.15,2.2,2,0,21.4
9240,T02,S6_CR2,S6,CR2,1,194.2,8.342,1.9,1.35,11.29,2,1,32.12
9241,T04,D1_S5,D1,S5,0,0.0,6.724,1.12,1.15,2.38,3,0,17.98
9242,T09,S5_D1,S5,D1,1,185.0,6.724,1.12,1.15,8.51,4,0,22.09
9243,T08,S3_CR1,S3,CR1,1,167.9,8.135,1.57,1.15,10.54,1,0,22.95
9244,T05,S1_CR1,S1,CR1,1,218.5,8.767,0.8,1.15,6.1,3,0,30.06
9245,T07,S5_D1,S5,D1,1,215.8,6.724,1.12,1.15,5.16,1,0,20.17
9246,T05,S1_D1,S1,D1,1,195.4,5.834,1.12,1.15,10.13,1,0,14.85
9247,T08,S1_CR1,S1,CR1,1,197.0,8.767,0.8,1.15,8.57,5,0,30.09
9248,T10,S3_CR2,S3,CR2,1,211.3,6.579,1.9,1.35,11.18,4,0,27.37
9249,T04,S3_CR2,S3,CR2,1,199.7,6.579,1.9,1.35,8.48,2,0,25.84
9250,T07,D1_S1,D1,S1,0,0.0,5.834,1.12,1.15,11.95,1,0,13.8
9251,T06,S3_CR1,S3,CR1,1,197.4,8.135,1.57,1.15,2.98,2,0,21.31
9252,T09,S4_CR2,S4,CR2,1,220.0,6.855,1.9,1.35,10.11,3,0,22.89
9253,T03,CR2_S6,CR2,S6,0,0.0,8.342,1.9,1.35,4.39,2,0,22.63
9254,T08,S1_CR1,S1,CR1,1,212.1,8.767,0.8,1.15,7.23,3,0,30.18
9255,T10,S4_CR2,S4,CR2,1,204.4,6.855,1.9,1.35,10.02,0,0,21.03
9256,T10,S4_D2,S4,D2,1,201.5,6.638,1.49,1.35,9.15,2,0,26.93
9257,T03,D1_S1,D1,S1,0,0.0,5.834,1.12,1.15,4.73,5,0,15.08
9258,T08,D1_S1,D1,S1,0,0.0,5.834,1.12,1.15,2.95,5,0,16.63
9259,T05,S1_CR1,S1,CR1,1,198.3,8.767,0.8,1.15,11.82,1,0,26.3
9260,T02,D1_S5,D1,S5,0,0.0,6.724,1.12,1.15,1.25,7,0,19.9
9261,T07,S4_D2,S4,D2,1,199.1,6.638,1.49,1.35,10.28,2,0,30.94
9262,T07,S1_CR1,S1,CR1,1,210.8,8.767,0.8,1.15,6.8,8,0,36.29
9263,T08,S3_CR2,S3,CR2,1,220.0,6.579,1.9,1.35,5.31,3,0,22.11
9264,T04,CR1_S1,CR1,S1,0,0.0,8.767,0.8,1.15,11.05,1,0,23.92
9265,T04,CR1_S2,CR1,S2,0,0.0,8.334,1.39,1.15,4.72,1,0,22.56
9266,T02,CR2_S6,CR2,S6,0,0.0,8.342,1.9,1.35,10.31,2,0,21.76
9267,T06,S1_D1,S1,D1,1,202.2,5.834,1.12,1.15,3.74,3,0,19.2
9268,T10,S3_CR2,S3,CR2,1,213.2,6.579,1.9,1.35,10.41,3,0,24.63
9269,T09,S5_CR1,S5,CR1,1,184.0,10.342,0.89,1.15,1.17,0,0,29.35
9270,T04,S5_D1,S5,D1,1,173.8,6.724,1.12,1.15,1.78,0,1,24.9
9271,T07,S3_CR2,S3,CR2,1,218.2,6.579,1.9,1.35,0.19,1,0,22.21
9272,T08,S3_CR1,S3,CR1,1,214.1,8.135,1.57,1.15,8.89,2,0,21.97
9273,T05,D1_S5,D1,S5,0,0.0,6.724,1.12,1.15,7.28,6,0,20.32
9274,T03,S3_CR2,S3,CR2,1,196.1,6.579,1.9,1.35,10.33,3,0,25.37
9275,T01,CR1_S2,CR1,S2,0,0.0,8.334,1.39,1.15,7.17,3,0,23.77
9276,T07,S3_D2,S3,D2,1,185.0,6.362,1.39,1.35,1.2,4,0,25.51
9277,T01,S5_CR1,S5,CR1,1,208.1,10.342,0.89,1.15,10.79,3,0,31.39
9278,T04,CR2_S6,CR2,S6,0,0.0,8.342,1.9,1.35,3.43,1,0,20.21
9279,T06,S1_D1,S1,D1,1,180.4,5.834,1.12,1.15,4.0,3,0,13.97
9280,T03,CR2_S4,CR2,S4,0,0.0,6.855,1.9,1.35,10.91,1,0,18.76
9281,T07,S1_D1,S1,D1,1,189.2,5.834,1.12,1.15,6.91,7,0,22.52
9282,T04,S4_CR2,S4,CR2,1,197.3,6.855,1.9,1.35,9.11,2,0,24.39
9283,T10,CR1_S2,CR1,S2,0,0.0,8.334,1.39,1.15,5.91,3,0,25.38
9284,T03,D1_S1,D1,S1,0,0.0,5.834,1.12,1.15,7.62,3,0,14.37
9285,T10,S3_CR1,S3,CR1,1,173.5,8.135,1.57,1.15,3.78,0,0,18.38
9286,T01,D1_S5,D1,S5,0,0.0,6.724,1.12,1.15,6.93,3,0,18.29
9287,T09,S3_CR2,S3,CR2,1,176.4,6.579,1.9,1.35,2.62,2,0,23.41
9288,T04,CR2_S4,CR2,S4,0,0.0,6.855,1.9,1.35,2.19,0,0,16.76
9289,T03,CR1_S2,CR1,S2,0,0.0,8.334,1.39,1.15,4.72,6,0,26.0
9290,T01,S1_CR1,S1,CR1,1,217.0,8.767,0.8,1.15,10.26,1,0,27.55
9291,T03,D1_S5,D1,S5,0,0.0,6.724,1.12,1.15,1.02,1,0,17.59
9292,T08,S3_CR1,S3,CR1,1,188.8,8.135,1.57,1.15,0.72,1,0,18.3
9293,T03,S5_D1,S5,D1,1,213.8,6.724,1.12,1.15,1.68,1,0,20.45
9294,T08,D2_S4,D2,S4,0,0.0,6.638,1.49,1.35,11.59,2,0,24.16
9295,T08,S1_D1,S1,D1,1,186.2,5.834,1.12,1.15,3.39,2,0,14.75
9296,T04,S2_CR1,S2,CR1,1,205.3,8.334,1.39,1.15,10.64,1,0,27.84
9297,T07,CR1_S3,CR1,S3,0,0.0,8.135,1.57,1.15,11.04,0,0,16.78
9298,T05,S5_D1,S5,D1,1,189.8,6.724,1.12,1.15,10.57,0,0,17.16
9299,T09,S4_CR2,S4,CR2,1,196.6,6.855,1.9,1.35,7.68,1,0,21.57
9300,T06,CR1_S2,CR1,S2,0,0.0,8.334,1.39,1.15,6.29,1,0,21.97
9301,T03,D1_S1,D1,S1,0,0.0,5.834,1.12,1.15,0.3,2,0,13.85
9302,T08,S3_D2,S3,D2,1,163.3,6.362,1.39,1.35,3.9,2,0,27.21
9303,T03,D2_S3,D2,S3,0,0.0,6.362,1.39,1.35,8.97,4,0,25.44
9304,T08,S6_CR2,S6,CR2,1,205.0,8.342,1.9,1.35,2.96,3,0,27.31
9305,T10,D1_S1,D1,S1,0,0.0,5.834,1.12,1.15,9.39,1,0,11.42
9306,T04,S3_CR2,S3,CR2,1,186.7,6.579,1.9,1.35,2.79,1,0,21.1
9307,T10,S3_CR2,S3,CR2,1,190.6,6.579,1.9,1.35,3.97,0,0,23.67
9308,T06,S3_D2,S3,D2,1,192.5,6.362,1.39,1.35,7.13,3,0,27.41
9309,T06,D2_S4,D2,S4,0,0.0,6.638,1.49,1.35,0.05,1,0,17.89
9310,T07,S1_CR1,S1,CR1,1,184.4,8.767,0.8,1.15,1.32,0,0,28.14
9311,T01,S4_CR2,S4,CR2,1,192.9,6.855,1.9,1.35,0.75,5,0,23.23
9312,T03,S1_D1,S1,D1,1,195.0,5.834,1.12,1.15,1.85,4,0,18.56
9313,T02,S2_CR1,S2,CR1,1,190.7,8.334,1.39,1.15,11.04,1,0,27.67
9314,T07,D1_S5,D1,S5,0,0.0,6.724,1.12,1.15,1.01,4,0,18.03
9315,T04,S5_D1,S5,D1,1,196.5,6.724,1.12,1.15,10.25,3,0,19.41
9316,T07,CR1_S1,CR1,S1,0,0.0,8.767,0.8,1.15,11.33,0,0,19.89
9317,T08,S5_D1,S5,D1,1,219.6,6.724,1.12,1.15,1.7,2,0,21.73
9318,T01,S5_D1,S5,D1,1,171.5,6.724,1.12,1.15,3.81,4,0,22.78
9319,T06,S3_CR1,S3,CR1,1,206.0,8.135,1.57,1.15,3.14,5,1,30.65
9320,T04,S2_CR1,S2,CR1,1,218.8,8.334,1.39,1.15,0.4,4,0,30.3
9321,T08,S4_CR2,S4,CR2,1,194.3,6.855,1.9,1.35,2.67,4,0,23.48
9322,T01,S3_CR1,S3,CR1,1,192.0,8.135,1.57,1.15,9.87,3,0,21.7
9323,T03,S5_CR1,S5,CR1,1,189.2,10.342,0.89,1.15,5.44,3,0,33.7
9324,T08,CR2_S3,CR2,S3,0,0.0,6.579,1.9,1.35,2.88,2,0,17.2
9325,T05,S1_CR1,S1,CR1,1,195.9,8.767,0.8,1.15,10.82,0,0,27.97
9326,T07,CR2_S4,CR2,S4,0,0.0,6.855,1.9,1.35,7.12,3,0,19.08
9327,T06,D1_S1,D1,S1,0,0.0,5.834,1.12,1.15,4.96,6,0,17.37
9328,T01,S4_CR2,S4,CR2,1,176.3,6.855,1.9,1.35,4.32,1,0,23.53
9329,T09,CR2_S3,CR2,S3,0,0.0,6.579,1.9,1.35,4.71,5,0,20.97
9330,T01,S4_CR2,S4,CR2,1,201.9,6.855,1.9,1.35,4.87,1,0,22.77
9331,T07,D1_S1,D1,S1,0,0.0,5.834,1.12,1.15,6.5,5,0,15.65
9332,T09,CR2_S4,CR2,S4,0,0.0,6.855,1.9,1.35,2.54,3,0,19.33
9333,T03,S3_CR1,S3,CR1,1,173.9,8.135,1.57,1.15,11.98,0,0,19.65
9334,T09,D1_S1,D1,S1,0,0.0,5.834,1.12,1.15,1.35,4,0,13.12
9335,T04,CR1_S1,CR1,S1,0,0.0,8.767,0.8,1.15,4.88,2,0,24.13
9336,T05,S5_D1,S5,D1,1,162.9,6.724,1.12,1.15,3.3,3,1,28.3
9337,T06,D2_S4,D2,S4,0,0.0,6.638,1.49,1.35,6.25,5,0,22.28
9338,T10,D2_S4,D2,S4,0,0.0,6.638,1.49,1.35,3.24,4,0,23.9
9339,T06,D1_S1,D1,S1,0,0.0,5.834,1.12,1.15,0.87,3,0,14.22
9340,T08,S3_CR2,S3,CR2,1,183.1,6.579,1.9,1.35,8.21,3,0,24.09
9341,T01,CR1_S5,CR1,S5,0,0.0,10.342,0.89,1.15,5.12,6,0,32.34
9342,T10,S2_CR1,S2,CR1,1,193.8,8.334,1.39,1.15,10.14,3,0,30.09
9343,T05,CR2_S6,CR2,S6,0,0.0,8.342,1.9,1.35,2.71,2,0,23.21
9344,T10,S2_CR1,S2,CR1,1,185.9,8.334,1.39,1.15,5.67,6,0,27.79
9345,T02,D1_S1,D1,S1,0,0.0,5.834,1.12,1.15,0.33,1,0,11.46
9346,T04,D2_S3,D2,S3,0,0.0,6.362,1.39,1.35,5.84,3,0,20.83
9347,T02,S5_CR1,S5,CR1,1,194.9,10.342,0.89,1.15,8.3,2,0,34.31
9348,T09,CR2_S6,CR2,S6,0,0.0,8.342,1.9,1.35,1.46,3,1,33.89
9349,T05,CR1_S3,CR1,S3,0,0.0,8.135,1.57,1.15,8.81,2,0,16.73
9350,T08,S2_CR1,S2,CR1,1,175.2,8.334,1.39,1.15,2.87,1,0,30.03
9351,T08,S1_CR1,S1,CR1,1,193.2,8.767,0.8,1.15,1.45,4,0,30.58
9352,T08,S1_D1,S1,D1,1,201.6,5.834,1.12,1.15,7.53,6,0,19.48
9353,T07,S4_CR2,S4,CR2,1,203.0,6.855,1.9,1.35,0.35,2,0,25.01
9354,T08,S1_D1,S1,D1,1,212.7,5.834,1.12,1.15,2.98,3,0,15.01
9355,T03,S6_CR2,S6,CR2,1,191.6,8.342,1.9,1.35,3.21,1,0,29.55
9356,T07,S1_CR1,S1,CR1,1,199.5,8.767,0.8,1.15,10.33,0,0,25.1
9357,T10,CR2_S4,CR2,S4,0,0.0,6.855,1.9,1.35,5.05,5,0,21.9
9358,T02,CR2_S4,CR2,S4,0,0.0,6.855,1.9,1.35,9.25,1,0,18.75
9359,T05,CR2_S4,CR2,S4,0,0.0,6.855,1.9,1.35,8.99,1,0,17.92
9360,T07,S1_D1,S1,D1,1,211.7,5.834,1.12,1.15,4.1,2,0,16.25
9361,T08,CR1_S3,CR1,S3,0,0.0,8.135,1.57,1.15,3.08,3,0,18.25
9362,T04,D2_S4,D2,S4,0,0.0,6.638,1.49,1.35,5.93,3,0,23.01
9363,T01,S3_D2,S3,D2,1,198.1,6.362,1.39,1.35,1.27,3,0,29.87
9364,T07,S4_D2,S4,D2,1,212.4,6.638,1.49,1.35,0.68,1,0,26.7
9365,T03,S3_CR2,S3,CR2,1,220.0,6.579,1.9,1.35,10.9,1,0,24.11
9366,T03,CR2_S3,CR2,S3,0,0.0,6.579,1.9,1.35,4.71,1,0,19.72
9367,T04,S2_CR1,S2,CR1,1,218.8,8.334,1.39,1.15,7.41,2,0,30.59
9368,T06,CR2_S3,CR2,S3,0,0.0,6.579,1.9,1.35,10.35,0,0,16.93
9369,T09,S5_D1,S5,D1,1,198.9,6.724,1.12,1.15,0.38,1,0,18.92
9370,T08,S3_D2,S3,D2,1,200.0,6.362,1.39,1.35,1.19,2,0,26.54
9371,T07,S3_D2,S3,D2,1,208.9,6.362,1.39,1.35,7.98,3,0,28.05
9372,T04,CR2_S3,CR2,S3,0,0.0,6.579,1.9,1.35,0.22,2,0,17.37
9373,T02,S3_D2,S3,D2,1,199.3,6.362,1.39,1.35,1.54,1,0,29.14
9374,T01,S1_CR1,S1,CR1,1,189.6,8.767,0.8,1.15,11.76,2,0,30.44
9375,T08,CR1_S3,CR1,S3,0,0.0,8.135,1.57,1.15,8.5,4,0,18.91
9376,T01,D1_S5,D1,S5,0,0.0,6.724,1.12,1.15,8.77,1,0,14.82
9377,T08,S3_D2,S3,D2,1,199.6,6.362,1.39,1.35,6.64,3,0,27.86
9378,T03,S2_CR1,S2,CR1,1,201.7,8.334,1.39,1.15,7.38,3,0,27.39
9379,T05,S5_D1,S5,D1,1,149.6,6.724,1.12,1.15,7.21,4,0,23.53
9380,T06,CR2_S3,CR2,S3,0,0.0,6.579,1.9,1.35,5.29,2,0,21.2
9381,T03,S5_CR1,S5,CR1,1,186.2,10.342,0.89,1.15,6.46,5,0,34.73
9382,T04,S4_CR2,S4,CR2,1,204.3,6.855,1.9,1.35,11.08,2,0,23.63
9383,T01,D1_S5,D1,S5,0,0.0,6.724,1.12,1.15,2.38,0,0,14.63
9384,T02,CR1_S3,CR1,S3,0,0.0,8.135,1.57,1.15,4.37,3,0,17.57
9385,T05,CR2_S6,CR2,S6,0,0.0,8.342,1.9,1.35,7.2,4,0,25.85
9386,T01,D1_S1,D1,S1,0,0.0,5.834,1.12,1.15,8.64,0,0,12.71
9387,T09,CR2_S3,CR2,S3,0,0.0,6.579,1.9,1.35,0.74,2,0,19.87
9388,T10,S5_D1,S5,D1,1,168.6,6.724,1.12,1.15,4.2,1,0,20.36
9389,T10,S1_CR1,S1,CR1,1,216.1,8.767,0.8,1.15,2.28,1,0,27.7
9390,T07,CR1_S2,CR1,S2,0,0.0,8.334,1.39,1.15,5.21,0,0,22.86
9391,T04,S4_CR2,S4,CR2,1,195.1,6.855,1.9,1.35,11.93,2,0,24.13
9392,T01,CR1_S1,CR1,S1,0,0.0,8.767,0.8,1.15,8.52,1,0,21.16
9393,T03,CR2_S6,CR2,S6,0,0.0,8.342,1.9,1.35,6.56,6,0,24.87
9394,T08,S3_D2,S3,D2,1,194.0,6.362,1.39,1.35,11.15,4,0,28.99
9395,T05,S6_CR2,S6,CR2,1,214.8,8.342,1.9,1.35,2.74,2,0,28.7
9396,T07,CR1_S1,CR1,S1,0,0.0,8.767,0.8,1.15,8.81,1,0,22.55
9397,T09,S1_CR1,S1,CR1,1,187.4,8.767,0.8,1.15,1.83,2,1,38.31
9398,T05,S4_CR2,S4,CR2,1,202.5,6.855,1.9,1.35,10.34,2,0,24.65
9399,T05,CR2_S4,CR2,S4,0,0.0,6.855,1.9,1.35,11.39,3,0,19.64
9400,T10,CR1_S2,CR1,S2,0,0.0,8.334,1.39,1.15,10.08,0,0,21.11
9401,T04,D1_S1,D1,S1,0,0.0,5.834,1.12,1.15,10.61,1,0,12.46
9402,T05,S4_D2,S4,D2,1,184.2,6.638,1.49,1.35,1.99,3,0,27.19
9403,T08,S5_CR1,S5,CR1,1,192.6,10.342,0.89,1.15,2.11,1,0,31.86
9404,T05,S5_CR1,S5,CR1,1,209.9,10.342,0.89,1.15,8.95,0,0,35.69
9405,T01,CR2_S6,CR2,S6,0,0.0,8.342,1.9,1.35,6.02,7,0,27.66
9406,T10,D2_S3,D2,S3,0,0.0,6.362,1.39,1.35,7.22,2,0,23.9
9407,T01,CR2_S6,CR2,S6,0,0.0,8.342,1.9,1.35,9.98,4,0,19.29
9408,T08,CR1_S1,CR1,S1,0,0.0,8.767,0.8,1.15,5.42,4,0,24.53
9409,T04,S1_D1,S1,D1,1,202.7,5.834,1.12,1.15,6.59,2,0,15.63
9410,T10,CR1_S2,CR1,S2,0,0.0,8.334,1.39,1.15,10.75,0,1,29.2
9411,T09,S4_D2,S4,D2,1,205.8,6.638,1.49,1.35,10.71,0,0,24.57
9412,T02,S3_CR1,S3,CR1,1,201.2,8.135,1.57,1.15,11.96,1,0,21.83
9413,T06,CR1_S2,CR1,S2,0,0.0,8.334,1.39,1.15,2.29,1,0,23.9
9414,T06,S2_CR1,S2,CR1,1,188.7,8.334,1.39,1.15,0.73,1,0,24.67
9415,T05,S5_D1,S5,D1,1,195.2,6.724,1.12,1.15,5.87,4,0,22.53
9416,T03,S1_D1,S1,D1,1,212.9,5.834,1.12,1.15,8.66,5,0,15.88
9417,T01,S5_CR1,S5,CR1,1,208.8,10.342,0.89,1.15,5.61,5,0,35.63
9418,T10,D1_S1,D1,S1,0,0.0,5.834,1.12,1.15,10.17,3,0,13.19
9419,T09,S4_CR2,S4,CR2,1,216.0,6.855,1.9,1.35,8.11,3,0,24.94
9420,T06,D2_S3,D2,S3,0,0.0,6.362,1.39,1.35,7.29,3,0,25.16
9421,T02,CR2_S6,CR2,S6,0,0.0,8.342,1.9,1.35,11.23,1,0,20.95
9422,T03,CR1_S3,CR1,S3,0,0.0,8.135,1.57,1.15,5.78,2,0,17.18
9423,T04,S3_CR2,S3,CR2,1,203.3,6.579,1.9,1.35,4.49,4,0,21.76
9424,T03,D1_S5,D1,S5,0,0.0,6.724,1.12,1.15,2.05,0,0,15.22
9425,T07,CR2_S6,CR2,S6,0,0.0,8.342,1.9,1.35,0.16,3,0,23.35
9426,T07,S1_CR1,S1,CR1,1,200.6,8.767,0.8,1.15,0.09,1,0,28.3
9427,T06,CR2_S6,CR2,S6,0,0.0,8.342,1.9,1.35,7.51,4,0,25.65
9428,T02,S5_CR1,S5,CR1,1,213.1,10.342,0.89,1.15,2.6,4,0,34.44
9429,T01,S3_CR1,S3,CR1,1,206.4,8.135,1.57,1.15,4.14,4,0,23.24
9430,T04,S6_CR2,S6,CR2,1,216.2,8.342,1.9,1.35,9.6,2,0,22.67
9431,T10,D1_S5,D1,S5,0,0.0,6.724,1.12,1.15,5.92,5,0,21.1
9432,T01,S3_CR1,S3,CR1,1,198.3,8.135,1.57,1.15,8.9,4,0,24.04
9433,T10,D2_S3,D2,S3,0,0.0,6.362,1.39,1.35,11.6,2,0,21.59
9434,T08,D2_S4,D2,S4,0,0.0,6.638,1.49,1.35,0.49,2,1,29.8
9435,T05,S3_CR1,S3,CR1,1,211.3,8.135,1.57,1.15,1.83,1,0,21.04
9436,T03,D1_S5,D1,S5,0,0.0,6.724,1.12,1.15,5.59,4,0,20.01
9437,T10,S2_CR1,S2,CR1,1,206.9,8.334,1.39,1.15,8.69,2,0,24.2
9438,T09,S5_D1,S5,D1,1,179.2,6.724,1.12,1.15,3.73,3,0,21.03
9439,T10,D1_S5,D1,S5,0,0.0,6.724,1.12,1.15,0.36,1,0,16.27
9440,T10,S4_CR2,S4,CR2,1,201.1,6.855,1.9,1.35,1.57,1,0,20.94
9441,T08,S5_D1,S5,D1,1,185.1,6.724,1.12,1.15,7.15,3,0,21.71
9442,T03,S6_CR2,S6,CR2,1,175.8,8.342,1.9,1.35,9.9,1,1,33.15
9443,T04,S4_CR2,S4,CR2,1,203.9,6.855,1.9,1.35,3.74,3,0,23.49
9444,T10,S2_CR1,S2,CR1,1,199.9,8.334,1.39,1.15,10.57,5,0,32.18
9445,T05,CR1_S3,CR1,S3,0,0.0,8.135,1.57,1.15,0.73,0,0,16.49
9446,T09,S1_D1,S1,D1,1,192.4,5.834,1.12,1.15,4.78,3,0,16.09
9447,T06,CR2_S3,CR2,S3,0,0.0,6.579,1.9,1.35,9.18,1,0,20.39
9448,T03,S3_CR2,S3,CR2,1,160.2,6.579,1.9,1.35,8.63,4,0,25.75
9449,T02,S4_D2,S4,D2,1,191.3,6.638,1.49,1.35,0.14,0,0,23.8
9450,T05,CR2_S6,CR2,S6,0,0.0,8.342,1.9,1.35,1.62,2,0,19.95
9451,T09,S3_CR2,S3,CR2,1,185.0,6.579,1.9,1.35,2.27,3,0,23.93
9452,T03,D2_S3,D2,S3,0,0.0,6.362,1.39,1.35,3.7,3,0,24.13
9453,T10,S2_CR1,S2,CR1,1,190.5,8.334,1.39,1.15,8.32,1,0,26.0
9454,T08,S5_D1,S5,D1,1,188.3,6.724,1.12,1.15,3.38,0,0,18.16
9455,T10,S5_CR1,S5,CR1,1,178.7,10.342,0.89,1.15,9.24,2,0,31.61
9456,T07,CR1_S3,CR1,S3,0,0.0,8.135,1.57,1.15,11.94,2,0,17.68
9457,T04,S4_D2,S4,D2,1,220.0,6.638,1.49,1.35,0.84,3,0,27.0
9458,T03,S5_CR1,S5,CR1,1,188.3,10.342,0.89,1.15,9.32,2,0,30.53
9459,T06,D1_S5,D1,S5,0,0.0,6.724,1.12,1.15,8.56,7,0,20.06
9460,T03,D1_S1,D1,S1,0,0.0,5.834,1.12,1.15,11.14,3,0,13.82
9461,T09,S5_D1,S5,D1,1,186.1,6.724,1.12,1.15,1.38,1,0,19.71
9462,T03,CR2_S3,CR2,S3,0,0.0,6.579,1.9,1.35,3.3,3,0,22.09
9463,T08,S6_CR2,S6,CR2,1,190.0,8.342,1.9,1.35,3.05,3,0,29.96
9464,T02,S3_D2,S3,D2,1,218.7,6.362,1.39,1.35,11.66,0,0,26.1
9465,T02,S5_D1,S5,D1,1,219.7,6.724,1.12,1.15,10.63,3,0,20.25
9466,T04,CR1_S5,CR1,S5,0,0.0,10.342,0.89,1.15,3.82,2,0,28.02
9467,T09,D2_S3,D2,S3,0,0.0,6.362,1.39,1.35,5.48,7,0,29.16
9468,T05,CR1_S3,CR1,S3,0,0.0,8.135,1.57,1.15,0.77,2,0,17.4
9469,T03,CR1_S1,CR1,S1,0,0.0,8.767,0.8,1.15,6.87,7,0,26.8
9470,T08,D2_S3,D2,S3,0,0.0,6.362,1.39,1.35,10.82,2,1,26.89
9471,T09,S3_CR2,S3,CR2,1,205.2,6.579,1.9,1.35,4.49,4,0,22.51
9472,T10,S2_CR1,S2,CR1,1,213.1,8.334,1.39,1.15,7.96,2,0,27.93
9473,T03,S5_CR1,S5,CR1,1,197.9,10.342,0.89,1.15,9.55,3,0,34.5
9474,T02,CR1_S1,CR1,S1,0,0.0,8.767,0.8,1.15,0.71,2,0,21.86
9475,T07,CR1_S2,CR1,S2,0,0.0,8.334,1.39,1.15,6.86,3,0,22.59
9476,T10,S2_CR1,S2,CR1,1,194.3,8.334,1.39,1.15,6.1,6,0,28.61
9477,T01,CR2_S6,CR2,S6,0,0.0,8.342,1.9,1.35,0.9,3,0,22.78
9478,T06,S3_CR1,S3,CR1,1,210.5,8.135,1.57,1.15,2.11,4,0,22.67
9479,T03,CR1_S2,CR1,S2,0,0.0,8.334,1.39,1.15,0.42,2,0,22.88
9480,T03,CR2_S6,CR2,S6,0,0.0,8.342,1.9,1.35,11.58,3,1,30.33
9481,T10,D1_S5,D1,S5,0,0.0,6.724,1.12,1.15,9.96,4,1,25.03
9482,T06,S3_D2,S3,D2,1,184.3,6.362,1.39,1.35,6.69,3,0,24.85
9483,T07,CR2_S4,CR2,S4,0,0.0,6.855,1.9,1.35,11.13,0,0,17.5
9484,T03,S5_D1,S5,D1,1,203.6,6.724,1.12,1.15,6.74,2,0,21.49
9485,T02,S3_D2,S3,D2,1,212.8,6.362,1.39,1.35,2.48,2,0,26.34
9486,T08,CR2_S3,CR2,S3,0,0.0,6.579,1.9,1.35,5.95,4,0,22.32
9487,T08,S3_CR1,S3,CR1,1,188.0,8.135,1.57,1.15,7.57,6,0,24.0
9488,T07,D2_S4,D2,S4,0,0.0,6.638,1.49,1.35,9.55,2,0,23.72
9489,T06,S3_CR2,S3,CR2,1,208.0,6.579,1.9,1.35,0.13,1,0,23.97
9490,T06,CR1_S1,CR1,S1,0,0.0,8.767,0.8,1.15,4.07,3,0,25.44
9491,T02,CR2_S4,CR2,S4,0,0.0,6.855,1.9,1.35,6.44,3,0,19.68
9492,T05,S5_CR1,S5,CR1,1,212.0,10.342,0.89,1.15,2.98,4,0,33.48
9493,T05,S5_D1,S5,D1,1,188.8,6.724,1.12,1.15,1.89,3,0,22.88
9494,T05,S5_CR1,S5,CR1,1,217.7,10.342,0.89,1.15,10.5,2,0,36.94
9495,T04,CR1_S1,CR1,S1,0,0.0,8.767,0.8,1.15,9.33,2,0,20.57
9496,T07,S4_CR2,S4,CR2,1,185.3,6.855,1.9,1.35,2.06,2,0,23.39
9497,T07,S1_CR1,S1,CR1,1,212.0,8.767,0.8,1.15,1.16,3,0,28.15
9498,T05,S3_CR2,S3,CR2,1,156.6,6.579,1.9,1.35,3.29,3,0,28.0
9499,T09,CR1_S2,CR1,S2,0,0.0,8.334,1.39,1.15,3.91,5,0,26.27
9500,T03,D2_S3,D2,S3,0,0.0,6.362,1.39,1.35,9.91,0,0,22.93
9501,T04,S2_CR1,S2,CR1,1,196.7,8.334,1.39,1.15,9.4,0,0,23.42
9502,T01,D2_S3,D2,S3,0,0.0,6.362,1.39,1.35,1.21,0,0,20.38
9503,T03,S2_CR1,S2,CR1,1,178.2,8.334,1.39,1.15,9.27,4,0,29.37
9504,T04,CR2_S3,CR2,S3,0,0.0,6.579,1.9,1.35,8.21,1,0,19.68
9505,T03,S3_CR1,S3,CR1,1,194.5,8.135,1.57,1.15,11.83,1,0,19.7
9506,T10,CR2_S6,CR2,S6,0,0.0,8.342,1.9,1.35,1.17,0,0,22.08
9507,T08,S1_D1,S1,D1,1,192.0,5.834,1.12,1.15,2.87,6,0,18.55
9508,T10,S4_D2,S4,D2,1,205.2,6.638,1.49,1.35,9.28,0,0,24.18
9509,T10,CR1_S2,CR1,S2,0,0.0,8.334,1.39,1.15,1.86,3,0,21.51
9510,T06,D1_S1,D1,S1,0,0.0,5.834,1.12,1.15,4.5,3,0,14.78
9511,T06,S1_D1,S1,D1,1,191.5,5.834,1.12,1.15,10.56,1,0,15.12
9512,T04,S2_CR1,S2,CR1,1,206.4,8.334,1.39,1.15,11.62,3,0,28.98
9513,T09,D2_S4,D2,S4,0,0.0,6.638,1.49,1.35,4.87,2,1,27.64
9514,T04,D1_S1,D1,S1,0,0.0,5.834,1.12,1.15,7.65,2,0,13.63
9515,T09,CR2_S3,CR2,S3,0,0.0,6.579,1.9,1.35,6.27,8,0,23.84
9516,T07,S2_CR1,S2,CR1,1,195.7,8.334,1.39,1.15,0.47,1,1,40.98
9517,T03,D1_S5,D1,S5,0,0.0,6.724,1.12,1.15,8.42,3,0,18.2
9518,T01,CR2_S6,CR2,S6,0,0.0,8.342,1.9,1.35,10.42,1,0,19.67
9519,T08,CR1_S3,CR1,S3,0,0.0,8.135,1.57,1.15,2.4,1,0,17.44
9520,T10,D2_S3,D2,S3,0,0.0,6.362,1.39,1.35,6.13,2,0,20.28
9521,T08,D1_S1,D1,S1,0,0.0,5.834,1.12,1.15,10.96,5,0,16.36
9522,T06,S6_CR2,S6,CR2,1,212.4,8.342,1.9,1.35,6.68,2,1,30.52
9523,T07,S3_CR1,S3,CR1,1,212.6,8.135,1.57,1.15,11.82,1,0,22.33
9524,T08,S3_CR1,S3,CR1,1,184.9,8.135,1.57,1.15,9.4,2,0,19.56
9525,T09,S3_CR2,S3,CR2,1,175.6,6.579,1.9,1.35,10.2,2,0,22.45
9526,T08,CR2_S6,CR2,S6,0,0.0,8.342,1.9,1.35,9.76,3,0,26.38
9527,T04,CR2_S6,CR2,S6,0,0.0,8.342,1.9,1.35,9.73,0,0,19.56
9528,T04,S3_CR1,S3,CR1,1,189.0,8.135,1.57,1.15,9.87,3,0,24.36
9529,T06,S2_CR1,S2,CR1,1,184.9,8.334,1.39,1.15,9.05,2,0,28.7
9530,T05,S3_CR2,S3,CR2,1,201.4,6.579,1.9,1.35,7.22,1,0,23.04
9531,T02,S1_D1,S1,D1,1,191.9,5.834,1.12,1.15,3.64,2,0,16.47
9532,T03,S5_CR1,S5,CR1,1,199.2,10.342,0.89,1.15,2.75,4,0,34.63
9533,T01,CR1_S5,CR1,S5,0,0.0,10.342,0.89,1.15,0.4,3,0,29.32
9534,T10,S4_CR2,S4,CR2,1,194.1,6.855,1.9,1.35,11.23,2,0,21.18
9535,T08,CR2_S6,CR2,S6,0,0.0,8.342,1.9,1.35,8.32,2,0,24.3
9536,T04,S5_CR1,S5,CR1,1,182.5,10.342,0.89,1.15,11.56,1,0,31.25
9537,T06,S5_CR1,S5,CR1,1,187.6,10.342,0.89,1.15,2.28,5,0,36.94
9538,T01,S6_CR2,S6,CR2,1,183.4,8.342,1.9,1.35,4.2,3,0,30.35
9539,T07,D1_S5,D1,S5,0,0.0,6.724,1.12,1.15,5.91,8,0,20.75
9540,T01,D1_S5,D1,S5,0,0.0,6.724,1.12,1.15,4.87,4,1,24.19
9541,T08,CR2_S4,CR2,S4,0,0.0,6.855,1.9,1.35,7.03,5,0,22.38
9542,T06,CR1_S1,CR1,S1,0,0.0,8.767,0.8,1.15,0.41,4,0,23.25
9543,T10,S3_D2,S3,D2,1,204.5,6.362,1.39,1.35,2.01,4,0,29.92
9544,T09,S6_CR2,S6,CR2,1,199.2,8.342,1.9,1.35,2.92,2,0,26.94
9545,T06,S5_CR1,S5,CR1,1,186.6,10.342,0.89,1.15,0.4,1,0,33.28
9546,T06,CR1_S2,CR1,S2,0,0.0,8.334,1.39,1.15,5.36,4,0,26.57
9547,T02,S6_CR2,S6,CR2,1,193.6,8.342,1.9,1.35,5.95,5,0,29.69
9548,T10,CR2_S6,CR2,S6,0,0.0,8.342,1.9,1.35,2.7,3,0,23.39
9549,T02,CR1_S3,CR1,S3,0,0.0,8.135,1.57,1.15,2.42,1,1,21.34
9550,T04,S1_D1,S1,D1,1,197.2,5.834,1.12,1.15,4.85,2,0,16.89
9551,T01,CR1_S3,CR1,S3,0,0.0,8.135,1.57,1.15,2.64,2,0,17.28
9552,T09,S6_CR2,S6,CR2,1,212.1,8.342,1.9,1.35,6.59,5,0,29.27
9553,T06,S3_CR1,S3,CR1,1,195.8,8.135,1.57,1.15,11.59,0,0,21.77
9554,T01,CR1_S3,CR1,S3,0,0.0,8.135,1.57,1.15,11.68,1,0,17.29
9555,T08,CR1_S2,CR1,S2,0,0.0,8.334,1.39,1.15,10.63,1,0,21.18
9556,T10,CR2_S4,CR2,S4,0,0.0,6.855,1.9,1.35,0.52,0,0,16.49
9557,T06,D1_S5,D1,S5,0,0.0,6.724,1.12,1.15,9.18,2,0,16.53
9558,T02,CR2_S3,CR2,S3,0,0.0,6.579,1.9,1.35,6.89,1,0,16.86
9559,T08,S3_CR2,S3,CR2,1,206.5,6.579,1.9,1.35,3.51,3,0,27.21
9560,T01,S4_CR2,S4,CR2,1,219.6,6.855,1.9,1.35,9.82,1,0,20.59
9561,T03,S3_D2,S3,D2,1,195.1,6.362,1.39,1.35,6.99,3,0,29.58
9562,T10,S6_CR2,S6,CR2,1,189.4,8.342,1.9,1.35,8.4,3,0,27.47
9563,T08,D1_S5,D1,S5,0,0.0,6.724,1.12,1.15,10.08,0,0,14.35
9564,T01,S6_CR2,S6,CR2,1,213.8,8.342,1.9,1.35,9.99,4,0,27.79
9565,T10,CR2_S4,CR2,S4,0,0.0,6.855,1.9,1.35,11.21,3,0,20.63
9566,T05,CR2_S3,CR2,S3,0,0.0,6.579,1.9,1.35,8.17,2,0,19.82
9567,T01,S4_CR2,S4,CR2,1,183.7,6.855,1.9,1.35,10.09,0,0,18.89
9568,T08,S3_D2,S3,D2,1,197.4,6.362,1.39,1.35,2.33,5,0,27.58
9569,T10,S6_CR2,S6,CR2,1,191.4,8.342,1.9,1.35,0.76,2,0,26.7
9570,T06,CR2_S3,CR2,S3,0,0.0,6.579,1.9,1.35,7.3,4,0,21.85
9571,T08,CR1_S3,CR1,S3,0,0.0,8.135,1.57,1.15,10.69,2,0,16.34
9572,T09,S5_D1,S5,D1,1,218.4,6.724,1.12,1.15,3.42,3,0,21.13
9573,T09,D2_S4,D2,S4,0,0.0,6.638,1.49,1.35,4.23,5,0,25.84
9574,T01,CR1_S1,CR1,S1,0,0.0,8.767,0.8,1.15,9.67,1,0,19.31
9575,T09,S3_D2,S3,D2,1,197.6,6.362,1.39,1.35,6.94,5,1,40.15
9576,T07,D1_S1,D1,S1,0,0.0,5.834,1.12,1.15,5.55,6,0,15.59
9577,T02,S4_CR2,S4,CR2,1,201.3,6.855,1.9,1.35,5.0,2,0,23.21
9578,T03,D1_S1,D1,S1,0,0.0,5.834,1.12,1.15,4.56,0,0,12.76
9579,T07,D2_S3,D2,S3,0,0.0,6.362,1.39,1.35,1.67,0,1,23.14
9580,T06,CR1_S2,CR1,S2,0,0.0,8.334,1.39,1.15,7.59,4,0,23.38
9581,T06,D1_S1,D1,S1,0,0.0,5.834,1.12,1.15,11.55,1,0,12.4
9582,T09,D2_S4,D2,S4,0,0.0,6.638,1.49,1.35,9.36,1,0,20.37
9583,T10,D2_S3,D2,S3,0,0.0,6.362,1.39,1.35,2.03,2,0,19.91
9584,T08,CR2_S6,CR2,S6,0,0.0,8.342,1.9,1.35,5.28,6,0,24.99
9585,T02,S1_CR1,S1,CR1,1,179.0,8.767,0.8,1.15,5.71,1,0,26.99
9586,T09,S1_CR1,S1,CR1,1,200.6,8.767,0.8,1.15,0.98,8,0,34.35
9587,T06,S3_D2,S3,D2,1,168.5,6.362,1.39,1.35,7.35,3,0,26.19
9588,T08,S2_CR1,S2,CR1,1,201.4,8.334,1.39,1.15,6.62,5,0,33.42
9589,T07,CR2_S3,CR2,S3,0,0.0,6.579,1.9,1.35,3.88,1,0,17.83
9590,T01,CR2_S6,CR2,S6,0,0.0,8.342,1.9,1.35,2.35,2,0,22.8
9591,T09,CR1_S2,CR1,S2,0,0.0,8.334,1.39,1.15,9.99,4,0,23.68
9592,T09,S5_CR1,S5,CR1,1,188.4,10.342,0.89,1.15,0.31,2,0,37.02
9593,T04,S5_CR1,S5,CR1,1,199.1,10.342,0.89,1.15,3.7,1,0,34.57
9594,T08,S3_D2,S3,D2,1,207.1,6.362,1.39,1.35,2.58,4,0,29.42
9595,T06,S1_D1,S1,D1,1,182.0,5.834,1.12,1.15,4.5,4,0,17.49
9596,T01,CR1_S2,CR1,S2,0,0.0,8.334,1.39,1.15,0.86,3,0,22.46
9597,T10,S1_CR1,S1,CR1,1,200.3,8.767,0.8,1.15,1.08,2,0,29.0
9598,T09,S3_CR2,S3,CR2,1,191.5,6.579,1.9,1.35,7.23,3,0,24.7
9599,T05,S1_D1,S1,D1,1,192.3,5.834,1.12,1.15,7.25,3,0,17.94
9600,T01,CR1_S1,CR1,S1,0,0.0,8.767,0.8,1.15,11.89,3,0,25.11
9601,T03,CR2_S3,CR2,S3,0,0.0,6.579,1.9,1.35,4.07,2,0,19.14
9602,T05,S1_D1,S1,D1,1,200.8,5.834,1.12,1.15,7.23,3,0,15.47
9603,T02,CR1_S5,CR1,S5,0,0.0,10.342,0.89,1.15,4.93,2,0,26.43
9604,T05,S4_D2,S4,D2,1,186.5,6.638,1.49,1.35,4.29,3,0,29.77
9605,T02,D2_S3,D2,S3,0,0.0,6.362,1.39,1.35,8.19,1,0,20.93
9606,T03,S3_CR2,S3,CR2,1,208.9,6.579,1.9,1.35,4.65,5,0,24.45
9607,T02,S3_D2,S3,D2,1,194.6,6.362,1.39,1.35,5.79,4,0,29.76
9608,T07,S1_D1,S1,D1,1,202.0,5.834,1.12,1.15,9.6,1,0,15.31
9609,T04,S6_CR2,S6,CR2,1,184.5,8.342,1.9,1.35,11.84,1,0,28.53
9610,T10,D1_S5,D1,S5,0,0.0,6.724,1.12,1.15,11.47,1,0,16.93
9611,T02,D2_S3,D2,S3,0,0.0,6.362,1.39,1.35,10.33,1,0,21.82
9612,T03,CR2_S3,CR2,S3,0,0.0,6.579,1.9,1.35,1.46,1,0,18.56
9613,T06,D1_S5,D1,S5,0,0.0,6.724,1.12,1.15,7.69,1,0,16.48
9614,T05,S1_CR1,S1,CR1,1,187.7,8.767,0.8,1.15,2.07,4,0,31.15
9615,T02,S5_D1,S5,D1,1,192.9,6.724,1.12,1.15,4.95,6,0,25.17
9616,T08,S4_CR2,S4,CR2,1,186.0,6.855,1.9,1.35,10.92,2,0,20.05
9617,T08,D1_S5,D1,S5,0,0.0,6.724,1.12,1.15,8.95,2,0,16.25
9618,T07,CR2_S4,CR2,S4,0,0.0,6.855,1.9,1.35,6.96,4,1,27.86
9619,T06,CR1_S5,CR1,S5,0,0.0,10.342,0.89,1.15,1.94,1,0,27.39
9620,T09,S6_CR2,S6,CR2,1,210.8,8.342,1.9,1.35,2.91,1,0,28.11
9621,T01,S6_CR2,S6,CR2,1,191.3,8.342,1.9,1.35,11.3,2,0,26.36
9622,T08,CR1_S2,CR1,S2,0,0.0,8.334,1.39,1.15,2.08,3,0,24.94
9623,T07,CR1_S1,CR1,S1,0,0.0,8.767,0.8,1.15,4.48,3,0,23.5
9624,T05,D2_S4,D2,S4,0,0.0,6.638,1.49,1.35,2.25,3,0,22.21
9625,T04,S1_CR1,S1,CR1,1,203.8,8.767,0.8,1.15,5.48,2,0,26.43
9626,T02,S3_D2,S3,D2,1,220.0,6.362,1.39,1.35,4.87,4,0,25.87
9627,T05,CR1_S1,CR1,S1,0,0.0,8.767,0.8,1.15,4.04,0,0,21.73
9628,T09,S1_CR1,S1,CR1,1,191.6,8.767,0.8,1.15,7.62,2,0,27.71
9629,T02,CR2_S6,CR2,S6,0,0.0,8.342,1.9,1.35,11.46,4,0,24.1
9630,T09,CR1_S5,CR1,S5,0,0.0,10.342,0.89,1.15,9.71,0,1,30.62
9631,T06,D1_S5,D1,S5,0,0.0,6.724,1.12,1.15,9.6,2,0,16.53
9632,T02,S3_D2,S3,D2,1,184.7,6.362,1.39,1.35,2.01,1,0,27.79
9633,T10,S3_D2,S3,D2,1,179.3,6.362,1.39,1.35,2.0,7,0,32.8
9634,T08,D2_S4,D2,S4,0,0.0,6.638,1.49,1.35,7.97,3,0,22.94
9635,T10,CR2_S6,CR2,S6,0,0.0,8.342,1.9,1.35,9.15,5,0,23.69
9636,T07,CR2_S4,CR2,S4,0,0.0,6.855,1.9,1.35,10.79,5,0,23.15
9637,T10,S4_CR2,S4,CR2,1,196.6,6.855,1.9,1.35,3.38,1,0,24.08
9638,T05,CR2_S4,CR2,S4,0,0.0,6.855,1.9,1.35,9.44,4,0,21.13
9639,T10,S1_CR1,S1,CR1,1,190.1,8.767,0.8,1.15,5.39,6,0,31.9
9640,T04,S6_CR2,S6,CR2,1,199.6,8.342,1.9,1.35,8.39,1,0,27.43
9641,T10,S3_CR2,S3,CR2,1,174.2,6.579,1.9,1.35,9.77,0,0,21.63
9642,T10,D2_S4,D2,S4,0,0.0,6.638,1.49,1.35,0.57,1,0,24.08
9643,T01,S5_D1,S5,D1,1,187.2,6.724,1.12,1.15,4.79,2,0,19.85
9644,T03,S4_D2,S4,D2,1,194.1,6.638,1.49,1.35,8.47,4,0,28.77
9645,T03,S1_CR1,S1,CR1,1,197.5,8.767,0.8,1.15,1.21,4,0,29.91
9646,T06,S1_D1,S1,D1,1,176.6,5.834,1.12,1.15,0.75,1,0,15.15
9647,T07,S4_D2,S4,D2,1,199.6,6.638,1.49,1.35,7.13,2,0,27.7
9648,T06,D2_S3,D2,S3,0,0.0,6.362,1.39,1.35,0.52,3,0,23.98
9649,T02,D2_S4,D2,S4,0,0.0,6.638,1.49,1.35,9.54,0,0,22.19
9650,T07,D1_S5,D1,S5,0,0.0,6.724,1.12,1.15,7.51,4,1,25.32
9651,T06,D2_S4,D2,S4,0,0.0,6.638,1.49,1.35,11.42,1,0,21.69
9652,T03,CR2_S6,CR2,S6,0,0.0,8.342,1.9,1.35,0.6,2,0,21.09
9653,T06,D1_S1,D1,S1,0,0.0,5.834,1.12,1.15,11.64,4,0,14.86
9654,T07,D1_S5,D1,S5,0,0.0,6.724,1.12,1.15,7.28,6,0,19.44
9655,T05,CR2_S4,CR2,S4,0,0.0,6.855,1.9,1.35,11.49,2,0,17.6
9656,T10,S1_CR1,S1,CR1,1,220.0,8.767,0.8,1.15,7.73,1,0,27.72
9657,T03,CR1_S2,CR1,S2,0,0.0,8.334,1.39,1.15,0.85,2,0,22.64
9658,T06,CR1_S3,CR1,S3,0,0.0,8.135,1.57,1.15,9.08,1,0,17.99
9659,T02,CR2_S6,CR2,S6,0,0.0,8.342,1.9,1.35,3.41,3,0,22.62
9660,T07,S5_CR1,S5,CR1,1,186.0,10.342,0.89,1.15,1.83,4,1,49.01
9661,T01,CR1_S2,CR1,S2,0,0.0,8.334,1.39,1.15,6.23,6,0,27.62
9662,T08,D2_S4,D2,S4,0,0.0,6.638,1.49,1.35,8.62,5,0,27.82
9663,T02,S4_CR2,S4,CR2,1,176.4,6.855,1.9,1.35,0.84,2,0,22.61
9664,T02,CR1_S2,CR1,S2,0,0.0,8.334,1.39,1.15,2.25,0,0,18.9
9665,T10,S5_D1,S5,D1,1,175.8,6.724,1.12,1.15,10.48,1,0,18.94
9666,T04,CR1_S1,CR1,S1,0,0.0,8.767,0.8,1.15,8.47,2,0,22.82
9667,T03,S5_D1,S5,D1,1,218.5,6.724,1.12,1.15,0.91,1,0,19.08
9668,T09,S3_D2,S3,D2,1,177.4,6.362,1.39,1.35,6.82,1,0,26.75
9669,T02,S5_D1,S5,D1,1,184.5,6.724,1.12,1.15,11.41,2,0,18.15
9670,T05,CR2_S3,CR2,S3,0,0.0,6.579,1.9,1.35,0.64,1,0,17.12
9671,T05,S3_CR1,S3,CR1,1,170.6,8.135,1.57,1.15,1.81,3,0,21.83
9672,T04,CR1_S1,CR1,S1,0,0.0,8.767,0.8,1.15,9.67,0,0,21.09
9673,T04,CR2_S3,CR2,S3,0,0.0,6.579,1.9,1.35,0.02,4,1,27.26
9674,T10,D2_S4,D2,S4,0,0.0,6.638,1.49,1.35,0.24,1,0,21.65
9675,T10,CR1_S2,CR1,S2,0,0.0,8.334,1.39,1.15,6.06,3,0,24.82
9676,T02,CR2_S6,CR2,S6,0,0.0,8.342,1.9,1.35,2.13,1,0,21.18
9677,T09,D2_S3,D2,S3,0,0.0,6.362,1.39,1.35,8.77,0,0,20.69
9678,T06,CR1_S2,CR1,S2,0,0.0,8.334,1.39,1.15,4.83,4,0,25.64
9679,T02,CR2_S6,CR2,S6,0,0.0,8.342,1.9,1.35,8.58,1,0,22.27
9680,T08,S3_D2,S3,D2,1,208.2,6.362,1.39,1.35,7.83,3,0,28.02
9681,T04,S3_CR2,S3,CR2,1,186.9,6.579,1.9,1.35,0.09,0,0,24.84
9682,T09,S3_D2,S3,D2,1,189.3,6.362,1.39,1.35,11.09,1,0,24.9
9683,T05,S2_CR1,S2,CR1,1,195.6,8.334,1.39,1.15,1.66,3,0,28.97
9684,T06,S3_D2,S3,D2,1,187.7,6.362,1.39,1.35,0.06,1,0,25.9
9685,T09,D1_S5,D1,S5,0,0.0,6.724,1.12,1.15,2.34,2,0,15.76
9686,T07,CR2_S6,CR2,S6,0,0.0,8.342,1.9,1.35,9.96,0,0,21.21
9687,T09,CR2_S4,CR2,S4,0,0.0,6.855,1.9,1.35,1.35,1,0,19.12
9688,T08,CR1_S2,CR1,S2,0,0.0,8.334,1.39,1.15,7.27,5,0,28.12
9689,T01,S5_D1,S5,D1,1,206.4,6.724,1.12,1.15,6.54,4,0,22.85
9690,T05,S3_D2,S3,D2,1,217.0,6.362,1.39,1.35,0.7,3,0,28.49
9691,T09,CR2_S4,CR2,S4,0,0.0,6.855,1.9,1.35,0.83,4,0,22.1
9692,T07,D1_S5,D1,S5,0,0.0,6.724,1.12,1.15,0.7,3,0,16.48
9693,T05,S1_CR1,S1,CR1,1,196.1,8.767,0.8,1.15,1.74,1,0,27.65
9694,T08,D2_S3,D2,S3,0,0.0,6.362,1.39,1.35,9.34,2,0,19.85
9695,T10,D2_S3,D2,S3,0,0.0,6.362,1.39,1.35,6.26,3,0,23.64
9696,T01,S1_CR1,S1,CR1,1,211.9,8.767,0.8,1.15,7.03,2,0,24.51
9697,T05,S3_D2,S3,D2,1,189.5,6.362,1.39,1.35,2.72,1,0,26.4
9698,T04,S6_CR2,S6,CR2,1,189.3,8.342,1.9,1.35,5.18,1,0,28.55
9699,T09,S5_CR1,S5,CR1,1,182.0,10.342,0.89,1.15,1.3,1,0,33.88
9700,T07,D2_S4,D2,S4,0,0.0,6.638,1.49,1.35,3.01,1,0,21.06
9701,T10,S1_CR1,S1,CR1,1,197.1,8.767,0.8,1.15,8.68,1,0,26.64
9702,T06,D1_S5,D1,S5,0,0.0,6.724,1.12,1.15,5.82,2,1,21.13
9703,T01,S1_D1,S1,D1,1,196.3,5.834,1.12,1.15,1.73,0,0,13.47
9704,T07,S3_CR1,S3,CR1,1,181.7,8.135,1.57,1.15,3.73,3,0,22.51
9705,T06,D1_S5,D1,S5,0,0.0,6.724,1.12,1.15,3.94,2,0,18.38
9706,T08,S1_D1,S1,D1,1,194.5,5.834,1.12,1.15,11.32,3,0,17.58
9707,T06,S6_CR2,S6,CR2,1,200.7,8.342,1.9,1.35,9.39,1,0,25.86
9708,T10,CR1_S1,CR1,S1,0,0.0,8.767,0.8,1.15,5.71,2,0,24.19
9709,T06,S5_CR1,S5,CR1,1,202.3,10.342,0.89,1.15,1.78,2,0,30.33
9710,T06,S3_CR2,S3,CR2,1,161.1,6.579,1.9,1.35,8.42,3,0,24.09
9711,T10,S2_CR1,S2,CR1,1,220.0,8.334,1.39,1.15,9.17,1,0,26.15
9712,T04,D2_S4,D2,S4,0,0.0,6.638,1.49,1.35,9.5,2,0,22.98
9713,T09,S4_CR2,S4,CR2,1,215.8,6.855,1.9,1.35,6.76,3,0,24.72
9714,T10,S5_CR1,S5,CR1,1,180.0,10.342,0.89,1.15,4.45,3,0,37.24
9715,T02,CR2_S4,CR2,S4,0,0.0,6.855,1.9,1.35,11.2,0,0,18.8
9716,T02,CR2_S6,CR2,S6,0,0.0,8.342,1.9,1.35,5.07,3,0,24.24
9717,T04,S1_CR1,S1,CR1,1,197.6,8.767,0.8,1.15,6.04,3,0,27.01
9718,T06,D1_S1,D1,S1,0,0.0,5.834,1.12,1.15,2.06,3,0,15.72
9719,T07,S5_CR1,S5,CR1,1,189.5,10.342,0.89,1.15,10.41,1,0,33.79
9720,T05,S3_CR1,S3,CR1,1,175.3,8.135,1.57,1.15,11.21,2,0,21.78
9721,T09,S2_CR1,S2,CR1,1,196.6,8.334,1.39,1.15,9.82,1,0,25.2
9722,T04,S3_CR2,S3,CR2,1,200.2,6.579,1.9,1.35,9.73,2,0,25.0
9723,T01,S1_D1,S1,D1,1,208.8,5.834,1.12,1.15,8.5,1,0,14.79
9724,T01,S2_CR1,S2,CR1,1,182.6,8.334,1.39,1.15,6.67,8,0,35.74
9725,T01,S1_CR1,S1,CR1,1,199.6,8.767,0.8,1.15,4.26,6,0,29.66
9726,T05,S3_D2,S3,D2,1,189.1,6.362,1.39,1.35,10.5,0,0,26.66
9727,T07,D1_S5,D1,S5,0,0.0,6.724,1.12,1.15,4.06,0,0,16.17
9728,T03,S4_D2,S4,D2,1,200.4,6.638,1.49,1.35,3.65,0,0,23.68
9729,T03,S6_CR2,S6,CR2,1,185.3,8.342,1.9,1.35,6.55,5,0,30.49
9730,T10,D2_S4,D2,S4,0,0.0,6.638,1.49,1.35,0.6,3,0,22.67
9731,T09,S3_D2,S3,D2,1,197.2,6.362,1.39,1.35,9.68,2,0,29.52
9732,T03,S3_CR1,S3,CR1,1,194.9,8.135,1.57,1.15,5.77,6,0,24.17
9733,T07,S1_CR1,S1,CR1,1,180.4,8.767,0.8,1.15,9.04,3,0,27.2
9734,T05,S3_CR2,S3,CR2,1,199.0,6.579,1.9,1.35,9.12,0,0,22.3
9735,T01,S3_CR1,S3,CR1,1,192.1,8.135,1.57,1.15,11.8,3,0,23.1
9736,T07,D1_S5,D1,S5,0,0.0,6.724,1.12,1.15,9.72,2,0,15.35
9737,T04,S5_D1,S5,D1,1,202.2,6.724,1.12,1.15,6.14,5,1,27.06
9738,T08,S3_CR1,S3,CR1,1,192.4,8.135,1.57,1.15,8.54,3,0,25.13
9739,T07,CR2_S3,CR2,S3,0,0.0,6.579,1.9,1.35,2.37,1,0,17.81
9740,T09,D2_S3,D2,S3,0,0.0,6.362,1.39,1.35,5.2,6,0,24.31
9741,T06,CR1_S3,CR1,S3,0,0.0,8.135,1.57,1.15,6.19,1,0,17.09
9742,T07,S4_CR2,S4,CR2,1,162.7,6.855,1.9,1.35,4.3,5,0,28.92
9743,T09,S3_CR1,S3,CR1,1,196.6,8.135,1.57,1.15,10.15,2,0,23.64
9744,T05,S4_D2,S4,D2,1,204.4,6.638,1.49,1.35,3.67,3,0,29.77
9745,T10,CR1_S5,CR1,S5,0,0.0,10.342,0.89,1.15,0.63,4,0,27.66
9746,T09,CR1_S5,CR1,S5,0,0.0,10.342,0.89,1.15,3.08,3,0,29.61
9747,T06,S4_D2,S4,D2,1,197.8,6.638,1.49,1.35,7.5,4,0,28.63
9748,T10,CR1_S3,CR1,S3,0,0.0,8.135,1.57,1.15,3.2,0,0,15.11
9749,T05,CR2_S4,CR2,S4,0,0.0,6.855,1.9,1.35,1.86,4,0,21.41
9750,T08,S3_CR2,S3,CR2,1,216.8,6.579,1.9,1.35,6.14,2,0,23.65
9751,T02,S5_D1,S5,D1,1,193.1,6.724,1.12,1.15,2.53,1,0,19.91
9752,T08,S2_CR1,S2,CR1,1,220.0,8.334,1.39,1.15,4.12,5,0,33.19
9753,T01,CR1_S2,CR1,S2,0,0.0,8.334,1.39,1.15,5.01,2,0,24.03
9754,T09,D2_S3,D2,S3,0,0.0,6.362,1.39,1.35,3.9,2,0,24.52
9755,T08,S5_CR1,S5,CR1,1,183.8,10.342,0.89,1.15,9.7,1,0,30.97
9756,T05,S5_D1,S5,D1,1,200.3,6.724,1.12,1.15,8.39,2,0,20.1
9757,T03,D2_S4,D2,S4,0,0.0,6.638,1.49,1.35,5.27,7,0,25.0
9758,T07,S4_D2,S4,D2,1,176.8,6.638,1.49,1.35,6.28,4,0,30.07
9759,T01,D1_S5,D1,S5,0,0.0,6.724,1.12,1.15,8.95,3,0,17.9
9760,T07,D1_S1,D1,S1,0,0.0,5.834,1.12,1.15,0.8,2,0,13.32
9761,T08,D2_S4,D2,S4,0,0.0,6.638,1.49,1.35,5.08,7,0,26.95
9762,T08,CR2_S4,CR2,S4,0,0.0,6.855,1.9,1.35,10.47,1,0,19.48
9763,T09,CR1_S1,CR1,S1,0,0.0,8.767,0.8,1.15,8.19,6,0,25.74
9764,T04,CR2_S4,CR2,S4,0,0.0,6.855,1.9,1.35,8.43,2,0,18.75
9765,T08,S4_CR2,S4,CR2,1,184.9,6.855,1.9,1.35,8.9,1,0,21.82
9766,T09,S5_CR1,S5,CR1,1,178.6,10.342,0.89,1.15,2.11,2,0,38.0
9767,T01,CR2_S4,CR2,S4,0,0.0,6.855,1.9,1.35,4.28,3,0,18.31
9768,T10,CR1_S2,CR1,S2,0,0.0,8.334,1.39,1.15,8.47,2,0,21.93
9769,T09,S3_CR1,S3,CR1,1,192.6,8.135,1.57,1.15,7.01,5,0,22.79
9770,T04,S3_CR2,S3,CR2,1,200.8,6.579,1.9,1.35,8.21,0,0,20.39
9771,T05,S1_CR1,S1,CR1,1,184.8,8.767,0.8,1.15,4.35,4,0,29.81
9772,T01,D1_S5,D1,S5,0,0.0,6.724,1.12,1.15,0.68,2,0,16.62
9773,T04,S3_CR1,S3,CR1,1,196.7,8.135,1.57,1.15,4.18,3,0,21.22
9774,T10,S3_D2,S3,D2,1,189.5,6.362,1.39,1.35,5.93,4,0,31.27
9775,T03,S1_D1,S1,D1,1,205.6,5.834,1.12,1.15,1.0,4,0,15.85
9776,T05,CR2_S3,CR2,S3,0,0.0,6.579,1.9,1.35,6.7,3,0,21.26
9777,T10,S3_CR1,S3,CR1,1,220.0,8.135,1.57,1.15,11.23,2,0,19.48
9778,T04,S5_D1,S5,D1,1,216.3,6.724,1.12,1.15,9.88,1,1,28.28
9779,T10,CR1_S2,CR1,S2,0,0.0,8.334,1.39,1.15,9.42,0,0,20.38
9780,T02,S3_CR1,S3,CR1,1,183.5,8.135,1.57,1.15,9.81,1,0,21.9
9781,T01,D2_S4,D2,S4,0,0.0,6.638,1.49,1.35,5.4,3,0,22.17
9782,T01,S1_CR1,S1,CR1,1,191.4,8.767,0.8,1.15,7.54,2,1,35.06
9783,T01,CR2_S6,CR2,S6,0,0.0,8.342,1.9,1.35,6.88,4,0,24.12
9784,T02,CR1_S5,CR1,S5,0,0.0,10.342,0.89,1.15,6.03,5,0,31.34
9785,T07,S3_CR2,S3,CR2,1,188.1,6.579,1.9,1.35,10.0,4,1,34.11
9786,T03,S6_CR2,S6,CR2,1,214.4,8.342,1.9,1.35,0.64,1,0,25.83
9787,T06,S4_D2,S4,D2,1,201.4,6.638,1.49,1.35,5.01,5,0,32.18
9788,T03,CR1_S2,CR1,S2,0,0.0,8.334,1.39,1.15,4.23,3,0,22.13
9789,T04,CR1_S3,CR1,S3,0,0.0,8.135,1.57,1.15,3.56,2,0,17.47
9790,T02,CR1_S5,CR1,S5,0,0.0,10.342,0.89,1.15,10.72,2,0,29.1
9791,T09,S6_CR2,S6,CR2,1,179.6,8.342,1.9,1.35,3.17,4,0,29.27
9792,T02,S6_CR2,S6,CR2,1,211.0,8.342,1.9,1.35,8.39,4,0,28.17
9793,T09,D1_S1,D1,S1,0,0.0,5.834,1.12,1.15,1.3,2,0,12.54
9794,T09,S6_CR2,S6,CR2,1,216.2,8.342,1.9,1.35,11.22,1,0,27.08
9795,T10,S2_CR1,S2,CR1,1,202.3,8.334,1.39,1.15,8.16,2,0,26.5
9796,T08,S3_D2,S3,D2,1,186.4,6.362,1.39,1.35,6.42,4,0,29.66
9797,T03,S1_D1,S1,D1,1,198.1,5.834,1.12,1.15,7.06,3,0,16.76
9798,T07,S6_CR2,S6,CR2,1,204.6,8.342,1.9,1.35,8.66,2,0,27.2
9799,T03,S2_CR1,S2,CR1,1,193.0,8.334,1.39,1.15,4.19,2,0,29.73
9800,T04,S4_D2,S4,D2,1,205.8,6.638,1.49,1.35,3.19,2,0,27.07
9801,T05,S1_D1,S1,D1,1,197.5,5.834,1.12,1.15,0.46,3,1,24.56
9802,T07,CR1_S1,CR1,S1,0,0.0,8.767,0.8,1.15,1.4,2,0,23.89
9803,T07,S6_CR2,S6,CR2,1,213.9,8.342,1.9,1.35,1.08,6,0,32.05
9804,T04,CR2_S4,CR2,S4,0,0.0,6.855,1.9,1.35,8.84,7,0,21.9
9805,T03,D2_S3,D2,S3,0,0.0,6.362,1.39,1.35,0.24,0,0,21.27
9806,T01,D1_S5,D1,S5,0,0.0,6.724,1.12,1.15,0.25,1,0,16.57
9807,T07,S2_CR1,S2,CR1,1,195.8,8.334,1.39,1.15,1.37,1,0,26.33
9808,T09,D1_S5,D1,S5,0,0.0,6.724,1.12,1.15,11.55,3,0,17.39
9809,T10,S3_D2,S3,D2,1,208.6,6.362,1.39,1.35,5.5,2,0,27.49
9810,T08,CR1_S5,CR1,S5,0,0.0,10.342,0.89,1.15,1.45,4,0,29.64
9811,T01,CR2_S6,CR2,S6,0,0.0,8.342,1.9,1.35,1.05,1,0,23.63
9812,T04,D2_S3,D2,S3,0,0.0,6.362,1.39,1.35,10.3,1,0,22.14
9813,T01,S5_CR1,S5,CR1,1,183.1,10.342,0.89,1.15,5.59,3,0,31.15
9814,T04,S5_D1,S5,D1,1,191.5,6.724,1.12,1.15,0.9,3,1,27.65
9815,T06,CR1_S5,CR1,S5,0,0.0,10.342,0.89,1.15,6.64,1,0,26.18
9816,T01,S1_D1,S1,D1,1,171.3,5.834,1.12,1.15,8.05,4,0,16.87
9817,T08,S2_CR1,S2,CR1,1,195.8,8.334,1.39,1.15,10.99,2,0,28.9
9818,T06,S1_CR1,S1,CR1,1,203.0,8.767,0.8,1.15,4.76,2,0,27.36
9819,T10,S5_CR1,S5,CR1,1,213.5,10.342,0.89,1.15,9.14,2,0,36.23
9820,T07,CR2_S3,CR2,S3,0,0.0,6.579,1.9,1.35,2.51,1,0,18.04
9821,T04,S2_CR1,S2,CR1,1,203.2,8.334,1.39,1.15,1.51,3,0,28.42
9822,T10,CR1_S5,CR1,S5,0,0.0,10.342,0.89,1.15,0.18,5,0,28.16
9823,T04,S4_CR2,S4,CR2,1,208.5,6.855,1.9,1.35,8.68,1,0,22.37
9824,T05,S3_CR1,S3,CR1,1,175.6,8.135,1.57,1.15,6.74,6,0,23.81
9825,T05,CR2_S3,CR2,S3,0,0.0,6.579,1.9,1.35,8.74,1,0,18.93
9826,T03,CR2_S6,CR2,S6,0,0.0,8.342,1.9,1.35,10.52,2,0,22.65
9827,T01,S2_CR1,S2,CR1,1,185.7,8.334,1.39,1.15,0.08,2,1,36.35
9828,T06,CR1_S1,CR1,S1,0,0.0,8.767,0.8,1.15,8.05,5,0,27.08
9829,T04,S6_CR2,S6,CR2,1,195.3,8.342,1.9,1.35,4.53,1,0,30.81
9830,T03,CR2_S4,CR2,S4,0,0.0,6.855,1.9,1.35,3.15,0,0,15.46
9831,T03,CR1_S3,CR1,S3,0,0.0,8.135,1.57,1.15,5.36,7,0,22.27
9832,T02,S1_D1,S1,D1,1,193.2,5.834,1.12,1.15,3.73,2,0,16.5
9833,T07,S1_CR1,S1,CR1,1,207.9,8.767,0.8,1.15,10.63,3,0,29.43
9834,T02,CR1_S3,CR1,S3,0,0.0,8.135,1.57,1.15,8.56,2,0,16.22
9835,T03,D2_S3,D2,S3,0,0.0,6.362,1.39,1.35,6.91,4,0,24.8
9836,T01,S2_CR1,S2,CR1,1,177.8,8.334,1.39,1.15,3.98,1,0,27.07
9837,T03,S5_CR1,S5,CR1,1,201.0,10.342,0.89,1.15,0.37,3,0,33.13
9838,T10,D1_S5,D1,S5,0,0.0,6.724,1.12,1.15,7.9,0,0,14.3
9839,T08,CR1_S3,CR1,S3,0,0.0,8.135,1.57,1.15,2.5,4,0,18.72
9840,T06,S1_CR1,S1,CR1,1,209.5,8.767,0.8,1.15,11.87,2,0,30.57
9841,T08,S3_CR2,S3,CR2,1,176.3,6.579,1.9,1.35,10.76,1,1,30.74
9842,T09,S3_D2,S3,D2,1,198.9,6.362,1.39,1.35,0.69,0,0,25.87
9843,T03,CR1_S1,CR1,S1,0,0.0,8.767,0.8,1.15,2.75,2,0,25.03
9844,T02,S4_D2,S4,D2,1,175.7,6.638,1.49,1.35,4.46,5,0,31.26
9845,T01,CR2_S3,CR2,S3,0,0.0,6.579,1.9,1.35,8.44,4,0,20.25
9846,T01,S4_CR2,S4,CR2,1,171.9,6.855,1.9,1.35,0.16,2,0,23.93
9847,T01,S1_CR1,S1,CR1,1,173.6,8.767,0.8,1.15,2.43,0,0,27.59
9848,T09,D1_S5,D1,S5,0,0.0,6.724,1.12,1.15,1.22,5,0,20.5
9849,T02,D1_S1,D1,S1,0,0.0,5.834,1.12,1.15,5.02,3,0,14.65
9850,T05,S3_CR2,S3,CR2,1,182.1,6.579,1.9,1.35,10.22,2,0,23.3
9851,T08,CR1_S2,CR1,S2,0,0.0,8.334,1.39,1.15,8.14,1,0,19.99
9852,T03,S5_CR1,S5,CR1,1,207.1,10.342,0.89,1.15,5.05,4,0,35.34
9853,T10,D2_S4,D2,S4,0,0.0,6.638,1.49,1.35,3.46,4,0,24.74
9854,T07,CR2_S4,CR2,S4,0,0.0,6.855,1.9,1.35,0.14,3,0,20.89
9855,T03,CR2_S6,CR2,S6,0,0.0,8.342,1.9,1.35,4.28,2,0,21.03
9856,T07,S6_CR2,S6,CR2,1,214.1,8.342,1.9,1.35,0.11,3,0,27.85
9857,T01,S1_D1,S1,D1,1,220.0,5.834,1.12,1.15,7.72,5,0,20.17
9858,T06,S3_D2,S3,D2,1,194.5,6.362,1.39,1.35,9.89,0,1,33.57
9859,T08,S4_CR2,S4,CR2,1,203.7,6.855,1.9,1.35,0.77,2,0,21.75
9860,T03,S4_D2,S4,D2,1,187.0,6.638,1.49,1.35,9.8,1,0,27.48
9861,T04,S6_CR2,S6,CR2,1,212.9,8.342,1.9,1.35,10.36,2,0,28.23
9862,T06,S4_CR2,S4,CR2,1,203.8,6.855,1.9,1.35,9.38,1,0,21.45
9863,T10,S3_CR2,S3,CR2,1,186.5,6.579,1.9,1.35,3.99,3,0,27.59
9864,T01,S5_CR1,S5,CR1,1,188.6,10.342,0.89,1.15,2.43,0,0,31.37
9865,T06,D2_S3,D2,S3,0,0.0,6.362,1.39,1.35,3.02,3,0,21.76
9866,T05,CR1_S2,CR1,S2,0,0.0,8.334,1.39,1.15,9.74,2,0,20.7
9867,T07,S4_D2,S4,D2,1,178.3,6.638,1.49,1.35,1.86,3,0,26.77
9868,T06,S3_CR1,S3,CR1,1,194.0,8.135,1.57,1.15,5.66,2,0,21.57
9869,T06,S5_CR1,S5,CR1,1,196.7,10.342,0.89,1.15,1.78,5,0,40.49
9870,T04,S6_CR2,S6,CR2,1,205.3,8.342,1.9,1.35,7.38,1,0,26.93
9871,T04,D2_S4,D2,S4,0,0.0,6.638,1.49,1.35,8.53,2,0,21.75
9872,T08,S3_CR1,S3,CR1,1,178.8,8.135,1.57,1.15,8.63,1,0,19.34
9873,T01,S6_CR2,S6,CR2,1,190.5,8.342,1.9,1.35,3.27,2,0,28.57
9874,T07,S3_CR2,S3,CR2,1,214.2,6.579,1.9,1.35,1.58,1,0,21.1
9875,T10,CR1_S3,CR1,S3,0,0.0,8.135,1.57,1.15,3.5,4,0,18.85
9876,T06,CR2_S6,CR2,S6,0,0.0,8.342,1.9,1.35,1.65,2,0,23.26
9877,T01,D1_S5,D1,S5,0,0.0,6.724,1.12,1.15,3.17,3,0,17.25
9878,T09,CR1_S3,CR1,S3,0,0.0,8.135,1.57,1.15,1.29,0,0,15.74
9879,T07,S1_CR1,S1,CR1,1,206.1,8.767,0.8,1.15,4.0,1,0,28.26
9880,T01,D2_S3,D2,S3,0,0.0,6.362,1.39,1.35,1.48,1,0,23.01
9881,T06,CR1_S1,CR1,S1,0,0.0,8.767,0.8,1.15,7.0,1,0,22.9
9882,T10,CR1_S1,CR1,S1,0,0.0,8.767,0.8,1.15,7.08,4,0,25.76
9883,T06,S1_CR1,S1,CR1,1,200.2,8.767,0.8,1.15,8.05,1,0,29.02
9884,T06,S3_CR1,S3,CR1,1,184.8,8.135,1.57,1.15,6.14,5,0,23.24
9885,T03,S4_D2,S4,D2,1,188.5,6.638,1.49,1.35,8.6,1,0,24.83
9886,T02,CR1_S3,CR1,S3,0,0.0,8.135,1.57,1.15,1.06,2,0,17.41
9887,T10,D2_S3,D2,S3,0,0.0,6.362,1.39,1.35,6.55,3,0,21.55
9888,T03,CR2_S3,CR2,S3,0,0.0,6.579,1.9,1.35,8.79,2,0,18.55
9889,T02,S5_CR1,S5,CR1,1,199.5,10.342,0.89,1.15,6.27,4,0,35.8
9890,T05,CR1_S5,CR1,S5,0,0.0,10.342,0.89,1.15,2.11,4,0,29.06
9891,T09,CR1_S5,CR1,S5,0,0.0,10.342,0.89,1.15,11.4,0,0,25.28
9892,T10,CR1_S3,CR1,S3,0,0.0,8.135,1.57,1.15,5.11,4,1,24.8
9893,T03,S3_D2,S3,D2,1,200.3,6.362,1.39,1.35,1.8,1,0,25.02
9894,T06,S3_CR1,S3,CR1,1,185.8,8.135,1.57,1.15,9.58,2,0,23.22
9895,T02,CR1_S3,CR1,S3,0,0.0,8.135,1.57,1.15,2.67,3,0,19.75
9896,T07,CR1_S5,CR1,S5,0,0.0,10.342,0.89,1.15,5.45,7,0,33.14
9897,T04,CR1_S1,CR1,S1,0,0.0,8.767,0.8,1.15,8.02,3,0,23.8
9898,T04,CR1_S1,CR1,S1,0,0.0,8.767,0.8,1.15,3.61,3,0,25.01
9899,T06,S6_CR2,S6,CR2,1,189.7,8.342,1.9,1.35,6.25,4,0,29.83
9900,T02,CR2_S3,CR2,S3,0,0.0,6.579,1.9,1.35,2.07,2,1,27.3
9901,T04,S2_CR1,S2,CR1,1,175.0,8.334,1.39,1.15,1.31,2,0,27.15
9902,T04,D2_S4,D2,S4,0,0.0,6.638,1.49,1.35,8.4,2,0,24.08
9903,T09,S1_D1,S1,D1,1,215.2,5.834,1.12,1.15,6.53,4,1,20.83
9904,T06,CR1_S3,CR1,S3,0,0.0,8.135,1.57,1.15,7.24,4,0,21.86
9905,T10,S6_CR2,S6,CR2,1,182.1,8.342,1.9,1.35,6.2,6,0,33.09
9906,T07,S3_D2,S3,D2,1,185.4,6.362,1.39,1.35,8.53,2,0,27.36
9907,T06,S1_CR1,S1,CR1,1,179.0,8.767,0.8,1.15,8.87,0,0,27.59
9908,T04,S5_D1,S5,D1,1,185.2,6.724,1.12,1.15,8.99,0,0,17.1
9909,T04,CR2_S6,CR2,S6,0,0.0,8.342,1.9,1.35,8.96,0,0,21.27
9910,T01,S2_CR1,S2,CR1,1,177.0,8.334,1.39,1.15,3.22,1,0,27.76
9911,T01,CR1_S2,CR1,S2,0,0.0,8.334,1.39,1.15,1.04,1,1,28.46
9912,T04,S3_D2,S3,D2,1,213.5,6.362,1.39,1.35,3.24,2,0,30.04
9913,T04,D2_S4,D2,S4,0,0.0,6.638,1.49,1.35,9.13,5,0,26.5
9914,T02,CR2_S4,CR2,S4,0,0.0,6.855,1.9,1.35,5.29,8,0,22.32
9915,T09,D2_S3,D2,S3,0,0.0,6.362,1.39,1.35,4.48,4,0,24.64
9916,T03,S3_CR2,S3,CR2,1,203.0,6.579,1.9,1.35,4.76,2,0,22.83
9917,T10,CR1_S5,CR1,S5,0,0.0,10.342,0.89,1.15,5.46,2,0,27.47
9918,T05,S1_D1,S1,D1,1,190.6,5.834,1.12,1.15,10.1,0,1,21.42
9919,T09,S5_CR1,S5,CR1,1,176.3,10.342,0.89,1.15,1.32,2,0,34.62
9920,T02,CR2_S4,CR2,S4,0,0.0,6.855,1.9,1.35,6.06,3,0,20.09
9921,T05,S3_CR2,S3,CR2,1,216.9,6.579,1.9,1.35,11.06,2,0,24.71
9922,T08,CR1_S1,CR1,S1,0,0.0,8.767,0.8,1.15,9.83,3,0,25.33
9923,T10,CR2_S3,CR2,S3,0,0.0,6.579,1.9,1.35,11.87,2,0,19.36
9924,T04,S4_D2,S4,D2,1,198.3,6.638,1.49,1.35,2.28,3,0,32.92
9925,T03,CR1_S3,CR1,S3,0,0.0,8.135,1.57,1.15,3.25,1,0,16.55
9926,T03,D2_S4,D2,S4,0,0.0,6.638,1.49,1.35,3.28,2,0,22.73
9927,T01,CR2_S6,CR2,S6,0,0.0,8.342,1.9,1.35,8.03,5,0,24.35
9928,T07,S6_CR2,S6,CR2,1,187.3,8.342,1.9,1.35,6.52,2,0,27.04
9929,T06,S4_CR2,S4,CR2,1,173.0,6.855,1.9,1.35,3.83,1,0,22.34
9930,T03,D2_S4,D2,S4,0,0.0,6.638,1.49,1.35,7.34,2,0,22.37
9931,T01,S3_CR2,S3,CR2,1,197.7,6.579,1.9,1.35,11.05,4,0,26.58
9932,T03,CR1_S5,CR1,S5,0,0.0,10.342,0.89,1.15,9.58,2,0,27.63
9933,T04,CR2_S6,CR2,S6,0,0.0,8.342,1.9,1.35,9.2,2,0,21.75
9934,T01,S3_CR2,S3,CR2,1,195.1,6.579,1.9,1.35,9.43,2,0,25.23
9935,T02,S3_D2,S3,D2,1,204.9,6.362,1.39,1.35,2.51,2,0,27.85
9936,T06,CR2_S4,CR2,S4,0,0.0,6.855,1.9,1.35,11.85,2,0,18.71
9937,T03,CR2_S4,CR2,S4,0,0.0,6.855,1.9,1.35,7.39,4,0,20.62
9938,T09,S3_CR2,S3,CR2,1,202.1,6.579,1.9,1.35,8.03,1,0,22.88
9939,T07,S3_D2,S3,D2,1,198.8,6.362,1.39,1.35,11.0,4,0,27.83
9940,T08,S1_CR1,S1,CR1,1,190.1,8.767,0.8,1.15,7.87,3,0,28.65
9941,T07,S5_CR1,S5,CR1,1,196.1,10.342,0.89,1.15,9.01,6,0,35.31
9942,T02,S1_CR1,S1,CR1,1,211.9,8.767,0.8,1.15,3.15,6,0,32.68
9943,T04,CR2_S4,CR2,S4,0,0.0,6.855,1.9,1.35,9.3,2,0,18.49
9944,T01,CR1_S5,CR1,S5,0,0.0,10.342,0.89,1.15,3.46,2,0,26.59
9945,T01,CR2_S3,CR2,S3,0,0.0,6.579,1.9,1.35,3.96,2,1,22.88
9946,T05,S4_CR2,S4,CR2,1,193.6,6.855,1.9,1.35,6.08,4,0,22.93
9947,T01,S3_D2,S3,D2,1,204.5,6.362,1.39,1.35,3.52,3,0,28.04
9948,T09,S6_CR2,S6,CR2,1,163.1,8.342,1.9,1.35,5.31,4,0,31.56
9949,T09,S1_D1,S1,D1,1,192.8,5.834,1.12,1.15,8.28,4,0,17.43
9950,T05,D2_S4,D2,S4,0,0.0,6.638,1.49,1.35,8.45,1,0,23.12
9951,T10,S5_D1,S5,D1,1,200.3,6.724,1.12,1.15,1.88,2,0,19.6
9952,T10,S5_D1,S5,D1,1,197.8,6.724,1.12,1.15,7.56,8,1,30.67
9953,T06,CR1_S2,CR1,S2,0,0.0,8.334,1.39,1.15,9.89,1,0,20.82
9954,T08,CR2_S6,CR2,S6,0,0.0,8.342,1.9,1.35,8.4,1,0,21.24
9955,T07,S6_CR2,S6,CR2,1,184.6,8.342,1.9,1.35,9.14,0,0,24.92
9956,T07,CR1_S1,CR1,S1,0,0.0,8.767,0.8,1.15,1.6,1,1,27.32
9957,T07,CR2_S6,CR2,S6,0,0.0,8.342,1.9,1.35,4.18,4,0,22.93
9958,T10,S4_D2,S4,D2,1,194.3,6.638,1.49,1.35,4.0,3,0,29.11
9959,T04,S1_D1,S1,D1,1,179.5,5.834,1.12,1.15,1.13,2,0,16.45
9960,T10,CR1_S5,CR1,S5,0,0.0,10.342,0.89,1.15,3.19,1,0,27.91
9961,T04,D2_S3,D2,S3,0,0.0,6.362,1.39,1.35,8.84,1,0,19.96
9962,T04,S3_D2,S3,D2,1,193.3,6.362,1.39,1.35,1.0,2,0,31.13
9963,T07,D2_S4,D2,S4,0,0.0,6.638,1.49,1.35,9.05,3,0,24.43
9964,T08,CR1_S2,CR1,S2,0,0.0,8.334,1.39,1.15,2.7,0,0,22.13
9965,T10,CR2_S6,CR2,S6,0,0.0,8.342,1.9,1.35,1.59,1,0,18.36
9966,T04,CR1_S5,CR1,S5,0,0.0,10.342,0.89,1.15,6.67,4,0,29.91
9967,T04,S4_CR2,S4,CR2,1,220.0,6.855,1.9,1.35,5.48,6,0,26.71
9968,T03,D1_S1,D1,S1,0,0.0,5.834,1.12,1.15,3.01,2,0,13.1
9969,T09,CR1_S2,CR1,S2,0,0.0,8.334,1.39,1.15,10.29,2,0,21.35
9970,T02,D1_S1,D1,S1,0,0.0,5.834,1.12,1.15,8.72,2,0,13.8
9971,T01,CR2_S6,CR2,S6,0,0.0,8.342,1.9,1.35,11.68,2,0,25.94
9972,T02,D1_S5,D1,S5,0,0.0,6.724,1.12,1.15,1.12,1,0,17.01
9973,T06,CR2_S3,CR2,S3,0,0.0,6.579,1.9,1.35,3.96,1,0,17.19
9974,T09,S1_CR1,S1,CR1,1,189.5,8.767,0.8,1.15,6.75,1,0,26.99
9975,T09,S4_CR2,S4,CR2,1,199.8,6.855,1.9,1.35,5.65,3,0,23.33
9976,T04,D1_S1,D1,S1,0,0.0,5.834,1.12,1.15,6.73,3,0,14.39
9977,T02,CR1_S1,CR1,S1,0,0.0,8.767,0.8,1.15,3.23,3,0,20.72
9978,T07,D1_S5,D1,S5,0,0.0,6.724,1.12,1.15,7.18,4,0,18.13
9979,T10,S1_CR1,S1,CR1,1,202.0,8.767,0.8,1.15,8.91,3,0,28.47
9980,T06,S1_D1,S1,D1,1,192.7,5.834,1.12,1.15,7.7,2,0,17.56
9981,T02,CR1_S5,CR1,S5,0,0.0,10.342,0.89,1.15,7.7,1,0,27.3
9982,T04,CR1_S2,CR1,S2,0,0.0,8.334,1.39,1.15,6.32,6,0,24.32
9983,T06,S4_D2,S4,D2,1,203.9,6.638,1.49,1.35,3.19,1,0,27.44
9984,T09,CR1_S3,CR1,S3,0,0.0,8.135,1.57,1.15,2.8,3,0,16.92
9985,T07,S2_CR1,S2,CR1,1,210.2,8.334,1.39,1.15,4.39,0,0,24.74
9986,T10,S3_CR1,S3,CR1,1,184.8,8.135,1.57,1.15,4.0,2,0,20.65
9987,T07,D2_S3,D2,S3,0,0.0,6.362,1.39,1.35,0.46,0,0,18.56
9988,T01,CR1_S5,CR1,S5,0,0.0,10.342,0.89,1.15,6.59,7,0,29.98
9989,T03,S3_D2,S3,D2,1,192.3,6.362,1.39,1.35,6.19,5,0,27.79
9990,T08,CR1_S1,CR1,S1,0,0.0,8.767,0.8,1.15,0.03,2,0,23.74
9991,T07,CR1_S3,CR1,S3,0,0.0,8.135,1.57,1.15,8.47,1,0,15.36
9992,T10,D2_S4,D2,S4,0,0.0,6.638,1.49,1.35,10.28,1,0,23.08
9993,T08,D1_S1,D1,S1,0,0.0,5.834,1.12,1.15,4.53,2,1,16.99
9994,T07,S2_CR1,S2,CR1,1,204.8,8.334,1.39,1.15,8.89,1,0,27.64
9995,T03,S3_CR1,S3,CR1,1,197.8,8.135,1.57,1.15,3.41,5,0,24.12
9996,T05,S6_CR2,S6,CR2,1,170.1,8.342,1.9,1.35,1.88,0,0,23.96
9997,T06,S4_D2,S4,D2,1,195.1,6.638,1.49,1.35,6.71,5,0,29.57
9998,T05,CR1_S3,CR1,S3,0,0.0,8.135,1.57,1.15,5.83,8,1,28.13
9999,T10,S1_CR1,S1,CR1,1,220.0,8.767,0.8,1.15,10.19,2,0,29.08
10000,T08,D1_S1,D1,S1,0,0.0,5.834,1.12,1.15,1.58,2,0,15.63
