obs_id,truck_id,route,origin,destination,loaded,payload_t,total_distance_km,max_gradient_pct,surface_factor,shift_hour,congestion_level,failure_active,travel_time_min
1,T09,S3_CR2,S3,CR2,1,184.8,6.579,1.9,1.35,0.07,4,0,25.9
2,T03,S5_CR1,S5,CR1,1,192.5,10.342,0.89,1.15,1.14,3,0,37.37
3,T10,S1_CR1,S1,CR1,1,199.9,8.767,0.8,1.15,10.19,2,1,37.72
4,T07,CR2_S3,CR2,S3,0,0.0,6.579,1.9,1.35,5.27,5,0,19.55
5,T09,S1_D1,S1,D1,1,197.9,5.834,1.12,1.15,1.93,5,0,20.26
6,T09,S5_CR1,S5,CR1,1,197.6,10.342,0.89,1.15,10.88,2,0,32.35
7,T01,S3_CR1,S3,CR1,1,187.4,8.135,1.57,1.15,8.31,1,1,21.89
8,T01,D1_S1,D1,S1,0,0.0,5.834,1.12,1.15,2.96,2,0,14.3
9,T10,CR1_S1,CR1,S1,0,0.0,8.767,0.8,1.15,6.03,1,0,21.43
10,T04,CR1_S3,CR1,S3,0,0.0,8.135,1.57,1.15,2.9,3,0,17.84
11,T03,CR1_S1,CR1,S1,0,0.0,8.767,0.8,1.15,7.6,2,0,25.35
12,T08,S2_CR1,S2,CR1,1,208.1,8.334,1.39,1.15,9.71,1,0,27.93
13,T01,S1_CR1,S1,CR1,1,158.0,8.767,0.8,1.15,8.11,3,0,26.34
14,T03,D2_S3,D2,S3,0,0.0,6.362,1.39,1.35,11.59,2,0,22.29
15,T09,D2_S3,D2,S3,0,0.0,6.362,1.39,1.35,10.16,6,0,26.19
16,T01,D2_S4,D2,S4,0,0.0,6.638,1.49,1.35,1.93,3,0,22.66
17,T06,CR2_S6,CR2,S6,0,0.0,8.342,1.9,1.35,3.9,5,0,23.21
18,T03,CR1_S3,CR1,S3,0,0.0,8.135,1.57,1.15,4.72,6,0,19.69
19,T05,CR1_S2,CR1,S2,0,0.0,8.334,1.39,1.15,0.29,1,0,21.66
20,T03,S2_CR1,S2,CR1,1,206.1,8.334,1.39,1.15,11.76,0,0,25.46
21,T02,D2_S4,D2,S4,0,0.0,6.638,1.49,1.35,6.68,4,0,22.53
22,T09,CR2_S3,CR2,S3,0,0.0,6.579,1.9,1.35,10.53,3,0,20.38
23,T03,S6_CR2,S6,CR2,1,202.7,8.342,1.9,1.35,0.98,0,0,24.87
24,T10,S3_D2,S3,D2,1,193.1,6.362,1.39,1.35,4.51,2,0,24.41
25,T05,D1_S5,D1,S5,0,0.0,6.724,1.12,1.15,3.0,0,0,15.59
26,T03,S1_CR1,S1,CR1,1,186.9,8.767,0.8,1.15,11.58,2,0,29.88
27,T10,CR1_S5,CR1,S5,0,0.0,10.342,0.89,1.15,8.71,4,0,27.68
28,T05,S1_CR1,S1,CR1,1,219.9,8.767,0.8,1.15,5.31,1,1,39.02
29,T03,D1_S5,D1,S5,0,0.0,6.724,1.12,1.15,8.76,0,0,17.32
30,T04,S3_CR1,S3,CR1,1,189.9,8.135,1.57,1.15,1.1,0,0,19.0
31,T05,S3_CR1,S3,CR1,1,181.1,8.135,1.57,1.15,5.9,3,0,22.3
32,T08,CR1_S2,CR1,S2,0,0.0,8.334,1.39,1.15,0.54,2,0,21.29
33,T04,D2_S3,D2,S3,0,0.0,6.362,1.39,1.35,7.71,0,0,21.1
34,T08,CR2_S4,CR2,S4,0,0.0,6.855,1.9,1.35,4.66,7,1,26.16
35,T08,CR2_S3,CR2,S3,0,0.0,6.579,1.9,1.35,0.28,2,0,19.21
36,T05,CR1_S2,CR1,S2,0,0.0,8.334,1.39,1.15,5.02,6,0,27.44
37,T03,CR2_S4,CR2,S4,0,0.0,6.855,1.9,1.35,5.15,5,0,21.62
38,T04,S4_D2,S4,D2,1,188.8,6.638,1.49,1.35,11.48,3,1,38.65
39,T07,S5_D1,S5,D1,1,206.6,6.724,1.12,1.15,9.48,0,0,19.98
40,T07,CR2_S6,CR2,S6,0,0.0,8.342,1.9,1.35,6.59,3,1,29.2
41,T10,CR2_S6,CR2,S6,0,0.0,8.342,1.9,1.35,8.41,0,0,20.81
42,T04,CR1_S1,CR1,S1,0,0.0,8.767,0.8,1.15,0.98,0,0,19.53
43,T10,S4_D2,S4,D2,1,173.9,6.638,1.49,1.35,11.37,3,0,24.63
44,T01,S1_D1,S1,D1,1,218.6,5.834,1.12,1.15,1.33,1,0,15.82
45,T05,S2_CR1,S2,CR1,1,182.6,8.334,1.39,1.15,7.0,4,0,30.03
46,T08,CR1_S2,CR1,S2,0,0.0,8.334,1.39,1.15,6.65,8,0,27.44
47,T09,CR1_S3,CR1,S3,0,0.0,8.135,1.57,1.15,5.47,3,0,17.47
48,T03,CR1_S2,CR1,S2,0,0.0,8.334,1.39,1.15,11.83,2,0,22.82
49,T09,CR1_S3,CR1,S3,0,0.0,8.135,1.57,1.15,11.4,5,1,25.21
50,T05,D1_S5,D1,S5,0,0.0,6.724,1.12,1.15,9.95,1,1,17.76
51,T09,D2_S3,D2,S3,0,0.0,6.362,1.39,1.35,0.9,5,0,22.54
52,T08,CR2_S6,CR2,S6,0,0.0,8.342,1.9,1.35,3.02,1,0,20.5
53,T06,CR1_S1,CR1,S1,0,0.0,8.767,0.8,1.15,4.3,2,0,24.62
54,T05,CR2_S4,CR2,S4,0,0.0,6.855,1.9,1.35,6.73,3,0,19.81
55,T03,CR2_S6,CR2,S6,0,0.0,8.342,1.9,1.35,8.45,1,1,23.64
56,T10,CR1_S1,CR1,S1,0,0.0,8.767,0.8,1.15,4.18,6,0,28.46
57,T03,S4_D2,S4,D2,1,190.8,6.638,1.49,1.35,11.76,2,0,24.54
58,T05,S3_D2,S3,D2,1,178.5,6.362,1.39,1.35,4.15,3,1,33.61
59,T10,D2_S4,D2,S4,0,0.0,6.638,1.49,1.35,3.34,1,1,26.04
60,T01,S6_CR2,S6,CR2,1,177.0,8.342,1.9,1.35,3.86,1,0,24.58
61,T06,CR1_S2,CR1,S2,0,0.0,8.334,1.39,1.15,9.67,2,0,22.68
62,T02,CR2_S6,CR2,S6,0,0.0,8.342,1.9,1.35,7.42,3,0,23.71
63,T07,CR1_S3,CR1,S3,0,0.0,8.135,1.57,1.15,6.39,3,0,18.65
64,T04,D1_S5,D1,S5,0,0.0,6.724,1.12,1.15,3.93,2,0,16.86
65,T08,S3_D2,S3,D2,1,217.2,6.362,1.39,1.35,8.84,3,0,28.53
66,T08,S6_CR2,S6,CR2,1,207.6,8.342,1.9,1.35,3.96,1,0,26.2
67,T08,S3_CR2,S3,CR2,1,160.8,6.579,1.9,1.35,0.96,3,0,23.34
68,T03,CR1_S3,CR1,S3,0,0.0,8.135,1.57,1.15,8.02,4,1,24.59
69,T04,D1_S1,D1,S1,0,0.0,5.834,1.12,1.15,6.09,2,0,12.38
70,T05,S6_CR2,S6,CR2,1,199.0,8.342,1.9,1.35,6.39,1,1,29.81
71,T09,S3_CR2,S3,CR2,1,206.4,6.579,1.9,1.35,9.12,3,0,24.72
72,T06,CR1_S1,CR1,S1,0,0.0,8.767,0.8,1.15,2.17,0,0,20.62
73,T09,CR1_S5,CR1,S5,0,0.0,10.342,0.89,1.15,9.94,3,0,29.48
74,T02,S6_CR2,S6,CR2,1,198.7,8.342,1.9,1.35,7.06,6,0,28.31
75,T03,CR2_S6,CR2,S6,0,0.0,8.342,1.9,1.35,0.8,1,0,19.25
76,T01,S5_CR1,S5,CR1,1,208.7,10.342,0.89,1.15,2.0,6,0,39.77
77,T08,CR1_S2,CR1,S2,0,0.0,8.334,1.39,1.15,6.84,4,0,23.83
78,T05,S3_CR1,S3,CR1,1,180.3,8.135,1.57,1.15,5.84,2,0,23.79
79,T10,D1_S1,D1,S1,0,0.0,5.834,1.12,1.15,2.18,3,0,14.53
80,T01,S6_CR2,S6,CR2,1,208.0,8.342,1.9,1.35,7.12,3,0,26.55
81,T04,S3_CR2,S3,CR2,1,218.9,6.579,1.9,1.35,11.21,2,0,22.66
82,T05,D1_S5,D1,S5,0,0.0,6.724,1.12,1.15,10.05,1,0,14.54
83,T01,S3_CR2,S3,CR2,1,216.2,6.579,1.9,1.35,2.47,2,0,21.2
84,T06,S4_CR2,S4,CR2,1,153.2,6.855,1.9,1.35,0.39,2,1,28.67
85,T08,D2_S4,D2,S4,0,0.0,6.638,1.49,1.35,7.96,2,0,21.16
86,T03,S4_D2,S4,D2,1,179.1,6.638,1.49,1.35,4.77,5,0,27.67
87,T07,D2_S4,D2,S4,0,0.0,6.638,1.49,1.35,3.53,4,0,23.26
88,T03,S5_CR1,S5,CR1,1,184.3,10.342,0.89,1.15,9.04,3,0,37.49
89,T02,CR1_S5,CR1,S5,0,0.0,10.342,0.89,1.15,1.25,2,0,23.84
90,T02,S2_CR1,S2,CR1,1,207.2,8.334,1.39,1.15,10.27,3,0,27.2
91,T02,S5_CR1,S5,CR1,1,215.4,10.342,0.89,1.15,10.18,0,0,34.03
92,T09,CR1_S1,CR1,S1,0,0.0,8.767,0.8,1.15,10.93,3,1,34.6
93,T07,CR1_S1,CR1,S1,0,0.0,8.767,0.8,1.15,10.33,3,0,22.84
94,T04,S4_D2,S4,D2,1,220.0,6.638,1.49,1.35,8.9,2,0,22.71
95,T06,S6_CR2,S6,CR2,1,211.5,8.342,1.9,1.35,9.87,3,0,30.08
96,T09,CR2_S4,CR2,S4,0,0.0,6.855,1.9,1.35,2.48,0,1,24.19
97,T04,S5_D1,S5,D1,1,209.7,6.724,1.12,1.15,2.1,3,1,25.22
98,T02,S1_D1,S1,D1,1,198.0,5.834,1.12,1.15,2.94,2,0,16.88
99,T03,S3_D2,S3,D2,1,168.7,6.362,1.39,1.35,11.45,0,0,26.2
100,T08,S2_CR1,S2,CR1,1,169.2,8.334,1.39,1.15,10.1,2,0,24.47
101,T01,S4_D2,S4,D2,1,189.7,6.638,1.49,1.35,4.95,3,1,31.69
102,T05,S4_D2,S4,D2,1,185.1,6.638,1.49,1.35,11.4,1,0,27.06
103,T07,S4_D2,S4,D2,1,204.2,6.638,1.49,1.35,7.91,4,0,29.6
104,T04,S5_D1,S5,D1,1,198.1,6.724,1.12,1.15,5.68,3,1,28.2
105,T07,S5_CR1,S5,CR1,1,206.9,10.342,0.89,1.15,5.46,6,0,32.67
106,T02,S3_D2,S3,D2,1,175.7,6.362,1.39,1.35,9.65,4,0,27.04
107,T01,S6_CR2,S6,CR2,1,159.4,8.342,1.9,1.35,6.35,8,0,35.18
108,T06,S2_CR1,S2,CR1,1,187.2,8.334,1.39,1.15,5.61,6,1,37.46
109,T10,S5_CR1,S5,CR1,1,207.0,10.342,0.89,1.15,10.55,3,0,37.37
110,T07,S4_CR2,S4,CR2,1,219.3,6.855,1.9,1.35,2.12,1,0,21.83
111,T09,S4_D2,S4,D2,1,192.5,6.638,1.49,1.35,6.22,6,0,32.98
112,T09,S3_CR2,S3,CR2,1,205.3,6.579,1.9,1.35,10.74,3,0,24.08
113,T05,S3_CR1,S3,CR1,1,192.2,8.135,1.57,1.15,8.82,1,1,27.58
114,T03,D2_S3,D2,S3,0,0.0,6.362,1.39,1.35,8.2,1,0,20.52
115,T07,S2_CR1,S2,CR1,1,214.9,8.334,1.39,1.15,6.79,8,0,30.6
116,T01,S3_CR1,S3,CR1,1,189.4,8.135,1.57,1.15,8.92,3,1,25.97
117,T10,S3_CR2,S3,CR2,1,174.6,6.579,1.9,1.35,7.61,2,0,24.43
118,T01,S3_CR2,S3,CR2,1,193.6,6.579,1.9,1.35,7.59,4,0,25.4
119,T07,CR2_S4,CR2,S4,0,0.0,6.855,1.9,1.35,0.81,2,1,25.02
120,T03,S4_CR2,S4,CR2,1,200.7,6.855,1.9,1.35,9.86,2,1,28.84
121,T03,S6_CR2,S6,CR2,1,194.3,8.342,1.9,1.35,10.25,2,0,26.15
122,T10,S4_D2,S4,D2,1,206.0,6.638,1.49,1.35,11.56,0,0,22.82
123,T02,CR1_S3,CR1,S3,0,0.0,8.135,1.57,1.15,2.76,1,0,16.14
124,T02,S3_D2,S3,D2,1,220.0,6.362,1.39,1.35,1.91,1,1,30.2
125,T09,D1_S1,D1,S1,0,0.0,5.834,1.12,1.15,0.21,4,0,13.62
126,T02,CR1_S3,CR1,S3,0,0.0,8.135,1.57,1.15,2.71,1,0,17.31
127,T09,CR1_S5,CR1,S5,0,0.0,10.342,0.89,1.15,3.72,1,1,38.15
128,T04,S1_CR1,S1,CR1,1,187.6,8.767,0.8,1.15,11.43,3,1,37.91
129,T01,S1_CR1,S1,CR1,1,189.3,8.767,0.8,1.15,6.72,0,0,25.53
130,T02,S6_CR2,S6,CR2,1,195.6,8.342,1.9,1.35,0.94,1,0,28.11
131,T03,CR2_S3,CR2,S3,0,0.0,6.579,1.9,1.35,2.01,0,0,18.02
132,T06,CR1_S3,CR1,S3,0,0.0,8.135,1.57,1.15,7.14,7,0,22.35
133,T09,D1_S5,D1,S5,0,0.0,6.724,1.12,1.15,5.43,3,1,23.94
134,T03,S6_CR2,S6,CR2,1,171.6,8.342,1.9,1.35,5.64,3,1,34.55
135,T01,D1_S5,D1,S5,0,0.0,6.724,1.12,1.15,3.99,2,0,16.45
136,T05,S5_CR1,S5,CR1,1,173.8,10.342,0.89,1.15,5.55,7,0,34.55
137,T08,CR1_S1,CR1,S1,0,0.0,8.767,0.8,1.15,5.84,6,0,29.34
138,T07,S5_D1,S5,D1,1,185.6,6.724,1.12,1.15,8.59,2,0,21.31
139,T06,S3_CR1,S3,CR1,1,194.6,8.135,1.57,1.15,2.97,3,0,23.95
140,T10,S4_D2,S4,D2,1,200.6,6.638,1.49,1.35,3.1,3,0,27.91
141,T09,S2_CR1,S2,CR1,1,166.2,8.334,1.39,1.15,5.39,5,0,29.23
142,T02,S4_CR2,S4,CR2,1,207.7,6.855,1.9,1.35,5.7,5,0,27.58
143,T05,S3_CR2,S3,CR2,1,205.9,6.579,1.9,1.35,0.47,0,0,21.85
144,T09,S3_CR1,S3,CR1,1,197.9,8.135,1.57,1.15,8.26,3,0,21.18
145,T02,S5_CR1,S5,CR1,1,210.0,10.342,0.89,1.15,5.87,2,0,28.2
146,T06,CR2_S3,CR2,S3,0,0.0,6.579,1.9,1.35,8.79,1,0,17.67
147,T03,S3_D2,S3,D2,1,186.1,6.362,1.39,1.35,8.31,7,0,33.42
148,T09,D2_S3,D2,S3,0,0.0,6.362,1.39,1.35,9.92,3,0,24.56
149,T06,S1_CR1,S1,CR1,1,210.1,8.767,0.8,1.15,9.39,4,0,29.69
150,T05,CR1_S1,CR1,S1,0,0.0,8.767,0.8,1.15,9.15,3,0,21.97
151,T09,S1_D1,S1,D1,1,170.3,5.834,1.12,1.15,4.66,3,1,23.72
152,T07,S2_CR1,S2,CR1,1,218.0,8.334,1.39,1.15,6.51,5,0,30.16
153,T04,CR1_S3,CR1,S3,0,0.0,8.135,1.57,1.15,8.96,5,0,17.96
154,T03,S4_CR2,S4,CR2,1,176.7,6.855,1.9,1.35,5.75,3,0,23.4
155,T07,CR1_S5,CR1,S5,0,0.0,10.342,0.89,1.15,3.74,3,1,31.77
156,T06,S4_D2,S4,D2,1,203.3,6.638,1.49,1.35,6.81,5,0,29.88
157,T08,S5_D1,S5,D1,1,203.1,6.724,1.12,1.15,10.61,1,0,21.39
158,T05,D2_S3,D2,S3,0,0.0,6.362,1.39,1.35,6.68,6,1,31.24
159,T10,S3_D2,S3,D2,1,202.5,6.362,1.39,1.35,5.67,3,0,27.53
160,T01,S3_CR2,S3,CR2,1,216.9,6.579,1.9,1.35,5.96,4,0,22.45
161,T03,S4_CR2,S4,CR2,1,199.5,6.855,1.9,1.35,6.94,1,1,29.91
162,T05,S3_CR2,S3,CR2,1,178.5,6.579,1.9,1.35,4.26,1,1,29.18
163,T02,CR1_S5,CR1,S5,0,0.0,10.342,0.89,1.15,10.56,2,0,28.56
164,T09,D1_S1,D1,S1,0,0.0,5.834,1.12,1.15,0.72,2,0,14.85
165,T07,D2_S3,D2,S3,0,0.0,6.362,1.39,1.35,4.91,2,0,22.1
166,T06,S1_D1,S1,D1,1,200.8,5.834,1.12,1.15,1.83,6,0,19.67
167,T02,D1_S1,D1,S1,0,0.0,5.834,1.12,1.15,8.5,0,0,11.59
168,T04,S6_CR2,S6,CR2,1,184.4,8.342,1.9,1.35,11.24,2,0,26.94
169,T06,D2_S4,D2,S4,0,0.0,6.638,1.49,1.35,6.19,6,0,26.68
170,T02,S2_CR1,S2,CR1,1,190.6,8.334,1.39,1.15,9.48,1,0,28.11
171,T04,CR2_S6,CR2,S6,0,0.0,8.342,1.9,1.35,11.71,2,0,20.92
172,T04,CR2_S6,CR2,S6,0,0.0,8.342,1.9,1.35,1.67,5,1,28.17
173,T07,D2_S4,D2,S4,0,0.0,6.638,1.49,1.35,3.33,1,1,27.75
174,T08,S1_D1,S1,D1,1,212.2,5.834,1.12,1.15,2.3,1,0,13.64
175,T07,S3_D2,S3,D2,1,185.8,6.362,1.39,1.35,8.31,0,0,25.28
176,T04,CR1_S5,CR1,S5,0,0.0,10.342,0.89,1.15,9.77,2,0,25.7
177,T05,S2_CR1,S2,CR1,1,191.9,8.334,1.39,1.15,4.41,4,0,28.93
178,T05,CR2_S3,CR2,S3,0,0.0,6.579,1.9,1.35,8.17,2,0,18.95
179,T02,S5_D1,S5,D1,1,180.1,6.724,1.12,1.15,6.58,3,1,26.56
180,T02,CR1_S5,CR1,S5,0,0.0,10.342,0.89,1.15,9.73,4,1,37.7
181,T03,CR1_S5,CR1,S5,0,0.0,10.342,0.89,1.15,5.54,5,0,29.14
182,T03,S3_CR1,S3,CR1,1,196.3,8.135,1.57,1.15,8.16,0,1,29.29
183,T06,S2_CR1,S2,CR1,1,183.0,8.334,1.39,1.15,3.56,3,1,36.5
184,T09,CR1_S5,CR1,S5,0,0.0,10.342,0.89,1.15,3.18,0,1,38.09
185,T10,S3_CR2,S3,CR2,1,183.6,6.579,1.9,1.35,4.58,1,0,23.45
186,T02,D2_S4,D2,S4,0,0.0,6.638,1.49,1.35,3.87,1,1,29.06
187,T04,S4_CR2,S4,CR2,1,182.6,6.855,1.9,1.35,4.51,2,0,23.58
188,T05,S5_D1,S5,D1,1,194.3,6.724,1.12,1.15,0.15,4,0,25.16
189,T06,S6_CR2,S6,CR2,1,200.6,8.342,1.9,1.35,2.17,0,0,28.2
190,T03,S4_CR2,S4,CR2,1,199.4,6.855,1.9,1.35,8.74,1,1,28.07
191,T09,CR2_S4,CR2,S4,0,0.0,6.855,1.9,1.35,8.79,3,0,20.62
192,T10,S3_CR1,S3,CR1,1,200.7,8.135,1.57,1.15,1.92,1,0,20.52
193,T09,CR1_S1,CR1,S1,0,0.0,8.767,0.8,1.15,2.45,3,0,22.58
194,T03,D1_S1,D1,S1,0,0.0,5.834,1.12,1.15,6.29,3,0,14.75
195,T03,CR1_S3,CR1,S3,0,0.0,8.135,1.57,1.15,10.52,3,0,19.54
196,T04,S3_CR1,S3,CR1,1,189.1,8.135,1.57,1.15,4.65,4,0,22.6
197,T08,CR1_S2,CR1,S2,0,0.0,8.334,1.39,1.15,0.63,3,0,22.03
198,T01,S6_CR2,S6,CR2,1,200.8,8.342,1.9,1.35,8.95,3,0,28.74
199,T06,D2_S4,D2,S4,0,0.0,6.638,1.49,1.35,4.46,2,0,21.32
200,T10,S6_CR2,S6,CR2,1,201.8,8.342,1.9,1.35,5.95,6,0,28.55
201,T05,D2_S4,D2,S4,0,0.0,6.638,1.49,1.35,1.98,5,1,32.21
202,T02,D1_S1,D1,S1,0,0.0,5.834,1.12,1.15,9.63,2,1,16.32
203,T08,S2_CR1,S2,CR1,1,219.9,8.334,1.39,1.15,9.19,1,1,35.43
204,T10,CR1_S2,CR1,S2,0,0.0,8.334,1.39,1.15,0.16,1,1,28.01
205,T04,D2_S3,D2,S3,0,0.0,6.362,1.39,1.35,4.45,3,0,21.98
206,T02,D2_S4,D2,S4,0,0.0,6.638,1.49,1.35,10.88,1,0,22.23
207,T10,S4_CR2,S4,CR2,1,190.8,6.855,1.9,1.35,11.56,2,0,24.53
208,T09,S5_D1,S5,D1,1,181.2,6.724,1.12,1.15,3.08,2,0,20.91
209,T02,S3_CR2,S3,CR2,1,200.2,6.579,1.9,1.35,0.26,2,0,23.9
210,T02,S4_CR2,S4,CR2,1,195.5,6.855,1.9,1.35,0.81,2,0,21.53
211,T06,D1_S5,D1,S5,0,0.0,6.724,1.12,1.15,10.2,2,0,16.8
212,T04,CR2_S4,CR2,S4,0,0.0,6.855,1.9,1.35,0.75,3,0,18.96
213,T06,CR1_S2,CR1,S2,0,0.0,8.334,1.39,1.15,9.08,1,0,20.77
214,T08,D1_S1,D1,S1,0,0.0,5.834,1.12,1.15,10.45,1,0,12.45
215,T03,CR2_S4,CR2,S4,0,0.0,6.855,1.9,1.35,6.46,4,0,19.62
216,T10,S4_CR2,S4,CR2,1,196.7,6.855,1.9,1.35,3.45,5,0,23.48
217,T08,D1_S1,D1,S1,0,0.0,5.834,1.12,1.15,6.69,4,0,14.51
218,T02,S3_CR1,S3,CR1,1,196.3,8.135,1.57,1.15,8.79,5,0,22.45
219,T03,CR1_S2,CR1,S2,0,0.0,8.334,1.39,1.15,11.96,2,0,22.57
220,T06,S1_CR1,S1,CR1,1,187.1,8.767,0.8,1.15,11.68,1,0,25.66
221,T01,S1_D1,S1,D1,1,199.2,5.834,1.12,1.15,3.77,4,1,21.92
222,T01,S5_D1,S5,D1,1,207.9,6.724,1.12,1.15,8.88,2,0,20.6
223,T02,S3_CR1,S3,CR1,1,201.4,8.135,1.57,1.15,3.05,0,0,20.43
224,T01,CR1_S1,CR1,S1,0,0.0,8.767,0.8,1.15,3.78,0,0,22.0
225,T10,CR1_S5,CR1,S5,0,0.0,10.342,0.89,1.15,0.87,0,0,24.26
226,T02,S3_D2,S3,D2,1,180.0,6.362,1.39,1.35,0.4,4,0,27.77
227,T08,S1_D1,S1,D1,1,199.1,5.834,1.12,1.15,6.73,2,0,16.95
228,T10,S2_CR1,S2,CR1,1,214.6,8.334,1.39,1.15,5.75,0,0,25.83
229,T07,CR1_S3,CR1,S3,0,0.0,8.135,1.57,1.15,3.36,5,0,18.79
230,T09,S1_D1,S1,D1,1,211.3,5.834,1.12,1.15,10.47,0,0,13.91
231,T06,S1_CR1,S1,CR1,1,196.4,8.767,0.8,1.15,5.63,3,0,30.11
232,T05,S3_CR2,S3,CR2,1,208.5,6.579,1.9,1.35,11.87,3,0,25.42
233,T08,S5_D1,S5,D1,1,184.7,6.724,1.12,1.15,0.76,2,1,30.35
234,T03,S1_CR1,S1,CR1,1,202.5,8.767,0.8,1.15,0.3,1,0,25.89
235,T03,D1_S1,D1,S1,0,0.0,5.834,1.12,1.15,5.32,5,1,19.43
236,T08,D1_S5,D1,S5,0,0.0,6.724,1.12,1.15,3.15,3,0,17.78
237,T06,S1_D1,S1,D1,1,188.0,5.834,1.12,1.15,3.32,3,0,16.2
238,T10,S4_D2,S4,D2,1,185.0,6.638,1.49,1.35,0.09,1,1,33.3
239,T07,S4_CR2,S4,CR2,1,215.1,6.855,1.9,1.35,0.53,2,0,24.75
240,T08,S3_CR2,S3,CR2,1,196.3,6.579,1.9,1.35,0.36,1,0,24.59
241,T10,CR1_S5,CR1,S5,0,0.0,10.342,0.89,1.15,8.05,2,0,26.25
242,T02,S3_CR1,S3,CR1,1,197.2,8.135,1.57,1.15,8.24,1,0,20.01
243,T07,S3_CR1,S3,CR1,1,191.8,8.135,1.57,1.15,9.01,0,1,23.28
244,T03,CR1_S1,CR1,S1,0,0.0,8.767,0.8,1.15,8.02,3,0,24.09
245,T05,D1_S1,D1,S1,0,0.0,5.834,1.12,1.15,7.65,7,1,22.6
246,T07,S5_D1,S5,D1,1,186.4,6.724,1.12,1.15,5.6,3,0,22.42
247,T04,S3_CR2,S3,CR2,1,210.0,6.579,1.9,1.35,5.36,7,0,26.28
248,T04,S1_CR1,S1,CR1,1,216.0,8.767,0.8,1.15,1.99,1,0,32.89
249,T01,S1_D1,S1,D1,1,195.7,5.834,1.12,1.15,7.64,1,0,15.37
250,T08,S4_D2,S4,D2,1,209.5,6.638,1.49,1.35,4.38,4,0,31.66
251,T10,S2_CR1,S2,CR1,1,193.5,8.334,1.39,1.15,0.47,0,0,27.08
252,T05,S1_D1,S1,D1,1,167.9,5.834,1.12,1.15,10.8,0,0,14.4
253,T06,S2_CR1,S2,CR1,1,198.6,8.334,1.39,1.15,9.92,3,0,30.39
254,T02,CR1_S2,CR1,S2,0,0.0,8.334,1.39,1.15,11.76,2,0,22.03
255,T08,S6_CR2,S6,CR2,1,210.3,8.342,1.9,1.35,2.34,0,0,22.68
256,T03,S2_CR1,S2,CR1,1,206.2,8.334,1.39,1.15,1.81,3,0,30.67
257,T02,S3_CR1,S3,CR1,1,185.5,8.135,1.57,1.15,8.77,2,0,21.91
258,T08,S4_CR2,S4,CR2,1,179.7,6.855,1.9,1.35,4.24,1,0,21.58
259,T06,D1_S1,D1,S1,0,0.0,5.834,1.12,1.15,5.6,3,1,18.95
260,T03,CR1_S2,CR1,S2,0,0.0,8.334,1.39,1.15,3.43,2,0,26.31
261,T08,S5_D1,S5,D1,1,191.0,6.724,1.12,1.15,11.77,5,1,33.87
262,T02,S1_D1,S1,D1,1,191.9,5.834,1.12,1.15,3.74,1,0,16.19
263,T02,D1_S5,D1,S5,0,0.0,6.724,1.12,1.15,8.25,2,0,15.99
264,T08,S3_CR2,S3,CR2,1,181.6,6.579,1.9,1.35,11.49,0,0,20.89
265,T09,S4_D2,S4,D2,1,193.1,6.638,1.49,1.35,7.59,1,0,25.89
266,T06,S1_CR1,S1,CR1,1,200.3,8.767,0.8,1.15,1.06,1,0,29.53
267,T06,S4_CR2,S4,CR2,1,183.1,6.855,1.9,1.35,9.7,1,0,22.08
268,T08,D2_S3,D2,S3,0,0.0,6.362,1.39,1.35,8.18,2,0,22.72
269,T07,S3_D2,S3,D2,1,183.7,6.362,1.39,1.35,2.53,2,1,33.38
270,T01,S1_CR1,S1,CR1,1,189.9,8.767,0.8,1.15,6.59,1,0,30.22
271,T04,CR2_S3,CR2,S3,0,0.0,6.579,1.9,1.35,7.03,3,0,19.2
272,T02,S5_D1,S5,D1,1,198.5,6.724,1.12,1.15,6.24,3,0,23.39
273,T01,CR1_S1,CR1,S1,0,0.0,8.767,0.8,1.15,8.66,2,1,32.23
274,T02,D2_S4,D2,S4,0,0.0,6.638,1.49,1.35,5.6,5,0,26.83
275,T05,CR2_S4,CR2,S4,0,0.0,6.855,1.9,1.35,6.86,6,1,27.13
276,T05,S5_D1,S5,D1,1,201.2,6.724,1.12,1.15,10.51,1,1,29.95
277,T03,CR2_S3,CR2,S3,0,0.0,6.579,1.9,1.35,1.26,3,1,25.23
278,T06,CR2_S4,CR2,S4,0,0.0,6.855,1.9,1.35,0.03,2,0,17.98
279,T06,S4_CR2,S4,CR2,1,216.3,6.855,1.9,1.35,8.77,3,0,24.3
280,T01,D1_S5,D1,S5,0,0.0,6.724,1.12,1.15,6.95,1,0,15.74
281,T02,D1_S5,D1,S5,0,0.0,6.724,1.12,1.15,9.38,1,0,16.34
282,T06,D1_S5,D1,S5,0,0.0,6.724,1.12,1.15,8.51,1,0,15.89
283,T01,S4_D2,S4,D2,1,191.2,6.638,1.49,1.35,8.7,1,0,27.16
284,T09,D1_S1,D1,S1,0,0.0,5.834,1.12,1.15,5.46,2,0,12.68
285,T07,CR1_S1,CR1,S1,0,0.0,8.767,0.8,1.15,2.18,2,0,23.18
286,T06,D1_S1,D1,S1,0,0.0,5.834,1.12,1.15,7.7,6,0,14.96
287,T04,CR1_S2,CR1,S2,0,0.0,8.334,1.39,1.15,10.79,4,0,25.37
288,T10,CR1_S5,CR1,S5,0,0.0,10.342,0.89,1.15,11.31,4,0,27.87
289,T01,CR2_S3,CR2,S3,0,0.0,6.579,1.9,1.35,3.78,4,0,19.83
290,T10,S4_D2,S4,D2,1,192.7,6.638,1.49,1.35,8.7,1,0,27.12
291,T06,S4_D2,S4,D2,1,194.9,6.638,1.49,1.35,2.76,0,0,26.85
292,T10,CR1_S1,CR1,S1,0,0.0,8.767,0.8,1.15,2.9,2,0,22.74
293,T01,CR2_S6,CR2,S6,0,0.0,8.342,1.9,1.35,5.19,1,0,23.07
294,T09,S4_D2,S4,D2,1,188.6,6.638,1.49,1.35,11.53,3,0,29.05
295,T07,CR2_S4,CR2,S4,0,0.0,6.855,1.9,1.35,3.11,2,0,19.41
296,T07,CR1_S5,CR1,S5,0,0.0,10.342,0.89,1.15,1.94,2,0,27.45
297,T10,S4_D2,S4,D2,1,198.5,6.638,1.49,1.35,9.26,1,1,30.42
298,T10,S4_CR2,S4,CR2,1,195.9,6.855,1.9,1.35,9.7,1,0,20.71
299,T05,CR1_S2,CR1,S2,0,0.0,8.334,1.39,1.15,3.47,3,0,21.53
300,T01,S2_CR1,S2,CR1,1,171.0,8.334,1.39,1.15,0.69,1,0,24.22
301,T09,D2_S4,D2,S4,0,0.0,6.638,1.49,1.35,10.83,2,0,24.22
302,T03,S3_CR2,S3,CR2,1,201.6,6.579,1.9,1.35,2.7,3,0,22.92
303,T08,S1_D1,S1,D1,1,191.7,5.834,1.12,1.15,10.85,5,0,17.47
304,T01,S3_CR2,S3,CR2,1,206.2,6.579,1.9,1.35,0.39,2,0,21.1
305,T05,S2_CR1,S2,CR1,1,185.2,8.334,1.39,1.15,9.9,2,0,30.07
306,T03,S5_D1,S5,D1,1,205.4,6.724,1.12,1.15,0.66,2,0,17.62
307,T09,S1_D1,S1,D1,1,211.6,5.834,1.12,1.15,7.69,5,0,17.7
308,T09,D2_S3,D2,S3,0,0.0,6.362,1.39,1.35,10.82,5,1,29.98
309,T09,S4_D2,S4,D2,1,202.8,6.638,1.49,1.35,11.43,0,0,23.21
310,T10,S5_D1,S5,D1,1,206.9,6.724,1.12,1.15,6.72,5,1,26.82
311,T05,S5_CR1,S5,CR1,1,198.3,10.342,0.89,1.15,10.21,1,1,41.03
312,T04,S2_CR1,S2,CR1,1,178.3,8.334,1.39,1.15,1.43,3,0,31.06
313,T01,D2_S4,D2,S4,0,0.0,6.638,1.49,1.35,0.19,1,0,16.96
314,T01,CR2_S6,CR2,S6,0,0.0,8.342,1.9,1.35,10.12,0,0,22.83
315,T09,S4_D2,S4,D2,1,195.1,6.638,1.49,1.35,6.49,3,0,28.77
316,T07,D1_S1,D1,S1,0,0.0,5.834,1.12,1.15,8.13,4,0,14.62
317,T05,S2_CR1,S2,CR1,1,174.8,8.334,1.39,1.15,1.95,1,0,28.35
318,T03,CR2_S4,CR2,S4,0,0.0,6.855,1.9,1.35,7.46,3,0,19.09
319,T04,D1_S5,D1,S5,0,0.0,6.724,1.12,1.15,3.99,0,0,13.7
320,T02,S1_CR1,S1,CR1,1,215.8,8.767,0.8,1.15,7.59,3,0,31.37
321,T09,CR2_S3,CR2,S3,0,0.0,6.579,1.9,1.35,10.98,0,0,17.77
322,T02,S3_CR1,S3,CR1,1,195.6,8.135,1.57,1.15,2.28,1,0,20.99
323,T03,S2_CR1,S2,CR1,1,184.5,8.334,1.39,1.15,3.22,4,1,39.77
324,T09,D1_S1,D1,S1,0,0.0,5.834,1.12,1.15,1.11,3,0,13.86
325,T09,S1_CR1,S1,CR1,1,207.8,8.767,0.8,1.15,6.31,1,1,36.19
326,T01,CR2_S3,CR2,S3,0,0.0,6.579,1.9,1.35,7.35,2,0,17.33
327,T06,S4_D2,S4,D2,1,216.5,6.638,1.49,1.35,4.63,6,0,30.41
328,T09,D2_S4,D2,S4,0,0.0,6.638,1.49,1.35,1.11,3,0,25.78
329,T04,S1_D1,S1,D1,1,220.0,5.834,1.12,1.15,7.65,2,1,24.2
330,T02,S3_D2,S3,D2,1,193.9,6.362,1.39,1.35,0.19,0,0,25.37
331,T08,S2_CR1,S2,CR1,1,201.9,8.334,1.39,1.15,7.14,4,0,27.23
332,T07,CR2_S6,CR2,S6,0,0.0,8.342,1.9,1.35,4.77,4,0,24.57
333,T06,S4_D2,S4,D2,1,186.2,6.638,1.49,1.35,10.38,2,0,28.89
334,T09,CR1_S5,CR1,S5,0,0.0,10.342,0.89,1.15,5.31,4,0,28.61
335,T06,S6_CR2,S6,CR2,1,195.4,8.342,1.9,1.35,0.67,2,0,24.18
336,T04,D2_S4,D2,S4,0,0.0,6.638,1.49,1.35,4.91,5,0,24.18
337,T07,S3_CR1,S3,CR1,1,214.0,8.135,1.57,1.15,0.1,3,0,21.71
338,T06,S3_CR1,S3,CR1,1,203.5,8.135,1.57,1.15,3.92,4,0,23.42
339,T07,S3_CR2,S3,CR2,1,220.0,6.579,1.9,1.35,10.31,5,1,35.12
340,T06,S6_CR2,S6,CR2,1,181.2,8.342,1.9,1.35,1.98,0,0,25.9
341,T10,D1_S5,D1,S5,0,0.0,6.724,1.12,1.15,1.0,0,1,23.15
342,T03,CR2_S3,CR2,S3,0,0.0,6.579,1.9,1.35,7.62,2,0,18.39
343,T10,D1_S5,D1,S5,0,0.0,6.724,1.12,1.15,2.63,4,0,17.73
344,T01,CR1_S5,CR1,S5,0,0.0,10.342,0.89,1.15,8.43,2,0,28.32
345,T01,S5_D1,S5,D1,1,220.0,6.724,1.12,1.15,1.41,1,0,19.45
346,T05,S2_CR1,S2,CR1,1,175.7,8.334,1.39,1.15,2.45,2,0,27.95
347,T09,S4_CR2,S4,CR2,1,183.5,6.855,1.9,1.35,8.26,1,0,24.18
348,T03,D1_S5,D1,S5,0,0.0,6.724,1.12,1.15,10.12,2,0,17.0
349,T09,S1_D1,S1,D1,1,183.0,5.834,1.12,1.15,4.65,3,0,17.05
350,T06,CR1_S5,CR1,S5,0,0.0,10.342,0.89,1.15,11.62,0,0,25.52
351,T08,S3_D2,S3,D2,1,185.1,6.362,1.39,1.35,2.78,1,0,26.78
352,T01,CR1_S2,CR1,S2,0,0.0,8.334,1.39,1.15,5.57,3,0,23.02
353,T07,S3_CR2,S3,CR2,1,199.0,6.579,1.9,1.35,0.8,5,1,37.06
354,T10,S3_CR2,S3,CR2,1,177.8,6.579,1.9,1.35,1.9,2,0,21.12
355,T02,S3_CR1,S3,CR1,1,218.8,8.135,1.57,1.15,3.68,3,1,29.54
356,T01,CR2_S4,CR2,S4,0,0.0,6.855,1.9,1.35,8.69,3,0,20.4
357,T07,CR1_S3,CR1,S3,0,0.0,8.135,1.57,1.15,6.4,6,0,20.63
358,T05,D1_S5,D1,S5,0,0.0,6.724,1.12,1.15,0.76,6,1,21.7
359,T06,S2_CR1,S2,CR1,1,191.1,8.334,1.39,1.15,9.89,4,0,28.85
360,T10,D2_S4,D2,S4,0,0.0,6.638,1.49,1.35,10.14,2,1,33.95
361,T03,S2_CR1,S2,CR1,1,193.5,8.334,1.39,1.15,1.56,0,0,25.63
362,T07,D1_S5,D1,S5,0,0.0,6.724,1.12,1.15,6.79,3,0,19.08
363,T03,S3_D2,S3,D2,1,204.4,6.362,1.39,1.35,6.14,0,0,23.04
364,T03,CR1_S2,CR1,S2,0,0.0,8.334,1.39,1.15,11.89,3,0,21.27
365,T02,S4_CR2,S4,CR2,1,191.9,6.855,1.9,1.35,6.33,7,0,28.21
366,T07,D1_S5,D1,S5,0,0.0,6.724,1.12,1.15,4.48,4,0,17.64
367,T01,CR1_S2,CR1,S2,0,0.0,8.334,1.39,1.15,4.97,1,0,21.19
368,T08,CR2_S6,CR2,S6,0,0.0,8.342,1.9,1.35,2.04,0,0,22.43
369,T08,D1_S5,D1,S5,0,0.0,6.724,1.12,1.15,8.23,7,0,21.93
370,T08,S4_CR2,S4,CR2,1,182.9,6.855,1.9,1.35,7.28,6,0,26.26
371,T07,S3_CR2,S3,CR2,1,198.8,6.579,1.9,1.35,11.68,2,0,24.53
372,T06,S5_D1,S5,D1,1,191.9,6.724,1.12,1.15,0.85,1,0,19.12
373,T08,CR2_S3,CR2,S3,0,0.0,6.579,1.9,1.35,0.9,3,1,22.22
374,T06,CR2_S3,CR2,S3,0,0.0,6.579,1.9,1.35,3.08,2,0,18.42
375,T05,CR1_S2,CR1,S2,0,0.0,8.334,1.39,1.15,1.76,2,1,29.74
376,T07,CR1_S3,CR1,S3,0,0.0,8.135,1.57,1.15,9.37,1,1,17.8
377,T02,S4_D2,S4,D2,1,199.7,6.638,1.49,1.35,4.75,3,0,28.0
378,T09,S1_D1,S1,D1,1,197.6,5.834,1.12,1.15,9.18,1,0,14.55
379,T01,CR2_S4,CR2,S4,0,0.0,6.855,1.9,1.35,5.8,5,0,21.02
380,T06,S4_D2,S4,D2,1,190.5,6.638,1.49,1.35,2.11,3,0,24.53
381,T06,CR1_S3,CR1,S3,0,0.0,8.135,1.57,1.15,10.26,2,0,18.41
382,T01,CR1_S3,CR1,S3,0,0.0,8.135,1.57,1.15,11.64,1,0,16.17
383,T10,S3_CR1,S3,CR1,1,212.9,8.135,1.57,1.15,2.1,2,0,20.49
384,T01,D2_S4,D2,S4,0,0.0,6.638,1.49,1.35,0.64,1,0,20.16
385,T07,S3_D2,S3,D2,1,185.5,6.362,1.39,1.35,2.85,6,0,28.84
386,T07,CR1_S1,CR1,S1,0,0.0,8.767,0.8,1.15,9.13,4,0,26.26
387,T01,S4_D2,S4,D2,1,206.3,6.638,1.49,1.35,6.13,4,1,39.84
388,T09,CR2_S4,CR2,S4,0,0.0,6.855,1.9,1.35,0.3,1,1,23.81
389,T01,CR1_S5,CR1,S5,0,0.0,10.342,0.89,1.15,3.37,1,0,28.9
390,T03,S1_CR1,S1,CR1,1,185.8,8.767,0.8,1.15,2.84,4,1,44.67
391,T01,S1_D1,S1,D1,1,197.1,5.834,1.12,1.15,4.14,0,0,15.16
392,T10,CR1_S3,CR1,S3,0,0.0,8.135,1.57,1.15,8.14,5,0,20.14
393,T01,S6_CR2,S6,CR2,1,208.1,8.342,1.9,1.35,11.88,1,1,36.4
394,T08,CR2_S3,CR2,S3,0,0.0,6.579,1.9,1.35,4.12,3,0,20.15
395,T04,CR2_S6,CR2,S6,0,0.0,8.342,1.9,1.35,5.39,2,1,28.34
396,T02,CR1_S5,CR1,S5,0,0.0,10.342,0.89,1.15,6.93,4,0,27.37
397,T10,D2_S4,D2,S4,0,0.0,6.638,1.49,1.35,10.75,3,1,30.25
398,T10,S5_D1,S5,D1,1,213.3,6.724,1.12,1.15,1.44,2,0,20.49
399,T07,CR2_S6,CR2,S6,0,0.0,8.342,1.9,1.35,7.15,2,0,21.75
400,T04,CR1_S2,CR1,S2,0,0.0,8.334,1.39,1.15,6.98,4,0,25.26
401,T06,S4_D2,S4,D2,1,192.3,6.638,1.49,1.35,9.36,0,1,31.24
402,T07,S3_CR1,S3,CR1,1,197.2,8.135,1.57,1.15,8.87,0,0,19.16
403,T07,S6_CR2,S6,CR2,1,168.8,8.342,1.9,1.35,11.26,4,0,29.94
404,T10,D1_S1,D1,S1,0,0.0,5.834,1.12,1.15,0.33,1,0,11.69
405,T08,D1_S5,D1,S5,0,0.0,6.724,1.12,1.15,10.77,1,0,16.28
406,T01,S3_D2,S3,D2,1,196.2,6.362,1.39,1.35,1.87,4,1,36.04
407,T09,S5_D1,S5,D1,1,187.0,6.724,1.12,1.15,5.05,5,0,23.53
408,T04,CR2_S6,CR2,S6,0,0.0,8.342,1.9,1.35,10.14,1,0,22.63
409,T01,CR1_S2,CR1,S2,0,0.0,8.334,1.39,1.15,8.18,1,0,23.58
410,T04,S5_CR1,S5,CR1,1,188.0,10.342,0.89,1.15,4.26,3,0,34.32
411,T08,CR1_S5,CR1,S5,0,0.0,10.342,0.89,1.15,1.88,1,0,24.2
412,T05,S3_D2,S3,D2,1,199.8,6.362,1.39,1.35,8.78,6,0,30.91
413,T02,S5_D1,S5,D1,1,219.5,6.724,1.12,1.15,5.14,6,0,23.75
414,T09,S3_D2,S3,D2,1,199.6,6.362,1.39,1.35,5.81,4,0,28.78
415,T07,S1_D1,S1,D1,1,201.3,5.834,1.12,1.15,4.15,5,0,18.8
416,T05,CR2_S6,CR2,S6,0,0.0,8.342,1.9,1.35,8.26,2,0,21.67
417,T10,S3_D2,S3,D2,1,207.8,6.362,1.39,1.35,9.32,1,0,26.53
418,T05,CR2_S6,CR2,S6,0,0.0,8.342,1.9,1.35,8.69,3,1,28.21
419,T03,S5_D1,S5,D1,1,194.1,6.724,1.12,1.15,11.38,1,0,19.82
420,T06,S5_D1,S5,D1,1,194.6,6.724,1.12,1.15,8.77,3,0,22.86
421,T08,CR1_S1,CR1,S1,0,0.0,8.767,0.8,1.15,0.74,3,0,20.99
422,T07,CR2_S4,CR2,S4,0,0.0,6.855,1.9,1.35,4.93,2,0,17.29
423,T05,D2_S3,D2,S3,0,0.0,6.362,1.39,1.35,3.98,6,0,26.63
424,T02,S3_CR1,S3,CR1,1,185.9,8.135,1.57,1.15,1.79,1,0,21.34
425,T09,S3_CR1,S3,CR1,1,199.7,8.135,1.57,1.15,4.05,4,0,24.86
426,T02,S5_CR1,S5,CR1,1,199.6,10.342,0.89,1.15,10.5,1,0,31.73
427,T07,D2_S4,D2,S4,0,0.0,6.638,1.49,1.35,0.54,2,1,30.77
428,T02,CR1_S2,CR1,S2,0,0.0,8.334,1.39,1.15,11.73,4,0,23.54
429,T05,D1_S1,D1,S1,0,0.0,5.834,1.12,1.15,5.36,4,0,14.31
430,T05,CR1_S2,CR1,S2,0,0.0,8.334,1.39,1.15,7.24,3,1,30.03
431,T01,CR2_S3,CR2,S3,0,0.0,6.579,1.9,1.35,9.5,2,0,19.75
432,T08,S6_CR2,S6,CR2,1,194.2,8.342,1.9,1.35,7.93,3,1,38.11
433,T01,S3_CR2,S3,CR2,1,176.5,6.579,1.9,1.35,5.58,0,1,26.57
434,T08,S1_D1,S1,D1,1,190.9,5.834,1.12,1.15,6.58,4,0,19.66
435,T06,S5_D1,S5,D1,1,220.0,6.724,1.12,1.15,0.83,0,0,19.94
436,T04,CR1_S3,CR1,S3,0,0.0,8.135,1.57,1.15,8.58,4,0,18.83
437,T08,D1_S1,D1,S1,0,0.0,5.834,1.12,1.15,11.35,1,0,12.98
438,T07,S1_D1,S1,D1,1,177.9,5.834,1.12,1.15,7.12,0,0,15.75
439,T02,CR2_S6,CR2,S6,0,0.0,8.342,1.9,1.35,1.61,0,0,18.98
440,T01,S3_CR1,S3,CR1,1,191.8,8.135,1.57,1.15,8.75,1,1,26.15
441,T07,S1_D1,S1,D1,1,215.0,5.834,1.12,1.15,4.61,4,1,21.25
442,T03,S3_D2,S3,D2,1,194.0,6.362,1.39,1.35,1.05,0,0,26.25
443,T05,S1_CR1,S1,CR1,1,191.1,8.767,0.8,1.15,3.82,4,0,26.54
444,T06,CR2_S4,CR2,S4,0,0.0,6.855,1.9,1.35,8.32,6,1,30.4
445,T09,S4_CR2,S4,CR2,1,179.8,6.855,1.9,1.35,2.35,0,0,21.63
446,T06,D1_S1,D1,S1,0,0.0,5.834,1.12,1.15,7.82,3,1,16.23
447,T04,CR1_S1,CR1,S1,0,0.0,8.767,0.8,1.15,5.98,6,0,28.39
448,T09,CR2_S4,CR2,S4,0,0.0,6.855,1.9,1.35,8.42,3,0,18.14
449,T07,S6_CR2,S6,CR2,1,206.5,8.342,1.9,1.35,3.98,4,0,30.69
450,T04,S6_CR2,S6,CR2,1,198.3,8.342,1.9,1.35,11.63,1,0,24.97
451,T05,CR2_S6,CR2,S6,0,0.0,8.342,1.9,1.35,1.94,3,0,20.45
452,T06,D1_S5,D1,S5,0,0.0,6.724,1.12,1.15,7.78,1,0,14.76
453,T02,S4_D2,S4,D2,1,220.0,6.638,1.49,1.35,6.98,2,0,26.37
454,T03,CR1_S2,CR1,S2,0,0.0,8.334,1.39,1.15,8.81,1,0,23.12
455,T09,CR1_S5,CR1,S5,0,0.0,10.342,0.89,1.15,4.15,2,0,27.84
456,T09,D2_S4,D2,S4,0,0.0,6.638,1.49,1.35,2.07,4,0,23.22
457,T07,CR1_S2,CR1,S2,0,0.0,8.334,1.39,1.15,2.41,3,0,20.64
458,T10,S1_CR1,S1,CR1,1,180.3,8.767,0.8,1.15,7.24,4,0,27.22
459,T05,S3_CR1,S3,CR1,1,202.9,8.135,1.57,1.15,4.1,1,0,22.37
460,T06,S3_D2,S3,D2,1,190.5,6.362,1.39,1.35,1.4,0,1,32.7
461,T06,S3_CR1,S3,CR1,1,191.0,8.135,1.57,1.15,2.39,2,0,19.81
462,T06,CR2_S3,CR2,S3,0,0.0,6.579,1.9,1.35,9.41,4,0,21.93
463,T03,S3_CR1,S3,CR1,1,220.0,8.135,1.57,1.15,7.25,4,0,22.64
464,T03,CR1_S3,CR1,S3,0,0.0,8.135,1.57,1.15,4.62,4,0,18.63
465,T07,S5_D1,S5,D1,1,195.7,6.724,1.12,1.15,6.25,3,0,21.06
466,T02,CR1_S3,CR1,S3,0,0.0,8.135,1.57,1.15,9.87,3,0,16.04
467,T05,CR2_S4,CR2,S4,0,0.0,6.855,1.9,1.35,11.81,3,1,23.04
468,T09,S4_CR2,S4,CR2,1,191.1,6.855,1.9,1.35,8.07,1,0,21.82
469,T07,CR1_S5,CR1,S5,0,0.0,10.342,0.89,1.15,7.84,1,0,27.46
470,T02,S6_CR2,S6,CR2,1,195.9,8.342,1.9,1.35,2.84,0,1,35.79
471,T03,S3_D2,S3,D2,1,220.0,6.362,1.39,1.35,11.07,0,0,27.57
472,T07,S5_CR1,S5,CR1,1,185.6,10.342,0.89,1.15,2.89,3,0,33.68
473,T06,S1_CR1,S1,CR1,1,211.2,8.767,0.8,1.15,9.99,2,0,28.12
474,T05,S6_CR2,S6,CR2,1,179.0,8.342,1.9,1.35,7.42,1,0,23.78
475,T07,S3_CR2,S3,CR2,1,220.0,6.579,1.9,1.35,2.5,2,0,24.98
476,T02,S3_D2,S3,D2,1,169.0,6.362,1.39,1.35,1.94,3,0,28.06
477,T05,D2_S3,D2,S3,0,0.0,6.362,1.39,1.35,6.77,6,1,30.49
478,T02,S4_D2,S4,D2,1,181.1,6.638,1.49,1.35,3.83,3,0,29.02
479,T03,CR1_S5,CR1,S5,0,0.0,10.342,0.89,1.15,1.54,1,1,33.48
480,T02,S1_CR1,S1,CR1,1,190.1,8.767,0.8,1.15,2.36,0,0,28.46
481,T08,S1_D1,S1,D1,1,197.8,5.834,1.12,1.15,9.7,2,0,15.94
482,T09,D2_S4,D2,S4,0,0.0,6.638,1.49,1.35,3.68,4,1,27.58
483,T08,D1_S1,D1,S1,0,0.0,5.834,1.12,1.15,6.95,0,0,10.58
484,T05,S3_CR2,S3,CR2,1,217.2,6.579,1.9,1.35,3.71,1,0,24.98
485,T09,D1_S1,D1,S1,0,0.0,5.834,1.12,1.15,9.69,2,0,13.69
486,T05,CR1_S5,CR1,S5,0,0.0,10.342,0.89,1.15,7.66,1,1,29.9
487,T06,CR2_S3,CR2,S3,0,0.0,6.579,1.9,1.35,10.94,0,0,15.95
488,T07,S5_CR1,S5,CR1,1,195.5,10.342,0.89,1.15,11.21,3,0,35.16
489,T04,S4_D2,S4,D2,1,220.0,6.638,1.49,1.35,8.71,1,0,24.8
490,T07,S3_CR1,S3,CR1,1,187.5,8.135,1.57,1.15,3.23,3,0,20.47
491,T08,S2_CR1,S2,CR1,1,189.9,8.334,1.39,1.15,11.48,1,1,35.39
492,T07,S1_D1,S1,D1,1,182.8,5.834,1.12,1.15,9.71,5,0,17.47
493,T03,CR1_S3,CR1,S3,0,0.0,8.135,1.57,1.15,8.19,3,1,22.99
494,T08,D2_S3,D2,S3,0,0.0,6.362,1.39,1.35,3.95,6,0,25.8
495,T07,D1_S5,D1,S5,0,0.0,6.724,1.12,1.15,3.03,2,0,18.07
496,T03,S3_CR2,S3,CR2,1,193.7,6.579,1.9,1.35,9.85,3,0,26.29
497,T01,D1_S1,D1,S1,0,0.0,5.834,1.12,1.15,11.21,2,0,13.2
498,T08,D1_S1,D1,S1,0,0.0,5.834,1.12,1.15,1.35,2,0,14.14
499,T09,S3_D2,S3,D2,1,216.8,6.362,1.39,1.35,2.99,3,1,33.27
500,T08,CR1_S1,CR1,S1,0,0.0,8.767,0.8,1.15,2.01,1,1,27.9
501,T01,D1_S5,D1,S5,0,0.0,6.724,1.12,1.15,5.69,8,1,28.35
502,T10,S5_CR1,S5,CR1,1,206.9,10.342,0.89,1.15,10.15,1,0,31.73
503,T02,CR1_S1,CR1,S1,0,0.0,8.767,0.8,1.15,0.0,3,1,32.18
504,T10,S5_CR1,S5,CR1,1,193.2,10.342,0.89,1.15,1.43,2,0,35.64
505,T08,S3_CR2,S3,CR2,1,199.2,6.579,1.9,1.35,1.3,2,0,23.62
506,T06,D2_S4,D2,S4,0,0.0,6.638,1.49,1.35,5.43,6,0,26.27
507,T09,D1_S5,D1,S5,0,0.0,6.724,1.12,1.15,9.39,3,0,15.69
508,T01,S3_D2,S3,D2,1,173.7,6.362,1.39,1.35,9.83,2,0,26.5
509,T02,S4_D2,S4,D2,1,198.5,6.638,1.49,1.35,3.5,4,0,26.56
510,T03,S1_CR1,S1,CR1,1,179.2,8.767,0.8,1.15,3.84,2,0,26.74
511,T06,CR2_S4,CR2,S4,0,0.0,6.855,1.9,1.35,0.25,1,0,19.99
512,T01,CR1_S5,CR1,S5,0,0.0,10.342,0.89,1.15,2.55,0,0,25.56
513,T10,S5_CR1,S5,CR1,1,185.4,10.342,0.89,1.15,3.47,2,1,42.73
514,T01,D2_S4,D2,S4,0,0.0,6.638,1.49,1.35,3.72,4,0,23.38
515,T07,S6_CR2,S6,CR2,1,183.9,8.342,1.9,1.35,11.47,2,1,33.29
516,T07,CR1_S3,CR1,S3,0,0.0,8.135,1.57,1.15,4.58,3,1,25.76
517,T04,S5_CR1,S5,CR1,1,199.2,10.342,0.89,1.15,9.7,0,0,34.21
518,T08,CR1_S3,CR1,S3,0,0.0,8.135,1.57,1.15,4.27,3,1,20.92
519,T02,D2_S3,D2,S3,0,0.0,6.362,1.39,1.35,8.35,2,0,20.77
520,T05,CR1_S1,CR1,S1,0,0.0,8.767,0.8,1.15,4.54,3,1,31.62
521,T08,CR1_S3,CR1,S3,0,0.0,8.135,1.57,1.15,2.43,1,0,17.42
522,T08,S3_CR1,S3,CR1,1,190.2,8.135,1.57,1.15,2.95,2,0,22.98
523,T10,S4_CR2,S4,CR2,1,190.0,6.855,1.9,1.35,3.39,0,0,19.67
524,T09,D2_S3,D2,S3,0,0.0,6.362,1.39,1.35,3.62,3,1,32.18
525,T10,S6_CR2,S6,CR2,1,220.0,8.342,1.9,1.35,3.08,1,0,26.3
526,T01,CR2_S6,CR2,S6,0,0.0,8.342,1.9,1.35,11.54,2,0,23.16
527,T08,CR2_S4,CR2,S4,0,0.0,6.855,1.9,1.35,9.15,3,0,21.38
528,T10,D1_S5,D1,S5,0,0.0,6.724,1.12,1.15,4.74,1,0,16.75
529,T07,CR1_S5,CR1,S5,0,0.0,10.342,0.89,1.15,8.99,2,0,25.09
530,T10,S1_CR1,S1,CR1,1,198.3,8.767,0.8,1.15,8.98,1,0,26.28
531,T07,CR2_S4,CR2,S4,0,0.0,6.855,1.9,1.35,6.43,5,1,22.33
532,T06,S4_D2,S4,D2,1,197.7,6.638,1.49,1.35,1.84,6,0,32.68
533,T05,S6_CR2,S6,CR2,1,210.1,8.342,1.9,1.35,7.17,5,0,28.75
534,T10,S4_CR2,S4,CR2,1,206.8,6.855,1.9,1.35,8.88,1,1,26.59
535,T06,S5_D1,S5,D1,1,205.2,6.724,1.12,1.15,8.45,3,0,22.26
536,T07,CR2_S4,CR2,S4,0,0.0,6.855,1.9,1.35,1.11,2,0,18.84
537,T06,CR1_S2,CR1,S2,0,0.0,8.334,1.39,1.15,2.1,4,1,34.87
538,T05,CR1_S5,CR1,S5,0,0.0,10.342,0.89,1.15,3.94,1,0,24.09
539,T06,CR1_S2,CR1,S2,0,0.0,8.334,1.39,1.15,2.37,2,0,21.72
540,T07,D2_S4,D2,S4,0,0.0,6.638,1.49,1.35,3.32,4,0,20.74
541,T07,CR1_S3,CR1,S3,0,0.0,8.135,1.57,1.15,6.63,4,0,18.74
542,T04,S1_CR1,S1,CR1,1,183.6,8.767,0.8,1.15,1.27,2,0,28.33
543,T05,CR2_S3,CR2,S3,0,0.0,6.579,1.9,1.35,0.74,1,1,21.03
544,T02,CR1_S1,CR1,S1,0,0.0,8.767,0.8,1.15,3.15,1,0,21.42
545,T08,D1_S5,D1,S5,0,0.0,6.724,1.12,1.15,7.85,3,0,18.41
546,T01,CR1_S2,CR1,S2,0,0.0,8.334,1.39,1.15,10.18,2,0,26.35
547,T06,CR2_S4,CR2,S4,0,0.0,6.855,1.9,1.35,11.1,0,0,17.54
548,T02,S6_CR2,S6,CR2,1,206.5,8.342,1.9,1.35,3.81,2,0,27.72
549,T07,S6_CR2,S6,CR2,1,201.0,8.342,1.9,1.35,10.33,1,0,25.87
550,T09,CR1_S5,CR1,S5,0,0.0,10.342,0.89,1.15,8.95,2,1,38.53
551,T04,S5_D1,S5,D1,1,208.1,6.724,1.12,1.15,5.72,4,0,21.79
552,T07,S4_CR2,S4,CR2,1,199.7,6.855,1.9,1.35,11.95,1,0,22.68
553,T04,CR1_S5,CR1,S5,0,0.0,10.342,0.89,1.15,2.47,5,1,31.44
554,T10,D1_S5,D1,S5,0,0.0,6.724,1.12,1.15,7.45,2,0,17.01
555,T06,CR2_S6,CR2,S6,0,0.0,8.342,1.9,1.35,1.19,2,0,20.97
556,T05,S1_D1,S1,D1,1,170.7,5.834,1.12,1.15,2.44,2,0,14.91
557,T10,S2_CR1,S2,CR1,1,187.1,8.334,1.39,1.15,7.68,5,0,29.74
558,T08,D2_S3,D2,S3,0,0.0,6.362,1.39,1.35,0.7,2,0,21.41
559,T04,S2_CR1,S2,CR1,1,220.0,8.334,1.39,1.15,0.2,2,0,29.37
560,T07,S5_CR1,S5,CR1,1,196.8,10.342,0.89,1.15,1.57,3,0,34.79
561,T06,S4_D2,S4,D2,1,204.3,6.638,1.49,1.35,9.57,3,0,30.82
562,T05,S4_D2,S4,D2,1,183.5,6.638,1.49,1.35,6.6,5,0,29.6
563,T04,S5_D1,S5,D1,1,191.0,6.724,1.12,1.15,10.29,1,1,21.81
564,T10,S1_D1,S1,D1,1,171.9,5.834,1.12,1.15,1.99,2,0,16.16
565,T07,S3_CR2,S3,CR2,1,220.0,6.579,1.9,1.35,11.8,0,1,28.37
566,T08,CR2_S6,CR2,S6,0,0.0,8.342,1.9,1.35,2.21,0,1,27.4
567,T01,CR1_S3,CR1,S3,0,0.0,8.135,1.57,1.15,5.48,2,0,16.34
568,T03,CR1_S2,CR1,S2,0,0.0,8.334,1.39,1.15,5.72,8,0,24.71
569,T07,S1_CR1,S1,CR1,1,204.1,8.767,0.8,1.15,11.99,0,0,27.75
570,T07,D1_S1,D1,S1,0,0.0,5.834,1.12,1.15,3.8,1,0,10.35
571,T02,CR1_S3,CR1,S3,0,0.0,8.135,1.57,1.15,4.02,2,0,17.17
572,T08,CR1_S2,CR1,S2,0,0.0,8.334,1.39,1.15,8.98,3,0,23.46
573,T02,S6_CR2,S6,CR2,1,193.9,8.342,1.9,1.35,1.25,1,0,26.3
574,T08,S4_D2,S4,D2,1,199.7,6.638,1.49,1.35,0.16,1,0,27.01
575,T07,S2_CR1,S2,CR1,1,167.4,8.334,1.39,1.15,9.72,1,0,28.69
576,T06,D1_S5,D1,S5,0,0.0,6.724,1.12,1.15,5.35,6,0,19.15
577,T06,S3_CR2,S3,CR2,1,191.4,6.579,1.9,1.35,10.4,3,0,21.44
578,T01,D2_S3,D2,S3,0,0.0,6.362,1.39,1.35,8.84,0,1,24.68
579,T02,S5_CR1,S5,CR1,1,193.5,10.342,0.89,1.15,3.85,1,0,29.34
580,T10,CR1_S1,CR1,S1,0,0.0,8.767,0.8,1.15,5.34,6,0,26.42
581,T06,S1_D1,S1,D1,1,185.1,5.834,1.12,1.15,2.53,1,0,14.14
582,T07,D1_S5,D1,S5,0,0.0,6.724,1.12,1.15,11.44,0,1,18.64
583,T10,S6_CR2,S6,CR2,1,179.2,8.342,1.9,1.35,3.48,1,0,26.73
584,T08,S3_CR2,S3,CR2,1,186.2,6.579,1.9,1.35,4.69,4,0,23.12
585,T01,CR2_S4,CR2,S4,0,0.0,6.855,1.9,1.35,5.19,2,0,18.3
586,T03,S3_CR2,S3,CR2,1,185.1,6.579,1.9,1.35,11.92,2,0,21.84
587,T09,S2_CR1,S2,CR1,1,192.5,8.334,1.39,1.15,9.79,3,1,31.88
588,T10,CR1_S5,CR1,S5,0,0.0,10.342,0.89,1.15,5.17,1,0,29.49
589,T02,S4_CR2,S4,CR2,1,182.9,6.855,1.9,1.35,6.56,2,0,24.06
590,T06,CR1_S3,CR1,S3,0,0.0,8.135,1.57,1.15,2.18,2,0,17.93
591,T08,CR1_S3,CR1,S3,0,0.0,8.135,1.57,1.15,9.7,1,0,17.42
592,T03,S3_CR1,S3,CR1,1,183.3,8.135,1.57,1.15,9.68,2,0,22.72
593,T09,CR2_S3,CR2,S3,0,0.0,6.579,1.9,1.35,3.18,2,1,29.15
594,T07,D2_S3,D2,S3,0,0.0,6.362,1.39,1.35,1.28,4,1,25.16
595,T03,CR2_S3,CR2,S3,0,0.0,6.579,1.9,1.35,10.79,0,0,17.85
596,T01,S3_CR2,S3,CR2,1,149.3,6.579,1.9,1.35,11.19,2,0,24.04
597,T02,CR1_S3,CR1,S3,0,0.0,8.135,1.57,1.15,8.36,4,0,20.62
598,T10,S1_CR1,S1,CR1,1,220.0,8.767,0.8,1.15,3.06,3,1,36.43
599,T06,S3_CR1,S3,CR1,1,193.3,8.135,1.57,1.15,9.41,2,0,23.05
600,T01,D2_S3,D2,S3,0,0.0,6.362,1.39,1.35,4.32,5,0,25.05
601,T06,D2_S3,D2,S3,0,0.0,6.362,1.39,1.35,7.17,4,0,22.53
602,T09,CR1_S3,CR1,S3,0,0.0,8.135,1.57,1.15,10.07,2,1,20.32
603,T09,D2_S3,D2,S3,0,0.0,6.362,1.39,1.35,6.99,5,0,26.27
604,T01,CR1_S5,CR1,S5,0,0.0,10.342,0.89,1.15,1.5,1,0,26.52
605,T01,S4_CR2,S4,CR2,1,202.4,6.855,1.9,1.35,10.06,4,0,26.47
606,T02,CR2_S3,CR2,S3,0,0.0,6.579,1.9,1.35,6.15,4,1,25.77
607,T07,CR2_S4,CR2,S4,0,0.0,6.855,1.9,1.35,8.07,3,0,20.47
608,T03,S4_CR2,S4,CR2,1,185.5,6.855,1.9,1.35,2.61,1,0,23.39
609,T05,D1_S5,D1,S5,0,0.0,6.724,1.12,1.15,10.74,3,0,16.85
610,T04,S2_CR1,S2,CR1,1,170.0,8.334,1.39,1.15,10.54,2,0,27.54
611,T01,D1_S1,D1,S1,0,0.0,5.834,1.12,1.15,5.43,4,1,17.47
612,T09,S3_CR1,S3,CR1,1,181.3,8.135,1.57,1.15,1.7,0,0,19.39
613,T03,D2_S4,D2,S4,0,0.0,6.638,1.49,1.35,6.45,4,0,25.22
614,T01,S3_CR2,S3,CR2,1,167.3,6.579,1.9,1.35,2.2,0,0,20.63
615,T02,S2_CR1,S2,CR1,1,187.9,8.334,1.39,1.15,10.64,1,0,26.66
616,T01,D2_S3,D2,S3,0,0.0,6.362,1.39,1.35,5.38,2,0,21.98
617,T09,S3_CR1,S3,CR1,1,181.3,8.135,1.57,1.15,10.5,2,0,21.88
618,T06,S3_D2,S3,D2,1,205.8,6.362,1.39,1.35,3.79,3,1,38.3
619,T01,S6_CR2,S6,CR2,1,197.8,8.342,1.9,1.35,6.96,2,0,27.08
620,T09,D1_S1,D1,S1,0,0.0,5.834,1.12,1.15,10.99,2,0,12.7
621,T09,CR2_S3,CR2,S3,0,0.0,6.579,1.9,1.35,1.96,1,0,17.68
622,T07,CR1_S1,CR1,S1,0,0.0,8.767,0.8,1.15,11.78,2,0,24.6
623,T10,S3_CR2,S3,CR2,1,213.9,6.579,1.9,1.35,9.44,1,0,23.77
624,T06,CR2_S4,CR2,S4,0,0.0,6.855,1.9,1.35,7.33,4,0,21.72
625,T05,S4_CR2,S4,CR2,1,200.4,6.855,1.9,1.35,4.68,5,0,25.81
626,T03,D2_S4,D2,S4,0,0.0,6.638,1.49,1.35,4.14,4,0,23.36
627,T09,S3_CR1,S3,CR1,1,199.9,8.135,1.57,1.15,7.59,2,0,21.76
628,T05,S1_CR1,S1,CR1,1,220.0,8.767,0.8,1.15,2.8,2,0,27.85
629,T01,S3_CR1,S3,CR1,1,220.0,8.135,1.57,1.15,8.87,0,0,21.74
630,T06,S4_CR2,S4,CR2,1,190.7,6.855,1.9,1.35,10.94,3,0,24.28
631,T01,CR2_S6,CR2,S6,0,0.0,8.342,1.9,1.35,10.85,0,0,21.49
632,T08,CR1_S3,CR1,S3,0,0.0,8.135,1.57,1.15,9.98,4,0,20.79
633,T09,D2_S4,D2,S4,0,0.0,6.638,1.49,1.35,11.16,1,0,21.23
634,T03,S6_CR2,S6,CR2,1,185.3,8.342,1.9,1.35,11.2,1,0,28.65
635,T05,S2_CR1,S2,CR1,1,173.5,8.334,1.39,1.15,5.16,6,0,31.27
636,T01,S6_CR2,S6,CR2,1,180.8,8.342,1.9,1.35,4.88,6,0,30.16
637,T03,S1_D1,S1,D1,1,204.7,5.834,1.12,1.15,4.06,0,0,14.46
638,T02,CR2_S6,CR2,S6,0,0.0,8.342,1.9,1.35,8.9,0,1,27.28
639,T04,S3_CR2,S3,CR2,1,180.6,6.579,1.9,1.35,1.39,1,0,23.02
640,T07,S6_CR2,S6,CR2,1,213.1,8.342,1.9,1.35,4.1,2,0,29.14
641,T05,S3_CR1,S3,CR1,1,196.2,8.135,1.57,1.15,0.6,1,0,20.73
642,T04,S1_D1,S1,D1,1,205.8,5.834,1.12,1.15,7.99,1,0,15.62
643,T05,CR1_S3,CR1,S3,0,0.0,8.135,1.57,1.15,8.01,2,0,17.67
644,T07,S6_CR2,S6,CR2,1,214.8,8.342,1.9,1.35,2.56,1,0,27.29
645,T08,S6_CR2,S6,CR2,1,217.0,8.342,1.9,1.35,0.38,0,0,26.7
646,T08,D2_S4,D2,S4,0,0.0,6.638,1.49,1.35,8.03,2,1,31.46
647,T02,D2_S3,D2,S3,0,0.0,6.362,1.39,1.35,10.5,0,0,20.84
648,T03,S3_D2,S3,D2,1,182.8,6.362,1.39,1.35,2.8,2,0,25.71
649,T01,D2_S4,D2,S4,0,0.0,6.638,1.49,1.35,5.44,3,0,23.23
650,T06,CR2_S6,CR2,S6,0,0.0,8.342,1.9,1.35,6.35,5,0,25.51
651,T01,S4_D2,S4,D2,1,197.1,6.638,1.49,1.35,11.01,5,1,39.4
652,T05,D2_S3,D2,S3,0,0.0,6.362,1.39,1.35,8.27,2,0,20.46
653,T09,D2_S4,D2,S4,0,0.0,6.638,1.49,1.35,3.95,1,0,22.51
654,T10,S5_D1,S5,D1,1,181.1,6.724,1.12,1.15,0.25,2,0,21.64
655,T01,CR2_S6,CR2,S6,0,0.0,8.342,1.9,1.35,8.2,2,1,25.69
656,T04,CR2_S6,CR2,S6,0,0.0,8.342,1.9,1.35,5.92,1,0,21.23
657,T06,D2_S4,D2,S4,0,0.0,6.638,1.49,1.35,1.53,3,0,23.22
658,T05,S1_D1,S1,D1,1,191.7,5.834,1.12,1.15,4.6,4,0,17.74
659,T02,S3_CR1,S3,CR1,1,198.7,8.135,1.57,1.15,0.93,0,1,27.43
660,T02,CR1_S3,CR1,S3,0,0.0,8.135,1.57,1.15,7.65,3,0,17.69
661,T07,CR2_S6,CR2,S6,0,0.0,8.342,1.9,1.35,5.85,4,1,29.2
662,T05,S5_D1,S5,D1,1,193.8,6.724,1.12,1.15,11.08,0,0,21.63
663,T08,CR1_S2,CR1,S2,0,0.0,8.334,1.39,1.15,0.74,1,0,20.07
664,T07,S1_D1,S1,D1,1,210.2,5.834,1.12,1.15,3.35,1,0,13.8
665,T08,S4_D2,S4,D2,1,206.8,6.638,1.49,1.35,5.99,2,1,33.35
666,T10,S3_CR1,S3,CR1,1,189.4,8.135,1.57,1.15,1.21,2,0,21.65
667,T04,S2_CR1,S2,CR1,1,209.6,8.334,1.39,1.15,9.21,3,0,29.41
668,T09,CR1_S2,CR1,S2,0,0.0,8.334,1.39,1.15,9.27,2,0,23.54
669,T02,S3_CR1,S3,CR1,1,204.7,8.135,1.57,1.15,2.28,1,0,21.93
670,T08,CR1_S3,CR1,S3,0,0.0,8.135,1.57,1.15,11.83,4,1,24.38
671,T09,S2_CR1,S2,CR1,1,210.0,8.334,1.39,1.15,4.69,2,0,23.55
672,T07,D2_S3,D2,S3,0,0.0,6.362,1.39,1.35,2.25,0,1,26.48
673,T03,S3_D2,S3,D2,1,211.4,6.362,1.39,1.35,7.43,3,0,24.44
674,T02,S3_CR1,S3,CR1,1,200.8,8.135,1.57,1.15,1.17,2,0,21.58
675,T08,S1_CR1,S1,CR1,1,203.7,8.767,0.8,1.15,7.28,4,0,32.51
676,T07,S3_CR1,S3,CR1,1,196.3,8.135,1.57,1.15,1.02,5,0,22.62
677,T08,CR2_S6,CR2,S6,0,0.0,8.342,1.9,1.35,8.69,3,0,21.53
678,T05,CR1_S1,CR1,S1,0,0.0,8.767,0.8,1.15,6.31,5,0,22.22
679,T08,S5_D1,S5,D1,1,198.7,6.724,1.12,1.15,8.49,1,0,19.34
680,T05,CR2_S3,CR2,S3,0,0.0,6.579,1.9,1.35,8.02,3,0,18.04
681,T08,CR2_S6,CR2,S6,0,0.0,8.342,1.9,1.35,8.94,1,0,20.4
682,T08,S2_CR1,S2,CR1,1,215.2,8.334,1.39,1.15,9.89,1,0,29.34
683,T02,S1_CR1,S1,CR1,1,201.2,8.767,0.8,1.15,5.36,5,0,29.97
684,T05,S6_CR2,S6,CR2,1,174.5,8.342,1.9,1.35,9.61,2,0,28.52
685,T09,S3_CR2,S3,CR2,1,201.4,6.579,1.9,1.35,8.13,4,1,27.59
686,T01,S1_D1,S1,D1,1,191.1,5.834,1.12,1.15,7.54,4,0,16.18
687,T02,CR2_S6,CR2,S6,0,0.0,8.342,1.9,1.35,1.69,3,0,25.3
688,T09,D1_S1,D1,S1,0,0.0,5.834,1.12,1.15,11.52,2,0,11.61
689,T02,CR1_S2,CR1,S2,0,0.0,8.334,1.39,1.15,0.57,2,1,29.68
690,T10,S3_D2,S3,D2,1,191.9,6.362,1.39,1.35,6.06,3,0,26.84
691,T06,D1_S1,D1,S1,0,0.0,5.834,1.12,1.15,8.66,6,1,22.28
692,T08,CR1_S5,CR1,S5,0,0.0,10.342,0.89,1.15,8.67,0,0,26.58
693,T03,S1_CR1,S1,CR1,1,195.6,8.767,0.8,1.15,0.76,4,0,30.97
694,T01,CR1_S3,CR1,S3,0,0.0,8.135,1.57,1.15,8.22,7,0,19.95
695,T04,CR1_S2,CR1,S2,0,0.0,8.334,1.39,1.15,8.72,1,0,24.51
696,T04,S3_CR1,S3,CR1,1,204.7,8.135,1.57,1.15,7.46,5,0,23.51
697,T07,D2_S3,D2,S3,0,0.0,6.362,1.39,1.35,10.04,1,1,27.36
698,T07,S1_CR1,S1,CR1,1,179.0,8.767,0.8,1.15,10.7,1,0,24.25
699,T08,S1_CR1,S1,CR1,1,196.4,8.767,0.8,1.15,3.44,2,0,28.1
700,T07,D2_S3,D2,S3,0,0.0,6.362,1.39,1.35,10.49,0,1,30.26
701,T08,S3_D2,S3,D2,1,205.7,6.362,1.39,1.35,6.45,8,0,31.37
702,T06,CR1_S3,CR1,S3,0,0.0,8.135,1.57,1.15,0.11,0,0,16.42
703,T03,S4_CR2,S4,CR2,1,193.5,6.855,1.9,1.35,7.28,4,1,34.02
704,T07,CR1_S3,CR1,S3,0,0.0,8.135,1.57,1.15,1.73,2,0,16.58
705,T05,CR2_S6,CR2,S6,0,0.0,8.342,1.9,1.35,9.06,2,1,31.03
706,T04,CR1_S2,CR1,S2,0,0.0,8.334,1.39,1.15,4.27,4,1,29.11
707,T01,CR1_S5,CR1,S5,0,0.0,10.342,0.89,1.15,6.83,5,0,30.22
708,T01,S3_CR1,S3,CR1,1,203.3,8.135,1.57,1.15,5.45,4,1,27.12
709,T07,CR1_S5,CR1,S5,0,0.0,10.342,0.89,1.15,6.4,4,1,36.87
710,T06,S6_CR2,S6,CR2,1,201.0,8.342,1.9,1.35,0.69,4,0,29.35
711,T02,D1_S5,D1,S5,0,0.0,6.724,1.12,1.15,9.35,3,0,15.63
712,T10,S5_CR1,S5,CR1,1,214.4,10.342,0.89,1.15,6.59,4,0,35.19
713,T07,CR1_S1,CR1,S1,0,0.0,8.767,0.8,1.15,9.08,3,0,24.96
714,T06,S3_D2,S3,D2,1,201.4,6.362,1.39,1.35,10.38,1,0,24.11
715,T05,CR2_S3,CR2,S3,0,0.0,6.579,1.9,1.35,8.75,3,0,19.17
716,T08,CR1_S2,CR1,S2,0,0.0,8.334,1.39,1.15,3.98,2,0,21.8
717,T03,S6_CR2,S6,CR2,1,206.0,8.342,1.9,1.35,7.29,2,0,27.91
718,T10,S4_CR2,S4,CR2,1,202.9,6.855,1.9,1.35,6.2,4,0,24.35
719,T07,CR2_S3,CR2,S3,0,0.0,6.579,1.9,1.35,8.89,3,0,21.32
720,T10,S5_CR1,S5,CR1,1,172.6,10.342,0.89,1.15,5.51,6,0,35.27
721,T06,S4_CR2,S4,CR2,1,179.8,6.855,1.9,1.35,5.62,4,0,26.11
722,T04,CR1_S5,CR1,S5,0,0.0,10.342,0.89,1.15,1.08,3,0,26.55
723,T09,S6_CR2,S6,CR2,1,188.2,8.342,1.9,1.35,11.33,0,0,26.0
724,T07,S5_CR1,S5,CR1,1,180.5,10.342,0.89,1.15,5.73,5,0,35.35
725,T09,CR2_S4,CR2,S4,0,0.0,6.855,1.9,1.35,5.4,5,1,25.65
726,T05,CR2_S6,CR2,S6,0,0.0,8.342,1.9,1.35,6.24,5,0,23.88
727,T04,D2_S4,D2,S4,0,0.0,6.638,1.49,1.35,7.06,3,0,23.42
728,T07,CR2_S3,CR2,S3,0,0.0,6.579,1.9,1.35,9.34,4,1,22.6
729,T10,D2_S3,D2,S3,0,0.0,6.362,1.39,1.35,2.26,1,0,22.44
730,T04,S2_CR1,S2,CR1,1,216.9,8.334,1.39,1.15,9.82,3,1,33.91
731,T06,D2_S3,D2,S3,0,0.0,6.362,1.39,1.35,5.73,4,0,24.37
732,T01,CR1_S3,CR1,S3,0,0.0,8.135,1.57,1.15,2.81,0,0,15.93
733,T04,S5_D1,S5,D1,1,206.4,6.724,1.12,1.15,4.65,4,0,21.8
734,T04,D1_S1,D1,S1,0,0.0,5.834,1.12,1.15,10.98,1,1,16.84
735,T09,CR1_S3,CR1,S3,0,0.0,8.135,1.57,1.15,0.86,4,0,17.62
736,T02,CR1_S5,CR1,S5,0,0.0,10.342,0.89,1.15,7.55,4,0,27.31
737,T06,D2_S3,D2,S3,0,0.0,6.362,1.39,1.35,1.83,1,0,22.79
738,T09,CR1_S1,CR1,S1,0,0.0,8.767,0.8,1.15,10.27,1,1,31.36
739,T09,CR2_S3,CR2,S3,0,0.0,6.579,1.9,1.35,3.86,4,1,25.06
740,T02,S2_CR1,S2,CR1,1,213.9,8.334,1.39,1.15,9.07,1,1,36.58
741,T09,S1_D1,S1,D1,1,200.3,5.834,1.12,1.15,9.15,2,0,17.28
742,T05,S5_D1,S5,D1,1,198.1,6.724,1.12,1.15,4.56,3,0,22.39
743,T10,D1_S1,D1,S1,0,0.0,5.834,1.12,1.15,6.79,1,0,13.5
744,T10,CR1_S3,CR1,S3,0,0.0,8.135,1.57,1.15,7.85,2,0,18.57
745,T08,S5_D1,S5,D1,1,215.6,6.724,1.12,1.15,3.67,2,1,24.49
746,T04,S6_CR2,S6,CR2,1,185.0,8.342,1.9,1.35,10.9,0,0,26.9
747,T01,D2_S3,D2,S3,0,0.0,6.362,1.39,1.35,7.7,2,0,24.44
748,T09,S6_CR2,S6,CR2,1,184.3,8.342,1.9,1.35,7.93,2,1,29.75
749,T08,D1_S1,D1,S1,0,0.0,5.834,1.12,1.15,9.25,0,1,16.46
750,T01,CR2_S6,CR2,S6,0,0.0,8.342,1.9,1.35,3.91,2,0,23.43
751,T10,D1_S5,D1,S5,0,0.0,6.724,1.12,1.15,8.33,2,0,16.49
752,T05,S4_D2,S4,D2,1,186.8,6.638,1.49,1.35,7.94,3,0,29.18
753,T02,CR2_S4,CR2,S4,0,0.0,6.855,1.9,1.35,8.11,1,1,24.66
754,T09,S1_D1,S1,D1,1,182.3,5.834,1.12,1.15,9.51,2,0,15.28
755,T09,CR2_S3,CR2,S3,0,0.0,6.579,1.9,1.35,3.11,5,0,20.92
756,T01,CR2_S4,CR2,S4,0,0.0,6.855,1.9,1.35,7.09,1,0,18.38
757,T02,CR2_S6,CR2,S6,0,0.0,8.342,1.9,1.35,2.46,4,0,22.98
758,T07,D2_S3,D2,S3,0,0.0,6.362,1.39,1.35,9.63,4,0,23.09
759,T05,S3_D2,S3,D2,1,200.1,6.362,1.39,1.35,0.41,1,1,36.85
760,T01,CR2_S3,CR2,S3,0,0.0,6.579,1.9,1.35,9.67,0,0,16.24
761,T06,S4_D2,S4,D2,1,192.4,6.638,1.49,1.35,3.09,2,1,35.42
762,T02,S3_D2,S3,D2,1,219.4,6.362,1.39,1.35,5.43,1,0,26.36
763,T07,S3_D2,S3,D2,1,201.1,6.362,1.39,1.35,0.11,2,0,26.89
764,T04,S3_CR2,S3,CR2,1,202.3,6.579,1.9,1.35,4.99,4,0,24.49
765,T06,S3_D2,S3,D2,1,197.8,6.362,1.39,1.35,6.86,4,0,28.22
766,T09,S4_D2,S4,D2,1,175.6,6.638,1.49,1.35,9.03,4,0,28.71
767,T08,S5_CR1,S5,CR1,1,207.9,10.342,0.89,1.15,7.87,2,0,35.65
768,T03,CR1_S3,CR1,S3,0,0.0,8.135,1.57,1.15,6.07,2,0,18.38
769,T05,S4_CR2,S4,CR2,1,186.5,6.855,1.9,1.35,3.82,3,0,19.91
770,T10,CR1_S3,CR1,S3,0,0.0,8.135,1.57,1.15,9.07,3,0,18.28
771,T09,S1_D1,S1,D1,1,186.1,5.834,1.12,1.15,4.77,3,0,19.23
772,T07,S2_CR1,S2,CR1,1,169.0,8.334,1.39,1.15,6.02,4,0,32.0
773,T07,CR1_S2,CR1,S2,0,0.0,8.334,1.39,1.15,1.57,4,0,23.38
774,T05,S1_D1,S1,D1,1,183.9,5.834,1.12,1.15,4.6,3,0,17.46
775,T01,S4_D2,S4,D2,1,179.3,6.638,1.49,1.35,11.25,3,0,27.88
776,T02,S5_CR1,S5,CR1,1,204.2,10.342,0.89,1.15,0.55,2,0,34.89
777,T05,CR2_S6,CR2,S6,0,0.0,8.342,1.9,1.35,10.87,0,0,21.56
778,T06,CR1_S3,CR1,S3,0,0.0,8.135,1.57,1.15,0.67,2,0,18.8
779,T06,S4_CR2,S4,CR2,1,191.7,6.855,1.9,1.35,3.85,1,1,27.01
780,T10,S1_CR1,S1,CR1,1,189.5,8.767,0.8,1.15,8.04,0,0,26.43
781,T05,S3_CR1,S3,CR1,1,158.9,8.135,1.57,1.15,1.51,0,1,23.41
782,T01,S6_CR2,S6,CR2,1,186.6,8.342,1.9,1.35,9.1,2,1,35.73
783,T10,D2_S3,D2,S3,0,0.0,6.362,1.39,1.35,3.4,3,1,26.63
784,T04,CR2_S3,CR2,S3,0,0.0,6.579,1.9,1.35,10.75,4,0,22.4
785,T01,D2_S4,D2,S4,0,0.0,6.638,1.49,1.35,10.0,2,0,20.62
786,T02,D2_S3,D2,S3,0,0.0,6.362,1.39,1.35,3.17,0,0,20.63
787,T10,S1_CR1,S1,CR1,1,200.2,8.767,0.8,1.15,3.85,3,0,30.39
788,T07,CR2_S4,CR2,S4,0,0.0,6.855,1.9,1.35,6.88,5,1,27.14
789,T06,S4_CR2,S4,CR2,1,192.9,6.855,1.9,1.35,8.33,2,0,24.12
790,T05,S5_D1,S5,D1,1,199.5,6.724,1.12,1.15,3.95,0,0,19.37
791,T02,CR1_S2,CR1,S2,0,0.0,8.334,1.39,1.15,8.15,3,0,21.82
792,T10,S4_D2,S4,D2,1,219.1,6.638,1.49,1.35,8.78,2,1,31.99
793,T09,S6_CR2,S6,CR2,1,197.7,8.342,1.9,1.35,1.45,0,0,28.14
794,T05,S1_D1,S1,D1,1,169.4,5.834,1.12,1.15,5.17,4,1,24.08
795,T07,S4_CR2,S4,CR2,1,169.9,6.855,1.9,1.35,9.75,1,0,23.75
796,T10,D1_S5,D1,S5,0,0.0,6.724,1.12,1.15,4.85,4,0,16.84
797,T05,CR1_S2,CR1,S2,0,0.0,8.334,1.39,1.15,5.36,4,1,26.86
798,T10,CR1_S2,CR1,S2,0,0.0,8.334,1.39,1.15,4.68,3,0,24.3
799,T03,D2_S4,D2,S4,0,0.0,6.638,1.49,1.35,2.59,1,0,21.38
800,T10,S1_CR1,S1,CR1,1,213.3,8.767,0.8,1.15,0.42,7,1,44.54
801,T01,S2_CR1,S2,CR1,1,193.6,8.334,1.39,1.15,8.12,1,0,27.8
802,T01,S6_CR2,S6,CR2,1,211.2,8.342,1.9,1.35,10.42,4,0,29.03
803,T03,S6_CR2,S6,CR2,1,190.2,8.342,1.9,1.35,10.25,1,1,31.19
804,T02,S6_CR2,S6,CR2,1,194.2,8.342,1.9,1.35,4.84,5,0,31.16
805,T10,S5_D1,S5,D1,1,166.9,6.724,1.12,1.15,0.87,2,0,21.02
806,T01,S1_CR1,S1,CR1,1,179.1,8.767,0.8,1.15,4.98,5,1,38.94
807,T02,CR2_S3,CR2,S3,0,0.0,6.579,1.9,1.35,9.41,5,0,22.45
808,T01,S3_CR2,S3,CR2,1,175.2,6.579,1.9,1.35,1.02,0,0,22.79
809,T10,S5_D1,S5,D1,1,186.0,6.724,1.12,1.15,4.86,2,0,22.27
810,T09,S3_CR2,S3,CR2,1,184.3,6.579,1.9,1.35,9.96,4,0,26.19
811,T07,S1_CR1,S1,CR1,1,171.8,8.767,0.8,1.15,6.88,1,0,28.16
812,T08,S1_CR1,S1,CR1,1,183.0,8.767,0.8,1.15,4.1,3,0,26.62
813,T01,CR2_S6,CR2,S6,0,0.0,8.342,1.9,1.35,8.48,2,0,25.17
814,T01,D2_S3,D2,S3,0,0.0,6.362,1.39,1.35,4.45,5,0,24.22
815,T07,S1_CR1,S1,CR1,1,204.9,8.767,0.8,1.15,0.57,5,0,30.8
816,T05,CR1_S5,CR1,S5,0,0.0,10.342,0.89,1.15,2.11,5,0,30.57
817,T01,D2_S3,D2,S3,0,0.0,6.362,1.39,1.35,10.82,1,0,22.94
818,T09,S3_CR1,S3,CR1,1,194.1,8.135,1.57,1.15,10.33,1,0,21.33
819,T02,D1_S5,D1,S5,0,0.0,6.724,1.12,1.15,7.81,6,0,19.68
820,T01,S6_CR2,S6,CR2,1,196.7,8.342,1.9,1.35,1.54,3,0,29.28
821,T08,D1_S5,D1,S5,0,0.0,6.724,1.12,1.15,2.4,2,1,18.8
822,T05,S1_CR1,S1,CR1,1,207.4,8.767,0.8,1.15,8.03,2,0,30.21
823,T02,S3_CR1,S3,CR1,1,161.4,8.135,1.57,1.15,3.33,5,0,23.98
824,T08,CR1_S2,CR1,S2,0,0.0,8.334,1.39,1.15,6.93,3,0,26.68
825,T01,S2_CR1,S2,CR1,1,204.1,8.334,1.39,1.15,1.12,3,0,29.83
826,T03,S3_CR2,S3,CR2,1,172.4,6.579,1.9,1.35,5.54,4,1,34.12
827,T10,S3_D2,S3,D2,1,204.7,6.362,1.39,1.35,0.08,1,1,29.36
828,T03,D2_S3,D2,S3,0,0.0,6.362,1.39,1.35,0.66,1,1,27.13
829,T03,D2_S4,D2,S4,0,0.0,6.638,1.49,1.35,4.89,1,0,23.44
830,T10,S4_CR2,S4,CR2,1,185.4,6.855,1.9,1.35,9.68,2,0,23.54
831,T09,S1_D1,S1,D1,1,210.5,5.834,1.12,1.15,7.98,1,1,20.27
832,T09,CR1_S1,CR1,S1,0,0.0,8.767,0.8,1.15,2.06,3,0,21.12
833,T09,CR1_S3,CR1,S3,0,0.0,8.135,1.57,1.15,2.97,4,0,18.87
834,T01,S5_CR1,S5,CR1,1,183.4,10.342,0.89,1.15,7.5,2,0,37.95
835,T10,D2_S3,D2,S3,0,0.0,6.362,1.39,1.35,11.08,2,0,22.18
836,T05,CR1_S1,CR1,S1,0,0.0,8.767,0.8,1.15,7.59,3,0,23.79
837,T01,S1_CR1,S1,CR1,1,212.7,8.767,0.8,1.15,4.7,4,1,38.69
838,T02,D2_S3,D2,S3,0,0.0,6.362,1.39,1.35,9.61,2,0,22.88
839,T05,CR2_S4,CR2,S4,0,0.0,6.855,1.9,1.35,10.13,1,0,15.06
840,T10,CR1_S1,CR1,S1,0,0.0,8.767,0.8,1.15,11.29,3,0,21.92
841,T06,D1_S5,D1,S5,0,0.0,6.724,1.12,1.15,5.42,4,0,16.98
842,T03,S5_D1,S5,D1,1,189.1,6.724,1.12,1.15,1.9,3,0,19.37
843,T08,S4_CR2,S4,CR2,1,220.0,6.855,1.9,1.35,5.58,5,0,27.21
844,T10,S1_D1,S1,D1,1,205.0,5.834,1.12,1.15,5.95,3,1,18.16
845,T07,D2_S4,D2,S4,0,0.0,6.638,1.49,1.35,4.15,1,0,22.59
846,T06,S3_CR2,S3,CR2,1,210.4,6.579,1.9,1.35,10.46,0,0,19.7
847,T03,CR1_S2,CR1,S2,0,0.0,8.334,1.39,1.15,4.66,2,0,22.27
848,T03,D2_S3,D2,S3,0,0.0,6.362,1.39,1.35,4.61,5,0,28.73
849,T01,S5_CR1,S5,CR1,1,193.7,10.342,0.89,1.15,3.09,3,0,38.87
850,T08,S1_D1,S1,D1,1,178.3,5.834,1.12,1.15,9.73,0,0,13.81
851,T07,CR1_S3,CR1,S3,0,0.0,8.135,1.57,1.15,8.79,4,0,18.19
852,T01,CR2_S4,CR2,S4,0,0.0,6.855,1.9,1.35,11.66,0,0,17.63
853,T03,CR1_S2,CR1,S2,0,0.0,8.334,1.39,1.15,7.6,2,1,30.02
854,T10,S6_CR2,S6,CR2,1,187.1,8.342,1.9,1.35,7.02,5,0,30.35
855,T07,S1_D1,S1,D1,1,180.2,5.834,1.12,1.15,3.35,1,0,17.41
856,T10,S4_CR2,S4,CR2,1,200.4,6.855,1.9,1.35,0.46,2,0,22.73
857,T09,S1_D1,S1,D1,1,196.3,5.834,1.12,1.15,10.74,2,0,15.13
858,T04,S3_CR2,S3,CR2,1,195.9,6.579,1.9,1.35,9.09,2,0,21.92
859,T05,CR2_S3,CR2,S3,0,0.0,6.579,1.9,1.35,3.88,3,0,20.6
860,T01,CR2_S4,CR2,S4,0,0.0,6.855,1.9,1.35,7.3,4,0,19.42
861,T04,D1_S1,D1,S1,0,0.0,5.834,1.12,1.15,9.08,2,0,14.15
862,T04,S4_D2,S4,D2,1,176.4,6.638,1.49,1.35,8.12,5,0,30.74
863,T02,CR2_S3,CR2,S3,0,0.0,6.579,1.9,1.35,4.93,3,0,19.13
864,T06,S1_D1,S1,D1,1,211.8,5.834,1.12,1.15,2.95,0,0,14.47
865,T05,CR2_S3,CR2,S3,0,0.0,6.579,1.9,1.35,6.4,4,0,19.96
866,T01,S3_D2,S3,D2,1,191.7,6.362,1.39,1.35,8.53,1,0,23.76
867,T09,S1_D1,S1,D1,1,177.5,5.834,1.12,1.15,5.77,4,0,17.14
868,T06,CR1_S1,CR1,S1,0,0.0,8.767,0.8,1.15,5.77,4,0,25.93
869,T04,CR1_S1,CR1,S1,0,0.0,8.767,0.8,1.15,8.76,5,0,26.17
870,T10,D2_S3,D2,S3,0,0.0,6.362,1.39,1.35,6.37,3,0,23.4
871,T09,S4_CR2,S4,CR2,1,172.5,6.855,1.9,1.35,3.84,3,0,24.96
872,T02,CR1_S5,CR1,S5,0,0.0,10.342,0.89,1.15,11.45,3,0,29.4
873,T09,CR2_S6,CR2,S6,0,0.0,8.342,1.9,1.35,1.51,1,0,22.84
874,T09,S1_D1,S1,D1,1,182.4,5.834,1.12,1.15,2.06,2,1,20.97
875,T09,CR2_S4,CR2,S4,0,0.0,6.855,1.9,1.35,7.3,3,0,20.32
876,T08,D1_S5,D1,S5,0,0.0,6.724,1.12,1.15,4.85,3,0,16.99
877,T10,S3_D2,S3,D2,1,200.2,6.362,1.39,1.35,3.03,2,0,26.44
878,T09,CR1_S1,CR1,S1,0,0.0,8.767,0.8,1.15,4.62,3,0,24.52
879,T02,S4_D2,S4,D2,1,172.8,6.638,1.49,1.35,0.63,2,0,25.07
880,T01,CR1_S5,CR1,S5,0,0.0,10.342,0.89,1.15,2.88,4,1,38.07
881,T10,S5_CR1,S5,CR1,1,177.6,10.342,0.89,1.15,2.46,1,1,37.78
882,T10,S4_D2,S4,D2,1,200.4,6.638,1.49,1.35,4.21,5,0,29.27
883,T05,CR2_S6,CR2,S6,0,0.0,8.342,1.9,1.35,5.22,8,0,25.43
884,T09,CR2_S3,CR2,S3,0,0.0,6.579,1.9,1.35,11.14,1,0,17.08
885,T07,CR2_S3,CR2,S3,0,0.0,6.579,1.9,1.35,11.71,2,0,18.43
886,T06,S5_D1,S5,D1,1,209.4,6.724,1.12,1.15,7.55,3,0,22.47
887,T01,S3_D2,S3,D2,1,178.4,6.362,1.39,1.35,7.09,4,0,30.09
888,T07,D2_S3,D2,S3,0,0.0,6.362,1.39,1.35,3.02,3,1,33.12
889,T09,D1_S1,D1,S1,0,0.0,5.834,1.12,1.15,4.11,1,0,11.31
890,T10,CR1_S2,CR1,S2,0,0.0,8.334,1.39,1.15,8.91,2,1,29.41
891,T10,CR2_S3,CR2,S3,0,0.0,6.579,1.9,1.35,0.89,3,1,23.77
892,T06,S2_CR1,S2,CR1,1,195.9,8.334,1.39,1.15,2.49,0,0,26.64
893,T04,S3_D2,S3,D2,1,198.4,6.362,1.39,1.35,9.17,8,1,36.05
894,T05,S5_CR1,S5,CR1,1,187.0,10.342,0.89,1.15,6.52,6,1,43.96
895,T10,S6_CR2,S6,CR2,1,165.1,8.342,1.9,1.35,3.42,1,0,28.6
896,T03,S4_CR2,S4,CR2,1,204.3,6.855,1.9,1.35,1.18,4,0,25.47
897,T04,S4_CR2,S4,CR2,1,193.9,6.855,1.9,1.35,6.33,3,0,25.51
898,T02,CR1_S1,CR1,S1,0,0.0,8.767,0.8,1.15,7.81,3,0,25.08
899,T07,S2_CR1,S2,CR1,1,218.8,8.334,1.39,1.15,5.63,3,0,30.31
900,T07,CR2_S4,CR2,S4,0,0.0,6.855,1.9,1.35,9.96,3,0,17.68
901,T07,S6_CR2,S6,CR2,1,208.8,8.342,1.9,1.35,8.45,6,0,31.79
902,T10,D1_S1,D1,S1,0,0.0,5.834,1.12,1.15,10.21,1,1,16.71
903,T05,D1_S1,D1,S1,0,0.0,5.834,1.12,1.15,10.65,1,0,13.07
904,T06,D1_S1,D1,S1,0,0.0,5.834,1.12,1.15,3.04,1,1,14.63
905,T04,S4_CR2,S4,CR2,1,189.1,6.855,1.9,1.35,0.56,1,0,21.73
906,T01,S3_D2,S3,D2,1,179.2,6.362,1.39,1.35,0.86,1,0,27.44
907,T08,CR2_S6,CR2,S6,0,0.0,8.342,1.9,1.35,11.82,1,0,19.35
908,T01,S4_D2,S4,D2,1,186.8,6.638,1.49,1.35,11.34,1,0,29.34
909,T06,D2_S3,D2,S3,0,0.0,6.362,1.39,1.35,3.96,5,0,21.77
910,T06,S1_CR1,S1,CR1,1,197.8,8.767,0.8,1.15,0.27,0,1,39.21
911,T04,S1_CR1,S1,CR1,1,212.6,8.767,0.8,1.15,9.38,1,0,27.43
912,T02,S6_CR2,S6,CR2,1,181.0,8.342,1.9,1.35,0.43,1,1,35.82
913,T03,CR1_S2,CR1,S2,0,0.0,8.334,1.39,1.15,5.12,1,0,22.74
914,T08,S3_D2,S3,D2,1,205.3,6.362,1.39,1.35,7.98,2,0,27.63
915,T02,S4_D2,S4,D2,1,202.8,6.638,1.49,1.35,8.55,2,0,25.49
916,T04,S2_CR1,S2,CR1,1,212.9,8.334,1.39,1.15,5.43,3,1,36.04
917,T09,S5_D1,S5,D1,1,211.1,6.724,1.12,1.15,10.91,0,0,20.86
918,T07,S3_CR1,S3,CR1,1,165.6,8.135,1.57,1.15,1.64,5,0,24.64
919,T05,CR1_S2,CR1,S2,0,0.0,8.334,1.39,1.15,6.16,3,0,23.78
920,T09,S3_D2,S3,D2,1,184.5,6.362,1.39,1.35,4.87,2,0,26.72
921,T09,S5_D1,S5,D1,1,200.7,6.724,1.12,1.15,8.21,2,0,19.55
922,T06,D1_S5,D1,S5,0,0.0,6.724,1.12,1.15,2.1,1,0,15.46
923,T04,S4_CR2,S4,CR2,1,212.8,6.855,1.9,1.35,3.53,1,0,20.77
924,T08,S4_D2,S4,D2,1,189.6,6.638,1.49,1.35,9.31,3,0,28.57
925,T06,S6_CR2,S6,CR2,1,199.5,8.342,1.9,1.35,6.36,6,0,33.59
926,T02,S3_D2,S3,D2,1,194.6,6.362,1.39,1.35,1.86,1,0,25.22
927,T10,S1_D1,S1,D1,1,213.0,5.834,1.12,1.15,0.24,3,0,17.13
928,T05,D1_S5,D1,S5,0,0.0,6.724,1.12,1.15,10.74,5,0,17.77
929,T05,CR1_S2,CR1,S2,0,0.0,8.334,1.39,1.15,3.18,3,0,21.3
930,T03,S4_CR2,S4,CR2,1,179.9,6.855,1.9,1.35,5.29,6,0,26.49
931,T07,CR1_S5,CR1,S5,0,0.0,10.342,0.89,1.15,11.53,0,1,34.05
932,T01,CR1_S1,CR1,S1,0,0.0,8.767,0.8,1.15,0.41,1,0,20.16
933,T02,S1_D1,S1,D1,1,187.7,5.834,1.12,1.15,7.27,3,0,17.59
934,T01,S1_CR1,S1,CR1,1,220.0,8.767,0.8,1.15,3.17,0,0,25.58
935,T02,S2_CR1,S2,CR1,1,178.2,8.334,1.39,1.15,4.2,7,0,27.55
936,T09,D2_S3,D2,S3,0,0.0,6.362,1.39,1.35,5.12,8,0,27.59
937,T08,S4_D2,S4,D2,1,205.0,6.638,1.49,1.35,2.58,1,1,34.71
938,T02,S3_CR2,S3,CR2,1,170.6,6.579,1.9,1.35,11.78,1,1,26.71
939,T03,S1_D1,S1,D1,1,220.0,5.834,1.12,1.15,0.37,5,1,24.49
940,T09,CR1_S2,CR1,S2,0,0.0,8.334,1.39,1.15,4.62,3,0,24.91
941,T07,D1_S1,D1,S1,0,0.0,5.834,1.12,1.15,1.97,2,0,12.87
942,T10,D1_S5,D1,S5,0,0.0,6.724,1.12,1.15,0.44,2,1,19.69
943,T10,D1_S1,D1,S1,0,0.0,5.834,1.12,1.15,3.83,1,0,12.43
944,T02,S3_CR1,S3,CR1,1,194.0,8.135,1.57,1.15,11.58,2,0,21.58
945,T05,S1_CR1,S1,CR1,1,188.5,8.767,0.8,1.15,1.89,2,1,34.94
946,T01,S3_CR2,S3,CR2,1,209.4,6.579,1.9,1.35,0.49,0,0,23.22
947,T06,S1_CR1,S1,CR1,1,190.3,8.767,0.8,1.15,8.51,3,1,40.13
948,T05,S1_CR1,S1,CR1,1,205.5,8.767,0.8,1.15,7.0,2,0,26.42
949,T02,CR1_S5,CR1,S5,0,0.0,10.342,0.89,1.15,11.04,0,0,27.5
950,T09,CR1_S2,CR1,S2,0,0.0,8.334,1.39,1.15,2.9,1,0,22.08
951,T05,S5_D1,S5,D1,1,203.1,6.724,1.12,1.15,0.74,2,0,20.97
952,T05,S1_D1,S1,D1,1,194.8,5.834,1.12,1.15,7.3,2,0,16.88
953,T10,CR1_S5,CR1,S5,0,0.0,10.342,0.89,1.15,6.79,4,1,41.3
954,T10,S3_D2,S3,D2,1,176.2,6.362,1.39,1.35,7.02,1,0,25.66
955,T07,CR1_S3,CR1,S3,0,0.0,8.135,1.57,1.15,0.73,2,0,17.84
956,T09,D1_S1,D1,S1,0,0.0,5.834,1.12,1.15,1.68,2,0,13.06
957,T10,CR1_S1,CR1,S1,0,0.0,8.767,0.8,1.15,10.95,5,0,26.06
958,T09,CR1_S5,CR1,S5,0,0.0,10.342,0.89,1.15,9.97,2,0,27.95
959,T09,S3_CR1,S3,CR1,1,195.5,8.135,1.57,1.15,8.66,0,0,22.58
960,T08,S4_CR2,S4,CR2,1,174.5,6.855,1.9,1.35,2.06,3,0,23.33
961,T07,S1_CR1,S1,CR1,1,189.2,8.767,0.8,1.15,4.68,7,0,28.79
962,T09,CR1_S1,CR1,S1,0,0.0,8.767,0.8,1.15,6.78,6,0,25.77
963,T04,S4_D2,S4,D2,1,194.6,6.638,1.49,1.35,7.1,2,1,34.6
964,T02,S1_CR1,S1,CR1,1,191.9,8.767,0.8,1.15,6.65,6,0,32.82
965,T05,S5_D1,S5,D1,1,192.7,6.724,1.12,1.15,7.05,2,0,20.99
966,T01,S6_CR2,S6,CR2,1,166.7,8.342,1.9,1.35,11.73,0,0,25.81
967,T09,S3_D2,S3,D2,1,208.0,6.362,1.39,1.35,7.56,3,0,26.66
968,T03,S1_D1,S1,D1,1,173.9,5.834,1.12,1.15,0.63,1,1,21.13
969,T07,S1_D1,S1,D1,1,190.5,5.834,1.12,1.15,10.46,2,0,15.36
970,T10,D2_S3,D2,S3,0,0.0,6.362,1.39,1.35,5.11,5,1,33.73
971,T04,S1_CR1,S1,CR1,1,188.5,8.767,0.8,1.15,11.71,1,1,32.92
972,T07,CR1_S1,CR1,S1,0,0.0,8.767,0.8,1.15,11.13,1,0,22.89
973,T02,CR2_S6,CR2,S6,0,0.0,8.342,1.9,1.35,2.41,4,0,23.48
974,T06,D1_S5,D1,S5,0,0.0,6.724,1.12,1.15,6.06,1,0,15.61
975,T10,S1_D1,S1,D1,1,218.0,5.834,1.12,1.15,4.44,5,0,20.03
976,T06,S6_CR2,S6,CR2,1,183.4,8.342,1.9,1.35,1.66,2,0,26.11
977,T04,CR2_S3,CR2,S3,0,0.0,6.579,1.9,1.35,8.43,3,0,19.63
978,T05,CR1_S1,CR1,S1,0,0.0,8.767,0.8,1.15,6.92,3,0,24.24
979,T08,S6_CR2,S6,CR2,1,189.6,8.342,1.9,1.35,3.19,3,0,24.69
980,T10,CR2_S4,CR2,S4,0,0.0,6.855,1.9,1.35,3.01,5,0,22.99
981,T02,D1_S1,D1,S1,0,0.0,5.834,1.12,1.15,3.0,3,0,13.99
982,T09,CR1_S5,CR1,S5,0,0.0,10.342,0.89,1.15,4.86,4,0,31.52
983,T05,S3_CR1,S3,CR1,1,211.6,8.135,1.57,1.15,6.52,3,1,26.73
984,T10,S4_D2,S4,D2,1,200.1,6.638,1.49,1.35,1.3,2,0,24.72
985,T01,S4_D2,S4,D2,1,163.4,6.638,1.49,1.35,1.58,1,1,36.56
986,T09,S3_CR1,S3,CR1,1,210.2,8.135,1.57,1.15,7.08,1,1,28.22
987,T10,D1_S5,D1,S5,0,0.0,6.724,1.12,1.15,2.17,3,0,20.34
988,T03,CR1_S3,CR1,S3,0,0.0,8.135,1.57,1.15,1.12,5,0,18.24
989,T06,S4_D2,S4,D2,1,195.0,6.638,1.49,1.35,8.24,4,0,27.45
990,T03,S2_CR1,S2,CR1,1,208.1,8.334,1.39,1.15,3.2,5,0,34.86
991,T02,D1_S1,D1,S1,0,0.0,5.834,1.12,1.15,11.14,2,1,17.47
992,T05,S6_CR2,S6,CR2,1,194.4,8.342,1.9,1.35,10.09,1,0,24.4
993,T03,S5_D1,S5,D1,1,191.6,6.724,1.12,1.15,6.41,7,0,23.49
994,T05,CR2_S3,CR2,S3,0,0.0,6.579,1.9,1.35,7.6,1,0,17.23
995,T08,S3_CR1,S3,CR1,1,188.2,8.135,1.57,1.15,3.72,4,0,22.13
996,T04,S4_D2,S4,D2,1,204.5,6.638,1.49,1.35,8.66,0,0,25.48
997,T03,CR2_S6,CR2,S6,0,0.0,8.342,1.9,1.35,7.31,6,0,25.21
998,T05,D2_S3,D2,S3,0,0.0,6.362,1.39,1.35,1.06,0,0,20.55
999,T05,CR1_S5,CR1,S5,0,0.0,10.342,0.89,1.15,0.77,2,0,24.94
1000,T06,CR1_S3,CR1,S3,0,0.0,8.135,1.57,1.15,8.55,6,0,19.87
1001,T01,D2_S3,D2,S3,0,0.0,6.362,1.39,1.35,7.39,4,0,24.58
1002,T08,S4_CR2,S4,CR2,1,209.1,6.855,1.9,1.35,6.36,3,0,22.59
1003,T05,S3_CR2,S3,CR2,1,214.5,6.579,1.9,1.35,9.14,0,0,22.53
1004,T07,D1_S5,D1,S5,0,0.0,6.724,1.12,1.15,10.28,0,0,15.63
1005,T05,S1_CR1,S1,CR1,1,210.7,8.767,0.8,1.15,6.16,3,1,35.4
1006,T10,S1_D1,S1,D1,1,203.2,5.834,1.12,1.15,2.94,4,0,18.49
1007,T10,CR2_S4,CR2,S4,0,0.0,6.855,1.9,1.35,8.34,3,0,17.51
1008,T06,S5_CR1,S5,CR1,1,212.7,10.342,0.89,1.15,10.52,2,0,35.73
1009,T10,S5_CR1,S5,CR1,1,181.3,10.342,0.89,1.15,0.1,0,0,31.69
1010,T05,S2_CR1,S2,CR1,1,194.8,8.334,1.39,1.15,3.53,2,0,28.37
1011,T03,CR1_S3,CR1,S3,0,0.0,8.135,1.57,1.15,1.04,1,1,18.57
1012,T10,CR1_S1,CR1,S1,0,0.0,8.767,0.8,1.15,3.17,4,0,25.74
1013,T01,D1_S1,D1,S1,0,0.0,5.834,1.12,1.15,9.94,2,0,12.91
1014,T04,D2_S3,D2,S3,0,0.0,6.362,1.39,1.35,3.56,2,0,21.31
1015,T08,S6_CR2,S6,CR2,1,174.8,8.342,1.9,1.35,0.53,3,0,26.43
1016,T04,CR2_S3,CR2,S3,0,0.0,6.579,1.9,1.35,4.56,4,0,21.01
1017,T05,CR1_S2,CR1,S2,0,0.0,8.334,1.39,1.15,3.1,4,0,25.46
1018,T03,D2_S3,D2,S3,0,0.0,6.362,1.39,1.35,4.76,1,0,19.19
1019,T04,CR2_S3,CR2,S3,0,0.0,6.579,1.9,1.35,0.09,1,1,21.08
1020,T05,D1_S1,D1,S1,0,0.0,5.834,1.12,1.15,0.52,1,0,10.37
1021,T01,S4_D2,S4,D2,1,153.4,6.638,1.49,1.35,11.47,1,0,26.17
1022,T04,S3_CR1,S3,CR1,1,185.2,8.135,1.57,1.15,11.5,1,0,20.94
1023,T02,CR2_S3,CR2,S3,0,0.0,6.579,1.9,1.35,7.71,2,0,17.97
1024,T09,S3_CR1,S3,CR1,1,174.2,8.135,1.57,1.15,4.29,3,0,22.46
1025,T02,S5_CR1,S5,CR1,1,190.9,10.342,0.89,1.15,0.86,0,0,34.37
1026,T01,S3_CR1,S3,CR1,1,184.6,8.135,1.57,1.15,1.75,0,0,21.64
1027,T10,CR2_S3,CR2,S3,0,0.0,6.579,1.9,1.35,3.3,5,0,23.06
1028,T06,S1_CR1,S1,CR1,1,212.7,8.767,0.8,1.15,5.88,3,0,28.98
1029,T05,D1_S5,D1,S5,0,0.0,6.724,1.12,1.15,8.56,1,1,20.01
1030,T08,S6_CR2,S6,CR2,1,180.1,8.342,1.9,1.35,11.33,2,0,27.42
1031,T10,CR1_S3,CR1,S3,0,0.0,8.135,1.57,1.15,8.87,1,0,18.18
1032,T06,S5_D1,S5,D1,1,176.8,6.724,1.12,1.15,4.78,0,0,18.36
1033,T08,CR1_S1,CR1,S1,0,0.0,8.767,0.8,1.15,5.88,2,0,23.04
1034,T06,S5_D1,S5,D1,1,194.5,6.724,1.12,1.15,10.84,0,0,19.7
1035,T04,S5_CR1,S5,CR1,1,207.1,10.342,0.89,1.15,5.08,4,0,32.54
1036,T08,S6_CR2,S6,CR2,1,188.9,8.342,1.9,1.35,11.48,4,0,29.25
1037,T02,D2_S4,D2,S4,0,0.0,6.638,1.49,1.35,9.5,2,0,23.08
1038,T10,S5_D1,S5,D1,1,212.8,6.724,1.12,1.15,11.85,2,0,20.44
1039,T05,S3_D2,S3,D2,1,220.0,6.362,1.39,1.35,11.34,1,0,27.89
1040,T06,S3_CR2,S3,CR2,1,182.1,6.579,1.9,1.35,0.47,2,0,22.13
1041,T07,S1_D1,S1,D1,1,220.0,5.834,1.12,1.15,4.66,2,0,15.91
1042,T10,D1_S1,D1,S1,0,0.0,5.834,1.12,1.15,3.95,1,0,12.66
1043,T03,D2_S4,D2,S4,0,0.0,6.638,1.49,1.35,4.95,1,0,22.95
1044,T01,CR2_S6,CR2,S6,0,0.0,8.342,1.9,1.35,7.92,2,0,20.77
1045,T06,CR1_S5,CR1,S5,0,0.0,10.342,0.89,1.15,2.48,1,0,26.72
1046,T02,D2_S3,D2,S3,0,0.0,6.362,1.39,1.35,0.03,2,1,28.69
1047,T10,S3_CR1,S3,CR1,1,183.9,8.135,1.57,1.15,0.21,1,0,20.29
1048,T08,D2_S4,D2,S4,0,0.0,6.638,1.49,1.35,9.35,1,0,21.69
1049,T03,CR1_S3,CR1,S3,0,0.0,8.135,1.57,1.15,1.57,1,0,17.6
1050,T09,D2_S4,D2,S4,0,0.0,6.638,1.49,1.35,8.72,3,0,22.22
1051,T05,S5_D1,S5,D1,1,208.4,6.724,1.12,1.15,9.51,1,0,18.68
1052,T09,D2_S4,D2,S4,0,0.0,6.638,1.49,1.35,1.28,2,0,22.53
1053,T09,S3_CR2,S3,CR2,1,175.0,6.579,1.9,1.35,11.65,3,0,23.14
1054,T02,S5_D1,S5,D1,1,212.7,6.724,1.12,1.15,5.06,6,0,24.55
1055,T04,D1_S1,D1,S1,0,0.0,5.834,1.12,1.15,7.91,1,1,14.76
1056,T08,S6_CR2,S6,CR2,1,187.6,8.342,1.9,1.35,5.86,5,0,29.89
1057,T10,CR1_S2,CR1,S2,0,0.0,8.334,1.39,1.15,5.6,3,0,23.15
1058,T03,S3_CR1,S3,CR1,1,196.0,8.135,1.57,1.15,8.36,3,0,23.46
1059,T01,D1_S1,D1,S1,0,0.0,5.834,1.12,1.15,10.59,2,1,17.21
1060,T01,S3_CR1,S3,CR1,1,207.3,8.135,1.57,1.15,9.73,4,0,21.91
1061,T02,S3_CR2,S3,CR2,1,213.1,6.579,1.9,1.35,6.05,4,0,22.35
1062,T10,CR1_S5,CR1,S5,0,0.0,10.342,0.89,1.15,4.03,1,0,29.69
1063,T02,S5_CR1,S5,CR1,1,205.4,10.342,0.89,1.15,0.06,1,0,32.23
1064,T01,S1_D1,S1,D1,1,182.5,5.834,1.12,1.15,6.96,2,0,17.03
1065,T10,CR1_S5,CR1,S5,0,0.0,10.342,0.89,1.15,6.79,2,0,28.84
1066,T10,D1_S1,D1,S1,0,0.0,5.834,1.12,1.15,2.16,1,0,13.08
1067,T09,S3_CR2,S3,CR2,1,204.9,6.579,1.9,1.35,2.64,4,0,25.4
1068,T09,D1_S5,D1,S5,0,0.0,6.724,1.12,1.15,7.57,2,1,22.44
1069,T09,CR1_S1,CR1,S1,0,0.0,8.767,0.8,1.15,3.17,3,0,23.82
1070,T01,S2_CR1,S2,CR1,1,188.9,8.334,1.39,1.15,6.95,8,0,31.41
1071,T08,CR2_S4,CR2,S4,0,0.0,6.855,1.9,1.35,0.65,0,0,17.54
1072,T10,D1_S1,D1,S1,0,0.0,5.834,1.12,1.15,3.04,1,0,12.94
1073,T04,S1_D1,S1,D1,1,152.4,5.834,1.12,1.15,4.65,2,0,17.06
1074,T04,S1_D1,S1,D1,1,212.6,5.834,1.12,1.15,7.06,6,0,19.41
1075,T07,CR1_S1,CR1,S1,0,0.0,8.767,0.8,1.15,5.82,8,0,26.64
1076,T08,S2_CR1,S2,CR1,1,190.0,8.334,1.39,1.15,9.82,0,0,23.24
1077,T03,D2_S4,D2,S4,0,0.0,6.638,1.49,1.35,5.23,3,0,23.45
1078,T08,CR2_S4,CR2,S4,0,0.0,6.855,1.9,1.35,0.65,4,0,20.32
1079,T06,D1_S5,D1,S5,0,0.0,6.724,1.12,1.15,6.72,6,1,27.53
1080,T06,S4_D2,S4,D2,1,170.5,6.638,1.49,1.35,11.71,3,0,28.89
1081,T03,S4_D2,S4,D2,1,200.4,6.638,1.49,1.35,1.69,1,0,24.34
1082,T02,S5_CR1,S5,CR1,1,203.9,10.342,0.89,1.15,9.09,5,0,39.81
1083,T06,S1_D1,S1,D1,1,190.7,5.834,1.12,1.15,3.8,1,0,15.01
1084,T07,D1_S1,D1,S1,0,0.0,5.834,1.12,1.15,9.03,5,0,15.3
1085,T01,S5_CR1,S5,CR1,1,190.9,10.342,0.89,1.15,0.68,4,1,42.67
1086,T09,D2_S4,D2,S4,0,0.0,6.638,1.49,1.35,0.76,0,0,19.17
1087,T04,CR2_S6,CR2,S6,0,0.0,8.342,1.9,1.35,11.59,1,0,19.62
1088,T03,S4_D2,S4,D2,1,220.0,6.638,1.49,1.35,5.87,3,0,29.25
1089,T02,S2_CR1,S2,CR1,1,185.8,8.334,1.39,1.15,6.67,1,0,30.79
1090,T07,S5_CR1,S5,CR1,1,212.7,10.342,0.89,1.15,10.99,1,0,34.95
1091,T06,D1_S5,D1,S5,0,0.0,6.724,1.12,1.15,8.62,0,0,16.37
1092,T08,S3_CR2,S3,CR2,1,194.6,6.579,1.9,1.35,8.18,3,1,28.44
1093,T09,S5_CR1,S5,CR1,1,182.5,10.342,0.89,1.15,0.38,3,0,35.14
1094,T05,D1_S1,D1,S1,0,0.0,5.834,1.12,1.15,4.7,3,0,15.36
1095,T08,D2_S3,D2,S3,0,0.0,6.362,1.39,1.35,2.75,3,0,19.65
1096,T05,S4_D2,S4,D2,1,186.5,6.638,1.49,1.35,5.02,4,0,27.65
1097,T04,S3_D2,S3,D2,1,186.4,6.362,1.39,1.35,9.15,4,0,31.52
1098,T04,S2_CR1,S2,CR1,1,175.3,8.334,1.39,1.15,10.19,2,0,27.59
1099,T05,S5_D1,S5,D1,1,200.6,6.724,1.12,1.15,11.83,2,0,21.41
1100,T07,D1_S1,D1,S1,0,0.0,5.834,1.12,1.15,2.46,2,0,12.98
1101,T03,S4_D2,S4,D2,1,183.3,6.638,1.49,1.35,6.84,5,0,29.05
1102,T05,S3_CR1,S3,CR1,1,195.5,8.135,1.57,1.15,8.48,2,0,21.11
1103,T04,CR1_S5,CR1,S5,0,0.0,10.342,0.89,1.15,10.33,4,0,29.63
1104,T02,S1_D1,S1,D1,1,169.1,5.834,1.12,1.15,3.2,4,0,18.63
1105,T01,D1_S5,D1,S5,0,0.0,6.724,1.12,1.15,2.21,1,0,15.92
1106,T05,S6_CR2,S6,CR2,1,194.4,8.342,1.9,1.35,4.78,3,0,27.15
1107,T04,S3_CR2,S3,CR2,1,194.4,6.579,1.9,1.35,7.48,4,0,26.21
1108,T08,S6_CR2,S6,CR2,1,188.2,8.342,1.9,1.35,7.89,6,0,30.85
1109,T10,S2_CR1,S2,CR1,1,185.0,8.334,1.39,1.15,8.56,0,1,30.04
1110,T05,CR2_S4,CR2,S4,0,0.0,6.855,1.9,1.35,11.72,2,0,16.87
1111,T04,S1_CR1,S1,CR1,1,220.0,8.767,0.8,1.15,2.29,3,1,32.45
1112,T06,S5_D1,S5,D1,1,188.0,6.724,1.12,1.15,3.48,2,1,23.64
1113,T07,S3_CR2,S3,CR2,1,209.1,6.579,1.9,1.35,1.7,4,0,29.0
1114,T10,D1_S1,D1,S1,0,0.0,5.834,1.12,1.15,1.28,2,0,12.96
1115,T06,CR1_S5,CR1,S5,0,0.0,10.342,0.89,1.15,1.2,5,0,28.98
1116,T10,D2_S3,D2,S3,0,0.0,6.362,1.39,1.35,7.28,6,0,27.03
1117,T07,S1_D1,S1,D1,1,205.2,5.834,1.12,1.15,8.5,3,1,24.8
1118,T09,S3_CR1,S3,CR1,1,215.8,8.135,1.57,1.15,5.65,6,0,24.76
1119,T08,S1_D1,S1,D1,1,187.9,5.834,1.12,1.15,7.09,4,0,17.15
1120,T06,CR1_S2,CR1,S2,0,0.0,8.334,1.39,1.15,9.91,1,0,20.09
1121,T02,S2_CR1,S2,CR1,1,198.8,8.334,1.39,1.15,7.21,5,0,29.64
1122,T06,D1_S5,D1,S5,0,0.0,6.724,1.12,1.15,4.36,3,0,19.98
1123,T02,CR1_S3,CR1,S3,0,0.0,8.135,1.57,1.15,11.67,2,0,17.73
1124,T09,CR2_S4,CR2,S4,0,0.0,6.855,1.9,1.35,11.43,4,0,20.51
1125,T02,S6_CR2,S6,CR2,1,205.7,8.342,1.9,1.35,6.3,5,0,35.79
1126,T03,CR2_S6,CR2,S6,0,0.0,8.342,1.9,1.35,6.87,5,1,28.77
1127,T10,S5_CR1,S5,CR1,1,183.8,10.342,0.89,1.15,9.23,1,0,30.37
1128,T06,S1_D1,S1,D1,1,210.9,5.834,1.12,1.15,0.11,1,0,15.62
1129,T09,CR1_S5,CR1,S5,0,0.0,10.342,0.89,1.15,7.22,2,0,25.34
1130,T09,S5_D1,S5,D1,1,207.1,6.724,1.12,1.15,8.56,1,0,16.48
1131,T02,S3_D2,S3,D2,1,193.7,6.362,1.39,1.35,7.44,6,0,34.59
1132,T06,S2_CR1,S2,CR1,1,184.2,8.334,1.39,1.15,10.71,0,0,26.65
1133,T03,CR1_S5,CR1,S5,0,0.0,10.342,0.89,1.15,11.44,0,0,22.97
1134,T01,D2_S4,D2,S4,0,0.0,6.638,1.49,1.35,6.75,3,0,21.81
1135,T04,S2_CR1,S2,CR1,1,212.6,8.334,1.39,1.15,5.94,4,0,32.31
1136,T04,CR2_S4,CR2,S4,0,0.0,6.855,1.9,1.35,4.54,1,0,18.28
1137,T08,S3_CR2,S3,CR2,1,195.1,6.579,1.9,1.35,6.53,3,0,23.33
1138,T02,CR2_S6,CR2,S6,0,0.0,8.342,1.9,1.35,5.39,4,0,22.79
1139,T06,S4_D2,S4,D2,1,191.1,6.638,1.49,1.35,1.93,1,0,29.65
1140,T10,CR1_S2,CR1,S2,0,0.0,8.334,1.39,1.15,7.51,4,0,24.14
1141,T06,D2_S4,D2,S4,0,0.0,6.638,1.49,1.35,11.39,1,0,20.15
1142,T04,S3_D2,S3,D2,1,211.0,6.362,1.39,1.35,10.69,3,0,26.04
1143,T07,D1_S1,D1,S1,0,0.0,5.834,1.12,1.15,1.61,1,0,13.1
1144,T05,S4_D2,S4,D2,1,198.5,6.638,1.49,1.35,10.06,1,0,29.05
1145,T01,D2_S3,D2,S3,0,0.0,6.362,1.39,1.35,4.42,5,0,25.08
1146,T02,CR1_S5,CR1,S5,0,0.0,10.342,0.89,1.15,3.08,2,0,27.98
1147,T10,S5_CR1,S5,CR1,1,194.6,10.342,0.89,1.15,9.92,4,0,40.13
1148,T07,CR2_S3,CR2,S3,0,0.0,6.579,1.9,1.35,8.76,4,1,23.14
1149,T04,D2_S3,D2,S3,0,0.0,6.362,1.39,1.35,3.08,1,0,20.82
1150,T01,CR2_S4,CR2,S4,0,0.0,6.855,1.9,1.35,2.26,3,0,21.6
1151,T10,D2_S3,D2,S3,0,0.0,6.362,1.39,1.35,3.57,1,0,22.37
1152,T09,CR1_S1,CR1,S1,0,0.0,8.767,0.8,1.15,11.46,3,0,22.47
1153,T07,CR1_S2,CR1,S2,0,0.0,8.334,1.39,1.15,2.21,1,0,22.07
1154,T02,CR2_S6,CR2,S6,0,0.0,8.342,1.9,1.35,6.46,3,0,21.74
1155,T08,CR2_S6,CR2,S6,0,0.0,8.342,1.9,1.35,4.24,5,0,25.53
1156,T04,S1_CR1,S1,CR1,1,188.1,8.767,0.8,1.15,2.12,4,0,31.33
1157,T06,S1_D1,S1,D1,1,184.8,5.834,1.12,1.15,5.9,2,0,16.54
1158,T10,CR2_S4,CR2,S4,0,0.0,6.855,1.9,1.35,9.98,1,0,17.46
1159,T08,CR2_S3,CR2,S3,0,0.0,6.579,1.9,1.35,6.69,3,0,21.27
1160,T06,S5_D1,S5,D1,1,180.4,6.724,1.12,1.15,4.89,5,0,22.25
1161,T10,S3_CR1,S3,CR1,1,220.0,8.135,1.57,1.15,5.2,2,0,22.59
1162,T04,CR2_S6,CR2,S6,0,0.0,8.342,1.9,1.35,11.51,4,0,24.65
1163,T05,S5_D1,S5,D1,1,195.4,6.724,1.12,1.15,5.2,4,0,23.94
1164,T03,S4_D2,S4,D2,1,178.7,6.638,1.49,1.35,6.31,4,0,31.92
1165,T05,CR1_S1,CR1,S1,0,0.0,8.767,0.8,1.15,9.32,1,0,20.83
1166,T04,CR1_S5,CR1,S5,0,0.0,10.342,0.89,1.15,8.66,1,0,27.26
1167,T05,S3_CR2,S3,CR2,1,195.9,6.579,1.9,1.35,0.31,3,1,33.47
1168,T02,D2_S4,D2,S4,0,0.0,6.638,1.49,1.35,6.08,8,1,38.71
1169,T01,S3_D2,S3,D2,1,198.1,6.362,1.39,1.35,0.64,2,0,28.08
1170,T09,D1_S5,D1,S5,0,0.0,6.724,1.12,1.15,1.61,4,0,16.56
1171,T10,D2_S4,D2,S4,0,0.0,6.638,1.49,1.35,0.46,3,0,20.66
1172,T04,S3_CR1,S3,CR1,1,204.4,8.135,1.57,1.15,3.65,2,0,20.67
1173,T02,CR1_S3,CR1,S3,0,0.0,8.135,1.57,1.15,7.2,2,0,17.29
1174,T03,S6_CR2,S6,CR2,1,214.1,8.342,1.9,1.35,1.83,0,0,23.29
1175,T07,S5_CR1,S5,CR1,1,197.3,10.342,0.89,1.15,7.07,5,0,32.21
1176,T02,S4_CR2,S4,CR2,1,215.0,6.855,1.9,1.35,3.53,2,1,26.79
1177,T04,D2_S4,D2,S4,0,0.0,6.638,1.49,1.35,0.12,2,0,21.29
1178,T10,D1_S1,D1,S1,0,0.0,5.834,1.12,1.15,4.46,3,0,14.67
1179,T02,CR1_S2,CR1,S2,0,0.0,8.334,1.39,1.15,0.24,2,0,24.35
1180,T02,S2_CR1,S2,CR1,1,178.0,8.334,1.39,1.15,10.87,2,0,27.5
1181,T06,CR1_S2,CR1,S2,0,0.0,8.334,1.39,1.15,7.93,5,0,23.29
1182,T10,CR2_S3,CR2,S3,0,0.0,6.579,1.9,1.35,1.69,2,0,18.57
1183,T04,CR1_S2,CR1,S2,0,0.0,8.334,1.39,1.15,8.31,3,0,24.44
1184,T10,S3_CR1,S3,CR1,1,181.2,8.135,1.57,1.15,7.16,8,0,27.23
1185,T06,S4_CR2,S4,CR2,1,200.8,6.855,1.9,1.35,11.92,0,0,22.75
1186,T01,D2_S4,D2,S4,0,0.0,6.638,1.49,1.35,4.74,5,0,24.7
1187,T06,S2_CR1,S2,CR1,1,189.2,8.334,1.39,1.15,5.52,4,0,31.14
1188,T05,CR2_S4,CR2,S4,0,0.0,6.855,1.9,1.35,11.09,5,0,22.16
1189,T04,S1_CR1,S1,CR1,1,186.0,8.767,0.8,1.15,9.21,3,0,30.22
1190,T05,S1_CR1,S1,CR1,1,209.4,8.767,0.8,1.15,1.07,2,1,34.82
1191,T07,CR1_S3,CR1,S3,0,0.0,8.135,1.57,1.15,2.69,4,0,19.14
1192,T08,S6_CR2,S6,CR2,1,190.6,8.342,1.9,1.35,9.83,2,0,26.1
1193,T04,S2_CR1,S2,CR1,1,217.8,8.334,1.39,1.15,6.72,4,0,26.16
1194,T03,CR2_S6,CR2,S6,0,0.0,8.342,1.9,1.35,9.92,5,0,24.06
1195,T09,S4_CR2,S4,CR2,1,167.4,6.855,1.9,1.35,7.87,2,0,23.7
1196,T05,CR2_S4,CR2,S4,0,0.0,6.855,1.9,1.35,10.52,4,0,22.29
1197,T04,S4_CR2,S4,CR2,1,174.3,6.855,1.9,1.35,8.67,5,0,26.71
1198,T06,S5_D1,S5,D1,1,220.0,6.724,1.12,1.15,3.72,6,1,27.63
1199,T05,S5_CR1,S5,CR1,1,188.6,10.342,0.89,1.15,9.75,1,0,34.59
1200,T03,S4_CR2,S4,CR2,1,174.8,6.855,1.9,1.35,9.08,0,0,21.87
1201,T10,CR2_S3,CR2,S3,0,0.0,6.579,1.9,1.35,3.95,1,0,17.37
1202,T09,S3_D2,S3,D2,1,176.2,6.362,1.39,1.35,4.06,3,0,29.04
1203,T10,S3_D2,S3,D2,1,179.4,6.362,1.39,1.35,7.61,3,0,27.12
1204,T05,D1_S5,D1,S5,0,0.0,6.724,1.12,1.15,8.23,3,0,17.97
1205,T08,S4_CR2,S4,CR2,1,175.4,6.855,1.9,1.35,9.4,2,0,23.26
1206,T07,D2_S3,D2,S3,0,0.0,6.362,1.39,1.35,11.98,1,0,21.1
1207,T10,S6_CR2,S6,CR2,1,188.7,8.342,1.9,1.35,8.02,2,0,24.77
1208,T01,CR1_S3,CR1,S3,0,0.0,8.135,1.57,1.15,8.36,1,0,15.13
1209,T03,S5_CR1,S5,CR1,1,182.6,10.342,0.89,1.15,10.02,1,0,37.81
1210,T05,CR1_S3,CR1,S3,0,0.0,8.135,1.57,1.15,2.77,2,1,20.83
1211,T05,S5_D1,S5,D1,1,175.5,6.724,1.12,1.15,7.15,3,0,19.94
1212,T07,S1_CR1,S1,CR1,1,211.2,8.767,0.8,1.15,4.8,1,0,27.02
1213,T07,S3_D2,S3,D2,1,175.0,6.362,1.39,1.35,3.89,6,0,31.33
1214,T06,S2_CR1,S2,CR1,1,213.1,8.334,1.39,1.15,9.14,1,0,27.88
1215,T03,CR1_S5,CR1,S5,0,0.0,10.342,0.89,1.15,2.67,0,0,26.02
1216,T09,D1_S5,D1,S5,0,0.0,6.724,1.12,1.15,10.86,1,0,15.57
1217,T02,S3_CR2,S3,CR2,1,200.7,6.579,1.9,1.35,2.57,1,0,21.43
1218,T05,S1_D1,S1,D1,1,189.5,5.834,1.12,1.15,1.3,5,0,18.92
1219,T03,S4_D2,S4,D2,1,202.6,6.638,1.49,1.35,0.16,1,0,27.07
1220,T10,S2_CR1,S2,CR1,1,186.8,8.334,1.39,1.15,8.27,3,1,39.08
1221,T01,CR2_S3,CR2,S3,0,0.0,6.579,1.9,1.35,2.04,2,0,19.26
1222,T07,CR2_S3,CR2,S3,0,0.0,6.579,1.9,1.35,0.05,2,1,22.03
1223,T03,S3_D2,S3,D2,1,192.7,6.362,1.39,1.35,4.33,0,1,34.32
1224,T10,S3_D2,S3,D2,1,196.8,6.362,1.39,1.35,3.05,1,0,25.2
1225,T02,CR2_S3,CR2,S3,0,0.0,6.579,1.9,1.35,5.21,2,0,19.78
1226,T01,CR1_S1,CR1,S1,0,0.0,8.767,0.8,1.15,3.76,1,0,22.73
1227,T07,CR1_S2,CR1,S2,0,0.0,8.334,1.39,1.15,7.18,4,0,27.21
1228,T09,S3_D2,S3,D2,1,182.4,6.362,1.39,1.35,8.8,4,0,28.59
1229,T07,S5_CR1,S5,CR1,1,220.0,10.342,0.89,1.15,10.14,2,0,32.88
1230,T04,S3_CR2,S3,CR2,1,198.9,6.579,1.9,1.35,4.51,5,0,24.57
1231,T01,CR1_S2,CR1,S2,0,0.0,8.334,1.39,1.15,4.44,3,0,23.05
1232,T03,D1_S5,D1,S5,0,0.0,6.724,1.12,1.15,10.64,2,1,20.89
1233,T04,S6_CR2,S6,CR2,1,220.0,8.342,1.9,1.35,5.01,4,0,32.26
1234,T10,CR2_S6,CR2,S6,0,0.0,8.342,1.9,1.35,5.64,3,0,21.68
1235,T10,S4_D2,S4,D2,1,178.0,6.638,1.49,1.35,7.74,3,0,29.53
1236,T04,D1_S1,D1,S1,0,0.0,5.834,1.12,1.15,4.89,4,0,14.96
1237,T09,S2_CR1,S2,CR1,1,183.5,8.334,1.39,1.15,8.11,4,0,28.95
1238,T05,CR2_S4,CR2,S4,0,0.0,6.855,1.9,1.35,11.58,1,0,18.47
1239,T07,S1_CR1,S1,CR1,1,210.7,8.767,0.8,1.15,4.26,2,0,28.62
1240,T02,S4_CR2,S4,CR2,1,176.5,6.855,1.9,1.35,2.09,4,0,22.42
1241,T06,D2_S4,D2,S4,0,0.0,6.638,1.49,1.35,6.84,6,0,24.87
1242,T01,CR2_S3,CR2,S3,0,0.0,6.579,1.9,1.35,10.88,4,0,19.38
1243,T05,D1_S1,D1,S1,0,0.0,5.834,1.12,1.15,5.09,7,0,18.43
1244,T06,D1_S1,D1,S1,0,0.0,5.834,1.12,1.15,1.47,2,0,13.45
1245,T10,CR1_S3,CR1,S3,0,0.0,8.135,1.57,1.15,9.7,1,0,16.96
1246,T03,S5_CR1,S5,CR1,1,189.1,10.342,0.89,1.15,8.69,1,0,29.81
1247,T05,S5_CR1,S5,CR1,1,204.8,10.342,0.89,1.15,4.27,3,0,39.92
1248,T08,S6_CR2,S6,CR2,1,220.0,8.342,1.9,1.35,3.85,4,0,29.42
1249,T10,S3_CR2,S3,CR2,1,192.6,6.579,1.9,1.35,11.4,3,1,29.36
1250,T07,S3_CR1,S3,CR1,1,191.6,8.135,1.57,1.15,9.59,1,0,19.72
1251,T10,CR1_S5,CR1,S5,0,0.0,10.342,0.89,1.15,9.83,0,0,23.32
1252,T06,S5_CR1,S5,CR1,1,175.2,10.342,0.89,1.15,3.32,3,1,47.2
1253,T08,S1_CR1,S1,CR1,1,210.6,8.767,0.8,1.15,10.03,0,0,28.17
1254,T02,S4_CR2,S4,CR2,1,202.9,6.855,1.9,1.35,8.14,2,0,20.04
1255,T05,CR1_S2,CR1,S2,0,0.0,8.334,1.39,1.15,5.15,1,0,21.23
1256,T03,S3_CR2,S3,CR2,1,212.7,6.579,1.9,1.35,2.59,0,0,22.09
1257,T02,CR2_S6,CR2,S6,0,0.0,8.342,1.9,1.35,4.04,1,0,21.45
1258,T09,CR1_S1,CR1,S1,0,0.0,8.767,0.8,1.15,2.64,2,0,22.32
1259,T10,D1_S1,D1,S1,0,0.0,5.834,1.12,1.15,3.39,2,1,16.14
1260,T04,S3_CR1,S3,CR1,1,217.0,8.135,1.57,1.15,11.14,1,0,21.25
1261,T02,S4_CR2,S4,CR2,1,195.8,6.855,1.9,1.35,5.62,6,0,27.24
1262,T05,CR1_S2,CR1,S2,0,0.0,8.334,1.39,1.15,0.19,2,0,21.41
1263,T05,S3_CR1,S3,CR1,1,200.6,8.135,1.57,1.15,3.74,2,0,19.08
1264,T05,CR2_S3,CR2,S3,0,0.0,6.579,1.9,1.35,3.17,1,0,19.8
1265,T08,S5_D1,S5,D1,1,204.1,6.724,1.12,1.15,10.0,4,0,21.93
1266,T04,S4_D2,S4,D2,1,218.1,6.638,1.49,1.35,7.0,3,0,27.34
1267,T05,S6_CR2,S6,CR2,1,200.2,8.342,1.9,1.35,5.37,8,0,33.89
1268,T01,D1_S1,D1,S1,0,0.0,5.834,1.12,1.15,6.55,8,0,19.29
1269,T10,CR1_S2,CR1,S2,0,0.0,8.334,1.39,1.15,11.9,1,0,22.46
1270,T08,CR1_S1,CR1,S1,0,0.0,8.767,0.8,1.15,1.59,1,0,21.6
1271,T04,CR1_S1,CR1,S1,0,0.0,8.767,0.8,1.15,2.66,3,0,23.21
1272,T10,D2_S3,D2,S3,0,0.0,6.362,1.39,1.35,9.48,2,0,23.98
1273,T01,D2_S4,D2,S4,0,0.0,6.638,1.49,1.35,11.03,1,0,21.02
1274,T08,CR2_S6,CR2,S6,0,0.0,8.342,1.9,1.35,1.12,1,0,21.74
1275,T02,S1_D1,S1,D1,1,206.2,5.834,1.12,1.15,10.84,3,0,17.45
1276,T08,S6_CR2,S6,CR2,1,202.2,8.342,1.9,1.35,4.89,6,0,30.56
1277,T01,CR1_S1,CR1,S1,0,0.0,8.767,0.8,1.15,8.42,3,1,28.93
1278,T09,S1_CR1,S1,CR1,1,220.0,8.767,0.8,1.15,10.28,1,1,29.93
1279,T01,S1_CR1,S1,CR1,1,182.9,8.767,0.8,1.15,6.72,2,1,34.16
1280,T10,S5_D1,S5,D1,1,189.3,6.724,1.12,1.15,10.75,1,1,27.6
1281,T07,S5_CR1,S5,CR1,1,181.7,10.342,0.89,1.15,1.22,5,1,44.36
1282,T08,CR1_S1,CR1,S1,0,0.0,8.767,0.8,1.15,8.81,2,1,27.13
1283,T05,D2_S4,D2,S4,0,0.0,6.638,1.49,1.35,8.28,1,1,25.68
1284,T08,CR1_S2,CR1,S2,0,0.0,8.334,1.39,1.15,6.21,5,0,23.36
1285,T10,S5_D1,S5,D1,1,188.4,6.724,1.12,1.15,1.88,1,1,26.5
1286,T01,D1_S1,D1,S1,0,0.0,5.834,1.12,1.15,8.46,1,1,15.61
1287,T09,CR1_S2,CR1,S2,0,0.0,8.334,1.39,1.15,10.78,3,0,24.54
1288,T05,CR1_S2,CR1,S2,0,0.0,8.334,1.39,1.15,10.1,2,0,21.09
1289,T03,S3_CR2,S3,CR2,1,181.1,6.579,1.9,1.35,1.24,2,0,23.99
1290,T07,S3_CR1,S3,CR1,1,190.6,8.135,1.57,1.15,0.41,4,0,23.1
1291,T09,D2_S4,D2,S4,0,0.0,6.638,1.49,1.35,11.26,2,0,22.3
1292,T05,S3_CR2,S3,CR2,1,218.1,6.579,1.9,1.35,5.15,7,0,29.73
1293,T01,CR2_S4,CR2,S4,0,0.0,6.855,1.9,1.35,5.27,3,0,17.53
1294,T07,S1_CR1,S1,CR1,1,194.0,8.767,0.8,1.15,9.44,2,0,28.29
1295,T02,S4_CR2,S4,CR2,1,220.0,6.855,1.9,1.35,1.15,3,0,23.58
1296,T10,S2_CR1,S2,CR1,1,213.6,8.334,1.39,1.15,8.99,3,0,30.09
1297,T02,D1_S5,D1,S5,0,0.0,6.724,1.12,1.15,9.52,4,0,18.02
1298,T07,S6_CR2,S6,CR2,1,207.4,8.342,1.9,1.35,4.98,4,0,32.14
1299,T05,D2_S4,D2,S4,0,0.0,6.638,1.49,1.35,2.42,1,1,28.74
1300,T10,CR2_S6,CR2,S6,0,0.0,8.342,1.9,1.35,8.95,4,0,24.73
1301,T01,S5_D1,S5,D1,1,190.7,6.724,1.12,1.15,1.42,0,1,22.52
1302,T09,S1_D1,S1,D1,1,210.1,5.834,1.12,1.15,5.12,1,0,16.25
1303,T01,D2_S4,D2,S4,0,0.0,6.638,1.49,1.35,0.92,4,0,22.88
1304,T06,S1_D1,S1,D1,1,198.4,5.834,1.12,1.15,2.72,2,0,14.28
1305,T10,CR1_S2,CR1,S2,0,0.0,8.334,1.39,1.15,3.81,3,1,30.07
1306,T08,CR2_S3,CR2,S3,0,0.0,6.579,1.9,1.35,5.43,3,0,20.05
1307,T02,S4_D2,S4,D2,1,208.3,6.638,1.49,1.35,5.08,3,0,29.91
1308,T06,S5_CR1,S5,CR1,1,203.2,10.342,0.89,1.15,7.0,5,1,47.34
1309,T03,CR1_S3,CR1,S3,0,0.0,8.135,1.57,1.15,1.25,0,0,16.96
1310,T04,S1_CR1,S1,CR1,1,200.6,8.767,0.8,1.15,1.27,3,1,41.0
1311,T10,S3_CR2,S3,CR2,1,217.9,6.579,1.9,1.35,5.21,4,0,24.3
1312,T04,S4_CR2,S4,CR2,1,201.1,6.855,1.9,1.35,3.79,3,1,29.49
1313,T03,S4_D2,S4,D2,1,210.0,6.638,1.49,1.35,7.4,7,0,31.13
1314,T04,S4_D2,S4,D2,1,173.9,6.638,1.49,1.35,5.83,2,0,27.69
1315,T07,S5_D1,S5,D1,1,196.0,6.724,1.12,1.15,2.55,4,0,23.92
1316,T01,S5_D1,S5,D1,1,205.2,6.724,1.12,1.15,6.42,7,0,25.09
1317,T08,S1_CR1,S1,CR1,1,190.9,8.767,0.8,1.15,2.02,3,0,30.13
1318,T06,D2_S3,D2,S3,0,0.0,6.362,1.39,1.35,5.85,5,0,26.26
1319,T02,CR2_S6,CR2,S6,0,0.0,8.342,1.9,1.35,0.14,3,0,22.88
1320,T04,S1_D1,S1,D1,1,209.8,5.834,1.12,1.15,1.15,3,0,16.86
1321,T05,S3_CR2,S3,CR2,1,201.7,6.579,1.9,1.35,5.07,1,0,21.67
1322,T03,S2_CR1,S2,CR1,1,161.7,8.334,1.39,1.15,4.79,5,0,30.17
1323,T06,D2_S4,D2,S4,0,0.0,6.638,1.49,1.35,7.86,0,1,23.82
1324,T01,CR2_S4,CR2,S4,0,0.0,6.855,1.9,1.35,2.14,4,0,21.73
1325,T09,S1_CR1,S1,CR1,1,188.7,8.767,0.8,1.15,10.38,0,0,26.72
1326,T08,CR2_S3,CR2,S3,0,0.0,6.579,1.9,1.35,11.46,2,0,19.21
1327,T09,S4_CR2,S4,CR2,1,212.7,6.855,1.9,1.35,0.6,1,0,20.55
1328,T10,S3_CR2,S3,CR2,1,206.6,6.579,1.9,1.35,0.6,2,0,22.68
1329,T01,D1_S1,D1,S1,0,0.0,5.834,1.12,1.15,8.58,3,0,11.54
1330,T08,S1_CR1,S1,CR1,1,184.2,8.767,0.8,1.15,9.89,4,0,29.6
1331,T03,S4_D2,S4,D2,1,180.7,6.638,1.49,1.35,0.04,2,0,27.89
1332,T02,S1_D1,S1,D1,1,166.9,5.834,1.12,1.15,6.92,2,0,15.63
1333,T09,S4_D2,S4,D2,1,172.6,6.638,1.49,1.35,1.21,0,0,24.75
1334,T08,S6_CR2,S6,CR2,1,213.7,8.342,1.9,1.35,11.23,2,0,28.76
1335,T02,S5_CR1,S5,CR1,1,220.0,10.342,0.89,1.15,0.59,2,0,29.88
1336,T09,CR1_S3,CR1,S3,0,0.0,8.135,1.57,1.15,3.18,1,1,21.52
1337,T01,S1_CR1,S1,CR1,1,177.8,8.767,0.8,1.15,9.49,3,0,25.19
1338,T07,S3_D2,S3,D2,1,204.4,6.362,1.39,1.35,11.64,5,0,30.44
1339,T06,CR1_S2,CR1,S2,0,0.0,8.334,1.39,1.15,9.08,1,0,22.37
1340,T02,CR1_S2,CR1,S2,0,0.0,8.334,1.39,1.15,4.81,1,0,22.92
1341,T05,S5_CR1,S5,CR1,1,189.0,10.342,0.89,1.15,0.78,2,1,42.42
1342,T07,CR1_S1,CR1,S1,0,0.0,8.767,0.8,1.15,9.65,1,1,28.36
1343,T08,CR2_S4,CR2,S4,0,0.0,6.855,1.9,1.35,2.24,5,0,21.64
1344,T03,S1_D1,S1,D1,1,216.9,5.834,1.12,1.15,5.19,4,0,18.0
1345,T05,S3_CR1,S3,CR1,1,201.1,8.135,1.57,1.15,9.94,2,0,21.29
1346,T05,S3_CR2,S3,CR2,1,206.1,6.579,1.9,1.35,4.84,4,0,22.15
1347,T04,D1_S5,D1,S5,0,0.0,6.724,1.12,1.15,11.35,1,1,22.28
1348,T05,CR1_S5,CR1,S5,0,0.0,10.342,0.89,1.15,5.01,3,0,30.56
1349,T04,S3_CR2,S3,CR2,1,184.6,6.579,1.9,1.35,9.07,2,0,24.73
1350,T03,D1_S5,D1,S5,0,0.0,6.724,1.12,1.15,0.71,1,0,16.01
1351,T06,S3_CR2,S3,CR2,1,195.7,6.579,1.9,1.35,4.43,2,1,29.15
1352,T02,S2_CR1,S2,CR1,1,189.4,8.334,1.39,1.15,0.86,4,0,28.24
1353,T03,D2_S4,D2,S4,0,0.0,6.638,1.49,1.35,0.38,3,0,22.6
1354,T08,CR1_S3,CR1,S3,0,0.0,8.135,1.57,1.15,4.62,2,0,17.19
1355,T09,D1_S5,D1,S5,0,0.0,6.724,1.12,1.15,3.34,2,1,19.67
1356,T03,CR2_S4,CR2,S4,0,0.0,6.855,1.9,1.35,7.71,3,1,23.94
1357,T09,CR1_S5,CR1,S5,0,0.0,10.342,0.89,1.15,3.86,2,1,33.07
1358,T05,S5_CR1,S5,CR1,1,203.1,10.342,0.89,1.15,11.72,1,1,44.46
1359,T03,D2_S4,D2,S4,0,0.0,6.638,1.49,1.35,2.45,3,0,20.42
1360,T04,CR2_S4,CR2,S4,0,0.0,6.855,1.9,1.35,8.83,0,0,16.93
1361,T01,CR1_S1,CR1,S1,0,0.0,8.767,0.8,1.15,3.19,4,0,23.45
1362,T03,S5_D1,S5,D1,1,211.8,6.724,1.12,1.15,7.24,5,0,22.54
1363,T06,D2_S3,D2,S3,0,0.0,6.362,1.39,1.35,5.28,6,0,24.45
1364,T10,CR2_S3,CR2,S3,0,0.0,6.579,1.9,1.35,6.18,6,0,23.32
1365,T06,D2_S4,D2,S4,0,0.0,6.638,1.49,1.35,9.5,2,0,21.0
1366,T10,S3_D2,S3,D2,1,202.2,6.362,1.39,1.35,6.61,1,1,33.36
1367,T07,CR2_S4,CR2,S4,0,0.0,6.855,1.9,1.35,6.72,7,0,22.0
1368,T01,CR1_S1,CR1,S1,0,0.0,8.767,0.8,1.15,11.57,4,1,26.59
1369,T09,S4_D2,S4,D2,1,190.9,6.638,1.49,1.35,1.1,1,0,27.15
1370,T05,S3_D2,S3,D2,1,201.8,6.362,1.39,1.35,8.72,5,0,30.63
1371,T02,S3_CR1,S3,CR1,1,215.6,8.135,1.57,1.15,6.55,6,0,25.66
1372,T03,D2_S4,D2,S4,0,0.0,6.638,1.49,1.35,2.14,5,0,26.55
1373,T07,CR2_S6,CR2,S6,0,0.0,8.342,1.9,1.35,5.16,5,1,33.18
1374,T06,D1_S1,D1,S1,0,0.0,5.834,1.12,1.15,5.22,2,1,17.43
1375,T03,D1_S5,D1,S5,0,0.0,6.724,1.12,1.15,5.67,3,0,18.36
1376,T04,CR1_S2,CR1,S2,0,0.0,8.334,1.39,1.15,2.14,2,0,20.87
1377,T10,CR2_S4,CR2,S4,0,0.0,6.855,1.9,1.35,11.2,2,0,19.51
1378,T03,CR2_S4,CR2,S4,0,0.0,6.855,1.9,1.35,2.08,2,0,18.72
1379,T01,CR2_S3,CR2,S3,0,0.0,6.579,1.9,1.35,2.88,5,0,22.33
1380,T02,S3_D2,S3,D2,1,182.9,6.362,1.39,1.35,4.16,2,1,36.71
1381,T05,D1_S5,D1,S5,0,0.0,6.724,1.12,1.15,11.18,2,0,18.41
1382,T04,S2_CR1,S2,CR1,1,185.1,8.334,1.39,1.15,9.94,1,0,31.48
1383,T09,CR2_S4,CR2,S4,0,0.0,6.855,1.9,1.35,7.5,3,0,21.28
1384,T06,CR1_S1,CR1,S1,0,0.0,8.767,0.8,1.15,0.86,1,0,19.49
1385,T07,D2_S3,D2,S3,0,0.0,6.362,1.39,1.35,4.5,3,1,34.12
1386,T03,CR2_S6,CR2,S6,0,0.0,8.342,1.9,1.35,0.47,7,0,26.11
1387,T04,S4_CR2,S4,CR2,1,212.9,6.855,1.9,1.35,0.67,2,0,23.14
1388,T06,CR2_S6,CR2,S6,0,0.0,8.342,1.9,1.35,5.29,6,0,26.34
1389,T09,S3_CR1,S3,CR1,1,180.0,8.135,1.57,1.15,8.08,0,0,18.79
1390,T06,S1_D1,S1,D1,1,172.6,5.834,1.12,1.15,10.61,0,0,14.85
1391,T07,S5_D1,S5,D1,1,186.7,6.724,1.12,1.15,1.45,0,0,17.08
1392,T03,D1_S1,D1,S1,0,0.0,5.834,1.12,1.15,6.4,3,0,14.31
1393,T06,CR2_S6,CR2,S6,0,0.0,8.342,1.9,1.35,7.49,4,0,22.23
1394,T06,D1_S5,D1,S5,0,0.0,6.724,1.12,1.15,0.75,0,1,20.39
1395,T02,CR1_S5,CR1,S5,0,0.0,10.342,0.89,1.15,10.21,0,0,23.72
1396,T10,S3_D2,S3,D2,1,210.6,6.362,1.39,1.35,6.52,4,1,38.73
1397,T05,S3_CR2,S3,CR2,1,192.8,6.579,1.9,1.35,0.12,3,1,32.17
1398,T10,S2_CR1,S2,CR1,1,183.6,8.334,1.39,1.15,11.51,3,0,29.82
1399,T10,D2_S4,D2,S4,0,0.0,6.638,1.49,1.35,11.44,2,1,25.58
1400,T01,S5_D1,S5,D1,1,183.7,6.724,1.12,1.15,4.32,1,1,22.66
1401,T10,CR1_S2,CR1,S2,0,0.0,8.334,1.39,1.15,5.13,5,0,27.38
1402,T04,CR2_S6,CR2,S6,0,0.0,8.342,1.9,1.35,1.81,3,0,21.75
1403,T06,S5_D1,S5,D1,1,217.7,6.724,1.12,1.15,3.31,2,0,22.34
1404,T07,S4_CR2,S4,CR2,1,170.0,6.855,1.9,1.35,4.58,5,0,24.03
1405,T06,CR2_S4,CR2,S4,0,0.0,6.855,1.9,1.35,2.3,4,1,28.89
1406,T08,S4_D2,S4,D2,1,181.0,6.638,1.49,1.35,11.71,2,0,25.86
1407,T10,D2_S3,D2,S3,0,0.0,6.362,1.39,1.35,3.96,2,0,23.11
1408,T10,S1_CR1,S1,CR1,1,209.3,8.767,0.8,1.15,4.65,3,0,29.12
1409,T07,S6_CR2,S6,CR2,1,182.1,8.342,1.9,1.35,6.8,4,0,28.94
1410,T10,D1_S1,D1,S1,0,0.0,5.834,1.12,1.15,2.06,2,0,14.0
1411,T04,CR1_S5,CR1,S5,0,0.0,10.342,0.89,1.15,7.36,4,0,27.63
1412,T06,CR1_S1,CR1,S1,0,0.0,8.767,0.8,1.15,11.33,3,1,24.95
1413,T08,CR2_S3,CR2,S3,0,0.0,6.579,1.9,1.35,1.23,2,0,17.77
1414,T03,S5_CR1,S5,CR1,1,211.0,10.342,0.89,1.15,2.47,4,0,39.86
1415,T01,D1_S5,D1,S5,0,0.0,6.724,1.12,1.15,9.09,2,1,20.46
1416,T06,CR1_S5,CR1,S5,0,0.0,10.342,0.89,1.15,2.25,2,0,26.73
1417,T10,S1_CR1,S1,CR1,1,210.7,8.767,0.8,1.15,10.2,3,1,40.35
1418,T09,S3_D2,S3,D2,1,198.3,6.362,1.39,1.35,11.0,2,0,25.78
1419,T04,D2_S3,D2,S3,0,0.0,6.362,1.39,1.35,11.12,0,0,21.15
1420,T03,S3_CR2,S3,CR2,1,209.3,6.579,1.9,1.35,4.32,5,0,26.5
1421,T01,CR2_S3,CR2,S3,0,0.0,6.579,1.9,1.35,1.31,1,0,18.7
1422,T06,S4_D2,S4,D2,1,198.0,6.638,1.49,1.35,8.32,3,1,39.24
1423,T02,D2_S3,D2,S3,0,0.0,6.362,1.39,1.35,1.45,2,0,23.71
1424,T02,CR1_S3,CR1,S3,0,0.0,8.135,1.57,1.15,10.76,1,0,15.4
1425,T02,CR1_S2,CR1,S2,0,0.0,8.334,1.39,1.15,6.97,1,0,21.34
1426,T06,S3_CR2,S3,CR2,1,191.4,6.579,1.9,1.35,10.2,2,0,21.89
1427,T02,S5_D1,S5,D1,1,197.6,6.724,1.12,1.15,2.82,4,0,21.59
1428,T07,S1_D1,S1,D1,1,196.9,5.834,1.12,1.15,0.02,1,0,14.59
1429,T04,D2_S3,D2,S3,0,0.0,6.362,1.39,1.35,3.76,4,0,22.48
1430,T07,S5_D1,S5,D1,1,203.3,6.724,1.12,1.15,3.67,2,0,20.74
1431,T03,S6_CR2,S6,CR2,1,193.8,8.342,1.9,1.35,8.79,4,0,26.26
1432,T08,D2_S4,D2,S4,0,0.0,6.638,1.49,1.35,9.99,3,1,32.25
1433,T03,D2_S3,D2,S3,0,0.0,6.362,1.39,1.35,3.72,3,0,23.86
1434,T05,S6_CR2,S6,CR2,1,220.0,8.342,1.9,1.35,6.48,4,0,27.13
1435,T10,S6_CR2,S6,CR2,1,182.0,8.342,1.9,1.35,4.27,3,0,27.96
1436,T07,CR1_S2,CR1,S2,0,0.0,8.334,1.39,1.15,9.43,2,0,24.47
1437,T10,CR1_S1,CR1,S1,0,0.0,8.767,0.8,1.15,9.76,3,1,31.93
1438,T01,S5_D1,S5,D1,1,190.0,6.724,1.12,1.15,8.8,2,0,21.3
1439,T09,D2_S4,D2,S4,0,0.0,6.638,1.49,1.35,4.45,4,0,26.13
1440,T05,CR1_S1,CR1,S1,0,0.0,8.767,0.8,1.15,7.79,3,0,23.68
1441,T02,S3_CR1,S3,CR1,1,207.5,8.135,1.57,1.15,10.55,3,0,22.76
1442,T08,S3_D2,S3,D2,1,200.4,6.362,1.39,1.35,8.23,3,0,27.34
1443,T08,D2_S4,D2,S4,0,0.0,6.638,1.49,1.35,3.54,3,0,21.16
1444,T02,S5_CR1,S5,CR1,1,214.2,10.342,0.89,1.15,9.98,2,0,30.26
1445,T05,S5_CR1,S5,CR1,1,200.8,10.342,0.89,1.15,6.31,2,1,50.49
1446,T09,S3_D2,S3,D2,1,177.8,6.362,1.39,1.35,5.35,1,0,25.59
1447,T03,S5_CR1,S5,CR1,1,196.2,10.342,0.89,1.15,2.28,2,0,29.14
1448,T03,D2_S4,D2,S4,0,0.0,6.638,1.49,1.35,10.38,1,0,20.08
1449,T06,S3_CR2,S3,CR2,1,182.9,6.579,1.9,1.35,10.27,1,0,21.43
1450,T02,D2_S4,D2,S4,0,0.0,6.638,1.49,1.35,9.78,3,1,32.64
1451,T07,CR1_S1,CR1,S1,0,0.0,8.767,0.8,1.15,11.16,2,0,22.37
1452,T10,CR1_S1,CR1,S1,0,0.0,8.767,0.8,1.15,11.26,2,0,22.43
1453,T09,CR1_S3,CR1,S3,0,0.0,8.135,1.57,1.15,11.31,2,0,17.33
1454,T07,CR1_S2,CR1,S2,0,0.0,8.334,1.39,1.15,1.57,4,0,23.63
1455,T04,D2_S4,D2,S4,0,0.0,6.638,1.49,1.35,0.54,1,0,22.28
1456,T07,S3_CR1,S3,CR1,1,199.9,8.135,1.57,1.15,1.58,3,0,23.07
1457,T06,S3_CR1,S3,CR1,1,199.4,8.135,1.57,1.15,2.27,1,0,20.55
1458,T03,S5_D1,S5,D1,1,186.7,6.724,1.12,1.15,6.67,3,0,21.52
1459,T01,S1_D1,S1,D1,1,196.1,5.834,1.12,1.15,6.32,6,1,22.36
1460,T03,D1_S1,D1,S1,0,0.0,5.834,1.12,1.15,11.33,1,0,13.24
1461,T09,CR2_S4,CR2,S4,0,0.0,6.855,1.9,1.35,11.04,3,0,19.11
1462,T03,CR1_S3,CR1,S3,0,0.0,8.135,1.57,1.15,5.9,1,0,16.17
1463,T10,CR1_S1,CR1,S1,0,0.0,8.767,0.8,1.15,3.71,8,0,28.25
1464,T06,S5_CR1,S5,CR1,1,211.4,10.342,0.89,1.15,9.47,2,0,37.17
1465,T06,S5_D1,S5,D1,1,164.4,6.724,1.12,1.15,11.23,4,0,21.47
1466,T01,D2_S3,D2,S3,0,0.0,6.362,1.39,1.35,5.91,3,0,23.35
1467,T08,CR2_S6,CR2,S6,0,0.0,8.342,1.9,1.35,11.62,1,0,22.78
1468,T10,D2_S3,D2,S3,0,0.0,6.362,1.39,1.35,3.83,2,1,30.19
1469,T10,CR2_S4,CR2,S4,0,0.0,6.855,1.9,1.35,5.33,4,1,25.16
1470,T10,S6_CR2,S6,CR2,1,201.6,8.342,1.9,1.35,0.67,3,0,26.32
1471,T10,D2_S3,D2,S3,0,0.0,6.362,1.39,1.35,3.49,2,0,20.81
1472,T06,CR1_S1,CR1,S1,0,0.0,8.767,0.8,1.15,1.03,2,1,33.79
1473,T04,CR1_S5,CR1,S5,0,0.0,10.342,0.89,1.15,1.32,3,0,29.7
1474,T06,S6_CR2,S6,CR2,1,179.2,8.342,1.9,1.35,3.8,3,1,36.73
1475,T03,CR1_S2,CR1,S2,0,0.0,8.334,1.39,1.15,11.37,4,0,24.58
1476,T05,S4_D2,S4,D2,1,193.5,6.638,1.49,1.35,8.69,3,0,27.42
1477,T02,S6_CR2,S6,CR2,1,191.9,8.342,1.9,1.35,7.85,1,0,28.38
1478,T01,CR1_S1,CR1,S1,0,0.0,8.767,0.8,1.15,3.32,1,1,30.26
1479,T08,S1_D1,S1,D1,1,192.8,5.834,1.12,1.15,0.16,1,0,14.27
1480,T01,CR2_S3,CR2,S3,0,0.0,6.579,1.9,1.35,5.88,3,0,20.44
1481,T01,S4_CR2,S4,CR2,1,205.0,6.855,1.9,1.35,11.25,3,0,22.69
1482,T09,S4_D2,S4,D2,1,181.6,6.638,1.49,1.35,8.51,0,0,24.01
1483,T02,D1_S1,D1,S1,0,0.0,5.834,1.12,1.15,11.92,0,0,12.28
1484,T05,D1_S1,D1,S1,0,0.0,5.834,1.12,1.15,8.95,3,1,19.28
1485,T09,D2_S3,D2,S3,0,0.0,6.362,1.39,1.35,3.5,2,0,21.8
1486,T04,D2_S3,D2,S3,0,0.0,6.362,1.39,1.35,3.74,2,0,21.66
1487,T01,D2_S3,D2,S3,0,0.0,6.362,1.39,1.35,4.77,3,1,30.95
1488,T01,S3_CR2,S3,CR2,1,200.9,6.579,1.9,1.35,9.98,2,0,23.53
1489,T09,D2_S4,D2,S4,0,0.0,6.638,1.49,1.35,1.93,1,0,23.5
1490,T03,S3_D2,S3,D2,1,158.5,6.362,1.39,1.35,1.68,2,0,27.46
1491,T08,S4_CR2,S4,CR2,1,210.9,6.855,1.9,1.35,9.04,3,0,23.94
1492,T03,S3_D2,S3,D2,1,190.8,6.362,1.39,1.35,6.21,3,0,26.62
1493,T10,S1_D1,S1,D1,1,180.4,5.834,1.12,1.15,5.59,2,0,16.94
1494,T09,S4_D2,S4,D2,1,179.6,6.638,1.49,1.35,8.2,3,0,26.82
1495,T09,CR2_S4,CR2,S4,0,0.0,6.855,1.9,1.35,1.17,3,0,17.99
1496,T03,S1_D1,S1,D1,1,188.9,5.834,1.12,1.15,10.18,1,0,16.02
1497,T02,S3_CR2,S3,CR2,1,206.5,6.579,1.9,1.35,8.84,2,1,29.38
1498,T09,CR2_S3,CR2,S3,0,0.0,6.579,1.9,1.35,4.99,4,0,21.4
1499,T02,S5_CR1,S5,CR1,1,180.2,10.342,0.89,1.15,10.48,2,0,32.68
1500,T03,S4_CR2,S4,CR2,1,206.6,6.855,1.9,1.35,4.29,2,0,21.79
1501,T07,S1_CR1,S1,CR1,1,186.9,8.767,0.8,1.15,9.45,2,0,26.27
1502,T03,S4_CR2,S4,CR2,1,214.6,6.855,1.9,1.35,6.93,2,0,23.47
1503,T10,D1_S5,D1,S5,0,0.0,6.724,1.12,1.15,9.18,3,0,19.36
1504,T01,S1_D1,S1,D1,1,187.7,5.834,1.12,1.15,3.42,2,0,16.99
1505,T10,S6_CR2,S6,CR2,1,197.5,8.342,1.9,1.35,2.27,3,0,26.88
1506,T06,CR1_S5,CR1,S5,0,0.0,10.342,0.89,1.15,9.0,0,1,36.89
1507,T05,S6_CR2,S6,CR2,1,194.0,8.342,1.9,1.35,6.01,6,0,31.1
1508,T09,S3_CR1,S3,CR1,1,189.9,8.135,1.57,1.15,4.21,2,0,21.35
1509,T05,S1_D1,S1,D1,1,181.8,5.834,1.12,1.15,10.66,2,0,16.96
1510,T04,S1_CR1,S1,CR1,1,157.5,8.767,0.8,1.15,0.31,1,1,32.05
1511,T01,S4_D2,S4,D2,1,191.6,6.638,1.49,1.35,10.94,0,0,28.06
1512,T08,S5_CR1,S5,CR1,1,179.4,10.342,0.89,1.15,2.68,5,0,30.07
1513,T05,S6_CR2,S6,CR2,1,219.1,8.342,1.9,1.35,10.56,3,0,27.28
1514,T02,D2_S4,D2,S4,0,0.0,6.638,1.49,1.35,9.67,1,0,19.94
1515,T01,D1_S1,D1,S1,0,0.0,5.834,1.12,1.15,5.3,4,0,14.05
1516,T01,S3_CR1,S3,CR1,1,197.7,8.135,1.57,1.15,11.48,3,0,22.93
1517,T03,S3_CR2,S3,CR2,1,195.8,6.579,1.9,1.35,10.74,3,0,24.97
1518,T05,CR2_S3,CR2,S3,0,0.0,6.579,1.9,1.35,9.8,0,0,15.53
1519,T06,CR1_S2,CR1,S2,0,0.0,8.334,1.39,1.15,1.27,1,0,21.74
1520,T04,CR1_S1,CR1,S1,0,0.0,8.767,0.8,1.15,1.69,0,0,20.4
1521,T08,CR1_S2,CR1,S2,0,0.0,8.334,1.39,1.15,8.75,1,0,19.83
1522,T04,CR1_S1,CR1,S1,0,0.0,8.767,0.8,1.15,8.46,2,0,20.3
1523,T09,S2_CR1,S2,CR1,1,214.9,8.334,1.39,1.15,6.45,5,1,37.53
1524,T02,S1_D1,S1,D1,1,177.2,5.834,1.12,1.15,9.08,4,1,20.61
1525,T04,S1_D1,S1,D1,1,194.9,5.834,1.12,1.15,5.67,3,0,16.32
1526,T06,CR1_S3,CR1,S3,0,0.0,8.135,1.57,1.15,9.8,4,0,18.79
1527,T03,CR2_S3,CR2,S3,0,0.0,6.579,1.9,1.35,6.74,5,1,26.18
1528,T06,S4_CR2,S4,CR2,1,206.7,6.855,1.9,1.35,6.78,8,1,41.21
1529,T08,S3_CR2,S3,CR2,1,190.7,6.579,1.9,1.35,1.43,0,1,27.92
1530,T05,S4_D2,S4,D2,1,212.3,6.638,1.49,1.35,11.77,5,0,29.12
1531,T07,S3_CR2,S3,CR2,1,169.9,6.579,1.9,1.35,4.2,3,0,25.41
1532,T10,S5_CR1,S5,CR1,1,190.2,10.342,0.89,1.15,1.15,2,0,35.11
1533,T07,S2_CR1,S2,CR1,1,194.0,8.334,1.39,1.15,9.93,4,1,39.87
1534,T06,D2_S3,D2,S3,0,0.0,6.362,1.39,1.35,5.68,4,0,23.73
1535,T08,S6_CR2,S6,CR2,1,165.9,8.342,1.9,1.35,2.06,1,0,26.46
1536,T01,S3_CR2,S3,CR2,1,174.5,6.579,1.9,1.35,2.78,1,1,29.66
1537,T05,S6_CR2,S6,CR2,1,220.0,8.342,1.9,1.35,9.33,2,0,28.5
1538,T08,S2_CR1,S2,CR1,1,203.7,8.334,1.39,1.15,6.01,3,1,34.54
1539,T02,D1_S5,D1,S5,0,0.0,6.724,1.12,1.15,2.45,1,0,16.45
1540,T01,CR1_S5,CR1,S5,0,0.0,10.342,0.89,1.15,0.24,3,0,29.99
1541,T07,D2_S3,D2,S3,0,0.0,6.362,1.39,1.35,10.15,2,0,21.6
1542,T01,S1_CR1,S1,CR1,1,198.3,8.767,0.8,1.15,4.47,2,1,39.66
1543,T06,CR1_S2,CR1,S2,0,0.0,8.334,1.39,1.15,0.54,1,1,26.87
1544,T04,S4_CR2,S4,CR2,1,178.9,6.855,1.9,1.35,0.67,2,0,23.83
1545,T10,CR2_S3,CR2,S3,0,0.0,6.579,1.9,1.35,0.91,7,0,24.57
1546,T07,S6_CR2,S6,CR2,1,201.9,8.342,1.9,1.35,3.65,0,0,27.14
1547,T03,CR1_S5,CR1,S5,0,0.0,10.342,0.89,1.15,3.58,3,0,25.81
1548,T09,D1_S1,D1,S1,0,0.0,5.834,1.12,1.15,10.0,0,0,11.01
1549,T01,S6_CR2,S6,CR2,1,206.8,8.342,1.9,1.35,0.38,1,1,33.46
1550,T09,CR1_S1,CR1,S1,0,0.0,8.767,0.8,1.15,9.47,1,1,28.45
1551,T10,D1_S1,D1,S1,0,0.0,5.834,1.12,1.15,7.32,1,0,13.5
1552,T03,S3_CR1,S3,CR1,1,195.8,8.135,1.57,1.15,8.06,1,0,21.56
1553,T03,CR1_S3,CR1,S3,0,0.0,8.135,1.57,1.15,6.56,3,0,18.06
1554,T10,S4_CR2,S4,CR2,1,204.7,6.855,1.9,1.35,7.86,2,1,29.53
1555,T01,CR1_S5,CR1,S5,0,0.0,10.342,0.89,1.15,11.93,1,0,23.93
1556,T02,CR1_S3,CR1,S3,0,0.0,8.135,1.57,1.15,2.05,3,0,17.69
1557,T03,D2_S3,D2,S3,0,0.0,6.362,1.39,1.35,4.09,3,0,22.69
1558,T02,CR2_S3,CR2,S3,0,0.0,6.579,1.9,1.35,6.53,4,0,20.77
1559,T06,S3_D2,S3,D2,1,210.1,6.362,1.39,1.35,4.94,1,1,34.68
1560,T07,CR1_S5,CR1,S5,0,0.0,10.342,0.89,1.15,2.93,4,0,27.14
1561,T07,D2_S4,D2,S4,0,0.0,6.638,1.49,1.35,10.83,0,0,20.45
1562,T03,S5_CR1,S5,CR1,1,187.3,10.342,0.89,1.15,0.31,3,1,42.48
1563,T06,CR1_S5,CR1,S5,0,0.0,10.342,0.89,1.15,11.48,4,0,29.87
1564,T02,D1_S1,D1,S1,0,0.0,5.834,1.12,1.15,4.8,5,0,15.18
1565,T06,S3_CR2,S3,CR2,1,201.4,6.579,1.9,1.35,2.87,2,0,22.56
1566,T10,CR1_S1,CR1,S1,0,0.0,8.767,0.8,1.15,4.24,4,1,31.27
1567,T09,CR2_S3,CR2,S3,0,0.0,6.579,1.9,1.35,4.89,3,0,19.71
1568,T04,CR1_S1,CR1,S1,0,0.0,8.767,0.8,1.15,4.17,3,0,22.77
1569,T07,CR1_S3,CR1,S3,0,0.0,8.135,1.57,1.15,4.1,2,1,20.09
1570,T09,D2_S4,D2,S4,0,0.0,6.638,1.49,1.35,11.88,1,0,20.6
1571,T01,CR1_S3,CR1,S3,0,0.0,8.135,1.57,1.15,1.08,5,0,19.48
1572,T04,D2_S3,D2,S3,0,0.0,6.362,1.39,1.35,2.18,3,0,22.64
1573,T03,D1_S1,D1,S1,0,0.0,5.834,1.12,1.15,10.62,1,0,13.24
1574,T07,CR1_S1,CR1,S1,0,0.0,8.767,0.8,1.15,6.19,3,0,23.77
1575,T05,S6_CR2,S6,CR2,1,197.1,8.342,1.9,1.35,2.95,2,0,24.07
1576,T08,CR1_S1,CR1,S1,0,0.0,8.767,0.8,1.15,4.5,6,0,25.69
1577,T04,S6_CR2,S6,CR2,1,182.9,8.342,1.9,1.35,10.03,2,0,28.04
1578,T10,S6_CR2,S6,CR2,1,202.6,8.342,1.9,1.35,5.88,2,0,26.79
1579,T04,CR1_S2,CR1,S2,0,0.0,8.334,1.39,1.15,7.52,2,0,23.16
1580,T07,CR1_S2,CR1,S2,0,0.0,8.334,1.39,1.15,1.4,1,0,22.56
1581,T05,S4_CR2,S4,CR2,1,167.7,6.855,1.9,1.35,0.58,3,0,24.64
1582,T08,CR1_S5,CR1,S5,0,0.0,10.342,0.89,1.15,3.23,1,0,27.3
1583,T08,CR2_S4,CR2,S4,0,0.0,6.855,1.9,1.35,0.14,4,0,19.8
1584,T10,CR2_S3,CR2,S3,0,0.0,6.579,1.9,1.35,6.4,4,0,20.42
1585,T08,CR1_S1,CR1,S1,0,0.0,8.767,0.8,1.15,3.01,7,1,34.82
1586,T05,D1_S5,D1,S5,0,0.0,6.724,1.12,1.15,10.43,4,1,23.28
1587,T09,S1_D1,S1,D1,1,183.9,5.834,1.12,1.15,6.32,6,0,18.78
1588,T09,D1_S5,D1,S5,0,0.0,6.724,1.12,1.15,6.82,6,0,19.91
1589,T06,CR2_S6,CR2,S6,0,0.0,8.342,1.9,1.35,9.96,6,1,32.71
1590,T07,S6_CR2,S6,CR2,1,182.1,8.342,1.9,1.35,11.11,2,0,27.46
1591,T08,CR1_S2,CR1,S2,0,0.0,8.334,1.39,1.15,2.7,3,1,31.18
1592,T03,S6_CR2,S6,CR2,1,216.7,8.342,1.9,1.35,0.45,1,0,25.48
1593,T04,CR1_S1,CR1,S1,0,0.0,8.767,0.8,1.15,11.95,2,0,23.39
1594,T05,CR2_S4,CR2,S4,0,0.0,6.855,1.9,1.35,3.7,2,0,20.04
1595,T04,S4_D2,S4,D2,1,216.8,6.638,1.49,1.35,5.42,6,1,36.19
1596,T07,S5_CR1,S5,CR1,1,176.5,10.342,0.89,1.15,6.95,8,1,49.36
1597,T03,S3_CR2,S3,CR2,1,212.1,6.579,1.9,1.35,10.35,1,0,21.95
1598,T10,CR2_S4,CR2,S4,0,0.0,6.855,1.9,1.35,11.08,3,0,18.81
1599,T09,S5_CR1,S5,CR1,1,202.9,10.342,0.89,1.15,0.27,2,0,36.9
1600,T08,S5_D1,S5,D1,1,179.5,6.724,1.12,1.15,5.04,4,0,25.7
1601,T06,CR2_S4,CR2,S4,0,0.0,6.855,1.9,1.35,9.49,0,1,20.83
1602,T01,CR1_S2,CR1,S2,0,0.0,8.334,1.39,1.15,2.28,1,0,21.52
1603,T07,CR1_S2,CR1,S2,0,0.0,8.334,1.39,1.15,3.33,1,0,22.39
1604,T08,CR1_S1,CR1,S1,0,0.0,8.767,0.8,1.15,9.38,2,0,22.7
1605,T06,D1_S5,D1,S5,0,0.0,6.724,1.12,1.15,10.89,3,0,16.53
1606,T01,CR2_S6,CR2,S6,0,0.0,8.342,1.9,1.35,4.63,6,0,25.13
1607,T04,D2_S3,D2,S3,0,0.0,6.362,1.39,1.35,4.14,2,0,19.69
1608,T02,CR1_S2,CR1,S2,0,0.0,8.334,1.39,1.15,9.41,4,0,23.58
1609,T05,CR2_S4,CR2,S4,0,0.0,6.855,1.9,1.35,9.22,1,0,17.74
1610,T06,S1_CR1,S1,CR1,1,216.9,8.767,0.8,1.15,4.94,4,1,35.57
1611,T09,S3_D2,S3,D2,1,198.2,6.362,1.39,1.35,3.99,4,1,35.89
1612,T06,S1_CR1,S1,CR1,1,209.5,8.767,0.8,1.15,5.74,5,0,28.92
1613,T08,S6_CR2,S6,CR2,1,190.1,8.342,1.9,1.35,2.38,4,0,28.68
1614,T01,S1_CR1,S1,CR1,1,193.8,8.767,0.8,1.15,8.53,5,0,31.14
1615,T01,S3_D2,S3,D2,1,180.8,6.362,1.39,1.35,3.26,3,0,29.69
1616,T06,CR1_S3,CR1,S3,0,0.0,8.135,1.57,1.15,4.61,4,1,26.76
1617,T04,S2_CR1,S2,CR1,1,178.7,8.334,1.39,1.15,5.34,4,0,30.08
1618,T03,CR1_S5,CR1,S5,0,0.0,10.342,0.89,1.15,8.93,1,0,26.11
1619,T01,S5_CR1,S5,CR1,1,194.4,10.342,0.89,1.15,1.1,1,0,33.49
1620,T08,S1_CR1,S1,CR1,1,190.0,8.767,0.8,1.15,11.34,2,1,38.07
1621,T04,D2_S4,D2,S4,0,0.0,6.638,1.49,1.35,0.92,2,0,22.13
1622,T05,D2_S4,D2,S4,0,0.0,6.638,1.49,1.35,6.66,3,0,23.19
1623,T07,S3_D2,S3,D2,1,186.0,6.362,1.39,1.35,11.23,3,0,26.22
1624,T06,S6_CR2,S6,CR2,1,189.9,8.342,1.9,1.35,2.71,1,0,23.59
1625,T05,CR1_S1,CR1,S1,0,0.0,8.767,0.8,1.15,5.82,5,0,28.42
1626,T07,S6_CR2,S6,CR2,1,181.1,8.342,1.9,1.35,5.29,4,0,28.55
1627,T02,S1_CR1,S1,CR1,1,180.9,8.767,0.8,1.15,9.83,6,0,29.99
1628,T01,S3_CR1,S3,CR1,1,206.8,8.135,1.57,1.15,11.45,1,0,21.35
1629,T03,S4_D2,S4,D2,1,172.7,6.638,1.49,1.35,4.0,3,0,29.1
1630,T05,S6_CR2,S6,CR2,1,209.3,8.342,1.9,1.35,4.64,6,0,29.95
1631,T07,S3_D2,S3,D2,1,220.0,6.362,1.39,1.35,1.99,2,0,30.49
1632,T09,D2_S4,D2,S4,0,0.0,6.638,1.49,1.35,2.57,2,0,21.02
1633,T04,S2_CR1,S2,CR1,1,182.7,8.334,1.39,1.15,9.82,2,0,23.54
1634,T10,S6_CR2,S6,CR2,1,208.2,8.342,1.9,1.35,7.38,3,0,29.26
1635,T09,S5_D1,S5,D1,1,189.5,6.724,1.12,1.15,9.67,1,1,24.97
1636,T07,S3_D2,S3,D2,1,210.7,6.362,1.39,1.35,11.66,2,0,27.39
1637,T04,S2_CR1,S2,CR1,1,190.4,8.334,1.39,1.15,6.3,8,1,44.04
1638,T10,D2_S3,D2,S3,0,0.0,6.362,1.39,1.35,3.92,5,0,25.19
1639,T03,S2_CR1,S2,CR1,1,195.0,8.334,1.39,1.15,7.84,3,1,35.96
1640,T07,CR1_S3,CR1,S3,0,0.0,8.135,1.57,1.15,0.01,3,0,20.21
1641,T09,S3_CR2,S3,CR2,1,178.9,6.579,1.9,1.35,11.57,5,0,26.28
1642,T04,S1_CR1,S1,CR1,1,203.8,8.767,0.8,1.15,7.78,4,1,44.51
1643,T03,S3_CR2,S3,CR2,1,188.0,6.579,1.9,1.35,4.58,2,0,23.87
1644,T02,S1_CR1,S1,CR1,1,189.9,8.767,0.8,1.15,4.57,4,0,26.5
1645,T09,CR1_S1,CR1,S1,0,0.0,8.767,0.8,1.15,7.67,3,0,24.64
1646,T05,S3_D2,S3,D2,1,174.6,6.362,1.39,1.35,4.04,0,1,28.29
1647,T10,S3_D2,S3,D2,1,213.5,6.362,1.39,1.35,2.73,1,0,23.33
1648,T01,CR2_S4,CR2,S4,0,0.0,6.855,1.9,1.35,8.05,4,0,23.03
1649,T08,CR1_S5,CR1,S5,0,0.0,10.342,0.89,1.15,9.91,2,0,27.0
1650,T04,S2_CR1,S2,CR1,1,217.4,8.334,1.39,1.15,5.85,3,0,30.63
1651,T08,S4_CR2,S4,CR2,1,190.1,6.855,1.9,1.35,0.16,3,0,25.14
1652,T09,D2_S3,D2,S3,0,0.0,6.362,1.39,1.35,10.77,1,0,18.88
1653,T10,S6_CR2,S6,CR2,1,179.6,8.342,1.9,1.35,5.85,2,0,25.35
1654,T08,S5_CR1,S5,CR1,1,205.3,10.342,0.89,1.15,10.26,1,0,32.58
1655,T06,S1_D1,S1,D1,1,195.7,5.834,1.12,1.15,4.17,0,0,14.4
1656,T01,S1_D1,S1,D1,1,181.8,5.834,1.12,1.15,7.52,1,0,16.12
1657,T04,S4_D2,S4,D2,1,198.8,6.638,1.49,1.35,11.75,3,0,28.15
1658,T02,S6_CR2,S6,CR2,1,176.6,8.342,1.9,1.35,5.49,4,0,26.5
1659,T07,S3_CR2,S3,CR2,1,195.1,6.579,1.9,1.35,2.28,3,0,26.08
1660,T09,S3_CR1,S3,CR1,1,171.3,8.135,1.57,1.15,0.66,2,0,21.84
1661,T03,CR2_S4,CR2,S4,0,0.0,6.855,1.9,1.35,7.27,6,0,21.66
1662,T01,S2_CR1,S2,CR1,1,174.2,8.334,1.39,1.15,6.63,4,1,40.4
1663,T09,S3_D2,S3,D2,1,179.6,6.362,1.39,1.35,11.26,4,1,38.42
1664,T04,S3_D2,S3,D2,1,190.9,6.362,1.39,1.35,1.04,0,0,28.46
1665,T02,D2_S4,D2,S4,0,0.0,6.638,1.49,1.35,11.9,2,0,21.22
1666,T07,S3_D2,S3,D2,1,205.5,6.362,1.39,1.35,6.33,4,0,28.45
1667,T07,CR1_S3,CR1,S3,0,0.0,8.135,1.57,1.15,11.9,2,0,18.07
1668,T01,S2_CR1,S2,CR1,1,203.0,8.334,1.39,1.15,8.47,2,0,27.77
1669,T05,S1_D1,S1,D1,1,193.3,5.834,1.12,1.15,9.29,2,0,16.98
1670,T07,CR1_S3,CR1,S3,0,0.0,8.135,1.57,1.15,5.94,3,1,26.78
1671,T02,S3_D2,S3,D2,1,208.6,6.362,1.39,1.35,10.74,3,0,28.14
1672,T04,CR2_S3,CR2,S3,0,0.0,6.579,1.9,1.35,10.93,4,0,19.77
1673,T03,S4_D2,S4,D2,1,195.3,6.638,1.49,1.35,0.79,1,0,26.34
1674,T02,D2_S3,D2,S3,0,0.0,6.362,1.39,1.35,1.52,2,0,21.87
1675,T09,CR1_S5,CR1,S5,0,0.0,10.342,0.89,1.15,9.41,4,0,29.28
1676,T10,CR1_S3,CR1,S3,0,0.0,8.135,1.57,1.15,11.77,2,0,15.67
1677,T06,D2_S4,D2,S4,0,0.0,6.638,1.49,1.35,5.88,6,0,25.66
1678,T07,S3_CR1,S3,CR1,1,174.0,8.135,1.57,1.15,10.33,2,0,21.5
1679,T05,D2_S3,D2,S3,0,0.0,6.362,1.39,1.35,7.96,2,0,24.33
1680,T02,CR2_S4,CR2,S4,0,0.0,6.855,1.9,1.35,4.82,1,0,19.45
1681,T08,CR2_S6,CR2,S6,0,0.0,8.342,1.9,1.35,3.02,2,0,21.26
1682,T04,D2_S4,D2,S4,0,0.0,6.638,1.49,1.35,5.37,4,0,23.22
1683,T03,S3_CR2,S3,CR2,1,202.8,6.579,1.9,1.35,10.93,3,0,23.46
1684,T03,S4_CR2,S4,CR2,1,206.8,6.855,1.9,1.35,9.47,1,0,23.55
1685,T06,CR1_S3,CR1,S3,0,0.0,8.135,1.57,1.15,2.13,2,0,18.74
1686,T08,S3_CR2,S3,CR2,1,196.0,6.579,1.9,1.35,6.01,5,0,25.63
1687,T04,S3_CR1,S3,CR1,1,180.3,8.135,1.57,1.15,2.79,0,0,20.42
1688,T01,S4_D2,S4,D2,1,220.0,6.638,1.49,1.35,9.09,2,1,36.51
1689,T02,S2_CR1,S2,CR1,1,185.2,8.334,1.39,1.15,4.72,5,0,32.0
1690,T03,S6_CR2,S6,CR2,1,182.5,8.342,1.9,1.35,4.18,3,0,28.49
1691,T03,S3_D2,S3,D2,1,191.7,6.362,1.39,1.35,0.46,2,0,25.34
1692,T05,D2_S3,D2,S3,0,0.0,6.362,1.39,1.35,8.33,5,0,25.8
1693,T08,S3_CR1,S3,CR1,1,182.5,8.135,1.57,1.15,9.26,0,0,19.87
1694,T09,S3_CR2,S3,CR2,1,191.6,6.579,1.9,1.35,6.75,5,0,25.25
1695,T08,S5_CR1,S5,CR1,1,185.7,10.342,0.89,1.15,3.07,4,0,38.15
1696,T02,CR1_S1,CR1,S1,0,0.0,8.767,0.8,1.15,10.56,0,1,28.08
1697,T05,CR2_S4,CR2,S4,0,0.0,6.855,1.9,1.35,11.53,1,0,16.32
1698,T06,D2_S4,D2,S4,0,0.0,6.638,1.49,1.35,4.13,6,0,27.43
1699,T07,S3_CR1,S3,CR1,1,175.9,8.135,1.57,1.15,9.77,3,1,27.54
1700,T07,S3_CR1,S3,CR1,1,194.8,8.135,1.57,1.15,10.7,2,0,24.57
1701,T05,S3_CR2,S3,CR2,1,182.6,6.579,1.9,1.35,7.07,4,0,23.84
1702,T04,S3_CR2,S3,CR2,1,180.3,6.579,1.9,1.35,5.5,1,1,28.64
1703,T06,CR1_S2,CR1,S2,0,0.0,8.334,1.39,1.15,0.92,4,1,32.85
1704,T01,CR2_S4,CR2,S4,0,0.0,6.855,1.9,1.35,10.89,1,1,21.86
1705,T05,D1_S1,D1,S1,0,0.0,5.834,1.12,1.15,9.0,2,0,12.87
1706,T10,S5_CR1,S5,CR1,1,220.0,10.342,0.89,1.15,5.83,4,0,38.65
1707,T01,D2_S4,D2,S4,0,0.0,6.638,1.49,1.35,3.18,1,1,28.82
1708,T03,D2_S4,D2,S4,0,0.0,6.638,1.49,1.35,11.2,2,0,21.52
1709,T07,CR1_S3,CR1,S3,0,0.0,8.135,1.57,1.15,3.15,5,0,19.92
1710,T04,S6_CR2,S6,CR2,1,194.9,8.342,1.9,1.35,0.47,2,0,27.19
1711,T06,S3_CR2,S3,CR2,1,190.1,6.579,1.9,1.35,8.45,3,0,23.57
1712,T01,CR1_S3,CR1,S3,0,0.0,8.135,1.57,1.15,11.23,1,1,19.4
1713,T10,S2_CR1,S2,CR1,1,203.9,8.334,1.39,1.15,5.81,2,0,29.22
1714,T04,CR1_S1,CR1,S1,0,0.0,8.767,0.8,1.15,3.18,3,0,24.67
1715,T06,D2_S3,D2,S3,0,0.0,6.362,1.39,1.35,0.41,2,0,22.59
1716,T03,CR1_S3,CR1,S3,0,0.0,8.135,1.57,1.15,7.38,5,0,20.77
1717,T03,S3_CR2,S3,CR2,1,181.0,6.579,1.9,1.35,4.72,3,0,25.59
1718,T05,CR1_S2,CR1,S2,0,0.0,8.334,1.39,1.15,0.05,0,0,22.11
1719,T01,S5_D1,S5,D1,1,185.6,6.724,1.12,1.15,10.28,2,0,22.13
1720,T02,S3_CR2,S3,CR2,1,194.8,6.579,1.9,1.35,8.36,1,0,23.27
1721,T01,D2_S4,D2,S4,0,0.0,6.638,1.49,1.35,8.43,3,0,22.56
1722,T04,CR1_S1,CR1,S1,0,0.0,8.767,0.8,1.15,4.58,3,0,25.29
1723,T07,CR2_S6,CR2,S6,0,0.0,8.342,1.9,1.35,8.84,0,0,19.2
1724,T05,CR1_S2,CR1,S2,0,0.0,8.334,1.39,1.15,11.95,3,0,24.62
1725,T03,CR2_S3,CR2,S3,0,0.0,6.579,1.9,1.35,4.33,6,0,23.04
1726,T10,S3_D2,S3,D2,1,173.4,6.362,1.39,1.35,6.86,5,0,29.92
1727,T06,CR2_S6,CR2,S6,0,0.0,8.342,1.9,1.35,10.69,2,0,21.12
1728,T04,S5_D1,S5,D1,1,202.9,6.724,1.12,1.15,9.81,3,0,21.78
1729,T08,S2_CR1,S2,CR1,1,200.9,8.334,1.39,1.15,0.54,1,0,28.8
1730,T08,CR2_S6,CR2,S6,0,0.0,8.342,1.9,1.35,9.58,0,1,24.56
1731,T09,CR1_S2,CR1,S2,0,0.0,8.334,1.39,1.15,9.9,3,0,21.78
1732,T01,S4_D2,S4,D2,1,206.1,6.638,1.49,1.35,6.64,3,0,26.4
1733,T10,S6_CR2,S6,CR2,1,155.5,8.342,1.9,1.35,7.69,2,1,35.54
1734,T02,S3_D2,S3,D2,1,180.6,6.362,1.39,1.35,9.42,4,0,28.85
1735,T04,CR2_S4,CR2,S4,0,0.0,6.855,1.9,1.35,7.01,2,0,19.15
1736,T01,CR2_S4,CR2,S4,0,0.0,6.855,1.9,1.35,4.66,6,0,20.28
1737,T04,CR1_S3,CR1,S3,0,0.0,8.135,1.57,1.15,11.31,3,0,18.48
1738,T09,CR2_S4,CR2,S4,0,0.0,6.855,1.9,1.35,9.5,3,0,19.55
1739,T07,CR2_S3,CR2,S3,0,0.0,6.579,1.9,1.35,6.71,4,0,20.76
1740,T03,CR1_S1,CR1,S1,0,0.0,8.767,0.8,1.15,2.72,2,0,22.26
1741,T08,S2_CR1,S2,CR1,1,178.7,8.334,1.39,1.15,11.61,0,0,28.44
1742,T08,CR2_S4,CR2,S4,0,0.0,6.855,1.9,1.35,0.47,1,0,18.23
1743,T10,CR1_S3,CR1,S3,0,0.0,8.135,1.57,1.15,6.9,3,0,18.54
1744,T10,S2_CR1,S2,CR1,1,190.0,8.334,1.39,1.15,0.46,3,1,40.62
1745,T10,S3_CR1,S3,CR1,1,197.6,8.135,1.57,1.15,9.42,2,0,20.97
1746,T03,D1_S5,D1,S5,0,0.0,6.724,1.12,1.15,4.83,3,0,18.86
1747,T09,S3_CR2,S3,CR2,1,182.7,6.579,1.9,1.35,7.6,4,0,24.25
1748,T08,S1_D1,S1,D1,1,210.6,5.834,1.12,1.15,7.55,2,0,16.77
1749,T05,S3_D2,S3,D2,1,178.5,6.362,1.39,1.35,9.5,2,0,25.68
1750,T09,CR2_S4,CR2,S4,0,0.0,6.855,1.9,1.35,3.1,1,0,17.48
1751,T07,CR1_S1,CR1,S1,0,0.0,8.767,0.8,1.15,3.76,2,1,30.84
1752,T09,S3_CR1,S3,CR1,1,191.1,8.135,1.57,1.15,9.56,3,0,22.06
1753,T07,D2_S4,D2,S4,0,0.0,6.638,1.49,1.35,0.15,3,0,22.76
1754,T05,CR1_S3,CR1,S3,0,0.0,8.135,1.57,1.15,2.37,0,0,17.17
1755,T02,S3_CR2,S3,CR2,1,206.0,6.579,1.9,1.35,7.21,4,1,29.33
1756,T03,S4_D2,S4,D2,1,182.3,6.638,1.49,1.35,5.59,2,0,27.4
1757,T02,S4_D2,S4,D2,1,220.0,6.638,1.49,1.35,5.21,4,0,31.11
1758,T10,S5_D1,S5,D1,1,184.0,6.724,1.12,1.15,7.85,2,0,20.19
1759,T08,S3_CR1,S3,CR1,1,217.3,8.135,1.57,1.15,2.42,1,0,21.58
1760,T06,CR2_S3,CR2,S3,0,0.0,6.579,1.9,1.35,8.82,2,0,21.73
1761,T04,S3_D2,S3,D2,1,176.3,6.362,1.39,1.35,1.47,3,0,27.99
1762,T10,D1_S5,D1,S5,0,0.0,6.724,1.12,1.15,5.16,4,0,18.14
1763,T06,D2_S4,D2,S4,0,0.0,6.638,1.49,1.35,9.34,4,0,24.63
1764,T01,S4_D2,S4,D2,1,183.7,6.638,1.49,1.35,10.71,1,0,26.21
1765,T10,CR2_S4,CR2,S4,0,0.0,6.855,1.9,1.35,4.88,8,0,23.73
1766,T04,S5_D1,S5,D1,1,183.3,6.724,1.12,1.15,1.12,6,1,34.55
1767,T03,S2_CR1,S2,CR1,1,206.9,8.334,1.39,1.15,1.8,3,0,29.21
1768,T10,D2_S3,D2,S3,0,0.0,6.362,1.39,1.35,2.85,2,0,23.47
1769,T10,S1_D1,S1,D1,1,183.0,5.834,1.12,1.15,6.51,2,0,14.54
1770,T10,D2_S3,D2,S3,0,0.0,6.362,1.39,1.35,8.85,1,0,21.57
1771,T06,S3_CR2,S3,CR2,1,184.8,6.579,1.9,1.35,3.73,4,0,24.25
1772,T06,D1_S1,D1,S1,0,0.0,5.834,1.12,1.15,5.53,4,1,16.62
1773,T06,CR1_S2,CR1,S2,0,0.0,8.334,1.39,1.15,7.5,6,1,35.12
1774,T02,CR2_S4,CR2,S4,0,0.0,6.855,1.9,1.35,6.64,7,1,34.32
1775,T07,S1_D1,S1,D1,1,171.8,5.834,1.12,1.15,5.09,4,0,16.24
1776,T07,S3_CR1,S3,CR1,1,199.1,8.135,1.57,1.15,1.37,0,0,17.56
1777,T02,S3_CR1,S3,CR1,1,189.9,8.135,1.57,1.15,4.83,0,0,20.19
1778,T06,S2_CR1,S2,CR1,1,202.2,8.334,1.39,1.15,11.04,0,0,25.33
1779,T06,S1_CR1,S1,CR1,1,199.2,8.767,0.8,1.15,1.27,3,0,30.15
1780,T05,D2_S3,D2,S3,0,0.0,6.362,1.39,1.35,6.52,5,1,32.65
1781,T10,S3_CR2,S3,CR2,1,187.9,6.579,1.9,1.35,6.26,5,1,30.11
1782,T04,S4_D2,S4,D2,1,173.2,6.638,1.49,1.35,2.54,1,0,22.58
1783,T03,S2_CR1,S2,CR1,1,181.5,8.334,1.39,1.15,6.87,2,1,41.86
1784,T01,S2_CR1,S2,CR1,1,199.9,8.334,1.39,1.15,10.84,3,0,27.63
1785,T07,S3_D2,S3,D2,1,188.3,6.362,1.39,1.35,0.26,3,0,28.87
1786,T05,S5_D1,S5,D1,1,205.8,6.724,1.12,1.15,5.72,4,0,22.49
1787,T02,CR1_S1,CR1,S1,0,0.0,8.767,0.8,1.15,7.4,3,1,37.29
1788,T01,S1_D1,S1,D1,1,176.4,5.834,1.12,1.15,1.89,4,0,18.62
1789,T04,S3_D2,S3,D2,1,215.5,6.362,1.39,1.35,5.97,7,0,31.45
1790,T06,S4_CR2,S4,CR2,1,186.2,6.855,1.9,1.35,8.61,2,0,27.55
1791,T01,D1_S5,D1,S5,0,0.0,6.724,1.12,1.15,8.2,2,0,18.46
1792,T04,CR2_S3,CR2,S3,0,0.0,6.579,1.9,1.35,11.05,4,0,21.19
1793,T10,S2_CR1,S2,CR1,1,193.8,8.334,1.39,1.15,3.19,3,0,30.18
1794,T06,S3_CR1,S3,CR1,1,193.4,8.135,1.57,1.15,9.59,3,0,24.27
1795,T09,S4_D2,S4,D2,1,195.0,6.638,1.49,1.35,6.55,7,0,32.86
1796,T03,S5_D1,S5,D1,1,185.8,6.724,1.12,1.15,4.47,3,0,22.58
1797,T10,S3_CR2,S3,CR2,1,219.9,6.579,1.9,1.35,7.93,3,0,23.97
1798,T07,S1_CR1,S1,CR1,1,166.9,8.767,0.8,1.15,2.46,1,0,29.6
1799,T06,S3_D2,S3,D2,1,202.1,6.362,1.39,1.35,4.8,3,0,27.99
1800,T07,S3_CR2,S3,CR2,1,212.0,6.579,1.9,1.35,6.17,3,0,24.4
1801,T01,CR2_S3,CR2,S3,0,0.0,6.579,1.9,1.35,3.45,0,0,20.14
1802,T10,S4_D2,S4,D2,1,198.1,6.638,1.49,1.35,7.82,4,0,28.91
1803,T03,CR1_S3,CR1,S3,0,0.0,8.135,1.57,1.15,9.08,3,0,19.05
1804,T06,CR2_S6,CR2,S6,0,0.0,8.342,1.9,1.35,4.92,4,1,27.55
1805,T09,CR1_S2,CR1,S2,0,0.0,8.334,1.39,1.15,2.57,1,0,22.46
1806,T07,CR1_S1,CR1,S1,0,0.0,8.767,0.8,1.15,8.89,0,0,21.15
1807,T07,S6_CR2,S6,CR2,1,185.3,8.342,1.9,1.35,9.68,2,0,27.38
1808,T08,S1_D1,S1,D1,1,196.0,5.834,1.12,1.15,0.41,2,0,15.84
1809,T02,S4_D2,S4,D2,1,170.5,6.638,1.49,1.35,6.12,2,1,35.83
1810,T07,S2_CR1,S2,CR1,1,199.3,8.334,1.39,1.15,11.23,1,0,27.99
1811,T10,S5_CR1,S5,CR1,1,197.7,10.342,0.89,1.15,9.16,3,0,37.25
1812,T02,D1_S5,D1,S5,0,0.0,6.724,1.12,1.15,4.17,5,0,18.58
1813,T10,D2_S4,D2,S4,0,0.0,6.638,1.49,1.35,8.19,2,0,22.69
1814,T02,S4_CR2,S4,CR2,1,197.5,6.855,1.9,1.35,0.85,2,0,23.64
1815,T03,D2_S3,D2,S3,0,0.0,6.362,1.39,1.35,10.77,3,1,28.64
1816,T05,S4_D2,S4,D2,1,209.7,6.638,1.49,1.35,5.73,3,0,26.59
1817,T07,S5_CR1,S5,CR1,1,194.2,10.342,0.89,1.15,11.38,0,0,33.38
1818,T06,D2_S3,D2,S3,0,0.0,6.362,1.39,1.35,9.84,6,0,25.23
1819,T02,CR2_S6,CR2,S6,0,0.0,8.342,1.9,1.35,0.95,3,0,24.52
1820,T09,CR2_S4,CR2,S4,0,0.0,6.855,1.9,1.35,8.41,2,0,22.7
1821,T02,S6_CR2,S6,CR2,1,206.2,8.342,1.9,1.35,5.94,4,0,30.97
1822,T02,CR1_S3,CR1,S3,0,0.0,8.135,1.57,1.15,3.38,2,0,18.0
1823,T02,S5_CR1,S5,CR1,1,191.5,10.342,0.89,1.15,3.8,3,0,33.31
1824,T03,CR1_S3,CR1,S3,0,0.0,8.135,1.57,1.15,10.67,4,0,19.53
1825,T06,S1_CR1,S1,CR1,1,197.8,8.767,0.8,1.15,11.73,3,0,28.83
1826,T10,S4_D2,S4,D2,1,209.5,6.638,1.49,1.35,9.09,1,1,35.36
1827,T10,CR1_S5,CR1,S5,0,0.0,10.342,0.89,1.15,6.2,5,1,44.7
1828,T01,S3_CR2,S3,CR2,1,220.0,6.579,1.9,1.35,2.58,1,0,24.4
1829,T09,S1_CR1,S1,CR1,1,195.8,8.767,0.8,1.15,1.64,1,0,29.19
1830,T10,D1_S1,D1,S1,0,0.0,5.834,1.12,1.15,6.16,4,0,15.52
1831,T05,CR2_S4,CR2,S4,0,0.0,6.855,1.9,1.35,6.55,7,0,23.35
1832,T09,CR2_S4,CR2,S4,0,0.0,6.855,1.9,1.35,4.49,4,0,22.3
1833,T03,CR1_S2,CR1,S2,0,0.0,8.334,1.39,1.15,3.08,2,0,23.1
1834,T04,S4_D2,S4,D2,1,216.1,6.638,1.49,1.35,5.7,4,1,35.57
1835,T09,S5_CR1,S5,CR1,1,207.4,10.342,0.89,1.15,10.95,4,0,37.71
1836,T06,S1_D1,S1,D1,1,183.6,5.834,1.12,1.15,3.49,2,0,16.13
1837,T05,D1_S1,D1,S1,0,0.0,5.834,1.12,1.15,9.6,2,0,14.31
1838,T05,S5_CR1,S5,CR1,1,189.4,10.342,0.89,1.15,2.92,8,0,39.95
1839,T02,S2_CR1,S2,CR1,1,208.6,8.334,1.39,1.15,2.81,1,0,27.37
1840,T10,CR1_S5,CR1,S5,0,0.0,10.342,0.89,1.15,9.44,3,0,28.21
1841,T01,S3_CR1,S3,CR1,1,212.7,8.135,1.57,1.15,10.98,5,0,26.53
1842,T03,S4_CR2,S4,CR2,1,168.4,6.855,1.9,1.35,9.14,4,0,23.84
1843,T02,S4_CR2,S4,CR2,1,204.0,6.855,1.9,1.35,4.23,2,1,28.35
1844,T04,D2_S4,D2,S4,0,0.0,6.638,1.49,1.35,6.8,3,0,18.81
1845,T04,S1_CR1,S1,CR1,1,215.2,8.767,0.8,1.15,9.01,1,1,34.6
1846,T05,S2_CR1,S2,CR1,1,190.3,8.334,1.39,1.15,4.26,0,0,26.7
1847,T10,S2_CR1,S2,CR1,1,206.0,8.334,1.39,1.15,0.93,6,1,36.97
1848,T07,S4_D2,S4,D2,1,220.0,6.638,1.49,1.35,3.03,1,0,25.07
1849,T05,S3_CR1,S3,CR1,1,207.9,8.135,1.57,1.15,5.9,3,0,24.72
1850,T02,S2_CR1,S2,CR1,1,195.8,8.334,1.39,1.15,2.62,2,0,31.7
1851,T04,S3_D2,S3,D2,1,194.8,6.362,1.39,1.35,7.66,1,0,27.14
1852,T06,S3_D2,S3,D2,1,175.4,6.362,1.39,1.35,7.04,2,1,40.25
1853,T07,CR2_S4,CR2,S4,0,0.0,6.855,1.9,1.35,3.2,2,0,19.89
1854,T05,CR1_S5,CR1,S5,0,0.0,10.342,0.89,1.15,11.84,2,0,27.86
1855,T01,D1_S1,D1,S1,0,0.0,5.834,1.12,1.15,0.44,1,0,11.46
1856,T10,S3_D2,S3,D2,1,205.0,6.362,1.39,1.35,3.54,0,0,28.14
1857,T07,S4_CR2,S4,CR2,1,191.4,6.855,1.9,1.35,8.61,4,0,26.23
1858,T08,S1_D1,S1,D1,1,183.1,5.834,1.12,1.15,0.18,1,0,15.93
1859,T06,CR1_S3,CR1,S3,0,0.0,8.135,1.57,1.15,7.97,3,0,17.3
1860,T01,S3_CR1,S3,CR1,1,205.6,8.135,1.57,1.15,3.16,1,0,22.02
1861,T04,D2_S4,D2,S4,0,0.0,6.638,1.49,1.35,5.33,4,0,24.62
1862,T01,S3_CR1,S3,CR1,1,168.4,8.135,1.57,1.15,5.63,4,0,20.03
1863,T01,S5_D1,S5,D1,1,203.2,6.724,1.12,1.15,11.6,3,0,20.87
1864,T06,CR1_S2,CR1,S2,0,0.0,8.334,1.39,1.15,8.18,3,0,24.56
1865,T07,CR1_S3,CR1,S3,0,0.0,8.135,1.57,1.15,7.14,2,0,16.52
1866,T08,S4_D2,S4,D2,1,206.6,6.638,1.49,1.35,10.38,4,0,27.47
1867,T03,D1_S1,D1,S1,0,0.0,5.834,1.12,1.15,11.77,2,0,13.85
1868,T09,CR2_S4,CR2,S4,0,0.0,6.855,1.9,1.35,5.66,2,0,20.2
1869,T02,CR2_S4,CR2,S4,0,0.0,6.855,1.9,1.35,11.04,2,0,18.7
1870,T10,S3_CR2,S3,CR2,1,194.2,6.579,1.9,1.35,8.49,0,0,19.5
1871,T08,CR2_S6,CR2,S6,0,0.0,8.342,1.9,1.35,11.83,3,0,23.42
1872,T06,S4_D2,S4,D2,1,204.5,6.638,1.49,1.35,1.76,1,1,34.45
1873,T10,S5_CR1,S5,CR1,1,199.5,10.342,0.89,1.15,1.88,1,0,33.23
1874,T09,S1_CR1,S1,CR1,1,192.9,8.767,0.8,1.15,0.78,1,0,28.69
1875,T09,D1_S1,D1,S1,0,0.0,5.834,1.12,1.15,1.62,3,0,13.95
1876,T02,S2_CR1,S2,CR1,1,193.1,8.334,1.39,1.15,0.26,3,0,29.39
1877,T08,D2_S4,D2,S4,0,0.0,6.638,1.49,1.35,10.41,2,0,22.93
1878,T02,CR1_S3,CR1,S3,0,0.0,8.135,1.57,1.15,11.16,0,0,13.26
1879,T05,S4_CR2,S4,CR2,1,220.0,6.855,1.9,1.35,6.23,7,0,27.71
1880,T04,S3_CR1,S3,CR1,1,206.7,8.135,1.57,1.15,3.35,3,1,27.6
1881,T01,CR1_S1,CR1,S1,0,0.0,8.767,0.8,1.15,8.34,5,0,25.53
1882,T05,S4_D2,S4,D2,1,199.5,6.638,1.49,1.35,9.35,5,0,25.68
1883,T03,S3_CR1,S3,CR1,1,181.3,8.135,1.57,1.15,4.72,4,0,22.89
1884,T09,D1_S1,D1,S1,0,0.0,5.834,1.12,1.15,7.69,2,0,14.62
1885,T03,S2_CR1,S2,CR1,1,210.7,8.334,1.39,1.15,9.41,4,0,29.65
1886,T07,D2_S4,D2,S4,0,0.0,6.638,1.49,1.35,1.27,2,0,24.42
1887,T04,D1_S5,D1,S5,0,0.0,6.724,1.12,1.15,10.46,2,0,18.0
1888,T09,CR1_S3,CR1,S3,0,0.0,8.135,1.57,1.15,10.18,1,1,21.84
1889,T03,CR2_S4,CR2,S4,0,0.0,6.855,1.9,1.35,8.85,4,0,20.06
1890,T07,S6_CR2,S6,CR2,1,194.9,8.342,1.9,1.35,5.08,3,0,23.22
1891,T02,D1_S1,D1,S1,0,0.0,5.834,1.12,1.15,5.34,3,0,12.87
1892,T01,S1_D1,S1,D1,1,214.8,5.834,1.12,1.15,3.34,2,0,16.27
1893,T02,S1_D1,S1,D1,1,209.7,5.834,1.12,1.15,1.75,3,0,16.13
1894,T09,CR2_S3,CR2,S3,0,0.0,6.579,1.9,1.35,5.89,5,0,24.88
1895,T05,CR2_S3,CR2,S3,0,0.0,6.579,1.9,1.35,8.53,1,0,18.79
1896,T02,S2_CR1,S2,CR1,1,193.9,8.334,1.39,1.15,11.53,1,0,24.79
1897,T06,S3_D2,S3,D2,1,201.8,6.362,1.39,1.35,9.29,1,0,27.8
1898,T03,D1_S1,D1,S1,0,0.0,5.834,1.12,1.15,6.81,5,1,19.41
1899,T09,CR1_S5,CR1,S5,0,0.0,10.342,0.89,1.15,6.99,2,0,28.19
1900,T09,S2_CR1,S2,CR1,1,167.8,8.334,1.39,1.15,4.22,2,0,28.56
1901,T01,CR2_S3,CR2,S3,0,0.0,6.579,1.9,1.35,5.23,2,0,17.74
1902,T04,S5_D1,S5,D1,1,202.1,6.724,1.12,1.15,7.19,3,0,19.05
1903,T06,CR1_S3,CR1,S3,0,0.0,8.135,1.57,1.15,9.46,2,0,16.9
1904,T09,S5_CR1,S5,CR1,1,209.1,10.342,0.89,1.15,3.24,4,0,37.77
1905,T04,D1_S5,D1,S5,0,0.0,6.724,1.12,1.15,7.52,0,0,15.93
1906,T10,CR2_S3,CR2,S3,0,0.0,6.579,1.9,1.35,6.8,5,1,27.78
1907,T01,S3_D2,S3,D2,1,199.7,6.362,1.39,1.35,9.69,2,0,24.86
1908,T04,S4_D2,S4,D2,1,190.3,6.638,1.49,1.35,2.83,1,0,26.39
1909,T05,S1_CR1,S1,CR1,1,202.9,8.767,0.8,1.15,5.61,3,0,28.83
1910,T01,CR1_S1,CR1,S1,0,0.0,8.767,0.8,1.15,3.06,1,0,22.16
1911,T06,CR1_S5,CR1,S5,0,0.0,10.342,0.89,1.15,6.95,1,0,24.92
1912,T09,CR2_S4,CR2,S4,0,0.0,6.855,1.9,1.35,10.9,3,1,26.52
1913,T08,S4_D2,S4,D2,1,202.8,6.638,1.49,1.35,6.16,4,0,28.62
1914,T09,CR1_S5,CR1,S5,0,0.0,10.342,0.89,1.15,0.34,2,0,28.17
1915,T09,S3_D2,S3,D2,1,198.3,6.362,1.39,1.35,4.69,3,1,33.53
1916,T09,S4_D2,S4,D2,1,202.2,6.638,1.49,1.35,11.91,2,0,28.36
1917,T05,CR2_S6,CR2,S6,0,0.0,8.342,1.9,1.35,1.08,4,0,23.98
1918,T04,S2_CR1,S2,CR1,1,209.3,8.334,1.39,1.15,4.89,3,1,33.16
1919,T07,S3_CR1,S3,CR1,1,174.5,8.135,1.57,1.15,1.87,4,1,28.7
1920,T06,S3_CR2,S3,CR2,1,196.5,6.579,1.9,1.35,4.25,4,1,29.27
1921,T06,S6_CR2,S6,CR2,1,200.2,8.342,1.9,1.35,10.84,0,0,25.48
1922,T05,S5_D1,S5,D1,1,205.1,6.724,1.12,1.15,1.44,0,0,18.04
1923,T09,CR1_S3,CR1,S3,0,0.0,8.135,1.57,1.15,3.31,4,1,24.79
1924,T10,S4_D2,S4,D2,1,182.0,6.638,1.49,1.35,3.72,1,0,24.61
1925,T05,CR2_S3,CR2,S3,0,0.0,6.579,1.9,1.35,9.84,2,1,26.17
1926,T01,S2_CR1,S2,CR1,1,209.7,8.334,1.39,1.15,7.73,3,0,31.41
1927,T04,CR1_S1,CR1,S1,0,0.0,8.767,0.8,1.15,11.58,4,0,21.82
1928,T06,S5_D1,S5,D1,1,165.7,6.724,1.12,1.15,6.47,4,1,27.75
1929,T02,S4_D2,S4,D2,1,199.3,6.638,1.49,1.35,2.38,1,0,29.17
1930,T01,D2_S4,D2,S4,0,0.0,6.638,1.49,1.35,1.78,2,0,23.63
1931,T03,S1_D1,S1,D1,1,192.7,5.834,1.12,1.15,4.73,6,1,25.83
1932,T01,S1_CR1,S1,CR1,1,220.0,8.767,0.8,1.15,3.27,3,0,27.95
1933,T05,S3_CR1,S3,CR1,1,205.0,8.135,1.57,1.15,6.31,2,0,22.78
1934,T07,S4_CR2,S4,CR2,1,180.1,6.855,1.9,1.35,8.09,6,0,25.76
1935,T04,CR1_S2,CR1,S2,0,0.0,8.334,1.39,1.15,5.91,7,0,26.77
1936,T07,CR2_S4,CR2,S4,0,0.0,6.855,1.9,1.35,9.65,3,0,20.06
1937,T08,CR2_S3,CR2,S3,0,0.0,6.579,1.9,1.35,1.65,1,0,16.62
1938,T01,CR2_S4,CR2,S4,0,0.0,6.855,1.9,1.35,9.01,2,0,17.13
1939,T05,S4_D2,S4,D2,1,216.4,6.638,1.49,1.35,3.94,5,0,28.15
1940,T09,D2_S3,D2,S3,0,0.0,6.362,1.39,1.35,1.53,2,1,30.2
1941,T03,S1_D1,S1,D1,1,179.0,5.834,1.12,1.15,0.5,2,0,16.55
1942,T06,S4_D2,S4,D2,1,182.0,6.638,1.49,1.35,0.56,1,1,33.26
1943,T04,CR1_S3,CR1,S3,0,0.0,8.135,1.57,1.15,9.9,0,0,15.85
1944,T07,S5_CR1,S5,CR1,1,199.4,10.342,0.89,1.15,11.94,3,0,30.11
1945,T09,S3_CR2,S3,CR2,1,196.2,6.579,1.9,1.35,10.49,3,0,22.82
1946,T01,S6_CR2,S6,CR2,1,211.3,8.342,1.9,1.35,4.48,6,1,41.39
1947,T08,S2_CR1,S2,CR1,1,186.9,8.334,1.39,1.15,3.79,6,0,28.67
1948,T06,D1_S1,D1,S1,0,0.0,5.834,1.12,1.15,8.32,2,0,13.55
1949,T05,CR2_S3,CR2,S3,0,0.0,6.579,1.9,1.35,3.32,2,0,18.2
1950,T08,S1_CR1,S1,CR1,1,181.2,8.767,0.8,1.15,2.13,2,0,29.43
1951,T04,S4_CR2,S4,CR2,1,183.8,6.855,1.9,1.35,6.73,8,0,30.9
1952,T09,S4_D2,S4,D2,1,203.1,6.638,1.49,1.35,9.43,1,1,31.95
1953,T01,CR1_S3,CR1,S3,0,0.0,8.135,1.57,1.15,0.63,0,0,17.05
1954,T07,S1_D1,S1,D1,1,209.4,5.834,1.12,1.15,10.23,1,0,15.98
1955,T03,S3_CR1,S3,CR1,1,205.1,8.135,1.57,1.15,11.8,0,0,19.22
1956,T06,CR1_S2,CR1,S2,0,0.0,8.334,1.39,1.15,2.0,1,0,21.77
1957,T09,CR1_S1,CR1,S1,0,0.0,8.767,0.8,1.15,3.49,1,0,22.18
1958,T01,CR1_S2,CR1,S2,0,0.0,8.334,1.39,1.15,8.67,4,0,24.9
1959,T03,S3_CR1,S3,CR1,1,220.0,8.135,1.57,1.15,6.58,4,1,31.24
1960,T03,S3_CR2,S3,CR2,1,203.6,6.579,1.9,1.35,8.3,3,0,23.91
1961,T08,S3_D2,S3,D2,1,182.9,6.362,1.39,1.35,6.93,1,0,25.95
1962,T04,S5_D1,S5,D1,1,181.9,6.724,1.12,1.15,10.84,0,0,20.75
1963,T04,S1_D1,S1,D1,1,198.3,5.834,1.12,1.15,4.23,1,0,15.55
1964,T10,CR1_S1,CR1,S1,0,0.0,8.767,0.8,1.15,4.36,5,0,26.92
1965,T02,CR1_S3,CR1,S3,0,0.0,8.135,1.57,1.15,4.07,1,1,21.92
1966,T07,CR1_S2,CR1,S2,0,0.0,8.334,1.39,1.15,3.77,4,0,24.79
1967,T06,S5_CR1,S5,CR1,1,191.5,10.342,0.89,1.15,9.01,4,1,43.31
1968,T09,S2_CR1,S2,CR1,1,171.0,8.334,1.39,1.15,0.71,2,0,27.33
1969,T10,S6_CR2,S6,CR2,1,220.0,8.342,1.9,1.35,5.95,3,0,27.76
1970,T05,CR2_S6,CR2,S6,0,0.0,8.342,1.9,1.35,10.08,4,0,24.17
1971,T03,S5_CR1,S5,CR1,1,212.8,10.342,0.89,1.15,0.7,2,0,34.43
1972,T02,S3_CR1,S3,CR1,1,218.9,8.135,1.57,1.15,5.99,4,1,30.03
1973,T08,CR2_S6,CR2,S6,0,0.0,8.342,1.9,1.35,4.49,2,0,20.62
1974,T09,D1_S1,D1,S1,0,0.0,5.834,1.12,1.15,7.79,2,0,12.67
1975,T06,CR1_S2,CR1,S2,0,0.0,8.334,1.39,1.15,5.33,1,1,26.3
1976,T05,S4_D2,S4,D2,1,207.7,6.638,1.49,1.35,10.62,3,1,40.74
1977,T09,D2_S4,D2,S4,0,0.0,6.638,1.49,1.35,9.54,1,0,20.95
1978,T05,S1_CR1,S1,CR1,1,183.3,8.767,0.8,1.15,5.43,4,0,29.39
1979,T06,S6_CR2,S6,CR2,1,181.9,8.342,1.9,1.35,2.31,1,0,25.76
1980,T08,S5_D1,S5,D1,1,197.7,6.724,1.12,1.15,2.22,2,0,21.12
1981,T06,S1_D1,S1,D1,1,190.5,5.834,1.12,1.15,4.49,3,0,18.37
1982,T03,S3_CR2,S3,CR2,1,195.9,6.579,1.9,1.35,5.2,6,0,27.11
1983,T02,CR2_S6,CR2,S6,0,0.0,8.342,1.9,1.35,5.54,3,0,23.61
1984,T07,S6_CR2,S6,CR2,1,182.7,8.342,1.9,1.35,6.31,2,0,26.26
1985,T09,S2_CR1,S2,CR1,1,203.6,8.334,1.39,1.15,10.32,1,0,28.45
1986,T01,S6_CR2,S6,CR2,1,195.0,8.342,1.9,1.35,9.61,4,1,32.7
1987,T01,S1_CR1,S1,CR1,1,188.0,8.767,0.8,1.15,11.47,2,1,32.14
1988,T07,CR2_S3,CR2,S3,0,0.0,6.579,1.9,1.35,2.65,2,0,20.14
1989,T06,S1_CR1,S1,CR1,1,181.2,8.767,0.8,1.15,5.98,6,0,31.79
1990,T04,S2_CR1,S2,CR1,1,212.8,8.334,1.39,1.15,10.94,3,0,30.46
1991,T09,S5_D1,S5,D1,1,208.2,6.724,1.12,1.15,6.08,8,1,36.18
1992,T02,D2_S4,D2,S4,0,0.0,6.638,1.49,1.35,3.84,2,0,22.17
1993,T08,D1_S1,D1,S1,0,0.0,5.834,1.12,1.15,4.57,1,0,12.75
1994,T02,CR2_S4,CR2,S4,0,0.0,6.855,1.9,1.35,9.38,1,0,19.95
1995,T02,CR2_S6,CR2,S6,0,0.0,8.342,1.9,1.35,8.44,3,0,25.02
1996,T04,S3_D2,S3,D2,1,220.0,6.362,1.39,1.35,3.32,2,1,33.66
1997,T10,D2_S3,D2,S3,0,0.0,6.362,1.39,1.35,5.27,4,0,24.33
1998,T08,CR1_S3,CR1,S3,0,0.0,8.135,1.57,1.15,8.9,3,0,18.72
1999,T03,CR2_S3,CR2,S3,0,0.0,6.579,1.9,1.35,9.64,3,0,20.21
2000,T03,D2_S4,D2,S4,0,0.0,6.638,1.49,1.35,1.7,2,0,23.0
2001,T04,CR1_S2,CR1,S2,0,0.0,8.334,1.39,1.15,9.11,2,0,23.52
2002,T01,CR1_S1,CR1,S1,0,0.0,8.767,0.8,1.15,6.34,6,0,28.02
2003,T07,CR1_S3,CR1,S3,0,0.0,8.135,1.57,1.15,1.45,4,0,18.94
2004,T06,S3_D2,S3,D2,1,209.1,6.362,1.39,1.35,11.07,0,1,29.61
2005,T10,CR2_S6,CR2,S6,0,0.0,8.342,1.9,1.35,9.21,1,0,22.32
2006,T06,CR2_S6,CR2,S6,0,0.0,8.342,1.9,1.35,8.14,4,0,22.52
2007,T05,S2_CR1,S2,CR1,1,203.2,8.334,1.39,1.15,11.61,1,0,28.68
2008,T09,S5_D1,S5,D1,1,174.8,6.724,1.12,1.15,9.12,5,1,28.79
2009,T05,S5_CR1,S5,CR1,1,198.3,10.342,0.89,1.15,5.34,3,0,36.49
2010,T05,S3_CR2,S3,CR2,1,219.3,6.579,1.9,1.35,11.12,2,0,23.1
2011,T09,CR2_S3,CR2,S3,0,0.0,6.579,1.9,1.35,2.02,1,0,17.37
2012,T03,CR1_S3,CR1,S3,0,0.0,8.135,1.57,1.15,6.27,5,0,19.42
2013,T08,S4_D2,S4,D2,1,186.3,6.638,1.49,1.35,9.53,3,0,26.23
2014,T10,S5_D1,S5,D1,1,202.6,6.724,1.12,1.15,5.67,1,0,20.59
2015,T09,CR2_S6,CR2,S6,0,0.0,8.342,1.9,1.35,7.81,4,0,24.0
2016,T10,D2_S4,D2,S4,0,0.0,6.638,1.49,1.35,10.68,5,0,23.08
2017,T07,CR1_S2,CR1,S2,0,0.0,8.334,1.39,1.15,11.83,1,0,22.39
2018,T09,CR1_S2,CR1,S2,0,0.0,8.334,1.39,1.15,10.59,2,0,22.78
2019,T09,CR2_S4,CR2,S4,0,0.0,6.855,1.9,1.35,11.45,1,0,19.24
2020,T01,S3_CR2,S3,CR2,1,218.1,6.579,1.9,1.35,9.95,4,0,26.32
2021,T05,S6_CR2,S6,CR2,1,196.4,8.342,1.9,1.35,4.77,8,0,27.95
2022,T06,S1_D1,S1,D1,1,181.3,5.834,1.12,1.15,11.71,1,0,14.91
2023,T06,S3_CR2,S3,CR2,1,196.8,6.579,1.9,1.35,8.95,1,0,22.4
2024,T02,CR1_S1,CR1,S1,0,0.0,8.767,0.8,1.15,2.28,2,1,28.39
2025,T05,D2_S4,D2,S4,0,0.0,6.638,1.49,1.35,8.04,3,0,22.03
2026,T10,CR2_S6,CR2,S6,0,0.0,8.342,1.9,1.35,1.21,1,1,30.08
2027,T02,S4_D2,S4,D2,1,210.6,6.638,1.49,1.35,7.74,2,0,25.23
2028,T06,S3_D2,S3,D2,1,179.9,6.362,1.39,1.35,1.4,3,0,28.12
2029,T06,S1_CR1,S1,CR1,1,193.7,8.767,0.8,1.15,4.25,4,0,33.66
2030,T02,S3_D2,S3,D2,1,200.9,6.362,1.39,1.35,9.06,2,1,32.32
2031,T01,S4_CR2,S4,CR2,1,199.6,6.855,1.9,1.35,9.15,3,0,24.4
2032,T06,CR1_S3,CR1,S3,0,0.0,8.135,1.57,1.15,5.23,3,0,18.65
2033,T08,CR1_S1,CR1,S1,0,0.0,8.767,0.8,1.15,10.82,3,0,24.71
2034,T05,S5_D1,S5,D1,1,189.5,6.724,1.12,1.15,2.04,0,0,17.74
2035,T07,CR2_S4,CR2,S4,0,0.0,6.855,1.9,1.35,5.78,6,0,22.41
2036,T02,CR1_S1,CR1,S1,0,0.0,8.767,0.8,1.15,4.49,4,1,31.12
2037,T05,S3_D2,S3,D2,1,196.0,6.362,1.39,1.35,10.2,0,0,27.21
2038,T07,D1_S1,D1,S1,0,0.0,5.834,1.12,1.15,10.17,3,0,13.16
2039,T05,D2_S3,D2,S3,0,0.0,6.362,1.39,1.35,10.63,1,0,19.79
2040,T05,CR1_S1,CR1,S1,0,0.0,8.767,0.8,1.15,3.46,0,0,20.12
2041,T10,CR1_S2,CR1,S2,0,0.0,8.334,1.39,1.15,7.03,4,1,27.51
2042,T08,S3_D2,S3,D2,1,206.5,6.362,1.39,1.35,4.01,3,0,28.31
2043,T02,CR2_S3,CR2,S3,0,0.0,6.579,1.9,1.35,9.28,5,0,20.24
2044,T06,CR2_S6,CR2,S6,0,0.0,8.342,1.9,1.35,5.8,3,0,24.19
2045,T03,S3_D2,S3,D2,1,193.2,6.362,1.39,1.35,0.58,1,1,35.1
2046,T03,S5_CR1,S5,CR1,1,192.0,10.342,0.89,1.15,4.08,4,1,45.09
2047,T04,S1_D1,S1,D1,1,203.5,5.834,1.12,1.15,11.09,1,0,15.06
2048,T04,S1_CR1,S1,CR1,1,189.5,8.767,0.8,1.15,6.93,3,0,28.51
2049,T07,D2_S4,D2,S4,0,0.0,6.638,1.49,1.35,1.93,2,0,21.79
2050,T10,CR1_S2,CR1,S2,0,0.0,8.334,1.39,1.15,11.94,4,0,24.12
2051,T02,CR1_S3,CR1,S3,0,0.0,8.135,1.57,1.15,0.54,0,0,16.41
2052,T03,D2_S4,D2,S4,0,0.0,6.638,1.49,1.35,8.63,2,0,23.37
2053,T02,CR1_S5,CR1,S5,0,0.0,10.342,0.89,1.15,8.7,4,0,27.75
2054,T10,S4_D2,S4,D2,1,173.3,6.638,1.49,1.35,8.6,2,1,33.41
2055,T01,S3_D2,S3,D2,1,207.2,6.362,1.39,1.35,6.32,4,1,38.52
2056,T07,S4_CR2,S4,CR2,1,184.5,6.855,1.9,1.35,9.63,1,0,23.11
2057,T10,CR2_S4,CR2,S4,0,0.0,6.855,1.9,1.35,8.75,4,0,20.86
2058,T07,S4_D2,S4,D2,1,199.6,6.638,1.49,1.35,2.28,4,0,31.1
2059,T05,CR2_S3,CR2,S3,0,0.0,6.579,1.9,1.35,2.13,2,1,25.53
2060,T06,CR2_S4,CR2,S4,0,0.0,6.855,1.9,1.35,11.83,2,0,18.46
2061,T04,S2_CR1,S2,CR1,1,214.6,8.334,1.39,1.15,1.91,4,1,34.46
2062,T07,CR2_S4,CR2,S4,0,0.0,6.855,1.9,1.35,2.1,2,0,20.83
2063,T05,S3_D2,S3,D2,1,202.0,6.362,1.39,1.35,4.6,5,0,29.99
2064,T07,S5_D1,S5,D1,1,200.8,6.724,1.12,1.15,3.92,2,1,29.25
2065,T03,S1_CR1,S1,CR1,1,192.5,8.767,0.8,1.15,1.81,0,0,28.18
2066,T05,S4_CR2,S4,CR2,1,213.5,6.855,1.9,1.35,11.68,1,0,20.2
2067,T04,S4_D2,S4,D2,1,168.7,6.638,1.49,1.35,0.54,3,0,29.68
2068,T10,CR2_S4,CR2,S4,0,0.0,6.855,1.9,1.35,2.85,7,0,23.97
2069,T01,S1_CR1,S1,CR1,1,182.4,8.767,0.8,1.15,4.97,6,1,43.88
2070,T04,CR2_S6,CR2,S6,0,0.0,8.342,1.9,1.35,4.58,1,0,22.01
2071,T08,S2_CR1,S2,CR1,1,194.6,8.334,1.39,1.15,0.32,2,0,27.69
2072,T08,S3_CR2,S3,CR2,1,188.9,6.579,1.9,1.35,10.31,5,0,27.65
2073,T10,D2_S3,D2,S3,0,0.0,6.362,1.39,1.35,7.29,3,0,22.85
2074,T05,S3_CR1,S3,CR1,1,192.4,8.135,1.57,1.15,9.86,4,1,30.21
2075,T04,S3_CR2,S3,CR2,1,179.5,6.579,1.9,1.35,4.56,3,1,34.77
2076,T04,S4_D2,S4,D2,1,209.4,6.638,1.49,1.35,6.42,5,0,31.49
2077,T09,D2_S4,D2,S4,0,0.0,6.638,1.49,1.35,10.42,3,0,23.13
2078,T01,S5_CR1,S5,CR1,1,198.6,10.342,0.89,1.15,7.32,6,0,41.13
2079,T04,S2_CR1,S2,CR1,1,203.5,8.334,1.39,1.15,3.26,1,0,28.57
2080,T10,CR1_S1,CR1,S1,0,0.0,8.767,0.8,1.15,10.76,5,1,30.23
2081,T10,S1_D1,S1,D1,1,194.7,5.834,1.12,1.15,4.43,3,0,16.92
2082,T04,S5_CR1,S5,CR1,1,193.7,10.342,0.89,1.15,2.64,3,0,35.14
2083,T01,S3_D2,S3,D2,1,195.6,6.362,1.39,1.35,2.31,1,0,27.79
2084,T07,S2_CR1,S2,CR1,1,213.2,8.334,1.39,1.15,2.9,0,1,28.18
2085,T04,D2_S3,D2,S3,0,0.0,6.362,1.39,1.35,4.04,6,0,25.89
2086,T08,S3_CR2,S3,CR2,1,196.4,6.579,1.9,1.35,6.53,8,1,31.41
2087,T10,D2_S3,D2,S3,0,0.0,6.362,1.39,1.35,11.19,3,0,23.28
2088,T10,S3_D2,S3,D2,1,192.6,6.362,1.39,1.35,7.88,2,0,28.67
2089,T01,S1_CR1,S1,CR1,1,162.6,8.767,0.8,1.15,8.53,1,0,27.07
2090,T04,D1_S1,D1,S1,0,0.0,5.834,1.12,1.15,3.06,1,0,11.59
2091,T05,S2_CR1,S2,CR1,1,201.6,8.334,1.39,1.15,0.31,2,1,40.08
2092,T09,CR2_S4,CR2,S4,0,0.0,6.855,1.9,1.35,2.57,2,0,19.06
2093,T10,S5_CR1,S5,CR1,1,181.2,10.342,0.89,1.15,11.11,1,1,44.65
2094,T06,CR2_S3,CR2,S3,0,0.0,6.579,1.9,1.35,2.78,2,0,19.42
2095,T04,S6_CR2,S6,CR2,1,209.0,8.342,1.9,1.35,5.29,8,1,40.06
2096,T08,S1_CR1,S1,CR1,1,201.0,8.767,0.8,1.15,3.47,3,1,33.77
2097,T09,CR2_S6,CR2,S6,0,0.0,8.342,1.9,1.35,8.82,5,1,28.16
2098,T08,S6_CR2,S6,CR2,1,198.9,8.342,1.9,1.35,1.87,1,0,28.44
2099,T06,D2_S3,D2,S3,0,0.0,6.362,1.39,1.35,3.01,3,1,28.96
2100,T08,CR1_S5,CR1,S5,0,0.0,10.342,0.89,1.15,2.07,3,0,28.38
2101,T07,CR1_S3,CR1,S3,0,0.0,8.135,1.57,1.15,3.41,2,1,24.58
2102,T01,CR1_S3,CR1,S3,0,0.0,8.135,1.57,1.15,1.2,3,1,23.38
2103,T04,CR1_S1,CR1,S1,0,0.0,8.767,0.8,1.15,3.66,2,0,22.72
2104,T08,CR1_S5,CR1,S5,0,0.0,10.342,0.89,1.15,5.16,6,1,42.73
2105,T01,D2_S3,D2,S3,0,0.0,6.362,1.39,1.35,9.86,2,0,22.42
2106,T06,CR2_S4,CR2,S4,0,0.0,6.855,1.9,1.35,6.82,0,0,18.31
2107,T01,D2_S4,D2,S4,0,0.0,6.638,1.49,1.35,7.85,1,0,19.96
2108,T07,S1_CR1,S1,CR1,1,184.4,8.767,0.8,1.15,7.4,3,0,28.66
2109,T07,CR1_S2,CR1,S2,0,0.0,8.334,1.39,1.15,2.04,4,0,25.82
2110,T05,D2_S4,D2,S4,0,0.0,6.638,1.49,1.35,8.22,4,0,22.55
2111,T10,D1_S5,D1,S5,0,0.0,6.724,1.12,1.15,6.14,6,0,19.98
2112,T08,D2_S4,D2,S4,0,0.0,6.638,1.49,1.35,8.23,3,0,22.16
2113,T03,CR2_S4,CR2,S4,0,0.0,6.855,1.9,1.35,9.57,2,0,18.17
2114,T05,S3_CR1,S3,CR1,1,220.0,8.135,1.57,1.15,8.53,2,0,21.95
2115,T05,CR1_S5,CR1,S5,0,0.0,10.342,0.89,1.15,1.43,0,1,32.24
2116,T09,CR2_S6,CR2,S6,0,0.0,8.342,1.9,1.35,5.93,3,0,21.34
2117,T10,S5_D1,S5,D1,1,180.4,6.724,1.12,1.15,5.23,0,0,17.68
2118,T10,S5_D1,S5,D1,1,183.7,6.724,1.12,1.15,9.93,2,0,18.56
2119,T04,S2_CR1,S2,CR1,1,198.5,8.334,1.39,1.15,3.3,0,0,25.2
2120,T02,S4_D2,S4,D2,1,206.3,6.638,1.49,1.35,5.4,2,0,27.72
2121,T01,S1_D1,S1,D1,1,215.2,5.834,1.12,1.15,3.54,2,1,22.76
2122,T08,S4_CR2,S4,CR2,1,200.0,6.855,1.9,1.35,4.25,2,0,21.14
2123,T05,D2_S4,D2,S4,0,0.0,6.638,1.49,1.35,5.25,2,0,21.12
2124,T09,S1_CR1,S1,CR1,1,175.4,8.767,0.8,1.15,4.76,5,0,32.72
2125,T03,CR2_S6,CR2,S6,0,0.0,8.342,1.9,1.35,6.53,4,1,33.56
2126,T03,S2_CR1,S2,CR1,1,217.0,8.334,1.39,1.15,10.31,1,1,32.5
2127,T05,CR1_S3,CR1,S3,0,0.0,8.135,1.57,1.15,9.11,1,1,19.56
2128,T05,CR1_S1,CR1,S1,0,0.0,8.767,0.8,1.15,7.23,3,0,22.55
2129,T01,S1_D1,S1,D1,1,182.5,5.834,1.12,1.15,6.55,4,0,19.37
2130,T03,S3_D2,S3,D2,1,191.4,6.362,1.39,1.35,4.4,1,0,26.2
2131,T07,CR1_S1,CR1,S1,0,0.0,8.767,0.8,1.15,8.77,2,0,23.65
2132,T05,S2_CR1,S2,CR1,1,218.3,8.334,1.39,1.15,1.86,0,0,25.06
2133,T07,S5_D1,S5,D1,1,208.8,6.724,1.12,1.15,3.8,1,1,23.13
2134,T03,D2_S3,D2,S3,0,0.0,6.362,1.39,1.35,8.48,3,0,21.78
2135,T07,S4_D2,S4,D2,1,195.3,6.638,1.49,1.35,5.26,2,0,25.78
2136,T01,CR1_S1,CR1,S1,0,0.0,8.767,0.8,1.15,0.76,3,0,25.09
2137,T03,S2_CR1,S2,CR1,1,182.6,8.334,1.39,1.15,8.85,4,1,35.5
2138,T03,D2_S3,D2,S3,0,0.0,6.362,1.39,1.35,6.44,3,0,23.01
2139,T06,S4_CR2,S4,CR2,1,218.6,6.855,1.9,1.35,1.54,5,1,37.13
2140,T04,D1_S1,D1,S1,0,0.0,5.834,1.12,1.15,1.96,0,0,12.24
2141,T09,S1_D1,S1,D1,1,173.6,5.834,1.12,1.15,3.68,3,0,16.38
2142,T06,CR2_S4,CR2,S4,0,0.0,6.855,1.9,1.35,9.0,3,0,19.16
2143,T05,S3_CR1,S3,CR1,1,196.5,8.135,1.57,1.15,9.11,0,0,20.7
2144,T06,S4_D2,S4,D2,1,187.1,6.638,1.49,1.35,2.07,2,0,24.29
2145,T09,S4_D2,S4,D2,1,215.3,6.638,1.49,1.35,9.09,2,1,35.52
2146,T01,CR1_S5,CR1,S5,0,0.0,10.342,0.89,1.15,3.39,1,0,26.98
2147,T08,CR1_S1,CR1,S1,0,0.0,8.767,0.8,1.15,4.09,1,1,26.5
2148,T06,S5_CR1,S5,CR1,1,166.1,10.342,0.89,1.15,6.78,3,0,35.13
2149,T08,CR2_S6,CR2,S6,0,0.0,8.342,1.9,1.35,0.73,2,0,21.5
2150,T10,S5_CR1,S5,CR1,1,207.2,10.342,0.89,1.15,10.69,3,0,36.12
2151,T05,S2_CR1,S2,CR1,1,211.5,8.334,1.39,1.15,1.72,4,0,29.39
2152,T03,CR1_S5,CR1,S5,0,0.0,10.342,0.89,1.15,7.68,3,0,29.55
2153,T02,S3_CR1,S3,CR1,1,185.7,8.135,1.57,1.15,8.03,4,0,22.27
2154,T07,CR2_S6,CR2,S6,0,0.0,8.342,1.9,1.35,0.19,1,0,21.54
2155,T02,S2_CR1,S2,CR1,1,185.1,8.334,1.39,1.15,5.06,4,0,31.16
2156,T03,CR1_S2,CR1,S2,0,0.0,8.334,1.39,1.15,7.82,6,0,23.58
2157,T01,S5_CR1,S5,CR1,1,191.7,10.342,0.89,1.15,8.35,4,0,34.35
2158,T09,CR1_S5,CR1,S5,0,0.0,10.342,0.89,1.15,8.02,1,0,25.97
2159,T01,D1_S5,D1,S5,0,0.0,6.724,1.12,1.15,3.02,2,0,16.69
2160,T05,S1_CR1,S1,CR1,1,220.0,8.767,0.8,1.15,7.82,4,1,34.94
2161,T08,S1_D1,S1,D1,1,174.7,5.834,1.12,1.15,2.28,2,0,17.05
2162,T10,CR1_S3,CR1,S3,0,0.0,8.135,1.57,1.15,11.35,3,0,18.09
2163,T07,D1_S5,D1,S5,0,0.0,6.724,1.12,1.15,0.86,0,1,20.58
2164,T09,S3_D2,S3,D2,1,180.5,6.362,1.39,1.35,11.18,4,1,33.71
2165,T03,S5_D1,S5,D1,1,219.2,6.724,1.12,1.15,7.98,3,0,23.21
2166,T07,D2_S3,D2,S3,0,0.0,6.362,1.39,1.35,6.36,7,1,28.5
2167,T06,D2_S4,D2,S4,0,0.0,6.638,1.49,1.35,5.27,7,0,23.61
2168,T09,D1_S5,D1,S5,0,0.0,6.724,1.12,1.15,6.43,6,1,26.64
2169,T03,CR2_S3,CR2,S3,0,0.0,6.579,1.9,1.35,11.25,2,0,19.92
2170,T05,CR1_S3,CR1,S3,0,0.0,8.135,1.57,1.15,0.04,2,0,17.9
2171,T08,CR1_S3,CR1,S3,0,0.0,8.135,1.57,1.15,11.38,4,0,20.25
2172,T10,CR1_S1,CR1,S1,0,0.0,8.767,0.8,1.15,7.04,2,0,23.98
2173,T03,CR2_S3,CR2,S3,0,0.0,6.579,1.9,1.35,1.7,1,0,19.45
2174,T04,S3_D2,S3,D2,1,168.3,6.362,1.39,1.35,4.85,5,0,29.35
2175,T08,S5_D1,S5,D1,1,196.2,6.724,1.12,1.15,10.94,1,0,21.65
2176,T05,S3_D2,S3,D2,1,187.7,6.362,1.39,1.35,7.86,0,0,26.99
2177,T03,S3_D2,S3,D2,1,176.4,6.362,1.39,1.35,6.45,3,0,27.18
2178,T03,S3_D2,S3,D2,1,184.1,6.362,1.39,1.35,11.82,2,0,27.98
2179,T02,S6_CR2,S6,CR2,1,185.2,8.342,1.9,1.35,9.11,2,0,26.72
2180,T04,S6_CR2,S6,CR2,1,193.7,8.342,1.9,1.35,4.09,3,0,28.12
2181,T03,CR1_S3,CR1,S3,0,0.0,8.135,1.57,1.15,1.75,1,0,16.39
2182,T09,S1_D1,S1,D1,1,190.8,5.834,1.12,1.15,11.29,1,0,14.8
2183,T04,S3_CR1,S3,CR1,1,181.9,8.135,1.57,1.15,1.37,2,0,21.42
2184,T02,CR1_S3,CR1,S3,0,0.0,8.135,1.57,1.15,4.5,2,0,17.76
2185,T10,CR1_S2,CR1,S2,0,0.0,8.334,1.39,1.15,0.74,1,0,20.82
2186,T04,CR2_S3,CR2,S3,0,0.0,6.579,1.9,1.35,2.15,3,0,19.45
2187,T05,CR1_S5,CR1,S5,0,0.0,10.342,0.89,1.15,0.8,3,0,28.08
2188,T10,CR2_S3,CR2,S3,0,0.0,6.579,1.9,1.35,2.53,3,1,26.83
2189,T07,S2_CR1,S2,CR1,1,212.9,8.334,1.39,1.15,2.94,3,0,26.6
2190,T09,S5_CR1,S5,CR1,1,181.7,10.342,0.89,1.15,9.7,4,1,37.49
2191,T02,S3_CR1,S3,CR1,1,182.5,8.135,1.57,1.15,10.14,2,0,18.44
2192,T01,S1_D1,S1,D1,1,181.2,5.834,1.12,1.15,8.05,2,1,19.61
2193,T09,CR1_S1,CR1,S1,0,0.0,8.767,0.8,1.15,11.63,4,0,23.04
2194,T08,CR1_S5,CR1,S5,0,0.0,10.342,0.89,1.15,1.54,1,0,23.29
2195,T01,S3_CR1,S3,CR1,1,196.6,8.135,1.57,1.15,8.27,0,0,19.42
2196,T05,CR1_S2,CR1,S2,0,0.0,8.334,1.39,1.15,5.26,4,0,26.04
2197,T09,D2_S3,D2,S3,0,0.0,6.362,1.39,1.35,11.67,0,1,26.57
2198,T07,D1_S5,D1,S5,0,0.0,6.724,1.12,1.15,1.58,5,1,26.53
2199,T02,S6_CR2,S6,CR2,1,184.2,8.342,1.9,1.35,2.47,1,0,24.21
2200,T05,S1_D1,S1,D1,1,220.0,5.834,1.12,1.15,5.96,5,0,16.87
2201,T08,D2_S4,D2,S4,0,0.0,6.638,1.49,1.35,8.52,1,0,21.26
2202,T07,D2_S4,D2,S4,0,0.0,6.638,1.49,1.35,8.49,3,1,28.11
2203,T09,D2_S4,D2,S4,0,0.0,6.638,1.49,1.35,11.44,1,1,31.18
2204,T09,CR2_S6,CR2,S6,0,0.0,8.342,1.9,1.35,11.86,2,0,22.85
2205,T09,D1_S1,D1,S1,0,0.0,5.834,1.12,1.15,6.74,2,0,13.07
2206,T10,CR1_S2,CR1,S2,0,0.0,8.334,1.39,1.15,5.52,4,0,26.55
2207,T07,S4_D2,S4,D2,1,196.1,6.638,1.49,1.35,0.84,2,0,27.99
2208,T08,S3_CR1,S3,CR1,1,187.6,8.135,1.57,1.15,4.9,3,0,20.99
2209,T06,D2_S3,D2,S3,0,0.0,6.362,1.39,1.35,3.03,1,0,22.09
2210,T02,D2_S4,D2,S4,0,0.0,6.638,1.49,1.35,11.23,3,0,23.77
2211,T07,CR2_S3,CR2,S3,0,0.0,6.579,1.9,1.35,7.25,2,0,17.31
2212,T09,S2_CR1,S2,CR1,1,203.5,8.334,1.39,1.15,10.13,1,0,28.81
2213,T07,CR2_S3,CR2,S3,0,0.0,6.579,1.9,1.35,6.67,4,0,20.37
2214,T07,S3_D2,S3,D2,1,196.5,6.362,1.39,1.35,3.96,6,1,38.33
2215,T01,S3_CR2,S3,CR2,1,207.4,6.579,1.9,1.35,6.46,6,0,26.31
2216,T07,CR1_S2,CR1,S2,0,0.0,8.334,1.39,1.15,3.45,2,1,27.06
2217,T08,CR1_S5,CR1,S5,0,0.0,10.342,0.89,1.15,4.81,4,0,29.32
2218,T09,D1_S1,D1,S1,0,0.0,5.834,1.12,1.15,10.14,3,0,15.16
2219,T07,S2_CR1,S2,CR1,1,188.6,8.334,1.39,1.15,9.51,0,0,24.88
2220,T07,S3_D2,S3,D2,1,220.0,6.362,1.39,1.35,3.57,3,0,25.27
2221,T10,CR1_S2,CR1,S2,0,0.0,8.334,1.39,1.15,5.61,4,0,23.05
2222,T07,S6_CR2,S6,CR2,1,206.4,8.342,1.9,1.35,6.67,2,0,28.06
2223,T01,D2_S4,D2,S4,0,0.0,6.638,1.49,1.35,2.56,6,1,27.19
2224,T01,S6_CR2,S6,CR2,1,197.1,8.342,1.9,1.35,3.51,2,0,28.86
2225,T03,S3_D2,S3,D2,1,199.3,6.362,1.39,1.35,4.52,1,0,28.36
2226,T05,CR1_S1,CR1,S1,0,0.0,8.767,0.8,1.15,2.83,3,1,26.47
2227,T04,CR1_S5,CR1,S5,0,0.0,10.342,0.89,1.15,6.33,0,1,34.03
2228,T07,CR1_S5,CR1,S5,0,0.0,10.342,0.89,1.15,10.87,1,0,29.1
2229,T09,D1_S5,D1,S5,0,0.0,6.724,1.12,1.15,10.83,1,0,16.09
2230,T01,CR1_S2,CR1,S2,0,0.0,8.334,1.39,1.15,5.88,4,1,31.68
2231,T08,D2_S3,D2,S3,0,0.0,6.362,1.39,1.35,5.82,3,1,28.85
2232,T04,D1_S5,D1,S5,0,0.0,6.724,1.12,1.15,10.4,1,0,14.92
2233,T02,S1_CR1,S1,CR1,1,209.3,8.767,0.8,1.15,3.0,4,0,27.23
2234,T04,S3_D2,S3,D2,1,211.6,6.362,1.39,1.35,8.25,3,0,30.19
2235,T04,CR2_S4,CR2,S4,0,0.0,6.855,1.9,1.35,1.63,1,0,19.75
2236,T04,S1_CR1,S1,CR1,1,220.0,8.767,0.8,1.15,2.75,5,0,29.42
2237,T08,S3_CR2,S3,CR2,1,184.8,6.579,1.9,1.35,5.69,5,0,26.25
2238,T06,CR1_S1,CR1,S1,0,0.0,8.767,0.8,1.15,10.96,2,0,20.98
2239,T06,S1_CR1,S1,CR1,1,188.9,8.767,0.8,1.15,10.59,0,0,27.32
2240,T01,CR2_S4,CR2,S4,0,0.0,6.855,1.9,1.35,0.18,0,1,19.82
2241,T08,CR2_S6,CR2,S6,0,0.0,8.342,1.9,1.35,0.54,5,1,30.54
2242,T01,S5_CR1,S5,CR1,1,198.5,10.342,0.89,1.15,7.99,2,1,40.07
2243,T04,S6_CR2,S6,CR2,1,219.6,8.342,1.9,1.35,5.25,3,0,26.8
2244,T01,D1_S5,D1,S5,0,0.0,6.724,1.12,1.15,3.41,4,1,19.72
2245,T06,S2_CR1,S2,CR1,1,198.1,8.334,1.39,1.15,9.78,4,0,28.51
2246,T02,S3_CR1,S3,CR1,1,213.9,8.135,1.57,1.15,9.76,0,1,26.21
2247,T10,CR2_S4,CR2,S4,0,0.0,6.855,1.9,1.35,7.89,1,1,23.24
2248,T06,CR2_S6,CR2,S6,0,0.0,8.342,1.9,1.35,8.59,5,0,24.19
2249,T09,CR1_S5,CR1,S5,0,0.0,10.342,0.89,1.15,10.8,1,0,26.03
2250,T04,CR2_S6,CR2,S6,0,0.0,8.342,1.9,1.35,0.94,4,1,32.39
2251,T07,S6_CR2,S6,CR2,1,177.4,8.342,1.9,1.35,9.88,2,0,27.08
2252,T05,CR1_S2,CR1,S2,0,0.0,8.334,1.39,1.15,2.54,1,0,21.21
2253,T01,D2_S4,D2,S4,0,0.0,6.638,1.49,1.35,4.79,2,0,20.8
2254,T09,S6_CR2,S6,CR2,1,183.7,8.342,1.9,1.35,11.33,2,0,27.94
2255,T05,CR1_S3,CR1,S3,0,0.0,8.135,1.57,1.15,7.06,4,1,23.31
2256,T07,S5_CR1,S5,CR1,1,174.2,10.342,0.89,1.15,9.16,2,0,32.89
2257,T07,S5_CR1,S5,CR1,1,215.7,10.342,0.89,1.15,11.48,0,0,33.11
2258,T01,CR1_S1,CR1,S1,0,0.0,8.767,0.8,1.15,10.44,3,0,21.72
2259,T05,S6_CR2,S6,CR2,1,183.6,8.342,1.9,1.35,11.61,2,1,41.11
2260,T10,D2_S3,D2,S3,0,0.0,6.362,1.39,1.35,7.96,2,0,22.98
2261,T02,S3_CR1,S3,CR1,1,175.2,8.135,1.57,1.15,11.27,2,1,25.17
2262,T07,D2_S4,D2,S4,0,0.0,6.638,1.49,1.35,1.74,0,1,28.93
2263,T05,CR2_S4,CR2,S4,0,0.0,6.855,1.9,1.35,0.69,3,0,18.91
2264,T04,S4_CR2,S4,CR2,1,197.0,6.855,1.9,1.35,6.73,4,1,32.23
2265,T10,S5_D1,S5,D1,1,199.8,6.724,1.12,1.15,3.38,2,0,21.44
2266,T06,S6_CR2,S6,CR2,1,201.8,8.342,1.9,1.35,4.77,2,0,25.92
2267,T01,CR1_S2,CR1,S2,0,0.0,8.334,1.39,1.15,5.76,5,1,27.58
2268,T07,CR1_S1,CR1,S1,0,0.0,8.767,0.8,1.15,6.1,2,0,24.56
2269,T08,D1_S1,D1,S1,0,0.0,5.834,1.12,1.15,8.17,2,0,12.13
2270,T02,S3_CR2,S3,CR2,1,197.4,6.579,1.9,1.35,1.64,2,0,22.98
2271,T04,CR1_S1,CR1,S1,0,0.0,8.767,0.8,1.15,7.03,3,0,22.77
2272,T05,S3_CR2,S3,CR2,1,219.8,6.579,1.9,1.35,8.5,4,0,23.85
2273,T01,S3_CR2,S3,CR2,1,208.6,6.579,1.9,1.35,8.92,2,1,30.48
2274,T09,CR1_S3,CR1,S3,0,0.0,8.135,1.57,1.15,4.91,2,0,17.04
2275,T08,CR1_S5,CR1,S5,0,0.0,10.342,0.89,1.15,4.9,4,0,28.34
2276,T01,CR2_S3,CR2,S3,0,0.0,6.579,1.9,1.35,9.72,0,0,18.13
2277,T10,S3_CR2,S3,CR2,1,191.8,6.579,1.9,1.35,7.91,2,0,23.06
2278,T07,CR1_S1,CR1,S1,0,0.0,8.767,0.8,1.15,2.43,1,0,23.72
2279,T10,S3_CR2,S3,CR2,1,189.8,6.579,1.9,1.35,0.14,4,1,29.94
2280,T03,S3_CR2,S3,CR2,1,179.0,6.579,1.9,1.35,4.32,3,0,26.47
2281,T06,S6_CR2,S6,CR2,1,182.4,8.342,1.9,1.35,1.42,3,0,28.08
2282,T09,S4_CR2,S4,CR2,1,185.2,6.855,1.9,1.35,2.5,2,0,24.02
2283,T03,CR2_S4,CR2,S4,0,0.0,6.855,1.9,1.35,10.59,0,0,17.06
2284,T08,S4_D2,S4,D2,1,187.8,6.638,1.49,1.35,7.03,4,0,27.17
2285,T04,S4_D2,S4,D2,1,193.5,6.638,1.49,1.35,9.6,0,1,35.75
2286,T09,S1_CR1,S1,CR1,1,210.7,8.767,0.8,1.15,11.87,3,1,39.67
2287,T04,CR1_S2,CR1,S2,0,0.0,8.334,1.39,1.15,4.12,5,1,33.46
2288,T09,D2_S3,D2,S3,0,0.0,6.362,1.39,1.35,2.98,1,0,21.91
2289,T05,D2_S4,D2,S4,0,0.0,6.638,1.49,1.35,0.65,1,0,24.05
2290,T05,S1_CR1,S1,CR1,1,214.8,8.767,0.8,1.15,7.68,6,0,30.51
2291,T06,S5_CR1,S5,CR1,1,188.2,10.342,0.89,1.15,10.5,2,0,30.01
2292,T09,D1_S1,D1,S1,0,0.0,5.834,1.12,1.15,9.28,2,0,12.86
2293,T07,S1_D1,S1,D1,1,220.0,5.834,1.12,1.15,2.54,3,0,17.96
2294,T10,D1_S1,D1,S1,0,0.0,5.834,1.12,1.15,6.78,3,0,14.69
2295,T09,CR2_S6,CR2,S6,0,0.0,8.342,1.9,1.35,9.98,2,0,21.03
2296,T05,S5_CR1,S5,CR1,1,220.0,10.342,0.89,1.15,1.13,3,0,35.42
2297,T06,S2_CR1,S2,CR1,1,201.4,8.334,1.39,1.15,9.63,3,0,26.19
2298,T04,S6_CR2,S6,CR2,1,185.8,8.342,1.9,1.35,5.82,4,0,29.97
2299,T09,S4_CR2,S4,CR2,1,161.5,6.855,1.9,1.35,3.91,3,1,30.09
2300,T09,S6_CR2,S6,CR2,1,197.1,8.342,1.9,1.35,11.55,1,0,26.83
2301,T03,S6_CR2,S6,CR2,1,174.5,8.342,1.9,1.35,3.08,1,0,26.8
2302,T10,S4_D2,S4,D2,1,183.5,6.638,1.49,1.35,11.08,2,0,27.28
2303,T05,CR1_S2,CR1,S2,0,0.0,8.334,1.39,1.15,2.1,3,0,21.54
2304,T01,CR2_S3,CR2,S3,0,0.0,6.579,1.9,1.35,6.88,2,0,17.35
2305,T01,S4_CR2,S4,CR2,1,201.6,6.855,1.9,1.35,11.44,3,0,21.88
2306,T01,CR1_S2,CR1,S2,0,0.0,8.334,1.39,1.15,5.14,1,0,20.74
2307,T10,S4_D2,S4,D2,1,185.4,6.638,1.49,1.35,1.35,2,0,29.38
2308,T06,S2_CR1,S2,CR1,1,185.1,8.334,1.39,1.15,2.05,2,1,32.84
2309,T05,CR2_S3,CR2,S3,0,0.0,6.579,1.9,1.35,2.5,5,0,21.18
2310,T07,S5_D1,S5,D1,1,196.1,6.724,1.12,1.15,7.02,8,0,22.19
2311,T01,S4_D2,S4,D2,1,211.4,6.638,1.49,1.35,9.24,4,0,28.13
2312,T05,CR2_S3,CR2,S3,0,0.0,6.579,1.9,1.35,2.1,1,1,21.83
2313,T05,S5_CR1,S5,CR1,1,202.4,10.342,0.89,1.15,3.6,1,0,33.04
2314,T02,CR1_S2,CR1,S2,0,0.0,8.334,1.39,1.15,8.86,3,0,24.27
2315,T09,CR1_S1,CR1,S1,0,0.0,8.767,0.8,1.15,10.23,2,0,23.66
2316,T08,CR2_S3,CR2,S3,0,0.0,6.579,1.9,1.35,10.74,2,0,18.42
2317,T02,S3_CR2,S3,CR2,1,210.9,6.579,1.9,1.35,8.44,3,0,20.65
2318,T03,CR1_S1,CR1,S1,0,0.0,8.767,0.8,1.15,4.68,3,0,22.44
2319,T08,CR1_S2,CR1,S2,0,0.0,8.334,1.39,1.15,0.56,0,0,20.18
2320,T08,S4_CR2,S4,CR2,1,201.3,6.855,1.9,1.35,6.85,7,0,26.69
2321,T10,S1_D1,S1,D1,1,191.2,5.834,1.12,1.15,0.1,2,0,16.19
2322,T02,S3_D2,S3,D2,1,194.7,6.362,1.39,1.35,2.63,2,0,24.71
2323,T10,D1_S5,D1,S5,0,0.0,6.724,1.12,1.15,8.05,3,0,16.97
2324,T04,S5_D1,S5,D1,1,202.2,6.724,1.12,1.15,6.62,6,0,25.03
2325,T09,S1_CR1,S1,CR1,1,180.9,8.767,0.8,1.15,10.69,0,0,28.38
2326,T01,S1_CR1,S1,CR1,1,203.5,8.767,0.8,1.15,2.16,1,0,25.55
2327,T01,S3_CR2,S3,CR2,1,209.8,6.579,1.9,1.35,8.89,2,0,24.73
2328,T08,S6_CR2,S6,CR2,1,195.6,8.342,1.9,1.35,1.63,1,0,25.34
2329,T08,S5_D1,S5,D1,1,205.4,6.724,1.12,1.15,8.7,1,0,20.55
2330,T05,S2_CR1,S2,CR1,1,194.5,8.334,1.39,1.15,5.92,4,0,29.89
2331,T03,CR1_S5,CR1,S5,0,0.0,10.342,0.89,1.15,10.92,1,0,22.58
2332,T04,CR1_S2,CR1,S2,0,0.0,8.334,1.39,1.15,7.43,1,0,20.4
2333,T02,S3_CR2,S3,CR2,1,220.0,6.579,1.9,1.35,4.78,0,0,21.35
2334,T06,CR1_S3,CR1,S3,0,0.0,8.135,1.57,1.15,8.89,3,0,18.24
2335,T01,D2_S4,D2,S4,0,0.0,6.638,1.49,1.35,2.16,2,0,23.32
2336,T05,S1_CR1,S1,CR1,1,196.5,8.767,0.8,1.15,4.26,6,0,30.91
2337,T04,S6_CR2,S6,CR2,1,220.0,8.342,1.9,1.35,6.25,3,0,31.65
2338,T05,S2_CR1,S2,CR1,1,215.1,8.334,1.39,1.15,3.49,2,0,25.91
2339,T02,D1_S5,D1,S5,0,0.0,6.724,1.12,1.15,7.99,3,0,17.54
2340,T02,S1_CR1,S1,CR1,1,189.0,8.767,0.8,1.15,0.13,1,1,35.03
2341,T07,D2_S3,D2,S3,0,0.0,6.362,1.39,1.35,11.98,1,0,20.63
2342,T09,S1_D1,S1,D1,1,192.3,5.834,1.12,1.15,6.28,4,0,16.09
2343,T05,D2_S3,D2,S3,0,0.0,6.362,1.39,1.35,5.0,6,1,29.67
2344,T09,D2_S3,D2,S3,0,0.0,6.362,1.39,1.35,3.47,5,1,29.21
2345,T05,S5_CR1,S5,CR1,1,174.7,10.342,0.89,1.15,6.25,4,0,35.06
2346,T01,S2_CR1,S2,CR1,1,220.0,8.334,1.39,1.15,5.62,4,0,31.02
2347,T05,CR1_S5,CR1,S5,0,0.0,10.342,0.89,1.15,3.75,2,0,27.62
2348,T07,D2_S3,D2,S3,0,0.0,6.362,1.39,1.35,6.19,5,1,27.06
2349,T05,S4_CR2,S4,CR2,1,202.5,6.855,1.9,1.35,8.35,2,0,23.84
2350,T07,S6_CR2,S6,CR2,1,215.0,8.342,1.9,1.35,5.29,1,0,28.43
2351,T02,S6_CR2,S6,CR2,1,197.5,8.342,1.9,1.35,11.32,0,0,26.7
2352,T06,CR2_S6,CR2,S6,0,0.0,8.342,1.9,1.35,2.15,2,0,23.0
2353,T04,S3_D2,S3,D2,1,177.8,6.362,1.39,1.35,5.94,3,0,26.97
2354,T10,S4_D2,S4,D2,1,196.3,6.638,1.49,1.35,7.44,6,0,31.82
2355,T07,CR2_S6,CR2,S6,0,0.0,8.342,1.9,1.35,8.39,1,0,22.15
2356,T09,S6_CR2,S6,CR2,1,175.3,8.342,1.9,1.35,11.6,4,0,30.36
2357,T07,S5_D1,S5,D1,1,199.5,6.724,1.12,1.15,3.19,4,0,24.66
2358,T05,S6_CR2,S6,CR2,1,196.4,8.342,1.9,1.35,3.62,5,0,30.44
2359,T04,CR2_S4,CR2,S4,0,0.0,6.855,1.9,1.35,5.62,6,0,20.54
2360,T01,S3_CR1,S3,CR1,1,204.2,8.135,1.57,1.15,0.45,3,0,24.68
2361,T04,S3_D2,S3,D2,1,209.4,6.362,1.39,1.35,6.9,4,0,27.57
2362,T03,D2_S3,D2,S3,0,0.0,6.362,1.39,1.35,8.18,4,0,26.01
2363,T04,CR1_S1,CR1,S1,0,0.0,8.767,0.8,1.15,1.52,4,0,25.49
2364,T01,S3_CR2,S3,CR2,1,182.5,6.579,1.9,1.35,2.28,3,1,30.76
2365,T07,S3_D2,S3,D2,1,205.7,6.362,1.39,1.35,8.62,4,0,27.11
2366,T04,CR1_S1,CR1,S1,0,0.0,8.767,0.8,1.15,0.04,2,0,22.4
2367,T01,CR1_S2,CR1,S2,0,0.0,8.334,1.39,1.15,5.08,2,0,23.88
2368,T10,S1_CR1,S1,CR1,1,207.3,8.767,0.8,1.15,11.99,2,0,28.46
2369,T07,D2_S3,D2,S3,0,0.0,6.362,1.39,1.35,7.33,2,0,22.65
2370,T03,S4_CR2,S4,CR2,1,185.2,6.855,1.9,1.35,10.77,3,0,23.78
2371,T05,D2_S4,D2,S4,0,0.0,6.638,1.49,1.35,10.78,4,0,21.78
2372,T03,S5_CR1,S5,CR1,1,193.0,10.342,0.89,1.15,2.79,4,0,35.91
2373,T02,CR1_S3,CR1,S3,0,0.0,8.135,1.57,1.15,4.2,2,0,17.53
2374,T07,S4_CR2,S4,CR2,1,207.6,6.855,1.9,1.35,4.46,2,0,24.37
2375,T05,S5_D1,S5,D1,1,173.0,6.724,1.12,1.15,4.92,3,0,20.16
2376,T05,CR2_S4,CR2,S4,0,0.0,6.855,1.9,1.35,4.44,2,0,19.41
2377,T02,S2_CR1,S2,CR1,1,193.4,8.334,1.39,1.15,2.7,0,0,23.34
2378,T07,CR2_S3,CR2,S3,0,0.0,6.579,1.9,1.35,1.96,4,0,21.23
2379,T09,D2_S3,D2,S3,0,0.0,6.362,1.39,1.35,11.18,0,0,20.88
2380,T09,CR2_S4,CR2,S4,0,0.0,6.855,1.9,1.35,2.13,0,0,15.92
2381,T06,S2_CR1,S2,CR1,1,186.7,8.334,1.39,1.15,4.79,4,0,27.16
2382,T04,S3_CR1,S3,CR1,1,161.9,8.135,1.57,1.15,3.63,3,0,23.24
2383,T08,S4_D2,S4,D2,1,220.0,6.638,1.49,1.35,3.47,3,0,25.64
2384,T02,S1_D1,S1,D1,1,188.1,5.834,1.12,1.15,0.54,2,1,18.82
2385,T01,CR2_S3,CR2,S3,0,0.0,6.579,1.9,1.35,3.32,3,0,20.78
2386,T02,S2_CR1,S2,CR1,1,168.3,8.334,1.39,1.15,11.99,1,0,26.01
2387,T08,D2_S3,D2,S3,0,0.0,6.362,1.39,1.35,5.35,5,0,25.29
2388,T08,D2_S4,D2,S4,0,0.0,6.638,1.49,1.35,11.28,5,0,24.99
2389,T10,CR2_S6,CR2,S6,0,0.0,8.342,1.9,1.35,8.76,3,0,25.17
2390,T03,S6_CR2,S6,CR2,1,193.8,8.342,1.9,1.35,4.7,0,0,26.12
2391,T04,S1_D1,S1,D1,1,203.4,5.834,1.12,1.15,9.01,3,0,18.92
2392,T06,S4_CR2,S4,CR2,1,193.7,6.855,1.9,1.35,2.86,3,0,21.93
2393,T04,S6_CR2,S6,CR2,1,165.0,8.342,1.9,1.35,3.66,1,0,27.91
2394,T05,CR1_S3,CR1,S3,0,0.0,8.135,1.57,1.15,1.38,3,0,19.84
2395,T05,S6_CR2,S6,CR2,1,195.0,8.342,1.9,1.35,3.24,3,0,29.63
2396,T05,D1_S5,D1,S5,0,0.0,6.724,1.12,1.15,7.1,2,0,16.52
2397,T05,D2_S3,D2,S3,0,0.0,6.362,1.39,1.35,10.43,0,0,20.13
2398,T08,S4_D2,S4,D2,1,185.4,6.638,1.49,1.35,4.57,5,1,39.82
2399,T01,S4_CR2,S4,CR2,1,186.6,6.855,1.9,1.35,11.04,4,0,24.98
2400,T03,S5_D1,S5,D1,1,176.4,6.724,1.12,1.15,7.28,3,0,21.02
2401,T09,CR2_S6,CR2,S6,0,0.0,8.342,1.9,1.35,2.32,1,1,24.3
2402,T05,CR1_S5,CR1,S5,0,0.0,10.342,0.89,1.15,10.99,1,0,25.17
2403,T03,S5_D1,S5,D1,1,195.6,6.724,1.12,1.15,0.17,4,0,22.43
2404,T09,CR1_S2,CR1,S2,0,0.0,8.334,1.39,1.15,1.29,1,0,21.85
2405,T10,S6_CR2,S6,CR2,1,197.4,8.342,1.9,1.35,7.31,4,1,36.81
2406,T10,S1_CR1,S1,CR1,1,189.5,8.767,0.8,1.15,5.44,4,0,29.04
2407,T07,D1_S5,D1,S5,0,0.0,6.724,1.12,1.15,10.23,2,0,15.19
2408,T05,S3_CR2,S3,CR2,1,177.8,6.579,1.9,1.35,3.33,1,1,31.6
2409,T05,S3_D2,S3,D2,1,192.1,6.362,1.39,1.35,7.03,8,1,40.54
2410,T05,CR1_S3,CR1,S3,0,0.0,8.135,1.57,1.15,8.58,4,0,19.29
2411,T10,CR2_S6,CR2,S6,0,0.0,8.342,1.9,1.35,3.05,3,0,23.27
2412,T09,CR2_S4,CR2,S4,0,0.0,6.855,1.9,1.35,5.06,1,0,19.55
2413,T08,S3_CR2,S3,CR2,1,172.3,6.579,1.9,1.35,2.19,2,0,23.27
2414,T01,S3_D2,S3,D2,1,213.9,6.362,1.39,1.35,7.04,4,0,28.31
2415,T06,S3_CR1,S3,CR1,1,188.9,8.135,1.57,1.15,6.74,8,0,29.22
2416,T09,S3_CR2,S3,CR2,1,192.7,6.579,1.9,1.35,3.72,4,1,37.65
2417,T06,CR1_S3,CR1,S3,0,0.0,8.135,1.57,1.15,11.53,3,0,15.76
2418,T08,CR1_S2,CR1,S2,0,0.0,8.334,1.39,1.15,10.63,3,1,24.92
2419,T07,S1_D1,S1,D1,1,189.6,5.834,1.12,1.15,4.5,6,0,18.62
2420,T02,S1_CR1,S1,CR1,1,212.0,8.767,0.8,1.15,8.03,2,0,28.85
2421,T08,S6_CR2,S6,CR2,1,195.0,8.342,1.9,1.35,2.64,1,0,27.45
2422,T09,CR2_S4,CR2,S4,0,0.0,6.855,1.9,1.35,5.52,3,0,20.69
2423,T01,CR1_S1,CR1,S1,0,0.0,8.767,0.8,1.15,0.99,2,0,20.25
2424,T03,S3_D2,S3,D2,1,214.4,6.362,1.39,1.35,1.83,2,0,26.8
2425,T03,CR1_S5,CR1,S5,0,0.0,10.342,0.89,1.15,7.7,2,0,27.07
2426,T01,CR1_S5,CR1,S5,0,0.0,10.342,0.89,1.15,11.83,2,0,26.76
2427,T05,S2_CR1,S2,CR1,1,183.1,8.334,1.39,1.15,6.62,1,0,28.33
2428,T05,S1_CR1,S1,CR1,1,177.9,8.767,0.8,1.15,5.67,4,0,29.95
2429,T02,D1_S1,D1,S1,0,0.0,5.834,1.12,1.15,6.18,6,0,15.49
2430,T01,S2_CR1,S2,CR1,1,194.7,8.334,1.39,1.15,0.55,2,0,30.93
2431,T08,D2_S3,D2,S3,0,0.0,6.362,1.39,1.35,10.49,1,0,22.47
2432,T01,CR1_S5,CR1,S5,0,0.0,10.342,0.89,1.15,2.36,1,0,26.36
2433,T09,S4_CR2,S4,CR2,1,200.5,6.855,1.9,1.35,8.97,1,0,22.87
2434,T06,S1_CR1,S1,CR1,1,209.8,8.767,0.8,1.15,11.96,3,1,37.51
2435,T04,D2_S3,D2,S3,0,0.0,6.362,1.39,1.35,6.59,3,0,22.38
2436,T03,D1_S5,D1,S5,0,0.0,6.724,1.12,1.15,7.05,5,1,23.24
2437,T08,S4_CR2,S4,CR2,1,172.5,6.855,1.9,1.35,8.86,0,0,21.44
2438,T06,S6_CR2,S6,CR2,1,168.1,8.342,1.9,1.35,0.82,1,0,25.09
2439,T01,S2_CR1,S2,CR1,1,220.0,8.334,1.39,1.15,5.55,3,0,29.04
2440,T05,S3_CR2,S3,CR2,1,195.8,6.579,1.9,1.35,0.08,0,0,22.65
2441,T04,D1_S1,D1,S1,0,0.0,5.834,1.12,1.15,10.01,0,1,14.27
2442,T04,CR2_S3,CR2,S3,0,0.0,6.579,1.9,1.35,9.13,2,0,20.17
2443,T06,CR1_S3,CR1,S3,0,0.0,8.135,1.57,1.15,5.08,4,0,19.97
2444,T09,S5_CR1,S5,CR1,1,201.1,10.342,0.89,1.15,2.29,3,1,50.14
2445,T08,S1_D1,S1,D1,1,192.7,5.834,1.12,1.15,7.42,3,0,16.78
2446,T09,S3_CR1,S3,CR1,1,189.5,8.135,1.57,1.15,5.58,5,0,26.12
2447,T06,S1_CR1,S1,CR1,1,203.4,8.767,0.8,1.15,11.3,2,0,27.71
2448,T05,S5_D1,S5,D1,1,215.2,6.724,1.12,1.15,8.83,0,1,25.78
2449,T02,S1_D1,S1,D1,1,209.2,5.834,1.12,1.15,10.65,2,0,18.02
2450,T02,D1_S5,D1,S5,0,0.0,6.724,1.12,1.15,3.49,4,1,24.82
2451,T05,CR1_S3,CR1,S3,0,0.0,8.135,1.57,1.15,2.23,1,0,18.11
2452,T09,S4_D2,S4,D2,1,177.6,6.638,1.49,1.35,10.16,2,0,27.02
2453,T07,D2_S4,D2,S4,0,0.0,6.638,1.49,1.35,8.24,5,0,21.58
2454,T08,S5_D1,S5,D1,1,188.6,6.724,1.12,1.15,7.84,2,0,21.21
2455,T05,S3_D2,S3,D2,1,199.8,6.362,1.39,1.35,11.11,3,0,26.82
2456,T04,CR1_S1,CR1,S1,0,0.0,8.767,0.8,1.15,3.64,3,0,22.74
2457,T05,CR1_S3,CR1,S3,0,0.0,8.135,1.57,1.15,7.16,2,1,21.37
2458,T02,CR2_S3,CR2,S3,0,0.0,6.579,1.9,1.35,7.99,1,0,19.16
2459,T02,S3_D2,S3,D2,1,199.2,6.362,1.39,1.35,1.43,1,0,28.09
2460,T07,S3_CR2,S3,CR2,1,173.9,6.579,1.9,1.35,2.71,2,1,30.93
2461,T03,CR2_S4,CR2,S4,0,0.0,6.855,1.9,1.35,5.7,2,0,18.0
2462,T05,D2_S4,D2,S4,0,0.0,6.638,1.49,1.35,3.54,1,0,20.59
2463,T09,D1_S1,D1,S1,0,0.0,5.834,1.12,1.15,1.0,3,0,14.64
2464,T03,S3_CR1,S3,CR1,1,172.0,8.135,1.57,1.15,6.57,3,0,21.89
2465,T04,S4_CR2,S4,CR2,1,185.5,6.855,1.9,1.35,4.14,1,0,22.8
2466,T06,S6_CR2,S6,CR2,1,188.6,8.342,1.9,1.35,2.55,4,0,29.43
2467,T06,CR2_S4,CR2,S4,0,0.0,6.855,1.9,1.35,5.15,5,0,20.9
2468,T10,CR2_S6,CR2,S6,0,0.0,8.342,1.9,1.35,2.4,1,0,23.14
2469,T03,S3_CR2,S3,CR2,1,209.3,6.579,1.9,1.35,0.08,1,0,24.28
2470,T08,D1_S5,D1,S5,0,0.0,6.724,1.12,1.15,0.98,1,0,17.17
2471,T01,S5_D1,S5,D1,1,185.7,6.724,1.12,1.15,2.43,3,0,18.35
2472,T04,D1_S5,D1,S5,0,0.0,6.724,1.12,1.15,8.93,2,1,21.29
2473,T08,S2_CR1,S2,CR1,1,165.2,8.334,1.39,1.15,7.56,1,0,28.16
2474,T05,S1_D1,S1,D1,1,180.0,5.834,1.12,1.15,4.8,7,0,22.27
2475,T09,CR2_S4,CR2,S4,0,0.0,6.855,1.9,1.35,3.39,2,0,18.44
2476,T08,S3_D2,S3,D2,1,197.0,6.362,1.39,1.35,2.69,1,0,23.08
2477,T07,S4_D2,S4,D2,1,194.6,6.638,1.49,1.35,9.02,1,0,27.22
2478,T05,CR2_S4,CR2,S4,0,0.0,6.855,1.9,1.35,8.78,1,0,18.71
2479,T07,CR1_S5,CR1,S5,0,0.0,10.342,0.89,1.15,6.44,5,0,29.33
2480,T05,S3_CR1,S3,CR1,1,185.7,8.135,1.57,1.15,10.73,2,1,27.68
2481,T04,D1_S1,D1,S1,0,0.0,5.834,1.12,1.15,11.25,2,0,13.46
2482,T05,S4_CR2,S4,CR2,1,211.6,6.855,1.9,1.35,0.59,1,0,24.75
2483,T03,D1_S5,D1,S5,0,0.0,6.724,1.12,1.15,6.38,6,0,21.28
2484,T07,CR1_S1,CR1,S1,0,0.0,8.767,0.8,1.15,9.49,3,0,22.91
2485,T05,D2_S4,D2,S4,0,0.0,6.638,1.49,1.35,4.8,5,0,21.57
2486,T10,CR1_S3,CR1,S3,0,0.0,8.135,1.57,1.15,11.77,3,0,17.79
2487,T10,S5_D1,S5,D1,1,199.0,6.724,1.12,1.15,11.02,2,0,20.31
2488,T08,S3_CR2,S3,CR2,1,188.1,6.579,1.9,1.35,1.25,1,1,28.99
2489,T07,CR2_S6,CR2,S6,0,0.0,8.342,1.9,1.35,8.15,1,0,21.31
2490,T09,D2_S4,D2,S4,0,0.0,6.638,1.49,1.35,2.97,1,0,18.71
2491,T01,D1_S1,D1,S1,0,0.0,5.834,1.12,1.15,11.06,1,0,13.84
2492,T01,CR2_S6,CR2,S6,0,0.0,8.342,1.9,1.35,7.71,7,1,35.04
2493,T05,S3_CR1,S3,CR1,1,196.0,8.135,1.57,1.15,10.86,1,0,21.03
2494,T09,S3_CR2,S3,CR2,1,193.2,6.579,1.9,1.35,0.88,2,1,32.4
2495,T03,CR2_S3,CR2,S3,0,0.0,6.579,1.9,1.35,1.6,3,0,20.47
2496,T01,D1_S1,D1,S1,0,0.0,5.834,1.12,1.15,7.23,5,1,22.28
2497,T04,S4_D2,S4,D2,1,198.5,6.638,1.49,1.35,11.36,1,0,26.57
2498,T10,S3_CR2,S3,CR2,1,210.9,6.579,1.9,1.35,3.08,5,0,25.41
2499,T07,CR2_S6,CR2,S6,0,0.0,8.342,1.9,1.35,7.3,7,0,29.01
2500,T01,CR1_S5,CR1,S5,0,0.0,10.342,0.89,1.15,6.58,2,1,37.26
2501,T04,S5_CR1,S5,CR1,1,168.6,10.342,0.89,1.15,6.51,4,0,36.47
2502,T08,CR1_S1,CR1,S1,0,0.0,8.767,0.8,1.15,1.54,0,0,21.08
2503,T07,S6_CR2,S6,CR2,1,216.0,8.342,1.9,1.35,6.52,2,0,28.44
2504,T09,S1_CR1,S1,CR1,1,204.9,8.767,0.8,1.15,4.3,2,0,25.32
2505,T03,S2_CR1,S2,CR1,1,220.0,8.334,1.39,1.15,1.14,1,1,33.59
2506,T01,S2_CR1,S2,CR1,1,200.8,8.334,1.39,1.15,0.25,1,0,28.18
2507,T05,S3_CR2,S3,CR2,1,181.9,6.579,1.9,1.35,10.65,1,0,21.84
2508,T01,D1_S5,D1,S5,0,0.0,6.724,1.12,1.15,11.0,1,1,23.78
2509,T02,CR2_S3,CR2,S3,0,0.0,6.579,1.9,1.35,11.38,5,0,21.94
2510,T03,CR1_S1,CR1,S1,0,0.0,8.767,0.8,1.15,1.86,3,0,24.19
2511,T03,S1_CR1,S1,CR1,1,193.8,8.767,0.8,1.15,7.89,2,1,40.58
2512,T07,CR1_S2,CR1,S2,0,0.0,8.334,1.39,1.15,8.47,4,0,24.82
2513,T08,S3_CR2,S3,CR2,1,189.4,6.579,1.9,1.35,2.84,3,0,23.84
2514,T03,S4_D2,S4,D2,1,210.5,6.638,1.49,1.35,5.7,1,0,25.62
2515,T10,S4_CR2,S4,CR2,1,215.4,6.855,1.9,1.35,1.23,3,0,21.64
2516,T07,S3_CR2,S3,CR2,1,190.5,6.579,1.9,1.35,3.94,5,1,29.54
2517,T02,CR1_S5,CR1,S5,0,0.0,10.342,0.89,1.15,10.44,3,0,30.67
2518,T05,D2_S3,D2,S3,0,0.0,6.362,1.39,1.35,2.9,3,0,23.29
2519,T06,CR1_S2,CR1,S2,0,0.0,8.334,1.39,1.15,1.98,3,0,24.15
2520,T06,CR1_S2,CR1,S2,0,0.0,8.334,1.39,1.15,4.59,4,0,27.43
2521,T04,S4_D2,S4,D2,1,204.4,6.638,1.49,1.35,2.46,4,0,26.29
2522,T10,S1_D1,S1,D1,1,194.9,5.834,1.12,1.15,6.1,7,1,23.37
2523,T07,S4_D2,S4,D2,1,220.0,6.638,1.49,1.35,11.13,3,0,28.77
2524,T02,D1_S5,D1,S5,0,0.0,6.724,1.12,1.15,2.34,4,0,20.9
2525,T10,CR1_S1,CR1,S1,0,0.0,8.767,0.8,1.15,11.79,2,0,22.37
2526,T06,S1_CR1,S1,CR1,1,187.2,8.767,0.8,1.15,2.42,1,0,29.7
2527,T10,CR1_S3,CR1,S3,0,0.0,8.135,1.57,1.15,6.8,4,0,18.54
2528,T09,S2_CR1,S2,CR1,1,186.1,8.334,1.39,1.15,7.72,1,0,24.81
2529,T03,CR1_S5,CR1,S5,0,0.0,10.342,0.89,1.15,5.25,4,0,32.31
2530,T04,D1_S5,D1,S5,0,0.0,6.724,1.12,1.15,2.96,3,0,17.98
2531,T03,S3_CR2,S3,CR2,1,179.4,6.579,1.9,1.35,10.43,1,0,21.29
2532,T07,CR1_S2,CR1,S2,0,0.0,8.334,1.39,1.15,8.61,1,0,20.72
2533,T01,CR1_S5,CR1,S5,0,0.0,10.342,0.89,1.15,10.98,1,0,27.07
2534,T09,S5_CR1,S5,CR1,1,203.1,10.342,0.89,1.15,4.39,1,0,34.67
2535,T10,CR1_S1,CR1,S1,0,0.0,8.767,0.8,1.15,7.63,1,0,21.82
2536,T06,S1_D1,S1,D1,1,195.9,5.834,1.12,1.15,10.01,7,0,19.29
2537,T07,CR1_S5,CR1,S5,0,0.0,10.342,0.89,1.15,11.11,2,0,29.3
2538,T06,S4_D2,S4,D2,1,184.3,6.638,1.49,1.35,10.69,3,0,28.58
2539,T04,S4_CR2,S4,CR2,1,215.5,6.855,1.9,1.35,2.79,3,0,23.11
2540,T10,S6_CR2,S6,CR2,1,169.8,8.342,1.9,1.35,2.68,1,0,28.08
2541,T01,D2_S4,D2,S4,0,0.0,6.638,1.49,1.35,8.81,3,1,31.94
2542,T05,D1_S5,D1,S5,0,0.0,6.724,1.12,1.15,1.66,2,0,15.93
2543,T01,S4_D2,S4,D2,1,194.0,6.638,1.49,1.35,3.21,0,0,26.46
2544,T05,S3_D2,S3,D2,1,177.9,6.362,1.39,1.35,2.35,2,0,26.96
2545,T07,S3_CR1,S3,CR1,1,205.7,8.135,1.57,1.15,4.77,1,0,18.46
2546,T07,S5_CR1,S5,CR1,1,179.3,10.342,0.89,1.15,9.39,6,0,33.92
2547,T06,S2_CR1,S2,CR1,1,187.3,8.334,1.39,1.15,2.21,0,0,25.8
2548,T04,S4_D2,S4,D2,1,212.3,6.638,1.49,1.35,2.2,2,1,34.04
2549,T07,CR1_S1,CR1,S1,0,0.0,8.767,0.8,1.15,3.71,0,0,20.41
2550,T08,CR1_S1,CR1,S1,0,0.0,8.767,0.8,1.15,10.31,2,1,27.02
2551,T02,S3_CR1,S3,CR1,1,177.9,8.135,1.57,1.15,8.41,3,0,23.38
2552,T03,CR2_S3,CR2,S3,0,0.0,6.579,1.9,1.35,8.66,3,1,24.98
2553,T01,S3_CR2,S3,CR2,1,176.9,6.579,1.9,1.35,8.64,2,0,24.22
2554,T06,CR1_S5,CR1,S5,0,0.0,10.342,0.89,1.15,4.63,4,1,38.4
2555,T08,D2_S3,D2,S3,0,0.0,6.362,1.39,1.35,7.16,5,1,27.46
2556,T04,S5_CR1,S5,CR1,1,215.3,10.342,0.89,1.15,9.2,0,0,33.88
2557,T07,S2_CR1,S2,CR1,1,211.9,8.334,1.39,1.15,11.75,1,0,27.15
2558,T03,D1_S1,D1,S1,0,0.0,5.834,1.12,1.15,2.7,2,0,13.2
2559,T10,S2_CR1,S2,CR1,1,182.9,8.334,1.39,1.15,7.01,2,0,29.08
2560,T07,S4_D2,S4,D2,1,187.2,6.638,1.49,1.35,0.2,2,0,26.31
2561,T04,S1_CR1,S1,CR1,1,211.9,8.767,0.8,1.15,4.47,2,0,29.16
2562,T09,CR2_S4,CR2,S4,0,0.0,6.855,1.9,1.35,6.82,6,0,21.02
2563,T06,S5_D1,S5,D1,1,189.7,6.724,1.12,1.15,4.51,4,0,24.6
2564,T03,S3_D2,S3,D2,1,211.6,6.362,1.39,1.35,8.29,1,0,25.57
2565,T01,S4_D2,S4,D2,1,179.4,6.638,1.49,1.35,8.94,2,0,26.06
2566,T08,CR2_S4,CR2,S4,0,0.0,6.855,1.9,1.35,0.29,2,0,18.3
2567,T10,S3_D2,S3,D2,1,162.7,6.362,1.39,1.35,3.04,1,0,27.0
2568,T01,S5_CR1,S5,CR1,1,210.3,10.342,0.89,1.15,0.94,3,0,34.21
2569,T09,D2_S3,D2,S3,0,0.0,6.362,1.39,1.35,11.69,1,1,31.08
2570,T07,S3_CR1,S3,CR1,1,199.0,8.135,1.57,1.15,10.89,3,0,25.68
2571,T05,S6_CR2,S6,CR2,1,195.7,8.342,1.9,1.35,7.87,3,0,28.07
2572,T10,CR1_S2,CR1,S2,0,0.0,8.334,1.39,1.15,0.49,3,0,24.92
2573,T09,S6_CR2,S6,CR2,1,207.2,8.342,1.9,1.35,3.7,3,0,27.17
2574,T05,CR2_S6,CR2,S6,0,0.0,8.342,1.9,1.35,7.86,2,0,20.38
2575,T06,CR2_S4,CR2,S4,0,0.0,6.855,1.9,1.35,5.69,1,0,16.97
2576,T04,S3_CR2,S3,CR2,1,205.9,6.579,1.9,1.35,2.79,5,0,27.66
2577,T08,CR1_S1,CR1,S1,0,0.0,8.767,0.8,1.15,6.99,3,0,23.12
2578,T09,D2_S4,D2,S4,0,0.0,6.638,1.49,1.35,8.65,3,0,21.25
2579,T10,CR1_S5,CR1,S5,0,0.0,10.342,0.89,1.15,11.49,1,0,26.85
2580,T01,S3_CR2,S3,CR2,1,188.7,6.579,1.9,1.35,0.7,3,0,20.91
2581,T03,S3_D2,S3,D2,1,203.7,6.362,1.39,1.35,7.32,6,0,32.0
2582,T05,CR1_S5,CR1,S5,0,0.0,10.342,0.89,1.15,3.44,1,0,25.87
2583,T10,S6_CR2,S6,CR2,1,171.6,8.342,1.9,1.35,5.9,2,1,35.03
2584,T03,D1_S1,D1,S1,0,0.0,5.834,1.12,1.15,9.42,3,1,18.62
2585,T10,D1_S1,D1,S1,0,0.0,5.834,1.12,1.15,10.55,2,0,12.84
2586,T08,S5_CR1,S5,CR1,1,181.7,10.342,0.89,1.15,5.52,6,0,38.77
2587,T03,S2_CR1,S2,CR1,1,217.0,8.334,1.39,1.15,3.85,2,0,26.32
2588,T02,CR2_S3,CR2,S3,0,0.0,6.579,1.9,1.35,2.99,3,0,20.5
2589,T02,S1_D1,S1,D1,1,196.2,5.834,1.12,1.15,7.66,3,0,17.15
2590,T07,CR2_S3,CR2,S3,0,0.0,6.579,1.9,1.35,3.3,1,0,17.77
2591,T05,S3_D2,S3,D2,1,208.9,6.362,1.39,1.35,1.09,3,0,29.79
2592,T10,S1_D1,S1,D1,1,172.7,5.834,1.12,1.15,2.0,3,1,24.39
2593,T04,S3_CR1,S3,CR1,1,201.8,8.135,1.57,1.15,11.44,0,1,22.99
2594,T07,CR1_S5,CR1,S5,0,0.0,10.342,0.89,1.15,2.27,5,0,29.67
2595,T02,S4_CR2,S4,CR2,1,188.6,6.855,1.9,1.35,11.57,2,1,28.85
2596,T02,S3_CR1,S3,CR1,1,181.3,8.135,1.57,1.15,5.19,2,0,20.98
2597,T10,D2_S3,D2,S3,0,0.0,6.362,1.39,1.35,11.2,7,0,26.73
2598,T06,S5_CR1,S5,CR1,1,220.0,10.342,0.89,1.15,2.03,6,1,53.06
2599,T06,CR1_S2,CR1,S2,0,0.0,8.334,1.39,1.15,0.33,1,1,26.85
2600,T07,D1_S5,D1,S5,0,0.0,6.724,1.12,1.15,11.33,0,0,15.17
2601,T08,CR2_S6,CR2,S6,0,0.0,8.342,1.9,1.35,4.93,3,0,24.79
2602,T07,S2_CR1,S2,CR1,1,181.7,8.334,1.39,1.15,11.54,4,1,41.49
2603,T08,S1_CR1,S1,CR1,1,180.9,8.767,0.8,1.15,4.54,0,0,27.29
2604,T08,CR1_S1,CR1,S1,0,0.0,8.767,0.8,1.15,5.27,1,0,24.11
2605,T04,S4_CR2,S4,CR2,1,194.1,6.855,1.9,1.35,10.02,1,0,24.39
2606,T04,CR2_S6,CR2,S6,0,0.0,8.342,1.9,1.35,4.83,3,0,22.25
2607,T02,CR2_S6,CR2,S6,0,0.0,8.342,1.9,1.35,6.07,8,1,35.41
2608,T10,S6_CR2,S6,CR2,1,171.1,8.342,1.9,1.35,10.39,1,0,27.47
2609,T04,D1_S1,D1,S1,0,0.0,5.834,1.12,1.15,3.17,7,1,20.83
2610,T06,S3_D2,S3,D2,1,169.6,6.362,1.39,1.35,3.32,1,0,27.57
2611,T09,CR1_S2,CR1,S2,0,0.0,8.334,1.39,1.15,5.11,2,0,23.68
2612,T06,S2_CR1,S2,CR1,1,205.2,8.334,1.39,1.15,5.38,4,0,30.75
2613,T04,CR1_S3,CR1,S3,0,0.0,8.135,1.57,1.15,0.29,3,0,18.5
2614,T07,S4_D2,S4,D2,1,200.2,6.638,1.49,1.35,2.76,0,0,26.48
2615,T06,S3_D2,S3,D2,1,189.0,6.362,1.39,1.35,3.14,0,0,24.58
2616,T06,S5_D1,S5,D1,1,201.8,6.724,1.12,1.15,0.24,3,0,24.25
2617,T08,CR1_S5,CR1,S5,0,0.0,10.342,0.89,1.15,11.26,0,1,29.26
2618,T02,S4_CR2,S4,CR2,1,216.4,6.855,1.9,1.35,1.63,5,0,26.39
2619,T01,S4_D2,S4,D2,1,213.4,6.638,1.49,1.35,1.59,1,1,29.75
2620,T06,CR2_S4,CR2,S4,0,0.0,6.855,1.9,1.35,5.37,3,0,19.07
2621,T09,S4_CR2,S4,CR2,1,196.6,6.855,1.9,1.35,7.76,3,0,25.92
2622,T10,S3_CR2,S3,CR2,1,192.1,6.579,1.9,1.35,4.85,1,0,24.2
2623,T04,S5_CR1,S5,CR1,1,209.7,10.342,0.89,1.15,4.1,4,0,33.57
2624,T05,CR2_S3,CR2,S3,0,0.0,6.579,1.9,1.35,10.12,2,0,20.63
2625,T08,S4_CR2,S4,CR2,1,220.0,6.855,1.9,1.35,9.48,3,0,27.01
2626,T01,D1_S5,D1,S5,0,0.0,6.724,1.12,1.15,3.1,2,1,20.7
2627,T04,S3_CR2,S3,CR2,1,184.9,6.579,1.9,1.35,11.63,2,0,24.58
2628,T01,CR1_S5,CR1,S5,0,0.0,10.342,0.89,1.15,5.9,6,0,31.34
2629,T08,S2_CR1,S2,CR1,1,204.0,8.334,1.39,1.15,10.08,6,0,31.19
2630,T03,CR1_S3,CR1,S3,0,0.0,8.135,1.57,1.15,1.77,4,1,25.94
2631,T02,D2_S3,D2,S3,0,0.0,6.362,1.39,1.35,9.17,2,0,20.84
2632,T03,D1_S5,D1,S5,0,0.0,6.724,1.12,1.15,4.83,2,1,20.81
2633,T05,S4_D2,S4,D2,1,209.3,6.638,1.49,1.35,2.31,3,0,29.93
2634,T08,CR2_S4,CR2,S4,0,0.0,6.855,1.9,1.35,2.43,3,1,22.5
2635,T10,S1_D1,S1,D1,1,220.0,5.834,1.12,1.15,10.79,2,1,19.54
2636,T06,S3_CR2,S3,CR2,1,207.0,6.579,1.9,1.35,3.63,0,0,20.46
2637,T09,S5_CR1,S5,CR1,1,220.0,10.342,0.89,1.15,10.8,2,0,31.37
2638,T10,D2_S3,D2,S3,0,0.0,6.362,1.39,1.35,7.82,1,0,20.5
2639,T09,CR1_S1,CR1,S1,0,0.0,8.767,0.8,1.15,1.38,1,0,19.27
2640,T07,D2_S4,D2,S4,0,0.0,6.638,1.49,1.35,2.83,2,0,23.27
2641,T03,D2_S4,D2,S4,0,0.0,6.638,1.49,1.35,9.78,2,1,28.12
2642,T03,D2_S4,D2,S4,0,0.0,6.638,1.49,1.35,11.25,0,0,20.26
2643,T02,S4_D2,S4,D2,1,205.2,6.638,1.49,1.35,3.63,2,0,26.44
2644,T09,D2_S3,D2,S3,0,0.0,6.362,1.39,1.35,4.33,3,1,26.57
2645,T04,S4_D2,S4,D2,1,201.1,6.638,1.49,1.35,6.76,3,1,33.88
2646,T08,CR2_S6,CR2,S6,0,0.0,8.342,1.9,1.35,11.39,2,0,23.38
2647,T07,D1_S5,D1,S5,0,0.0,6.724,1.12,1.15,5.28,4,0,18.08
2648,T07,S5_CR1,S5,CR1,1,182.6,10.342,0.89,1.15,11.99,2,0,36.68
2649,T09,CR1_S5,CR1,S5,0,0.0,10.342,0.89,1.15,9.34,3,1,38.2
2650,T01,S3_CR1,S3,CR1,1,181.8,8.135,1.57,1.15,9.72,1,0,21.33
2651,T05,D1_S1,D1,S1,0,0.0,5.834,1.12,1.15,5.06,5,0,16.28
2652,T08,D2_S3,D2,S3,0,0.0,6.362,1.39,1.35,4.61,0,0,20.76
2653,T04,D1_S1,D1,S1,0,0.0,5.834,1.12,1.15,0.81,4,0,16.11
2654,T06,S5_CR1,S5,CR1,1,196.9,10.342,0.89,1.15,0.52,1,0,30.7
2655,T02,CR1_S3,CR1,S3,0,0.0,8.135,1.57,1.15,6.48,3,0,18.08
2656,T02,D1_S1,D1,S1,0,0.0,5.834,1.12,1.15,0.49,4,0,16.22
2657,T09,CR1_S2,CR1,S2,0,0.0,8.334,1.39,1.15,0.89,1,0,21.1
2658,T05,D2_S3,D2,S3,0,0.0,6.362,1.39,1.35,3.37,3,0,21.66
2659,T10,S5_D1,S5,D1,1,195.1,6.724,1.12,1.15,1.81,0,0,18.94
2660,T04,D2_S4,D2,S4,0,0.0,6.638,1.49,1.35,2.1,4,1,28.96
2661,T06,S4_CR2,S4,CR2,1,214.7,6.855,1.9,1.35,3.02,2,0,24.6
2662,T09,CR2_S3,CR2,S3,0,0.0,6.579,1.9,1.35,10.2,0,0,17.16
2663,T08,CR2_S6,CR2,S6,0,0.0,8.342,1.9,1.35,6.98,4,0,23.33
2664,T09,S4_D2,S4,D2,1,168.4,6.638,1.49,1.35,2.73,0,0,28.69
2665,T06,S5_CR1,S5,CR1,1,202.7,10.342,0.89,1.15,6.52,4,0,34.77
2666,T10,S1_CR1,S1,CR1,1,195.1,8.767,0.8,1.15,4.11,2,0,27.05
2667,T10,S1_CR1,S1,CR1,1,183.6,8.767,0.8,1.15,2.91,2,0,33.32
2668,T05,S3_CR2,S3,CR2,1,209.7,6.579,1.9,1.35,9.78,0,0,20.74
2669,T08,CR1_S1,CR1,S1,0,0.0,8.767,0.8,1.15,6.93,5,0,25.81
2670,T05,S5_D1,S5,D1,1,162.2,6.724,1.12,1.15,0.03,2,0,21.34
2671,T01,D1_S5,D1,S5,0,0.0,6.724,1.12,1.15,2.42,1,1,18.22
2672,T08,CR2_S4,CR2,S4,0,0.0,6.855,1.9,1.35,11.62,3,0,20.31
2673,T04,CR1_S3,CR1,S3,0,0.0,8.135,1.57,1.15,6.71,1,0,16.31
2674,T01,CR2_S3,CR2,S3,0,0.0,6.579,1.9,1.35,6.2,4,0,20.83
2675,T10,S5_D1,S5,D1,1,178.6,6.724,1.12,1.15,9.72,2,1,25.32
2676,T05,S3_D2,S3,D2,1,195.6,6.362,1.39,1.35,3.71,2,0,26.68
2677,T04,D1_S5,D1,S5,0,0.0,6.724,1.12,1.15,5.63,8,1,29.25
2678,T09,D2_S3,D2,S3,0,0.0,6.362,1.39,1.35,3.63,4,0,21.97
2679,T10,D2_S3,D2,S3,0,0.0,6.362,1.39,1.35,10.08,4,1,28.36
2680,T03,CR2_S6,CR2,S6,0,0.0,8.342,1.9,1.35,1.51,0,0,21.88
2681,T10,D1_S1,D1,S1,0,0.0,5.834,1.12,1.15,5.89,4,0,14.27
2682,T08,S6_CR2,S6,CR2,1,217.5,8.342,1.9,1.35,7.29,2,0,26.59
2683,T09,S4_CR2,S4,CR2,1,191.4,6.855,1.9,1.35,11.42,0,1,28.23
2684,T01,S3_CR1,S3,CR1,1,202.9,8.135,1.57,1.15,4.92,2,0,22.93
2685,T01,S1_D1,S1,D1,1,177.1,5.834,1.12,1.15,10.9,3,0,18.57
2686,T03,CR2_S3,CR2,S3,0,0.0,6.579,1.9,1.35,5.02,3,0,18.6
2687,T07,CR1_S1,CR1,S1,0,0.0,8.767,0.8,1.15,11.3,2,0,24.19
2688,T08,S3_CR2,S3,CR2,1,202.5,6.579,1.9,1.35,7.27,1,1,26.64
2689,T08,D1_S1,D1,S1,0,0.0,5.834,1.12,1.15,6.43,4,0,14.37
2690,T03,CR1_S5,CR1,S5,0,0.0,10.342,0.89,1.15,0.85,2,0,26.18
2691,T03,D1_S5,D1,S5,0,0.0,6.724,1.12,1.15,10.27,1,1,20.3
2692,T09,D1_S1,D1,S1,0,0.0,5.834,1.12,1.15,11.83,1,0,13.25
2693,T07,CR2_S3,CR2,S3,0,0.0,6.579,1.9,1.35,7.01,3,0,20.74
2694,T10,S6_CR2,S6,CR2,1,194.6,8.342,1.9,1.35,9.2,1,1,38.44
2695,T05,CR2_S4,CR2,S4,0,0.0,6.855,1.9,1.35,7.6,2,0,16.5
2696,T09,S5_CR1,S5,CR1,1,189.7,10.342,0.89,1.15,1.36,1,0,32.99
2697,T07,S6_CR2,S6,CR2,1,210.4,8.342,1.9,1.35,10.48,1,0,27.96
2698,T02,CR2_S6,CR2,S6,0,0.0,8.342,1.9,1.35,6.73,2,0,20.49
2699,T03,S3_CR1,S3,CR1,1,191.1,8.135,1.57,1.15,8.57,2,0,22.69
2700,T09,S4_CR2,S4,CR2,1,195.6,6.855,1.9,1.35,6.34,8,0,27.18
2701,T03,S1_CR1,S1,CR1,1,207.3,8.767,0.8,1.15,8.75,2,0,29.5
2702,T04,S6_CR2,S6,CR2,1,220.0,8.342,1.9,1.35,10.59,5,0,27.38
2703,T04,S3_D2,S3,D2,1,203.1,6.362,1.39,1.35,8.11,5,1,33.7
2704,T09,D2_S3,D2,S3,0,0.0,6.362,1.39,1.35,4.16,5,0,24.51
2705,T06,CR1_S2,CR1,S2,0,0.0,8.334,1.39,1.15,8.1,2,0,22.23
2706,T04,D1_S1,D1,S1,0,0.0,5.834,1.12,1.15,8.01,3,0,14.7
2707,T01,CR1_S5,CR1,S5,0,0.0,10.342,0.89,1.15,7.13,6,1,41.46
2708,T06,CR1_S2,CR1,S2,0,0.0,8.334,1.39,1.15,6.01,4,0,23.76
2709,T02,CR2_S3,CR2,S3,0,0.0,6.579,1.9,1.35,2.91,2,0,17.62
2710,T08,S3_CR1,S3,CR1,1,189.5,8.135,1.57,1.15,7.48,3,0,23.23
2711,T01,S3_CR2,S3,CR2,1,179.0,6.579,1.9,1.35,4.24,2,1,30.23
2712,T06,S3_D2,S3,D2,1,188.2,6.362,1.39,1.35,3.43,4,0,29.86
2713,T10,S5_D1,S5,D1,1,197.8,6.724,1.12,1.15,8.46,1,1,26.55
2714,T09,CR1_S2,CR1,S2,0,0.0,8.334,1.39,1.15,2.73,0,0,20.55
2715,T03,S5_CR1,S5,CR1,1,212.4,10.342,0.89,1.15,8.13,3,0,34.2
2716,T09,S3_CR1,S3,CR1,1,187.3,8.135,1.57,1.15,7.49,2,0,20.66
2717,T05,S3_D2,S3,D2,1,175.5,6.362,1.39,1.35,1.52,1,0,24.74
2718,T08,D2_S3,D2,S3,0,0.0,6.362,1.39,1.35,1.72,1,1,24.93
2719,T03,S1_D1,S1,D1,1,220.0,5.834,1.12,1.15,11.5,4,0,18.52
2720,T03,S4_CR2,S4,CR2,1,220.0,6.855,1.9,1.35,8.19,1,0,23.6
2721,T08,S3_CR1,S3,CR1,1,202.2,8.135,1.57,1.15,0.9,1,0,21.0
2722,T02,CR1_S3,CR1,S3,0,0.0,8.135,1.57,1.15,6.65,4,0,20.13
2723,T01,CR1_S1,CR1,S1,0,0.0,8.767,0.8,1.15,4.59,3,0,25.08
2724,T03,D2_S4,D2,S4,0,0.0,6.638,1.49,1.35,4.68,4,0,21.22
2725,T04,D1_S1,D1,S1,0,0.0,5.834,1.12,1.15,6.75,5,0,14.22
2726,T07,D1_S5,D1,S5,0,0.0,6.724,1.12,1.15,7.68,6,0,19.43
2727,T01,D2_S4,D2,S4,0,0.0,6.638,1.49,1.35,1.66,2,0,22.12
2728,T08,S4_D2,S4,D2,1,197.0,6.638,1.49,1.35,10.4,3,0,27.92
2729,T05,CR1_S5,CR1,S5,0,0.0,10.342,0.89,1.15,7.27,5,0,31.2
2730,T10,S5_CR1,S5,CR1,1,201.7,10.342,0.89,1.15,4.87,1,0,33.09
2731,T02,S2_CR1,S2,CR1,1,198.2,8.334,1.39,1.15,11.81,3,0,26.94
2732,T05,D1_S5,D1,S5,0,0.0,6.724,1.12,1.15,1.95,2,0,16.41
2733,T04,S1_CR1,S1,CR1,1,217.9,8.767,0.8,1.15,9.43,1,0,28.36
2734,T04,S3_CR2,S3,CR2,1,214.9,6.579,1.9,1.35,1.07,2,0,22.92
2735,T08,CR1_S1,CR1,S1,0,0.0,8.767,0.8,1.15,8.31,3,0,23.13
2736,T03,S5_D1,S5,D1,1,220.0,6.724,1.12,1.15,10.56,1,0,18.43
2737,T08,D1_S1,D1,S1,0,0.0,5.834,1.12,1.15,8.04,4,0,15.67
2738,T06,CR1_S2,CR1,S2,0,0.0,8.334,1.39,1.15,8.1,0,0,20.35
2739,T10,S5_CR1,S5,CR1,1,200.9,10.342,0.89,1.15,7.73,3,0,32.99
2740,T03,CR1_S5,CR1,S5,0,0.0,10.342,0.89,1.15,8.17,3,0,25.98
2741,T03,D2_S4,D2,S4,0,0.0,6.638,1.49,1.35,8.92,1,1,27.33
2742,T09,D2_S4,D2,S4,0,0.0,6.638,1.49,1.35,4.72,2,1,27.82
2743,T06,S6_CR2,S6,CR2,1,196.8,8.342,1.9,1.35,6.63,4,0,29.27
2744,T01,S5_CR1,S5,CR1,1,209.9,10.342,0.89,1.15,2.93,4,0,39.22
2745,T01,CR1_S3,CR1,S3,0,0.0,8.135,1.57,1.15,8.82,2,0,17.3
2746,T02,CR1_S1,CR1,S1,0,0.0,8.767,0.8,1.15,11.98,0,0,21.26
2747,T03,CR2_S4,CR2,S4,0,0.0,6.855,1.9,1.35,7.72,2,1,23.78
2748,T04,S1_D1,S1,D1,1,196.3,5.834,1.12,1.15,7.97,0,1,17.02
2749,T02,S3_D2,S3,D2,1,197.3,6.362,1.39,1.35,1.04,2,1,31.88
2750,T04,CR2_S6,CR2,S6,0,0.0,8.342,1.9,1.35,1.52,4,0,24.4
2751,T10,S5_CR1,S5,CR1,1,220.0,10.342,0.89,1.15,8.89,1,0,34.45
2752,T03,CR1_S5,CR1,S5,0,0.0,10.342,0.89,1.15,6.03,4,0,25.96
2753,T03,CR1_S2,CR1,S2,0,0.0,8.334,1.39,1.15,0.31,2,0,21.92
2754,T06,CR2_S3,CR2,S3,0,0.0,6.579,1.9,1.35,11.66,2,0,19.43
2755,T04,S1_D1,S1,D1,1,166.4,5.834,1.12,1.15,9.78,3,0,16.37
2756,T09,S4_CR2,S4,CR2,1,147.0,6.855,1.9,1.35,3.4,3,0,23.73
2757,T04,D2_S3,D2,S3,0,0.0,6.362,1.39,1.35,5.56,1,1,26.28
2758,T03,D2_S4,D2,S4,0,0.0,6.638,1.49,1.35,4.48,5,0,27.9
2759,T08,S6_CR2,S6,CR2,1,207.2,8.342,1.9,1.35,8.71,0,0,22.13
2760,T10,CR2_S3,CR2,S3,0,0.0,6.579,1.9,1.35,7.35,2,0,19.77
2761,T09,CR2_S3,CR2,S3,0,0.0,6.579,1.9,1.35,1.94,2,0,20.14
2762,T03,CR1_S2,CR1,S2,0,0.0,8.334,1.39,1.15,0.03,1,1,26.87
2763,T02,S4_D2,S4,D2,1,198.9,6.638,1.49,1.35,5.95,4,0,28.29
2764,T01,S2_CR1,S2,CR1,1,210.5,8.334,1.39,1.15,1.45,1,0,27.79
2765,T10,S5_D1,S5,D1,1,182.5,6.724,1.12,1.15,0.02,1,0,21.01
2766,T03,CR1_S3,CR1,S3,0,0.0,8.135,1.57,1.15,3.26,3,0,17.1
2767,T01,CR2_S4,CR2,S4,0,0.0,6.855,1.9,1.35,5.33,4,0,19.04
2768,T09,D2_S3,D2,S3,0,0.0,6.362,1.39,1.35,10.77,2,1,33.19
2769,T07,S1_CR1,S1,CR1,1,180.1,8.767,0.8,1.15,0.26,1,0,27.13
2770,T04,S3_D2,S3,D2,1,177.8,6.362,1.39,1.35,11.11,4,0,30.32
2771,T01,S5_D1,S5,D1,1,180.0,6.724,1.12,1.15,5.97,5,0,23.69
2772,T06,S5_CR1,S5,CR1,1,205.6,10.342,0.89,1.15,4.04,4,0,32.1
2773,T06,S2_CR1,S2,CR1,1,200.4,8.334,1.39,1.15,8.36,0,0,24.06
2774,T10,CR2_S3,CR2,S3,0,0.0,6.579,1.9,1.35,3.64,3,1,25.02
2775,T07,CR2_S3,CR2,S3,0,0.0,6.579,1.9,1.35,9.1,2,0,19.74
2776,T07,CR2_S4,CR2,S4,0,0.0,6.855,1.9,1.35,9.2,1,0,18.19
2777,T05,CR2_S4,CR2,S4,0,0.0,6.855,1.9,1.35,5.83,5,0,21.14
2778,T04,D2_S4,D2,S4,0,0.0,6.638,1.49,1.35,1.49,1,1,30.77
2779,T02,S1_D1,S1,D1,1,201.4,5.834,1.12,1.15,9.92,2,0,16.3
2780,T06,S3_CR1,S3,CR1,1,218.0,8.135,1.57,1.15,8.72,1,0,22.68
2781,T07,S4_CR2,S4,CR2,1,179.4,6.855,1.9,1.35,1.49,2,0,21.71
2782,T03,D2_S4,D2,S4,0,0.0,6.638,1.49,1.35,10.81,2,1,28.74
2783,T08,S3_CR1,S3,CR1,1,188.6,8.135,1.57,1.15,0.38,3,1,32.88
2784,T04,CR1_S2,CR1,S2,0,0.0,8.334,1.39,1.15,11.56,0,1,25.65
2785,T02,D1_S1,D1,S1,0,0.0,5.834,1.12,1.15,5.63,2,0,13.23
2786,T06,D2_S3,D2,S3,0,0.0,6.362,1.39,1.35,3.9,1,0,21.4
2787,T03,S5_D1,S5,D1,1,192.4,6.724,1.12,1.15,9.98,6,1,33.94
2788,T04,S3_D2,S3,D2,1,219.5,6.362,1.39,1.35,7.0,2,0,26.87
2789,T02,S3_D2,S3,D2,1,212.5,6.362,1.39,1.35,8.9,4,0,29.03
2790,T04,D1_S1,D1,S1,0,0.0,5.834,1.12,1.15,0.16,4,1,18.01
2791,T04,S1_D1,S1,D1,1,209.3,5.834,1.12,1.15,4.64,5,0,17.56
2792,T04,CR1_S1,CR1,S1,0,0.0,8.767,0.8,1.15,11.42,3,0,21.18
2793,T06,D1_S1,D1,S1,0,0.0,5.834,1.12,1.15,9.19,3,1,17.8
2794,T02,D1_S1,D1,S1,0,0.0,5.834,1.12,1.15,5.2,8,0,17.07
2795,T08,S5_CR1,S5,CR1,1,190.0,10.342,0.89,1.15,0.62,4,0,36.66
2796,T08,CR2_S4,CR2,S4,0,0.0,6.855,1.9,1.35,1.62,2,0,21.58
2797,T10,S3_D2,S3,D2,1,220.0,6.362,1.39,1.35,0.28,2,0,26.41
2798,T06,CR2_S6,CR2,S6,0,0.0,8.342,1.9,1.35,11.4,4,0,20.71
2799,T01,CR1_S1,CR1,S1,0,0.0,8.767,0.8,1.15,11.73,0,0,21.32
2800,T08,S1_D1,S1,D1,1,198.6,5.834,1.12,1.15,10.27,1,0,13.27
2801,T02,CR1_S5,CR1,S5,0,0.0,10.342,0.89,1.15,9.66,1,0,28.21
2802,T07,CR1_S2,CR1,S2,0,0.0,8.334,1.39,1.15,5.13,3,0,22.07
2803,T09,CR2_S6,CR2,S6,0,0.0,8.342,1.9,1.35,5.98,3,0,23.2
2804,T07,S1_D1,S1,D1,1,209.4,5.834,1.12,1.15,4.59,0,0,14.85
2805,T05,D2_S4,D2,S4,0,0.0,6.638,1.49,1.35,2.54,2,0,20.51
2806,T04,CR2_S4,CR2,S4,0,0.0,6.855,1.9,1.35,2.83,0,0,17.0
2807,T09,S1_D1,S1,D1,1,192.6,5.834,1.12,1.15,0.75,1,0,15.14
2808,T08,CR2_S6,CR2,S6,0,0.0,8.342,1.9,1.35,5.14,4,0,23.28
2809,T07,D2_S4,D2,S4,0,0.0,6.638,1.49,1.35,4.79,2,1,28.39
2810,T07,S5_CR1,S5,CR1,1,220.0,10.342,0.89,1.15,4.29,3,0,37.83
2811,T06,S3_CR1,S3,CR1,1,165.7,8.135,1.57,1.15,1.03,1,0,19.74
2812,T07,CR2_S6,CR2,S6,0,0.0,8.342,1.9,1.35,9.38,2,0,23.79
2813,T05,S3_D2,S3,D2,1,220.0,6.362,1.39,1.35,11.81,7,0,29.88
2814,T07,S4_D2,S4,D2,1,188.1,6.638,1.49,1.35,10.8,1,0,25.33
2815,T07,S1_CR1,S1,CR1,1,202.0,8.767,0.8,1.15,9.87,1,0,24.57
2816,T10,D1_S5,D1,S5,0,0.0,6.724,1.12,1.15,3.94,2,0,16.28
2817,T08,CR2_S4,CR2,S4,0,0.0,6.855,1.9,1.35,6.91,3,0,21.49
2818,T08,S2_CR1,S2,CR1,1,201.1,8.334,1.39,1.15,10.17,3,0,30.14
2819,T05,S1_D1,S1,D1,1,172.4,5.834,1.12,1.15,1.54,2,0,16.27
2820,T02,CR1_S5,CR1,S5,0,0.0,10.342,0.89,1.15,6.74,6,0,32.03
2821,T03,S5_D1,S5,D1,1,200.4,6.724,1.12,1.15,0.83,0,0,18.75
2822,T02,CR1_S1,CR1,S1,0,0.0,8.767,0.8,1.15,5.71,6,0,23.61
2823,T05,S5_D1,S5,D1,1,186.2,6.724,1.12,1.15,6.94,5,0,25.16
2824,T02,S5_CR1,S5,CR1,1,220.0,10.342,0.89,1.15,8.04,3,0,36.77
2825,T07,CR2_S4,CR2,S4,0,0.0,6.855,1.9,1.35,7.22,6,0,20.49
2826,T09,S3_CR2,S3,CR2,1,179.7,6.579,1.9,1.35,9.37,3,0,25.45
2827,T01,S3_CR2,S3,CR2,1,170.4,6.579,1.9,1.35,0.65,3,0,23.13
2828,T07,CR2_S3,CR2,S3,0,0.0,6.579,1.9,1.35,4.9,4,1,30.66
2829,T08,D1_S5,D1,S5,0,0.0,6.724,1.12,1.15,7.58,2,1,23.45
2830,T07,CR1_S1,CR1,S1,0,0.0,8.767,0.8,1.15,8.67,3,0,25.12
2831,T09,CR1_S3,CR1,S3,0,0.0,8.135,1.57,1.15,3.91,2,0,17.25
2832,T02,S5_D1,S5,D1,1,199.8,6.724,1.12,1.15,4.58,2,0,20.15
2833,T03,S3_CR2,S3,CR2,1,191.1,6.579,1.9,1.35,8.88,2,0,25.01
2834,T02,S3_CR1,S3,CR1,1,216.8,8.135,1.57,1.15,10.66,4,1,27.95
2835,T05,CR1_S3,CR1,S3,0,0.0,8.135,1.57,1.15,9.52,2,0,18.2
2836,T08,S5_CR1,S5,CR1,1,174.0,10.342,0.89,1.15,5.43,3,0,34.35
2837,T09,S2_CR1,S2,CR1,1,187.9,8.334,1.39,1.15,8.96,0,0,27.49
2838,T05,D1_S1,D1,S1,0,0.0,5.834,1.12,1.15,7.52,3,0,13.16
2839,T09,S3_CR2,S3,CR2,1,169.3,6.579,1.9,1.35,7.97,1,0,24.2
2840,T08,S3_CR1,S3,CR1,1,199.8,8.135,1.57,1.15,5.73,0,0,18.69
2841,T04,S3_CR1,S3,CR1,1,182.5,8.135,1.57,1.15,1.91,2,0,20.64
2842,T02,D1_S1,D1,S1,0,0.0,5.834,1.12,1.15,8.01,0,0,12.36
2843,T02,CR1_S2,CR1,S2,0,0.0,8.334,1.39,1.15,11.65,1,0,20.73
2844,T06,S4_D2,S4,D2,1,179.5,6.638,1.49,1.35,8.42,2,0,23.52
2845,T09,S5_D1,S5,D1,1,180.4,6.724,1.12,1.15,1.53,4,0,24.47
2846,T04,S3_CR1,S3,CR1,1,195.9,8.135,1.57,1.15,2.58,2,0,20.48
2847,T06,D2_S4,D2,S4,0,0.0,6.638,1.49,1.35,10.07,2,1,23.87
2848,T02,S4_CR2,S4,CR2,1,211.8,6.855,1.9,1.35,7.1,0,0,23.36
2849,T01,S3_CR1,S3,CR1,1,180.4,8.135,1.57,1.15,10.27,1,1,35.59
2850,T04,CR1_S1,CR1,S1,0,0.0,8.767,0.8,1.15,3.48,5,0,28.91
2851,T09,S1_D1,S1,D1,1,198.5,5.834,1.12,1.15,8.56,2,0,14.82
2852,T09,S5_D1,S5,D1,1,179.1,6.724,1.12,1.15,10.42,1,0,21.78
2853,T09,S4_CR2,S4,CR2,1,187.9,6.855,1.9,1.35,10.13,2,0,21.04
2854,T08,CR1_S2,CR1,S2,0,0.0,8.334,1.39,1.15,6.56,1,0,24.17
2855,T02,CR2_S3,CR2,S3,0,0.0,6.579,1.9,1.35,6.83,5,0,24.25
2856,T07,D1_S1,D1,S1,0,0.0,5.834,1.12,1.15,10.82,0,0,12.14
2857,T04,CR1_S1,CR1,S1,0,0.0,8.767,0.8,1.15,2.65,3,0,22.64
2858,T09,S1_CR1,S1,CR1,1,178.8,8.767,0.8,1.15,3.57,2,0,29.0
2859,T05,CR2_S3,CR2,S3,0,0.0,6.579,1.9,1.35,11.74,2,0,19.27
2860,T02,CR2_S3,CR2,S3,0,0.0,6.579,1.9,1.35,4.27,3,1,23.02
2861,T01,S2_CR1,S2,CR1,1,201.8,8.334,1.39,1.15,11.42,1,0,27.51
2862,T10,S5_D1,S5,D1,1,195.2,6.724,1.12,1.15,7.79,5,0,25.32
2863,T06,S2_CR1,S2,CR1,1,203.2,8.334,1.39,1.15,5.1,5,0,31.07
2864,T05,S3_CR1,S3,CR1,1,220.0,8.135,1.57,1.15,4.64,2,1,28.1
2865,T06,CR2_S3,CR2,S3,0,0.0,6.579,1.9,1.35,9.38,1,0,19.17
2866,T01,CR2_S3,CR2,S3,0,0.0,6.579,1.9,1.35,4.79,3,0,18.27
2867,T10,CR1_S1,CR1,S1,0,0.0,8.767,0.8,1.15,0.62,1,1,25.53
2868,T07,CR2_S4,CR2,S4,0,0.0,6.855,1.9,1.35,1.52,2,0,18.19
2869,T02,CR2_S4,CR2,S4,0,0.0,6.855,1.9,1.35,3.82,5,0,20.59
2870,T04,S4_CR2,S4,CR2,1,201.2,6.855,1.9,1.35,5.06,4,0,20.68
2871,T02,CR1_S5,CR1,S5,0,0.0,10.342,0.89,1.15,7.22,8,0,34.34
2872,T07,CR1_S3,CR1,S3,0,0.0,8.135,1.57,1.15,0.17,3,0,18.15
2873,T07,CR1_S1,CR1,S1,0,0.0,8.767,0.8,1.15,4.19,3,0,22.57
2874,T07,S1_D1,S1,D1,1,220.0,5.834,1.12,1.15,3.29,2,0,17.18
2875,T03,S3_CR2,S3,CR2,1,194.6,6.579,1.9,1.35,0.89,1,0,24.29
2876,T09,S5_D1,S5,D1,1,191.4,6.724,1.12,1.15,7.16,1,0,21.39
2877,T05,D1_S1,D1,S1,0,0.0,5.834,1.12,1.15,3.71,2,0,12.94
2878,T02,D1_S1,D1,S1,0,0.0,5.834,1.12,1.15,1.31,2,0,12.79
2879,T07,CR2_S4,CR2,S4,0,0.0,6.855,1.9,1.35,0.0,3,0,18.11
2880,T10,CR2_S6,CR2,S6,0,0.0,8.342,1.9,1.35,5.56,4,0,26.31
2881,T08,S4_D2,S4,D2,1,198.5,6.638,1.49,1.35,3.49,1,0,24.87
2882,T03,CR1_S3,CR1,S3,0,0.0,8.135,1.57,1.15,11.93,3,0,17.74
2883,T10,CR1_S3,CR1,S3,0,0.0,8.135,1.57,1.15,5.21,3,0,19.78
2884,T10,S4_CR2,S4,CR2,1,190.8,6.855,1.9,1.35,0.89,2,0,24.08
2885,T05,S4_D2,S4,D2,1,174.4,6.638,1.49,1.35,7.97,3,0,29.98
2886,T01,S3_CR2,S3,CR2,1,203.1,6.579,1.9,1.35,9.65,1,0,20.81
2887,T04,D1_S5,D1,S5,0,0.0,6.724,1.12,1.15,9.9,0,0,13.91
2888,T07,S6_CR2,S6,CR2,1,190.5,8.342,1.9,1.35,0.43,2,0,27.1
2889,T04,S6_CR2,S6,CR2,1,149.2,8.342,1.9,1.35,11.96,4,0,29.52
2890,T03,S6_CR2,S6,CR2,1,181.2,8.342,1.9,1.35,7.87,3,0,29.94
2891,T03,S2_CR1,S2,CR1,1,184.6,8.334,1.39,1.15,9.93,5,1,42.83
2892,T02,S1_CR1,S1,CR1,1,203.3,8.767,0.8,1.15,8.42,2,0,30.97
2893,T09,S1_D1,S1,D1,1,196.2,5.834,1.12,1.15,8.44,2,0,14.91
2894,T08,S1_CR1,S1,CR1,1,202.2,8.767,0.8,1.15,3.0,1,0,28.38
2895,T02,S3_CR1,S3,CR1,1,179.2,8.135,1.57,1.15,0.0,2,0,21.59
2896,T06,D1_S1,D1,S1,0,0.0,5.834,1.12,1.15,5.43,3,0,15.26
2897,T04,S3_D2,S3,D2,1,191.8,6.362,1.39,1.35,4.23,4,0,29.41
2898,T05,S3_CR1,S3,CR1,1,220.0,8.135,1.57,1.15,7.23,8,1,34.6
2899,T05,D2_S4,D2,S4,0,0.0,6.638,1.49,1.35,2.83,3,0,23.4
2900,T08,S1_D1,S1,D1,1,162.3,5.834,1.12,1.15,6.48,3,0,17.31
2901,T04,S5_D1,S5,D1,1,190.5,6.724,1.12,1.15,8.44,3,0,20.32
2902,T09,S1_CR1,S1,CR1,1,176.4,8.767,0.8,1.15,9.76,0,0,28.66
2903,T08,S2_CR1,S2,CR1,1,199.7,8.334,1.39,1.15,4.13,2,0,29.07
2904,T07,S6_CR2,S6,CR2,1,210.8,8.342,1.9,1.35,3.93,1,0,26.01
2905,T07,S3_CR2,S3,CR2,1,193.4,6.579,1.9,1.35,3.02,4,1,29.78
2906,T02,S3_CR1,S3,CR1,1,192.2,8.135,1.57,1.15,7.37,5,0,23.2
2907,T09,S4_CR2,S4,CR2,1,175.2,6.855,1.9,1.35,0.35,4,0,24.26
2908,T06,D1_S5,D1,S5,0,0.0,6.724,1.12,1.15,8.62,2,1,23.86
2909,T02,CR1_S1,CR1,S1,0,0.0,8.767,0.8,1.15,8.73,3,0,23.86
2910,T03,CR2_S3,CR2,S3,0,0.0,6.579,1.9,1.35,2.78,0,0,17.71
2911,T02,S4_CR2,S4,CR2,1,192.8,6.855,1.9,1.35,10.32,4,0,25.91
2912,T05,CR1_S3,CR1,S3,0,0.0,8.135,1.57,1.15,5.74,8,0,23.75
2913,T03,CR2_S6,CR2,S6,0,0.0,8.342,1.9,1.35,4.52,2,0,23.73
2914,T01,S4_D2,S4,D2,1,201.3,6.638,1.49,1.35,7.83,3,1,36.6
2915,T07,CR2_S6,CR2,S6,0,0.0,8.342,1.9,1.35,10.59,2,0,20.68
2916,T01,S3_CR1,S3,CR1,1,181.4,8.135,1.57,1.15,6.28,4,0,24.28
2917,T01,S6_CR2,S6,CR2,1,211.8,8.342,1.9,1.35,1.03,1,0,24.91
2918,T03,CR1_S1,CR1,S1,0,0.0,8.767,0.8,1.15,6.48,5,0,28.36
2919,T03,S3_D2,S3,D2,1,215.1,6.362,1.39,1.35,1.55,2,1,35.08
2920,T06,CR2_S6,CR2,S6,0,0.0,8.342,1.9,1.35,2.79,3,0,22.36
2921,T04,CR2_S6,CR2,S6,0,0.0,8.342,1.9,1.35,7.01,2,0,20.32
2922,T07,D2_S3,D2,S3,0,0.0,6.362,1.39,1.35,2.6,2,1,24.71
2923,T07,S1_CR1,S1,CR1,1,191.7,8.767,0.8,1.15,8.05,1,0,30.94
2924,T06,S3_CR1,S3,CR1,1,186.0,8.135,1.57,1.15,5.96,1,0,21.13
2925,T06,S1_CR1,S1,CR1,1,180.2,8.767,0.8,1.15,5.09,1,0,27.58
2926,T01,S5_D1,S5,D1,1,192.6,6.724,1.12,1.15,10.89,1,0,18.75
2927,T02,D2_S3,D2,S3,0,0.0,6.362,1.39,1.35,7.22,3,0,20.56
2928,T03,CR2_S6,CR2,S6,0,0.0,8.342,1.9,1.35,7.73,4,0,23.98
2929,T10,CR2_S3,CR2,S3,0,0.0,6.579,1.9,1.35,11.83,2,1,22.26
2930,T05,S1_CR1,S1,CR1,1,188.3,8.767,0.8,1.15,5.58,2,0,27.15
2931,T02,S1_CR1,S1,CR1,1,194.7,8.767,0.8,1.15,3.86,4,0,30.71
2932,T02,D1_S1,D1,S1,0,0.0,5.834,1.12,1.15,3.24,3,0,14.6
2933,T03,D1_S1,D1,S1,0,0.0,5.834,1.12,1.15,3.94,6,0,15.34
2934,T09,S5_D1,S5,D1,1,195.9,6.724,1.12,1.15,10.99,2,0,19.85
2935,T03,S6_CR2,S6,CR2,1,199.2,8.342,1.9,1.35,2.26,4,1,38.05
2936,T01,S3_D2,S3,D2,1,166.6,6.362,1.39,1.35,11.43,3,0,25.96
2937,T06,D1_S1,D1,S1,0,0.0,5.834,1.12,1.15,1.75,0,1,16.45
2938,T03,S3_CR2,S3,CR2,1,220.0,6.579,1.9,1.35,3.92,7,1,34.65
2939,T06,S1_CR1,S1,CR1,1,200.1,8.767,0.8,1.15,0.65,3,0,29.08
2940,T09,CR1_S1,CR1,S1,0,0.0,8.767,0.8,1.15,0.22,2,0,23.49
2941,T08,CR1_S1,CR1,S1,0,0.0,8.767,0.8,1.15,6.79,4,1,29.35
2942,T05,S1_CR1,S1,CR1,1,196.3,8.767,0.8,1.15,9.4,0,0,23.26
2943,T03,S5_D1,S5,D1,1,200.5,6.724,1.12,1.15,6.5,3,0,23.27
2944,T10,S4_CR2,S4,CR2,1,204.5,6.855,1.9,1.35,9.53,3,1,27.34
2945,T02,CR2_S3,CR2,S3,0,0.0,6.579,1.9,1.35,9.1,3,0,20.89
2946,T01,CR1_S1,CR1,S1,0,0.0,8.767,0.8,1.15,11.53,5,0,26.12
2947,T03,S5_CR1,S5,CR1,1,188.7,10.342,0.89,1.15,10.38,1,0,35.2
2948,T06,S4_D2,S4,D2,1,214.2,6.638,1.49,1.35,1.34,5,0,27.36
2949,T06,D1_S1,D1,S1,0,0.0,5.834,1.12,1.15,9.77,1,0,12.22
2950,T04,S3_CR1,S3,CR1,1,215.0,8.135,1.57,1.15,6.35,4,1,32.08
2951,T07,S1_CR1,S1,CR1,1,179.8,8.767,0.8,1.15,1.76,1,0,26.85
2952,T08,S5_D1,S5,D1,1,197.4,6.724,1.12,1.15,7.49,2,0,21.51
2953,T05,S6_CR2,S6,CR2,1,182.3,8.342,1.9,1.35,6.78,4,0,27.54
2954,T03,CR1_S5,CR1,S5,0,0.0,10.342,0.89,1.15,9.22,4,1,34.89
2955,T07,D1_S1,D1,S1,0,0.0,5.834,1.12,1.15,1.79,2,0,13.02
2956,T01,D2_S3,D2,S3,0,0.0,6.362,1.39,1.35,2.59,4,0,23.89
2957,T06,S1_CR1,S1,CR1,1,202.0,8.767,0.8,1.15,6.67,1,0,27.79
2958,T10,S4_D2,S4,D2,1,218.3,6.638,1.49,1.35,0.44,2,0,27.48
2959,T01,S4_D2,S4,D2,1,169.5,6.638,1.49,1.35,5.04,2,0,30.27
2960,T09,D2_S3,D2,S3,0,0.0,6.362,1.39,1.35,6.02,3,0,22.3
2961,T04,CR2_S3,CR2,S3,0,0.0,6.579,1.9,1.35,3.79,6,0,23.97
2962,T06,S3_CR2,S3,CR2,1,206.9,6.579,1.9,1.35,10.1,2,1,29.18
2963,T03,S4_CR2,S4,CR2,1,198.9,6.855,1.9,1.35,6.64,6,0,25.55
2964,T03,S3_D2,S3,D2,1,186.8,6.362,1.39,1.35,3.4,2,0,24.37
2965,T01,D2_S3,D2,S3,0,0.0,6.362,1.39,1.35,8.55,0,0,21.39
2966,T07,S3_D2,S3,D2,1,207.3,6.362,1.39,1.35,1.89,2,0,27.61
2967,T03,S1_D1,S1,D1,1,177.5,5.834,1.12,1.15,2.64,1,0,16.14
2968,T02,D1_S5,D1,S5,0,0.0,6.724,1.12,1.15,10.0,1,1,18.72
2969,T10,S2_CR1,S2,CR1,1,169.5,8.334,1.39,1.15,10.84,2,0,26.08
2970,T09,CR2_S4,CR2,S4,0,0.0,6.855,1.9,1.35,5.22,3,0,21.01
2971,T09,D1_S5,D1,S5,0,0.0,6.724,1.12,1.15,6.91,5,0,17.73
2972,T10,S2_CR1,S2,CR1,1,217.8,8.334,1.39,1.15,3.47,2,0,27.57
2973,T09,CR1_S1,CR1,S1,0,0.0,8.767,0.8,1.15,3.89,4,1,35.53
2974,T03,D2_S3,D2,S3,0,0.0,6.362,1.39,1.35,7.95,3,0,21.05
2975,T08,CR2_S3,CR2,S3,0,0.0,6.579,1.9,1.35,11.99,6,0,22.09
2976,T07,S3_CR1,S3,CR1,1,195.5,8.135,1.57,1.15,9.77,2,0,21.8
2977,T09,S2_CR1,S2,CR1,1,204.9,8.334,1.39,1.15,4.01,2,0,24.51
2978,T07,D1_S5,D1,S5,0,0.0,6.724,1.12,1.15,0.36,4,0,19.62
2979,T09,CR1_S1,CR1,S1,0,0.0,8.767,0.8,1.15,4.31,3,0,23.57
2980,T09,CR1_S2,CR1,S2,0,0.0,8.334,1.39,1.15,2.96,1,0,21.7
2981,T05,S4_CR2,S4,CR2,1,183.1,6.855,1.9,1.35,4.15,3,0,24.5
2982,T03,S4_D2,S4,D2,1,220.0,6.638,1.49,1.35,8.1,3,0,31.21
2983,T02,S3_D2,S3,D2,1,203.8,6.362,1.39,1.35,5.53,4,0,28.85
2984,T10,D1_S1,D1,S1,0,0.0,5.834,1.12,1.15,0.33,5,1,18.29
2985,T08,S4_CR2,S4,CR2,1,198.0,6.855,1.9,1.35,11.35,2,1,26.93
2986,T03,S5_D1,S5,D1,1,193.4,6.724,1.12,1.15,10.22,4,1,27.48
2987,T08,S1_D1,S1,D1,1,212.7,5.834,1.12,1.15,9.29,1,1,18.74
2988,T10,CR1_S3,CR1,S3,0,0.0,8.135,1.57,1.15,5.51,3,0,17.45
2989,T10,S4_CR2,S4,CR2,1,200.8,6.855,1.9,1.35,5.0,1,0,23.7
2990,T07,CR2_S6,CR2,S6,0,0.0,8.342,1.9,1.35,7.88,2,0,20.65
2991,T06,CR1_S1,CR1,S1,0,0.0,8.767,0.8,1.15,8.34,1,1,30.91
2992,T04,S5_D1,S5,D1,1,213.5,6.724,1.12,1.15,0.31,2,0,20.87
2993,T05,S3_CR2,S3,CR2,1,180.2,6.579,1.9,1.35,0.7,0,0,21.95
2994,T08,S5_CR1,S5,CR1,1,199.6,10.342,0.89,1.15,10.8,1,0,32.43
2995,T04,CR2_S3,CR2,S3,0,0.0,6.579,1.9,1.35,0.71,1,1,21.11
2996,T07,S5_CR1,S5,CR1,1,177.8,10.342,0.89,1.15,0.79,2,1,50.51
2997,T10,CR2_S4,CR2,S4,0,0.0,6.855,1.9,1.35,11.86,3,0,20.29
2998,T01,CR1_S3,CR1,S3,0,0.0,8.135,1.57,1.15,0.22,0,0,17.45
2999,T08,CR1_S1,CR1,S1,0,0.0,8.767,0.8,1.15,9.16,2,0,23.11
3000,T09,S2_CR1,S2,CR1,1,209.9,8.334,1.39,1.15,2.25,3,0,28.94
3001,T08,S3_CR2,S3,CR2,1,193.4,6.579,1.9,1.35,2.1,3,0,22.84
3002,T09,S3_CR2,S3,CR2,1,209.0,6.579,1.9,1.35,0.33,2,0,22.36
3003,T04,D1_S5,D1,S5,0,0.0,6.724,1.12,1.15,11.17,6,0,21.26
3004,T05,CR2_S3,CR2,S3,0,0.0,6.579,1.9,1.35,7.4,7,0,21.29
3005,T02,CR2_S3,CR2,S3,0,0.0,6.579,1.9,1.35,7.41,2,0,20.22
3006,T07,S4_CR2,S4,CR2,1,201.4,6.855,1.9,1.35,9.59,3,0,25.04
3007,T08,CR2_S6,CR2,S6,0,0.0,8.342,1.9,1.35,11.22,1,1,27.27
3008,T08,S1_D1,S1,D1,1,154.3,5.834,1.12,1.15,4.57,2,0,18.02
3009,T07,S6_CR2,S6,CR2,1,174.2,8.342,1.9,1.35,1.75,6,0,30.25
3010,T02,D2_S3,D2,S3,0,0.0,6.362,1.39,1.35,7.4,7,0,28.76
3011,T03,S6_CR2,S6,CR2,1,195.5,8.342,1.9,1.35,11.92,2,0,28.17
3012,T06,CR1_S5,CR1,S5,0,0.0,10.342,0.89,1.15,5.7,5,1,37.75
3013,T03,S5_D1,S5,D1,1,189.6,6.724,1.12,1.15,2.72,1,1,28.03
3014,T09,D1_S5,D1,S5,0,0.0,6.724,1.12,1.15,6.13,7,0,21.62
3015,T04,S4_CR2,S4,CR2,1,212.5,6.855,1.9,1.35,10.99,0,0,21.92
3016,T10,CR1_S3,CR1,S3,0,0.0,8.135,1.57,1.15,4.95,1,0,18.57
3017,T07,D1_S5,D1,S5,0,0.0,6.724,1.12,1.15,0.26,2,0,16.33
3018,T06,CR1_S3,CR1,S3,0,0.0,8.135,1.57,1.15,5.71,1,0,15.26
3019,T10,S4_CR2,S4,CR2,1,208.8,6.855,1.9,1.35,10.17,3,0,24.42
3020,T03,S4_D2,S4,D2,1,193.2,6.638,1.49,1.35,7.98,4,0,28.91
3021,T04,D2_S3,D2,S3,0,0.0,6.362,1.39,1.35,4.11,3,0,21.47
3022,T08,CR2_S4,CR2,S4,0,0.0,6.855,1.9,1.35,1.27,0,1,20.11
3023,T09,S1_CR1,S1,CR1,1,190.5,8.767,0.8,1.15,10.98,1,0,26.94
3024,T07,S4_D2,S4,D2,1,167.1,6.638,1.49,1.35,8.74,1,1,34.09
3025,T09,D2_S4,D2,S4,0,0.0,6.638,1.49,1.35,3.35,2,0,21.57
3026,T08,S3_CR2,S3,CR2,1,182.4,6.579,1.9,1.35,11.39,3,0,23.56
3027,T08,D2_S4,D2,S4,0,0.0,6.638,1.49,1.35,4.94,3,0,23.61
3028,T04,CR1_S1,CR1,S1,0,0.0,8.767,0.8,1.15,7.57,5,1,33.26
3029,T10,D1_S1,D1,S1,0,0.0,5.834,1.12,1.15,4.68,1,0,13.07
3030,T03,CR1_S3,CR1,S3,0,0.0,8.135,1.57,1.15,5.48,8,0,21.53
3031,T01,CR1_S2,CR1,S2,0,0.0,8.334,1.39,1.15,7.72,4,1,27.31
3032,T03,D2_S3,D2,S3,0,0.0,6.362,1.39,1.35,3.17,0,0,21.29
3033,T09,CR2_S3,CR2,S3,0,0.0,6.579,1.9,1.35,1.4,3,0,20.49
3034,T05,CR1_S5,CR1,S5,0,0.0,10.342,0.89,1.15,11.49,1,0,30.15
3035,T10,D1_S5,D1,S5,0,0.0,6.724,1.12,1.15,3.34,1,0,14.16
3036,T04,S5_D1,S5,D1,1,198.7,6.724,1.12,1.15,9.08,2,0,20.21
3037,T09,S1_D1,S1,D1,1,206.7,5.834,1.12,1.15,8.18,2,0,15.32
3038,T03,S6_CR2,S6,CR2,1,195.5,8.342,1.9,1.35,5.36,3,0,26.93
3039,T09,S4_CR2,S4,CR2,1,199.5,6.855,1.9,1.35,11.84,5,0,27.13
3040,T04,CR1_S5,CR1,S5,0,0.0,10.342,0.89,1.15,9.97,1,0,28.82
3041,T10,S6_CR2,S6,CR2,1,184.0,8.342,1.9,1.35,9.64,2,0,24.71
3042,T10,CR1_S2,CR1,S2,0,0.0,8.334,1.39,1.15,8.08,6,0,26.74
3043,T04,S5_CR1,S5,CR1,1,220.0,10.342,0.89,1.15,4.1,3,1,41.75
3044,T09,S1_D1,S1,D1,1,220.0,5.834,1.12,1.15,3.66,1,0,16.25
3045,T04,CR2_S6,CR2,S6,0,0.0,8.342,1.9,1.35,4.78,2,0,21.92
3046,T07,CR2_S6,CR2,S6,0,0.0,8.342,1.9,1.35,2.81,3,0,20.41
3047,T07,CR1_S2,CR1,S2,0,0.0,8.334,1.39,1.15,0.22,2,0,22.74
3048,T01,CR1_S3,CR1,S3,0,0.0,8.135,1.57,1.15,5.19,3,0,18.83
3049,T04,S1_D1,S1,D1,1,186.4,5.834,1.12,1.15,11.77,4,0,16.84
3050,T01,S5_D1,S5,D1,1,204.7,6.724,1.12,1.15,2.73,1,0,19.4
3051,T08,S2_CR1,S2,CR1,1,191.2,8.334,1.39,1.15,6.67,2,0,25.08
3052,T01,D2_S3,D2,S3,0,0.0,6.362,1.39,1.35,6.16,4,0,24.5
3053,T07,CR2_S4,CR2,S4,0,0.0,6.855,1.9,1.35,7.71,1,0,18.85
3054,T05,S5_D1,S5,D1,1,189.6,6.724,1.12,1.15,5.92,3,1,22.53
3055,T07,D2_S4,D2,S4,0,0.0,6.638,1.49,1.35,5.11,4,0,23.58
3056,T07,S4_D2,S4,D2,1,201.2,6.638,1.49,1.35,8.04,6,0,31.15
3057,T01,CR2_S4,CR2,S4,0,0.0,6.855,1.9,1.35,5.21,6,0,19.6
3058,T08,CR2_S4,CR2,S4,0,0.0,6.855,1.9,1.35,0.07,1,0,17.31
3059,T06,D2_S3,D2,S3,0,0.0,6.362,1.39,1.35,0.81,2,0,21.7
3060,T04,CR1_S2,CR1,S2,0,0.0,8.334,1.39,1.15,0.85,0,0,21.59
3061,T10,D2_S3,D2,S3,0,0.0,6.362,1.39,1.35,3.53,2,0,20.12
3062,T06,CR1_S2,CR1,S2,0,0.0,8.334,1.39,1.15,6.62,2,0,25.62
3063,T06,D1_S1,D1,S1,0,0.0,5.834,1.12,1.15,9.46,3,1,17.17
3064,T01,S6_CR2,S6,CR2,1,184.3,8.342,1.9,1.35,10.16,2,0,29.79
3065,T01,S3_D2,S3,D2,1,197.7,6.362,1.39,1.35,3.95,2,1,37.95
3066,T04,S6_CR2,S6,CR2,1,203.9,8.342,1.9,1.35,1.88,0,0,25.66
3067,T02,D1_S5,D1,S5,0,0.0,6.724,1.12,1.15,6.11,5,0,20.87
3068,T04,CR2_S6,CR2,S6,0,0.0,8.342,1.9,1.35,2.01,6,1,34.49
3069,T03,S5_D1,S5,D1,1,164.4,6.724,1.12,1.15,7.23,0,1,26.4
3070,T01,S1_CR1,S1,CR1,1,178.5,8.767,0.8,1.15,3.78,0,0,26.66
3071,T06,S3_D2,S3,D2,1,172.2,6.362,1.39,1.35,7.47,3,0,25.5
3072,T06,CR2_S6,CR2,S6,0,0.0,8.342,1.9,1.35,10.67,4,0,25.67
3073,T02,S5_D1,S5,D1,1,179.6,6.724,1.12,1.15,9.97,1,1,28.46
3074,T10,CR1_S2,CR1,S2,0,0.0,8.334,1.39,1.15,7.87,1,0,22.85
3075,T07,D1_S5,D1,S5,0,0.0,6.724,1.12,1.15,6.51,4,1,23.93
3076,T06,S5_CR1,S5,CR1,1,169.4,10.342,0.89,1.15,9.68,2,0,39.74
3077,T01,D1_S5,D1,S5,0,0.0,6.724,1.12,1.15,9.13,6,0,20.59
3078,T04,CR1_S2,CR1,S2,0,0.0,8.334,1.39,1.15,10.07,2,0,24.1
3079,T09,S1_CR1,S1,CR1,1,213.4,8.767,0.8,1.15,7.32,5,0,35.03
3080,T02,S1_D1,S1,D1,1,195.3,5.834,1.12,1.15,3.71,3,1,22.39
3081,T09,CR1_S5,CR1,S5,0,0.0,10.342,0.89,1.15,8.01,2,0,29.39
3082,T03,CR1_S5,CR1,S5,0,0.0,10.342,0.89,1.15,6.25,4,0,27.26
3083,T07,D1_S5,D1,S5,0,0.0,6.724,1.12,1.15,0.87,4,1,23.12
3084,T02,D1_S5,D1,S5,0,0.0,6.724,1.12,1.15,9.07,3,0,17.85
3085,T07,CR1_S1,CR1,S1,0,0.0,8.767,0.8,1.15,8.47,1,1,23.51
3086,T07,S4_D2,S4,D2,1,186.4,6.638,1.49,1.35,3.2,2,1,38.26
3087,T05,CR1_S1,CR1,S1,0,0.0,8.767,0.8,1.15,9.94,1,0,22.24
3088,T08,CR1_S2,CR1,S2,0,0.0,8.334,1.39,1.15,10.72,1,0,20.35
3089,T05,CR2_S3,CR2,S3,0,0.0,6.579,1.9,1.35,3.61,3,0,19.35
3090,T03,D2_S3,D2,S3,0,0.0,6.362,1.39,1.35,11.59,4,0,24.62
3091,T01,S2_CR1,S2,CR1,1,167.9,8.334,1.39,1.15,11.82,0,0,28.72
3092,T10,S2_CR1,S2,CR1,1,217.7,8.334,1.39,1.15,8.69,2,0,27.85
3093,T10,S4_D2,S4,D2,1,203.0,6.638,1.49,1.35,5.13,3,0,28.67
3094,T06,S6_CR2,S6,CR2,1,192.8,8.342,1.9,1.35,2.66,2,0,24.23
3095,T04,S1_CR1,S1,CR1,1,179.8,8.767,0.8,1.15,8.94,7,1,45.44
3096,T08,S1_CR1,S1,CR1,1,205.1,8.767,0.8,1.15,7.68,3,0,26.06
3097,T08,S5_CR1,S5,CR1,1,210.6,10.342,0.89,1.15,1.46,0,1,42.71
3098,T09,S2_CR1,S2,CR1,1,200.3,8.334,1.39,1.15,7.83,0,0,26.57
3099,T03,S5_D1,S5,D1,1,215.7,6.724,1.12,1.15,7.67,4,0,23.38
3100,T10,CR2_S4,CR2,S4,0,0.0,6.855,1.9,1.35,4.12,3,0,18.33
3101,T01,CR2_S4,CR2,S4,0,0.0,6.855,1.9,1.35,4.38,1,0,18.69
3102,T04,S3_D2,S3,D2,1,166.1,6.362,1.39,1.35,4.75,6,0,30.86
3103,T08,CR1_S2,CR1,S2,0,0.0,8.334,1.39,1.15,6.29,5,0,28.82
3104,T05,S5_CR1,S5,CR1,1,192.7,10.342,0.89,1.15,5.28,5,0,36.96
3105,T07,S5_CR1,S5,CR1,1,200.8,10.342,0.89,1.15,2.05,1,0,34.97
3106,T05,S4_D2,S4,D2,1,188.0,6.638,1.49,1.35,0.48,3,1,30.45
3107,T02,CR2_S6,CR2,S6,0,0.0,8.342,1.9,1.35,10.06,1,0,19.39
3108,T04,S4_CR2,S4,CR2,1,188.5,6.855,1.9,1.35,8.73,2,0,21.65
3109,T10,D1_S5,D1,S5,0,0.0,6.724,1.12,1.15,6.23,1,0,16.08
3110,T02,S1_CR1,S1,CR1,1,199.9,8.767,0.8,1.15,6.56,3,0,27.18
3111,T04,D2_S4,D2,S4,0,0.0,6.638,1.49,1.35,3.03,4,0,24.51
3112,T03,CR1_S3,CR1,S3,0,0.0,8.135,1.57,1.15,11.75,2,0,18.86
3113,T09,D2_S3,D2,S3,0,0.0,6.362,1.39,1.35,0.94,0,0,21.53
3114,T03,D1_S5,D1,S5,0,0.0,6.724,1.12,1.15,6.66,4,0,18.69
3115,T08,CR2_S3,CR2,S3,0,0.0,6.579,1.9,1.35,7.05,2,0,17.62
3116,T04,S3_CR1,S3,CR1,1,206.9,8.135,1.57,1.15,1.55,2,0,21.73
3117,T05,S4_D2,S4,D2,1,174.6,6.638,1.49,1.35,5.89,2,0,30.67
3118,T03,S1_CR1,S1,CR1,1,183.2,8.767,0.8,1.15,6.94,2,0,26.61
3119,T07,CR2_S4,CR2,S4,0,0.0,6.855,1.9,1.35,5.94,6,0,21.09
3120,T05,S3_CR1,S3,CR1,1,174.1,8.135,1.57,1.15,4.92,5,0,24.28
3121,T03,S4_D2,S4,D2,1,211.4,6.638,1.49,1.35,3.24,1,0,23.44
3122,T09,CR1_S5,CR1,S5,0,0.0,10.342,0.89,1.15,5.48,2,0,23.83
3123,T10,S6_CR2,S6,CR2,1,192.4,8.342,1.9,1.35,6.75,4,0,27.47
3124,T07,CR1_S1,CR1,S1,0,0.0,8.767,0.8,1.15,11.54,3,1,28.49
3125,T04,CR2_S6,CR2,S6,0,0.0,8.342,1.9,1.35,9.82,2,0,21.03
3126,T07,D1_S1,D1,S1,0,0.0,5.834,1.12,1.15,3.34,5,0,14.66
3127,T01,CR2_S6,CR2,S6,0,0.0,8.342,1.9,1.35,0.59,1,0,21.99
3128,T04,CR1_S5,CR1,S5,0,0.0,10.342,0.89,1.15,0.39,2,0,25.81
3129,T08,CR2_S3,CR2,S3,0,0.0,6.579,1.9,1.35,3.83,1,0,18.75
3130,T08,CR1_S1,CR1,S1,0,0.0,8.767,0.8,1.15,1.02,7,0,26.48
3131,T10,S1_D1,S1,D1,1,209.5,5.834,1.12,1.15,5.69,7,0,20.88
3132,T09,S3_D2,S3,D2,1,172.8,6.362,1.39,1.35,4.29,0,0,23.47
3133,T01,S4_CR2,S4,CR2,1,206.0,6.855,1.9,1.35,3.37,1,0,24.73
3134,T05,D1_S5,D1,S5,0,0.0,6.724,1.12,1.15,3.45,4,0,17.58
3135,T01,S2_CR1,S2,CR1,1,175.1,8.334,1.39,1.15,6.41,1,1,36.94
3136,T01,CR1_S5,CR1,S5,0,0.0,10.342,0.89,1.15,9.95,2,0,29.7
3137,T10,S6_CR2,S6,CR2,1,184.7,8.342,1.9,1.35,8.48,3,1,34.08
3138,T04,S2_CR1,S2,CR1,1,193.5,8.334,1.39,1.15,11.5,3,0,27.67
3139,T10,S2_CR1,S2,CR1,1,167.6,8.334,1.39,1.15,11.95,5,0,29.69
3140,T09,CR1_S3,CR1,S3,0,0.0,8.135,1.57,1.15,3.37,3,0,17.84
3141,T09,S2_CR1,S2,CR1,1,188.2,8.334,1.39,1.15,1.8,2,0,25.44
3142,T03,CR2_S6,CR2,S6,0,0.0,8.342,1.9,1.35,7.59,2,1,32.48
3143,T06,S3_CR2,S3,CR2,1,199.3,6.579,1.9,1.35,10.12,1,1,31.67
3144,T04,D1_S1,D1,S1,0,0.0,5.834,1.12,1.15,3.29,4,0,14.51
3145,T01,D1_S5,D1,S5,0,0.0,6.724,1.12,1.15,3.09,3,0,15.09
3146,T04,S2_CR1,S2,CR1,1,212.9,8.334,1.39,1.15,4.3,2,0,28.73
3147,T04,S3_D2,S3,D2,1,180.8,6.362,1.39,1.35,0.12,1,0,29.37
3148,T06,S4_CR2,S4,CR2,1,161.3,6.855,1.9,1.35,6.63,4,0,24.72
3149,T10,S6_CR2,S6,CR2,1,216.1,8.342,1.9,1.35,0.34,2,0,25.15
3150,T03,D2_S4,D2,S4,0,0.0,6.638,1.49,1.35,3.21,5,1,28.88
3151,T08,D2_S4,D2,S4,0,0.0,6.638,1.49,1.35,6.08,8,0,24.17
3152,T10,S3_CR1,S3,CR1,1,198.8,8.135,1.57,1.15,7.21,5,0,23.04
3153,T05,D2_S3,D2,S3,0,0.0,6.362,1.39,1.35,0.7,3,1,31.7
3154,T09,S6_CR2,S6,CR2,1,186.6,8.342,1.9,1.35,7.17,3,0,31.83
3155,T08,D2_S4,D2,S4,0,0.0,6.638,1.49,1.35,8.91,5,0,26.64
3156,T02,S5_D1,S5,D1,1,205.5,6.724,1.12,1.15,6.26,6,1,30.35
3157,T10,D2_S3,D2,S3,0,0.0,6.362,1.39,1.35,6.87,6,1,30.18
3158,T01,S3_D2,S3,D2,1,202.2,6.362,1.39,1.35,6.76,2,0,29.16
3159,T05,CR1_S5,CR1,S5,0,0.0,10.342,0.89,1.15,2.02,1,0,24.84
3160,T08,S5_CR1,S5,CR1,1,174.9,10.342,0.89,1.15,0.12,1,0,34.6
3161,T01,CR1_S5,CR1,S5,0,0.0,10.342,0.89,1.15,9.22,3,1,32.08
3162,T10,S5_CR1,S5,CR1,1,204.7,10.342,0.89,1.15,8.14,3,0,33.44
3163,T04,CR2_S3,CR2,S3,0,0.0,6.579,1.9,1.35,2.03,0,0,17.72
3164,T05,CR1_S2,CR1,S2,0,0.0,8.334,1.39,1.15,8.09,1,0,23.58
3165,T07,CR1_S1,CR1,S1,0,0.0,8.767,0.8,1.15,7.88,1,1,30.5
3166,T07,S4_D2,S4,D2,1,195.2,6.638,1.49,1.35,1.99,1,0,23.84
3167,T08,D1_S5,D1,S5,0,0.0,6.724,1.12,1.15,5.02,3,0,17.6
3168,T04,S1_D1,S1,D1,1,177.5,5.834,1.12,1.15,5.03,1,1,20.34
3169,T03,CR2_S6,CR2,S6,0,0.0,8.342,1.9,1.35,2.12,2,0,20.73
3170,T06,S3_CR1,S3,CR1,1,220.0,8.135,1.57,1.15,10.27,2,0,22.75
3171,T09,CR1_S3,CR1,S3,0,0.0,8.135,1.57,1.15,11.26,3,0,19.81
3172,T06,S4_CR2,S4,CR2,1,190.4,6.855,1.9,1.35,9.23,4,0,26.62
3173,T05,S3_D2,S3,D2,1,194.7,6.362,1.39,1.35,1.77,2,1,41.1
3174,T01,CR1_S1,CR1,S1,0,0.0,8.767,0.8,1.15,8.56,1,0,21.95
3175,T09,CR2_S3,CR2,S3,0,0.0,6.579,1.9,1.35,11.29,1,0,18.07
3176,T02,S3_CR2,S3,CR2,1,205.5,6.579,1.9,1.35,11.86,5,0,25.98
3177,T03,S3_CR1,S3,CR1,1,194.5,8.135,1.57,1.15,9.34,4,0,21.65
3178,T09,CR2_S4,CR2,S4,0,0.0,6.855,1.9,1.35,0.09,2,0,19.34
3179,T02,S2_CR1,S2,CR1,1,185.7,8.334,1.39,1.15,10.28,4,0,29.26
3180,T07,D1_S5,D1,S5,0,0.0,6.724,1.12,1.15,8.05,3,0,16.37
3181,T08,S5_D1,S5,D1,1,187.6,6.724,1.12,1.15,0.88,2,0,20.01
3182,T10,S4_CR2,S4,CR2,1,208.2,6.855,1.9,1.35,10.76,5,1,29.16
3183,T01,CR2_S3,CR2,S3,0,0.0,6.579,1.9,1.35,10.2,1,1,22.64
3184,T06,CR1_S3,CR1,S3,0,0.0,8.135,1.57,1.15,11.35,2,1,21.46
3185,T07,D2_S3,D2,S3,0,0.0,6.362,1.39,1.35,8.43,3,0,24.82
3186,T09,CR2_S6,CR2,S6,0,0.0,8.342,1.9,1.35,11.05,3,0,21.74
3187,T09,S3_CR2,S3,CR2,1,176.1,6.579,1.9,1.35,6.34,2,0,22.31
3188,T06,CR2_S3,CR2,S3,0,0.0,6.579,1.9,1.35,8.28,2,0,19.13
3189,T03,D1_S5,D1,S5,0,0.0,6.724,1.12,1.15,3.55,4,0,19.5
3190,T08,S3_D2,S3,D2,1,194.4,6.362,1.39,1.35,10.8,1,0,26.94
3191,T03,S3_CR2,S3,CR2,1,202.4,6.579,1.9,1.35,10.39,0,1,26.15
3192,T10,S3_CR2,S3,CR2,1,196.1,6.579,1.9,1.35,6.77,4,1,30.46
3193,T04,D2_S3,D2,S3,0,0.0,6.362,1.39,1.35,7.76,1,0,20.85
3194,T08,S1_CR1,S1,CR1,1,187.4,8.767,0.8,1.15,3.13,3,0,30.19
3195,T08,S5_D1,S5,D1,1,216.1,6.724,1.12,1.15,4.78,3,0,22.21
3196,T06,CR2_S6,CR2,S6,0,0.0,8.342,1.9,1.35,8.1,6,1,29.52
3197,T01,CR1_S2,CR1,S2,0,0.0,8.334,1.39,1.15,11.5,2,0,19.43
3198,T03,S3_CR2,S3,CR2,1,185.1,6.579,1.9,1.35,3.85,5,0,25.8
3199,T04,D1_S5,D1,S5,0,0.0,6.724,1.12,1.15,10.82,2,0,16.56
3200,T07,S4_D2,S4,D2,1,195.0,6.638,1.49,1.35,3.88,4,0,29.65
3201,T08,S4_CR2,S4,CR2,1,189.6,6.855,1.9,1.35,2.92,2,0,22.57
3202,T04,CR2_S3,CR2,S3,0,0.0,6.579,1.9,1.35,2.91,0,0,18.33
3203,T04,CR2_S3,CR2,S3,0,0.0,6.579,1.9,1.35,7.96,2,0,19.59
3204,T04,S2_CR1,S2,CR1,1,198.2,8.334,1.39,1.15,11.44,1,1,31.27
3205,T06,CR1_S2,CR1,S2,0,0.0,8.334,1.39,1.15,10.83,0,0,21.24
3206,T02,S4_D2,S4,D2,1,190.2,6.638,1.49,1.35,1.97,3,0,29.34
3207,T04,CR1_S3,CR1,S3,0,0.0,8.135,1.57,1.15,4.89,2,0,17.46
3208,T07,CR1_S3,CR1,S3,0,0.0,8.135,1.57,1.15,9.12,2,0,17.16
3209,T09,S3_CR1,S3,CR1,1,177.2,8.135,1.57,1.15,3.91,8,0,23.7
3210,T10,S6_CR2,S6,CR2,1,213.5,8.342,1.9,1.35,8.32,2,0,24.5
3211,T07,D1_S1,D1,S1,0,0.0,5.834,1.12,1.15,7.79,4,0,14.18
3212,T07,CR2_S6,CR2,S6,0,0.0,8.342,1.9,1.35,10.56,4,0,22.66
3213,T05,CR2_S6,CR2,S6,0,0.0,8.342,1.9,1.35,3.88,4,0,24.67
3214,T05,CR1_S5,CR1,S5,0,0.0,10.342,0.89,1.15,11.42,2,0,27.26
3215,T03,CR2_S3,CR2,S3,0,0.0,6.579,1.9,1.35,4.79,6,1,29.32
3216,T07,S4_CR2,S4,CR2,1,194.4,6.855,1.9,1.35,3.4,1,0,24.33
3217,T01,CR1_S5,CR1,S5,0,0.0,10.342,0.89,1.15,0.98,0,0,24.25
3218,T07,CR2_S3,CR2,S3,0,0.0,6.579,1.9,1.35,8.28,4,0,20.82
3219,T05,S3_D2,S3,D2,1,188.6,6.362,1.39,1.35,8.16,2,0,28.06
3220,T07,CR1_S5,CR1,S5,0,0.0,10.342,0.89,1.15,11.95,5,0,30.98
3221,T04,S3_D2,S3,D2,1,220.0,6.362,1.39,1.35,10.5,1,0,27.48
3222,T07,CR1_S2,CR1,S2,0,0.0,8.334,1.39,1.15,8.4,3,0,22.26
3223,T09,CR2_S3,CR2,S3,0,0.0,6.579,1.9,1.35,0.31,0,0,18.86
3224,T06,S3_CR2,S3,CR2,1,166.4,6.579,1.9,1.35,8.14,3,0,21.67
3225,T10,D1_S5,D1,S5,0,0.0,6.724,1.12,1.15,7.58,4,0,18.42
3226,T08,S3_CR2,S3,CR2,1,187.3,6.579,1.9,1.35,6.15,3,0,25.34
3227,T07,S1_CR1,S1,CR1,1,197.4,8.767,0.8,1.15,11.79,2,0,30.83
3228,T07,S5_CR1,S5,CR1,1,200.2,10.342,0.89,1.15,0.77,1,0,34.97
3229,T09,S1_D1,S1,D1,1,174.2,5.834,1.12,1.15,7.02,4,0,16.49
3230,T03,S3_D2,S3,D2,1,211.4,6.362,1.39,1.35,0.24,4,0,30.21
3231,T10,CR2_S4,CR2,S4,0,0.0,6.855,1.9,1.35,11.86,7,1,27.25
3232,T05,S5_D1,S5,D1,1,162.8,6.724,1.12,1.15,7.41,4,0,18.98
3233,T01,D1_S5,D1,S5,0,0.0,6.724,1.12,1.15,9.27,1,0,15.51
3234,T08,S3_CR1,S3,CR1,1,170.9,8.135,1.57,1.15,10.92,1,0,24.15
3235,T05,S6_CR2,S6,CR2,1,175.1,8.342,1.9,1.35,8.01,5,0,29.94
3236,T02,S5_D1,S5,D1,1,192.0,6.724,1.12,1.15,10.39,2,0,22.11
3237,T06,CR2_S4,CR2,S4,0,0.0,6.855,1.9,1.35,3.52,2,0,18.0
3238,T06,D2_S4,D2,S4,0,0.0,6.638,1.49,1.35,5.99,3,0,23.59
3239,T03,S2_CR1,S2,CR1,1,196.2,8.334,1.39,1.15,10.2,4,0,26.5
3240,T01,D1_S1,D1,S1,0,0.0,5.834,1.12,1.15,7.42,2,0,12.57
3241,T04,S3_CR1,S3,CR1,1,199.2,8.135,1.57,1.15,4.78,1,0,19.68
3242,T10,CR1_S1,CR1,S1,0,0.0,8.767,0.8,1.15,4.35,5,0,25.73
3243,T04,S1_CR1,S1,CR1,1,199.8,8.767,0.8,1.15,0.14,2,0,29.28
3244,T09,CR2_S6,CR2,S6,0,0.0,8.342,1.9,1.35,2.05,1,0,19.93
3245,T03,CR1_S1,CR1,S1,0,0.0,8.767,0.8,1.15,1.21,1,0,24.19
3246,T07,S4_CR2,S4,CR2,1,201.2,6.855,1.9,1.35,5.82,4,0,26.83
3247,T02,CR1_S1,CR1,S1,0,0.0,8.767,0.8,1.15,6.48,2,1,27.08
3248,T06,CR2_S4,CR2,S4,0,0.0,6.855,1.9,1.35,6.24,6,0,20.14
3249,T05,CR1_S5,CR1,S5,0,0.0,10.342,0.89,1.15,4.64,4,0,29.64
3250,T03,D2_S4,D2,S4,0,0.0,6.638,1.49,1.35,7.87,2,0,23.22
3251,T09,CR1_S3,CR1,S3,0,0.0,8.135,1.57,1.15,2.88,1,0,16.35
3252,T07,D1_S5,D1,S5,0,0.0,6.724,1.12,1.15,6.47,4,0,17.49
3253,T03,S3_CR1,S3,CR1,1,201.8,8.135,1.57,1.15,10.14,3,1,33.11
3254,T08,S3_CR2,S3,CR2,1,189.4,6.579,1.9,1.35,5.45,3,0,22.06
3255,T01,D1_S1,D1,S1,0,0.0,5.834,1.12,1.15,5.4,3,0,12.98
3256,T08,S3_CR1,S3,CR1,1,187.5,8.135,1.57,1.15,9.33,5,0,21.75
3257,T05,S5_CR1,S5,CR1,1,202.1,10.342,0.89,1.15,0.17,3,0,35.92
3258,T08,CR2_S4,CR2,S4,0,0.0,6.855,1.9,1.35,0.61,2,0,17.27
3259,T04,D2_S3,D2,S3,0,0.0,6.362,1.39,1.35,1.71,2,0,22.18
3260,T04,CR2_S6,CR2,S6,0,0.0,8.342,1.9,1.35,1.38,2,1,22.6
3261,T01,S6_CR2,S6,CR2,1,202.1,8.342,1.9,1.35,9.18,5,0,28.11
3262,T03,CR1_S1,CR1,S1,0,0.0,8.767,0.8,1.15,1.53,0,1,30.59
3263,T05,CR2_S6,CR2,S6,0,0.0,8.342,1.9,1.35,3.41,0,0,21.69
3264,T08,CR1_S5,CR1,S5,0,0.0,10.342,0.89,1.15,10.53,2,0,29.64
3265,T01,CR2_S6,CR2,S6,0,0.0,8.342,1.9,1.35,9.85,2,0,21.19
3266,T01,CR2_S4,CR2,S4,0,0.0,6.855,1.9,1.35,0.8,0,0,16.11
3267,T03,CR2_S4,CR2,S4,0,0.0,6.855,1.9,1.35,0.37,2,0,18.99
3268,T10,S4_D2,S4,D2,1,204.2,6.638,1.49,1.35,1.29,6,1,42.67
3269,T05,S3_CR1,S3,CR1,1,184.8,8.135,1.57,1.15,3.42,2,0,20.36
3270,T02,D2_S4,D2,S4,0,0.0,6.638,1.49,1.35,9.41,3,1,31.31
3271,T08,S3_D2,S3,D2,1,216.1,6.362,1.39,1.35,6.91,2,0,27.57
3272,T07,D2_S4,D2,S4,0,0.0,6.638,1.49,1.35,2.71,0,0,20.6
3273,T07,S3_D2,S3,D2,1,207.4,6.362,1.39,1.35,6.48,3,0,26.66
3274,T02,D2_S3,D2,S3,0,0.0,6.362,1.39,1.35,5.67,3,1,31.21
3275,T04,S6_CR2,S6,CR2,1,217.8,8.342,1.9,1.35,4.09,3,0,28.56
3276,T03,S4_D2,S4,D2,1,209.4,6.638,1.49,1.35,7.4,2,1,31.76
3277,T07,S3_CR2,S3,CR2,1,204.8,6.579,1.9,1.35,1.72,0,1,27.67
3278,T03,S5_CR1,S5,CR1,1,192.4,10.342,0.89,1.15,4.25,3,0,40.57
3279,T05,S4_CR2,S4,CR2,1,185.4,6.855,1.9,1.35,0.34,2,0,23.26
3280,T06,D2_S3,D2,S3,0,0.0,6.362,1.39,1.35,7.71,4,0,24.03
3281,T10,CR1_S3,CR1,S3,0,0.0,8.135,1.57,1.15,0.08,3,0,18.29
3282,T02,D2_S4,D2,S4,0,0.0,6.638,1.49,1.35,5.32,5,1,31.3
3283,T10,D2_S3,D2,S3,0,0.0,6.362,1.39,1.35,5.54,3,0,22.51
3284,T02,S4_D2,S4,D2,1,220.0,6.638,1.49,1.35,8.79,5,1,40.72
3285,T06,CR1_S2,CR1,S2,0,0.0,8.334,1.39,1.15,5.94,3,0,22.6
3286,T02,S1_CR1,S1,CR1,1,192.3,8.767,0.8,1.15,10.01,2,0,27.0
3287,T09,S2_CR1,S2,CR1,1,183.9,8.334,1.39,1.15,11.77,2,1,31.32
3288,T08,D2_S4,D2,S4,0,0.0,6.638,1.49,1.35,2.26,3,0,23.26
3289,T04,CR1_S5,CR1,S5,0,0.0,10.342,0.89,1.15,7.07,3,0,28.94
3290,T10,S5_CR1,S5,CR1,1,214.5,10.342,0.89,1.15,11.84,0,0,35.68
3291,T09,D2_S4,D2,S4,0,0.0,6.638,1.49,1.35,0.62,1,0,22.82
3292,T06,CR2_S3,CR2,S3,0,0.0,6.579,1.9,1.35,4.77,2,0,19.7
3293,T10,S4_CR2,S4,CR2,1,180.5,6.855,1.9,1.35,2.24,0,0,21.02
3294,T02,S4_D2,S4,D2,1,205.4,6.638,1.49,1.35,4.85,0,0,23.86
3295,T06,D2_S3,D2,S3,0,0.0,6.362,1.39,1.35,2.2,0,0,22.05
3296,T05,CR2_S4,CR2,S4,0,0.0,6.855,1.9,1.35,5.11,2,0,16.96
3297,T08,CR1_S1,CR1,S1,0,0.0,8.767,0.8,1.15,11.23,1,0,21.18
3298,T02,S4_CR2,S4,CR2,1,220.0,6.855,1.9,1.35,3.28,2,0,23.52
3299,T08,S5_CR1,S5,CR1,1,220.0,10.342,0.89,1.15,5.31,3,0,39.04
3300,T05,CR1_S1,CR1,S1,0,0.0,8.767,0.8,1.15,2.96,4,0,25.52
3301,T02,CR1_S1,CR1,S1,0,0.0,8.767,0.8,1.15,7.94,1,0,22.91
3302,T08,CR2_S4,CR2,S4,0,0.0,6.855,1.9,1.35,6.54,6,0,22.66
3303,T06,D2_S4,D2,S4,0,0.0,6.638,1.49,1.35,11.98,2,0,19.66
3304,T10,S3_CR2,S3,CR2,1,195.6,6.579,1.9,1.35,6.18,2,0,22.14
3305,T07,CR1_S1,CR1,S1,0,0.0,8.767,0.8,1.15,2.44,1,1,29.62
3306,T01,S2_CR1,S2,CR1,1,201.5,8.334,1.39,1.15,0.18,4,0,31.78
3307,T05,S5_D1,S5,D1,1,175.1,6.724,1.12,1.15,3.67,2,0,20.46
3308,T02,CR1_S3,CR1,S3,0,0.0,8.135,1.57,1.15,9.5,5,0,18.82
3309,T02,S4_CR2,S4,CR2,1,193.8,6.855,1.9,1.35,1.93,2,0,24.15
3310,T07,S5_D1,S5,D1,1,218.3,6.724,1.12,1.15,10.86,1,0,20.9
3311,T09,S4_D2,S4,D2,1,209.6,6.638,1.49,1.35,8.2,1,0,27.97
3312,T04,S6_CR2,S6,CR2,1,176.1,8.342,1.9,1.35,11.72,0,0,24.62
3313,T10,S2_CR1,S2,CR1,1,180.6,8.334,1.39,1.15,8.32,2,0,27.06
3314,T03,D2_S4,D2,S4,0,0.0,6.638,1.49,1.35,10.97,2,0,21.63
3315,T06,CR1_S5,CR1,S5,0,0.0,10.342,0.89,1.15,10.66,0,0,21.89
3316,T02,CR2_S3,CR2,S3,0,0.0,6.579,1.9,1.35,6.29,3,0,18.39
3317,T09,S5_CR1,S5,CR1,1,212.1,10.342,0.89,1.15,2.32,1,0,31.07
3318,T09,S5_D1,S5,D1,1,179.6,6.724,1.12,1.15,3.02,5,1,27.04
3319,T09,D1_S5,D1,S5,0,0.0,6.724,1.12,1.15,4.94,4,1,27.5
3320,T04,CR1_S5,CR1,S5,0,0.0,10.342,0.89,1.15,4.67,6,0,31.4
3321,T03,S3_D2,S3,D2,1,181.2,6.362,1.39,1.35,2.19,2,1,35.08
3322,T09,CR1_S3,CR1,S3,0,0.0,8.135,1.57,1.15,1.94,4,0,18.19
3323,T04,S3_D2,S3,D2,1,220.0,6.362,1.39,1.35,11.44,1,1,34.57
3324,T07,S5_D1,S5,D1,1,186.5,6.724,1.12,1.15,7.89,3,1,27.82
3325,T01,S4_D2,S4,D2,1,214.2,6.638,1.49,1.35,7.78,6,0,29.85
3326,T10,CR1_S5,CR1,S5,0,0.0,10.342,0.89,1.15,9.75,1,1,30.5
3327,T08,S4_CR2,S4,CR2,1,207.8,6.855,1.9,1.35,8.74,2,0,22.91
3328,T03,S3_CR2,S3,CR2,1,192.3,6.579,1.9,1.35,2.04,2,1,32.96
3329,T06,D2_S4,D2,S4,0,0.0,6.638,1.49,1.35,1.4,1,0,21.5
3330,T09,D2_S3,D2,S3,0,0.0,6.362,1.39,1.35,0.5,3,0,23.45
3331,T05,S6_CR2,S6,CR2,1,191.4,8.342,1.9,1.35,3.98,1,0,24.11
3332,T04,CR1_S2,CR1,S2,0,0.0,8.334,1.39,1.15,7.05,5,0,26.12
3333,T08,S3_CR1,S3,CR1,1,190.6,8.135,1.57,1.15,10.94,2,0,22.38
3334,T03,D2_S3,D2,S3,0,0.0,6.362,1.39,1.35,3.6,2,0,22.93
3335,T05,S3_D2,S3,D2,1,191.7,6.362,1.39,1.35,2.08,0,0,23.68
3336,T06,S3_CR2,S3,CR2,1,198.5,6.579,1.9,1.35,11.35,1,0,24.02
3337,T05,CR1_S2,CR1,S2,0,0.0,8.334,1.39,1.15,4.64,5,0,23.27
3338,T06,S3_CR2,S3,CR2,1,185.5,6.579,1.9,1.35,9.44,2,0,23.37
3339,T05,S3_CR1,S3,CR1,1,201.4,8.135,1.57,1.15,4.26,4,0,24.97
3340,T10,S3_CR2,S3,CR2,1,215.1,6.579,1.9,1.35,1.67,2,0,24.47
3341,T03,CR2_S4,CR2,S4,0,0.0,6.855,1.9,1.35,11.75,2,0,18.81
3342,T08,CR2_S3,CR2,S3,0,0.0,6.579,1.9,1.35,4.2,2,0,20.57
3343,T04,CR1_S3,CR1,S3,0,0.0,8.135,1.57,1.15,7.1,3,0,16.35
3344,T03,S3_D2,S3,D2,1,196.1,6.362,1.39,1.35,9.59,2,0,26.1
3345,T01,CR1_S2,CR1,S2,0,0.0,8.334,1.39,1.15,11.53,3,0,26.15
3346,T07,S3_CR2,S3,CR2,1,185.5,6.579,1.9,1.35,7.58,3,0,24.59
3347,T02,D1_S1,D1,S1,0,0.0,5.834,1.12,1.15,7.9,0,0,11.55
3348,T07,S4_D2,S4,D2,1,168.7,6.638,1.49,1.35,11.39,5,0,29.41
3349,T04,S3_CR1,S3,CR1,1,195.4,8.135,1.57,1.15,8.13,5,0,25.4
3350,T06,S3_CR2,S3,CR2,1,210.3,6.579,1.9,1.35,8.71,2,0,22.63
3351,T07,CR2_S6,CR2,S6,0,0.0,8.342,1.9,1.35,7.29,2,0,23.99
3352,T02,CR1_S2,CR1,S2,0,0.0,8.334,1.39,1.15,10.21,3,0,23.56
3353,T03,S4_D2,S4,D2,1,204.0,6.638,1.49,1.35,5.39,1,1,36.44
3354,T03,D2_S3,D2,S3,0,0.0,6.362,1.39,1.35,6.63,6,1,35.51
3355,T07,D2_S4,D2,S4,0,0.0,6.638,1.49,1.35,4.64,1,0,22.56
3356,T01,CR2_S6,CR2,S6,0,0.0,8.342,1.9,1.35,3.61,1,0,19.96
3357,T04,S3_CR1,S3,CR1,1,178.7,8.135,1.57,1.15,10.78,1,0,20.66
3358,T05,S1_D1,S1,D1,1,188.1,5.834,1.12,1.15,2.02,3,0,16.47
3359,T01,S3_D2,S3,D2,1,185.8,6.362,1.39,1.35,1.64,5,0,29.39
3360,T03,S5_CR1,S5,CR1,1,186.0,10.342,0.89,1.15,4.15,2,0,30.63
3361,T02,S3_CR1,S3,CR1,1,191.6,8.135,1.57,1.15,1.66,2,0,21.88
3362,T08,S2_CR1,S2,CR1,1,198.3,8.334,1.39,1.15,10.36,2,1,29.87
3363,T09,S5_D1,S5,D1,1,171.7,6.724,1.12,1.15,1.36,4,0,20.9
3364,T05,CR2_S3,CR2,S3,0,0.0,6.579,1.9,1.35,7.32,6,0,21.84
3365,T10,S4_CR2,S4,CR2,1,197.1,6.855,1.9,1.35,1.19,2,0,22.78
3366,T04,CR2_S4,CR2,S4,0,0.0,6.855,1.9,1.35,1.4,3,0,19.85
3367,T06,S1_CR1,S1,CR1,1,192.6,8.767,0.8,1.15,11.07,2,1,34.37
3368,T10,S2_CR1,S2,CR1,1,207.8,8.334,1.39,1.15,9.78,2,1,39.81
3369,T07,S1_CR1,S1,CR1,1,185.3,8.767,0.8,1.15,1.04,3,0,30.62
3370,T01,CR2_S3,CR2,S3,0,0.0,6.579,1.9,1.35,4.19,2,0,19.49
3371,T09,CR1_S5,CR1,S5,0,0.0,10.342,0.89,1.15,6.69,2,1,35.79
3372,T02,S4_CR2,S4,CR2,1,207.9,6.855,1.9,1.35,4.93,4,0,25.17
3373,T04,S4_D2,S4,D2,1,186.6,6.638,1.49,1.35,8.44,1,0,27.88
3374,T02,CR2_S6,CR2,S6,0,0.0,8.342,1.9,1.35,1.16,2,1,33.04
3375,T02,CR1_S3,CR1,S3,0,0.0,8.135,1.57,1.15,5.37,7,1,29.01
3376,T10,CR1_S1,CR1,S1,0,0.0,8.767,0.8,1.15,2.2,0,0,20.56
3377,T05,S1_CR1,S1,CR1,1,219.1,8.767,0.8,1.15,0.14,3,0,25.87
3378,T03,D2_S3,D2,S3,0,0.0,6.362,1.39,1.35,0.13,4,0,23.26
3379,T03,CR1_S3,CR1,S3,0,0.0,8.135,1.57,1.15,9.5,1,0,17.49
3380,T08,CR2_S6,CR2,S6,0,0.0,8.342,1.9,1.35,11.04,1,0,22.4
3381,T03,S3_CR1,S3,CR1,1,218.4,8.135,1.57,1.15,6.11,3,0,21.91
3382,T06,S3_CR2,S3,CR2,1,219.7,6.579,1.9,1.35,5.98,4,0,26.41
3383,T09,S4_D2,S4,D2,1,185.5,6.638,1.49,1.35,1.84,2,0,29.5
3384,T01,S3_D2,S3,D2,1,211.6,6.362,1.39,1.35,6.04,8,0,32.9
3385,T03,S5_CR1,S5,CR1,1,196.6,10.342,0.89,1.15,6.24,5,0,35.21
3386,T02,D1_S5,D1,S5,0,0.0,6.724,1.12,1.15,7.48,6,0,21.36
3387,T02,D1_S1,D1,S1,0,0.0,5.834,1.12,1.15,2.36,2,0,13.51
3388,T01,S4_D2,S4,D2,1,194.2,6.638,1.49,1.35,5.78,3,0,26.12
3389,T04,S1_D1,S1,D1,1,175.1,5.834,1.12,1.15,7.34,1,1,23.09
3390,T10,S3_CR1,S3,CR1,1,196.7,8.135,1.57,1.15,4.48,3,0,22.66
3391,T09,CR1_S3,CR1,S3,0,0.0,8.135,1.57,1.15,10.42,0,0,17.78
3392,T07,S3_CR1,S3,CR1,1,198.7,8.135,1.57,1.15,4.36,4,0,24.35
3393,T06,S5_CR1,S5,CR1,1,184.1,10.342,0.89,1.15,6.03,5,0,37.44
3394,T10,CR1_S3,CR1,S3,0,0.0,8.135,1.57,1.15,0.44,4,0,20.3
3395,T05,S1_CR1,S1,CR1,1,193.8,8.767,0.8,1.15,0.59,1,1,38.54
3396,T04,S3_CR1,S3,CR1,1,197.0,8.135,1.57,1.15,1.04,1,0,21.55
3397,T06,D2_S4,D2,S4,0,0.0,6.638,1.49,1.35,7.74,0,0,20.05
3398,T05,S1_CR1,S1,CR1,1,199.6,8.767,0.8,1.15,2.44,2,0,31.48
3399,T08,CR1_S2,CR1,S2,0,0.0,8.334,1.39,1.15,10.56,0,0,20.18
3400,T06,CR1_S3,CR1,S3,0,0.0,8.135,1.57,1.15,7.63,1,1,18.75
3401,T04,S4_CR2,S4,CR2,1,190.0,6.855,1.9,1.35,9.35,4,0,24.25
3402,T09,CR1_S3,CR1,S3,0,0.0,8.135,1.57,1.15,6.18,6,0,20.7
3403,T05,S5_D1,S5,D1,1,167.7,6.724,1.12,1.15,11.84,2,0,20.52
3404,T07,CR2_S3,CR2,S3,0,0.0,6.579,1.9,1.35,5.0,4,0,19.7
3405,T03,CR1_S3,CR1,S3,0,0.0,8.135,1.57,1.15,5.05,8,0,23.07
3406,T10,S5_D1,S5,D1,1,212.1,6.724,1.12,1.15,11.46,3,0,20.93
3407,T01,CR1_S5,CR1,S5,0,0.0,10.342,0.89,1.15,5.81,4,0,28.78
3408,T06,CR2_S3,CR2,S3,0,0.0,6.579,1.9,1.35,9.23,1,1,24.16
3409,T02,S4_CR2,S4,CR2,1,188.8,6.855,1.9,1.35,6.28,5,0,28.43
3410,T03,S1_CR1,S1,CR1,1,182.5,8.767,0.8,1.15,4.44,3,0,28.06
3411,T01,S5_CR1,S5,CR1,1,178.1,10.342,0.89,1.15,11.36,1,1,45.04
3412,T04,S4_D2,S4,D2,1,208.8,6.638,1.49,1.35,2.12,3,0,25.92
3413,T08,S6_CR2,S6,CR2,1,199.0,8.342,1.9,1.35,3.53,1,0,29.38
3414,T05,S3_CR1,S3,CR1,1,180.7,8.135,1.57,1.15,10.61,2,0,21.47
3415,T06,S4_CR2,S4,CR2,1,198.2,6.855,1.9,1.35,3.77,3,0,25.1
3416,T05,S1_CR1,S1,CR1,1,199.9,8.767,0.8,1.15,2.07,2,0,29.53
3417,T02,CR1_S1,CR1,S1,0,0.0,8.767,0.8,1.15,6.01,4,0,26.52
3418,T09,S1_CR1,S1,CR1,1,214.2,8.767,0.8,1.15,8.62,1,0,26.96
3419,T05,D2_S3,D2,S3,0,0.0,6.362,1.39,1.35,1.82,0,0,20.26
3420,T01,CR1_S5,CR1,S5,0,0.0,10.342,0.89,1.15,11.79,0,1,35.65
3421,T09,CR1_S3,CR1,S3,0,0.0,8.135,1.57,1.15,0.13,1,1,21.41
3422,T05,CR2_S4,CR2,S4,0,0.0,6.855,1.9,1.35,6.5,2,0,20.43
3423,T10,CR2_S3,CR2,S3,0,0.0,6.579,1.9,1.35,9.24,0,0,17.29
3424,T08,CR1_S5,CR1,S5,0,0.0,10.342,0.89,1.15,11.62,1,0,29.94
3425,T03,CR1_S2,CR1,S2,0,0.0,8.334,1.39,1.15,5.48,3,1,29.9
3426,T08,CR1_S2,CR1,S2,0,0.0,8.334,1.39,1.15,3.5,2,0,23.34
3427,T02,S5_D1,S5,D1,1,206.6,6.724,1.12,1.15,7.99,4,0,21.56
3428,T01,S5_CR1,S5,CR1,1,198.8,10.342,0.89,1.15,7.27,3,1,38.2
3429,T07,S3_CR1,S3,CR1,1,184.0,8.135,1.57,1.15,5.73,0,0,21.21
3430,T05,CR1_S2,CR1,S2,0,0.0,8.334,1.39,1.15,6.29,2,0,23.28
3431,T06,CR2_S6,CR2,S6,0,0.0,8.342,1.9,1.35,9.84,4,0,24.64
3432,T05,S4_CR2,S4,CR2,1,171.1,6.855,1.9,1.35,9.55,0,0,21.49
3433,T01,D1_S1,D1,S1,0,0.0,5.834,1.12,1.15,10.48,2,0,12.25
3434,T04,S5_CR1,S5,CR1,1,202.7,10.342,0.89,1.15,5.59,7,1,51.06
3435,T08,CR1_S3,CR1,S3,0,0.0,8.135,1.57,1.15,5.67,4,0,20.3
3436,T08,S4_CR2,S4,CR2,1,203.1,6.855,1.9,1.35,11.87,3,0,21.98
3437,T04,S4_CR2,S4,CR2,1,213.1,6.855,1.9,1.35,3.44,2,0,22.07
3438,T02,CR1_S5,CR1,S5,0,0.0,10.342,0.89,1.15,10.86,5,0,27.52
3439,T01,D2_S3,D2,S3,0,0.0,6.362,1.39,1.35,8.53,4,1,29.81
3440,T08,CR2_S6,CR2,S6,0,0.0,8.342,1.9,1.35,9.63,1,0,21.22
3441,T07,S1_D1,S1,D1,1,204.8,5.834,1.12,1.15,4.94,7,0,21.62
3442,T01,S1_D1,S1,D1,1,217.9,5.834,1.12,1.15,10.87,1,0,15.98
3443,T05,D1_S1,D1,S1,0,0.0,5.834,1.12,1.15,1.61,4,1,18.36
3444,T07,S1_CR1,S1,CR1,1,191.3,8.767,0.8,1.15,9.77,2,0,26.62
3445,T09,D1_S5,D1,S5,0,0.0,6.724,1.12,1.15,4.22,8,0,22.33
3446,T09,D1_S5,D1,S5,0,0.0,6.724,1.12,1.15,1.48,1,0,16.43
3447,T05,S4_D2,S4,D2,1,220.0,6.638,1.49,1.35,0.69,0,1,33.07
3448,T02,CR2_S4,CR2,S4,0,0.0,6.855,1.9,1.35,4.68,2,1,22.36
3449,T02,S3_CR2,S3,CR2,1,183.2,6.579,1.9,1.35,5.87,0,0,20.94
3450,T07,D1_S1,D1,S1,0,0.0,5.834,1.12,1.15,10.34,1,0,11.42
3451,T08,S5_CR1,S5,CR1,1,189.4,10.342,0.89,1.15,3.12,0,0,35.04
3452,T07,D2_S4,D2,S4,0,0.0,6.638,1.49,1.35,3.35,4,0,22.2
3453,T04,D2_S3,D2,S3,0,0.0,6.362,1.39,1.35,2.33,5,0,27.74
3454,T07,D2_S4,D2,S4,0,0.0,6.638,1.49,1.35,6.8,5,0,24.79
3455,T10,S1_CR1,S1,CR1,1,195.3,8.767,0.8,1.15,6.34,4,0,25.84
3456,T08,S4_CR2,S4,CR2,1,187.2,6.855,1.9,1.35,3.74,3,0,22.19
3457,T10,CR1_S2,CR1,S2,0,0.0,8.334,1.39,1.15,0.0,1,0,21.03
3458,T05,CR2_S4,CR2,S4,0,0.0,6.855,1.9,1.35,11.05,2,0,17.41
3459,T02,CR1_S5,CR1,S5,0,0.0,10.342,0.89,1.15,10.84,1,1,32.47
3460,T04,S6_CR2,S6,CR2,1,219.1,8.342,1.9,1.35,10.68,0,0,26.5
3461,T07,S1_CR1,S1,CR1,1,207.8,8.767,0.8,1.15,2.78,3,0,28.13
3462,T06,S1_D1,S1,D1,1,173.0,5.834,1.12,1.15,7.54,4,0,16.5
3463,T04,S6_CR2,S6,CR2,1,163.5,8.342,1.9,1.35,0.01,0,0,23.96
3464,T04,S5_CR1,S5,CR1,1,212.7,10.342,0.89,1.15,0.36,3,0,33.58
3465,T02,S3_D2,S3,D2,1,201.4,6.362,1.39,1.35,4.76,4,0,29.28
3466,T08,S4_D2,S4,D2,1,184.7,6.638,1.49,1.35,5.84,2,0,27.17
3467,T01,CR2_S3,CR2,S3,0,0.0,6.579,1.9,1.35,6.53,3,0,22.45
3468,T07,CR1_S1,CR1,S1,0,0.0,8.767,0.8,1.15,8.8,3,0,21.2
3469,T09,D2_S4,D2,S4,0,0.0,6.638,1.49,1.35,7.43,4,0,26.65
3470,T04,S1_D1,S1,D1,1,165.7,5.834,1.12,1.15,1.41,1,0,14.13
3471,T04,S4_D2,S4,D2,1,175.9,6.638,1.49,1.35,5.9,6,0,29.47
3472,T03,D2_S3,D2,S3,0,0.0,6.362,1.39,1.35,10.41,6,0,25.71
3473,T06,S4_CR2,S4,CR2,1,201.9,6.855,1.9,1.35,4.09,2,1,31.31
3474,T06,S1_D1,S1,D1,1,164.0,5.834,1.12,1.15,6.2,6,0,19.18
3475,T01,S3_CR2,S3,CR2,1,210.2,6.579,1.9,1.35,7.0,5,0,24.28
3476,T03,CR1_S5,CR1,S5,0,0.0,10.342,0.89,1.15,4.71,6,0,29.15
3477,T01,D2_S4,D2,S4,0,0.0,6.638,1.49,1.35,0.78,5,0,24.33
3478,T10,D2_S3,D2,S3,0,0.0,6.362,1.39,1.35,10.13,1,1,26.04
3479,T02,S1_CR1,S1,CR1,1,213.1,8.767,0.8,1.15,3.03,3,0,27.4
3480,T05,D1_S5,D1,S5,0,0.0,6.724,1.12,1.15,2.56,2,0,16.13
3481,T02,S1_D1,S1,D1,1,201.0,5.834,1.12,1.15,6.84,3,0,16.31
3482,T07,S6_CR2,S6,CR2,1,200.8,8.342,1.9,1.35,7.22,4,0,27.57
3483,T09,CR2_S4,CR2,S4,0,0.0,6.855,1.9,1.35,4.85,2,0,17.92
3484,T08,CR1_S1,CR1,S1,0,0.0,8.767,0.8,1.15,10.38,1,0,22.29
3485,T10,D2_S4,D2,S4,0,0.0,6.638,1.49,1.35,5.71,4,1,28.17
3486,T09,CR1_S5,CR1,S5,0,0.0,10.342,0.89,1.15,2.9,3,0,27.82
3487,T03,S3_CR1,S3,CR1,1,195.1,8.135,1.57,1.15,11.26,0,0,20.61
3488,T08,S1_CR1,S1,CR1,1,220.0,8.767,0.8,1.15,2.86,4,0,29.9
3489,T04,CR1_S2,CR1,S2,0,0.0,8.334,1.39,1.15,6.11,3,0,23.32
3490,T08,D2_S4,D2,S4,0,0.0,6.638,1.49,1.35,10.92,2,1,27.22
3491,T05,S3_D2,S3,D2,1,185.9,6.362,1.39,1.35,4.68,3,0,27.12
3492,T01,D1_S1,D1,S1,0,0.0,5.834,1.12,1.15,4.59,2,0,15.32
3493,T09,D1_S1,D1,S1,0,0.0,5.834,1.12,1.15,9.19,6,0,16.52
3494,T04,D1_S5,D1,S5,0,0.0,6.724,1.12,1.15,0.18,2,0,17.79
3495,T02,CR2_S4,CR2,S4,0,0.0,6.855,1.9,1.35,11.16,2,0,17.56
3496,T08,CR1_S3,CR1,S3,0,0.0,8.135,1.57,1.15,0.86,1,0,17.26
3497,T04,S1_D1,S1,D1,1,192.7,5.834,1.12,1.15,0.07,1,0,15.48
3498,T05,CR1_S5,CR1,S5,0,0.0,10.342,0.89,1.15,1.92,2,0,27.44
3499,T05,S1_D1,S1,D1,1,178.0,5.834,1.12,1.15,2.58,3,1,22.15
3500,T08,D2_S4,D2,S4,0,0.0,6.638,1.49,1.35,2.06,3,0,24.65
3501,T01,D2_S3,D2,S3,0,0.0,6.362,1.39,1.35,6.44,3,1,28.21
3502,T07,S1_CR1,S1,CR1,1,162.2,8.767,0.8,1.15,11.27,1,0,26.95
3503,T10,S3_CR2,S3,CR2,1,186.6,6.579,1.9,1.35,6.92,3,0,27.02
3504,T10,S3_D2,S3,D2,1,197.7,6.362,1.39,1.35,10.77,1,0,26.94
3505,T03,S5_D1,S5,D1,1,220.0,6.724,1.12,1.15,2.76,3,0,18.62
3506,T08,CR2_S4,CR2,S4,0,0.0,6.855,1.9,1.35,8.6,1,1,22.9
3507,T08,CR1_S5,CR1,S5,0,0.0,10.342,0.89,1.15,3.49,2,0,26.14
3508,T05,D2_S3,D2,S3,0,0.0,6.362,1.39,1.35,10.08,1,0,19.46
3509,T10,S3_D2,S3,D2,1,191.8,6.362,1.39,1.35,11.19,3,0,26.22
3510,T08,D2_S3,D2,S3,0,0.0,6.362,1.39,1.35,10.62,1,0,20.3
3511,T09,D2_S4,D2,S4,0,0.0,6.638,1.49,1.35,9.37,2,0,19.24
3512,T07,CR1_S5,CR1,S5,0,0.0,10.342,0.89,1.15,4.21,4,0,28.2
3513,T01,S5_CR1,S5,CR1,1,175.8,10.342,0.89,1.15,7.42,5,0,38.68
3514,T01,S2_CR1,S2,CR1,1,190.8,8.334,1.39,1.15,8.31,0,1,33.05
3515,T04,D2_S4,D2,S4,0,0.0,6.638,1.49,1.35,2.79,4,0,22.72
3516,T03,S1_CR1,S1,CR1,1,174.3,8.767,0.8,1.15,10.97,1,0,27.46
3517,T07,S5_CR1,S5,CR1,1,192.6,10.342,0.89,1.15,7.98,5,0,37.69
3518,T07,CR1_S2,CR1,S2,0,0.0,8.334,1.39,1.15,3.66,4,0,23.98
3519,T10,S3_CR2,S3,CR2,1,196.5,6.579,1.9,1.35,8.3,1,0,23.04
3520,T04,CR2_S6,CR2,S6,0,0.0,8.342,1.9,1.35,5.37,7,0,26.93
3521,T05,CR2_S3,CR2,S3,0,0.0,6.579,1.9,1.35,10.9,0,1,20.77
3522,T10,CR2_S4,CR2,S4,0,0.0,6.855,1.9,1.35,5.54,4,0,21.25
3523,T06,S1_D1,S1,D1,1,220.0,5.834,1.12,1.15,8.23,3,0,19.14
3524,T06,D2_S3,D2,S3,0,0.0,6.362,1.39,1.35,8.39,0,1,27.91
3525,T04,S3_CR2,S3,CR2,1,175.8,6.579,1.9,1.35,11.1,0,1,26.25
3526,T10,CR1_S2,CR1,S2,0,0.0,8.334,1.39,1.15,7.68,3,0,23.46
3527,T08,S3_D2,S3,D2,1,185.9,6.362,1.39,1.35,11.81,0,0,26.21
3528,T09,CR1_S3,CR1,S3,0,0.0,8.135,1.57,1.15,10.86,2,0,17.33
3529,T10,D2_S3,D2,S3,0,0.0,6.362,1.39,1.35,5.78,5,1,28.62
3530,T09,S2_CR1,S2,CR1,1,167.2,8.334,1.39,1.15,4.22,1,0,25.1
3531,T04,CR1_S5,CR1,S5,0,0.0,10.342,0.89,1.15,11.35,2,0,26.79
3532,T02,S3_CR2,S3,CR2,1,184.0,6.579,1.9,1.35,1.33,2,0,22.22
3533,T03,CR1_S3,CR1,S3,0,0.0,8.135,1.57,1.15,8.05,1,0,17.04
3534,T05,CR1_S2,CR1,S2,0,0.0,8.334,1.39,1.15,5.2,0,1,24.94
3535,T07,S2_CR1,S2,CR1,1,202.1,8.334,1.39,1.15,0.15,3,1,34.94
3536,T08,CR2_S3,CR2,S3,0,0.0,6.579,1.9,1.35,5.53,2,1,24.78
3537,T10,S3_D2,S3,D2,1,203.7,6.362,1.39,1.35,3.91,1,0,28.33
3538,T10,S4_CR2,S4,CR2,1,181.0,6.855,1.9,1.35,1.63,4,0,26.69
3539,T05,S5_D1,S5,D1,1,220.0,6.724,1.12,1.15,7.31,2,0,20.85
3540,T10,D1_S1,D1,S1,0,0.0,5.834,1.12,1.15,8.56,0,0,11.99
3541,T03,S3_CR2,S3,CR2,1,173.2,6.579,1.9,1.35,9.03,1,0,23.59
3542,T03,CR1_S3,CR1,S3,0,0.0,8.135,1.57,1.15,10.28,2,0,18.47
3543,T03,CR1_S5,CR1,S5,0,0.0,10.342,0.89,1.15,9.75,1,0,24.42
3544,T09,CR1_S2,CR1,S2,0,0.0,8.334,1.39,1.15,11.07,2,1,29.32
3545,T08,S3_CR2,S3,CR2,1,204.3,6.579,1.9,1.35,4.03,1,0,21.55
3546,T04,S1_CR1,S1,CR1,1,202.3,8.767,0.8,1.15,10.65,1,0,26.69
3547,T10,CR1_S1,CR1,S1,0,0.0,8.767,0.8,1.15,6.11,5,0,24.33
3548,T06,S5_CR1,S5,CR1,1,190.0,10.342,0.89,1.15,10.99,3,0,33.44
3549,T06,D2_S3,D2,S3,0,0.0,6.362,1.39,1.35,8.79,2,0,20.27
3550,T09,S3_CR2,S3,CR2,1,204.2,6.579,1.9,1.35,1.2,3,0,24.19
3551,T08,CR1_S5,CR1,S5,0,0.0,10.342,0.89,1.15,6.8,2,1,32.01
3552,T07,S4_D2,S4,D2,1,199.8,6.638,1.49,1.35,8.48,1,0,25.55
3553,T03,CR1_S1,CR1,S1,0,0.0,8.767,0.8,1.15,5.95,6,0,26.36
3554,T05,CR2_S3,CR2,S3,0,0.0,6.579,1.9,1.35,10.52,4,1,28.78
3555,T03,CR1_S2,CR1,S2,0,0.0,8.334,1.39,1.15,9.82,1,0,21.86
3556,T09,CR2_S3,CR2,S3,0,0.0,6.579,1.9,1.35,6.39,5,1,26.81
3557,T07,S3_CR1,S3,CR1,1,167.5,8.135,1.57,1.15,2.95,1,0,20.85
3558,T06,CR1_S3,CR1,S3,0,0.0,8.135,1.57,1.15,10.08,0,0,16.33
3559,T10,D1_S5,D1,S5,0,0.0,6.724,1.12,1.15,5.42,3,0,17.83
3560,T09,S2_CR1,S2,CR1,1,191.3,8.334,1.39,1.15,4.03,2,0,31.03
3561,T02,S6_CR2,S6,CR2,1,196.3,8.342,1.9,1.35,3.32,1,0,29.27
3562,T02,CR2_S4,CR2,S4,0,0.0,6.855,1.9,1.35,8.83,3,1,22.44
3563,T10,CR2_S6,CR2,S6,0,0.0,8.342,1.9,1.35,3.48,1,1,26.88
3564,T08,CR1_S3,CR1,S3,0,0.0,8.135,1.57,1.15,3.88,3,0,18.42
3565,T10,S4_D2,S4,D2,1,187.7,6.638,1.49,1.35,11.25,1,0,25.92
3566,T07,S3_D2,S3,D2,1,190.4,6.362,1.39,1.35,9.37,2,0,27.36
3567,T10,S2_CR1,S2,CR1,1,183.2,8.334,1.39,1.15,1.89,3,0,27.29
3568,T02,CR2_S3,CR2,S3,0,0.0,6.579,1.9,1.35,8.7,4,0,22.61
3569,T05,S3_D2,S3,D2,1,203.4,6.362,1.39,1.35,1.03,2,1,37.72
3570,T09,S6_CR2,S6,CR2,1,204.1,8.342,1.9,1.35,1.18,1,0,27.06
3571,T03,S2_CR1,S2,CR1,1,192.4,8.334,1.39,1.15,4.35,3,1,34.91
3572,T09,CR1_S2,CR1,S2,0,0.0,8.334,1.39,1.15,9.59,3,0,25.25
3573,T02,CR1_S5,CR1,S5,0,0.0,10.342,0.89,1.15,3.76,1,0,25.44
3574,T08,S4_D2,S4,D2,1,203.6,6.638,1.49,1.35,3.54,4,1,36.15
3575,T03,S6_CR2,S6,CR2,1,171.9,8.342,1.9,1.35,10.29,4,0,30.04
3576,T03,CR1_S2,CR1,S2,0,0.0,8.334,1.39,1.15,10.98,0,0,20.0
3577,T10,S4_CR2,S4,CR2,1,182.7,6.855,1.9,1.35,8.61,1,0,23.77
3578,T05,S5_D1,S5,D1,1,195.0,6.724,1.12,1.15,11.93,2,0,19.07
3579,T02,CR2_S4,CR2,S4,0,0.0,6.855,1.9,1.35,2.05,0,0,17.58
3580,T04,D2_S4,D2,S4,0,0.0,6.638,1.49,1.35,4.46,2,0,22.9
3581,T07,D2_S4,D2,S4,0,0.0,6.638,1.49,1.35,10.65,2,0,23.19
3582,T09,S5_CR1,S5,CR1,1,209.1,10.342,0.89,1.15,10.01,0,1,37.77
3583,T01,S4_D2,S4,D2,1,188.2,6.638,1.49,1.35,9.62,0,0,25.2
3584,T05,CR2_S4,CR2,S4,0,0.0,6.855,1.9,1.35,6.71,4,0,20.99
3585,T03,CR1_S3,CR1,S3,0,0.0,8.135,1.57,1.15,1.75,2,0,18.52
3586,T03,S1_CR1,S1,CR1,1,172.9,8.767,0.8,1.15,8.79,2,0,26.39
3587,T08,S3_CR2,S3,CR2,1,212.3,6.579,1.9,1.35,5.51,2,0,23.59
3588,T07,S6_CR2,S6,CR2,1,173.0,8.342,1.9,1.35,6.67,2,1,34.07
3589,T04,S5_D1,S5,D1,1,197.3,6.724,1.12,1.15,2.95,3,0,21.08
3590,T08,S6_CR2,S6,CR2,1,188.1,8.342,1.9,1.35,9.93,2,0,26.34
3591,T01,S3_CR2,S3,CR2,1,207.1,6.579,1.9,1.35,10.78,1,0,20.53
3592,T04,CR2_S3,CR2,S3,0,0.0,6.579,1.9,1.35,4.99,2,0,17.73
3593,T05,S3_CR2,S3,CR2,1,177.7,6.579,1.9,1.35,0.59,0,0,22.64
3594,T05,S4_CR2,S4,CR2,1,178.0,6.855,1.9,1.35,3.24,4,0,25.1
3595,T09,S5_D1,S5,D1,1,189.5,6.724,1.12,1.15,8.15,2,1,29.29
3596,T06,D2_S4,D2,S4,0,0.0,6.638,1.49,1.35,4.55,4,1,27.7
3597,T02,S3_CR2,S3,CR2,1,181.3,6.579,1.9,1.35,0.55,1,1,28.07
3598,T02,CR2_S4,CR2,S4,0,0.0,6.855,1.9,1.35,1.92,2,0,16.58
3599,T02,CR1_S1,CR1,S1,0,0.0,8.767,0.8,1.15,8.42,5,0,25.51
3600,T10,S1_CR1,S1,CR1,1,190.8,8.767,0.8,1.15,1.68,1,0,25.88
3601,T04,S1_CR1,S1,CR1,1,158.7,8.767,0.8,1.15,10.32,1,1,36.93
3602,T10,CR1_S5,CR1,S5,0,0.0,10.342,0.89,1.15,5.16,3,0,27.13
3603,T01,D1_S1,D1,S1,0,0.0,5.834,1.12,1.15,8.4,4,0,14.37
3604,T02,D2_S3,D2,S3,0,0.0,6.362,1.39,1.35,8.38,4,0,22.33
3605,T03,S3_CR2,S3,CR2,1,220.0,6.579,1.9,1.35,11.7,2,0,23.0
3606,T09,S5_D1,S5,D1,1,214.3,6.724,1.12,1.15,2.95,2,0,20.21
3607,T02,S5_CR1,S5,CR1,1,202.1,10.342,0.89,1.15,8.82,2,0,34.92
3608,T04,CR1_S3,CR1,S3,0,0.0,8.135,1.57,1.15,6.13,3,0,17.87
3609,T10,D1_S1,D1,S1,0,0.0,5.834,1.12,1.15,4.16,6,0,16.13
3610,T08,S5_CR1,S5,CR1,1,211.7,10.342,0.89,1.15,0.12,1,0,33.88
3611,T04,CR1_S5,CR1,S5,0,0.0,10.342,0.89,1.15,7.54,2,0,26.87
3612,T06,S3_CR2,S3,CR2,1,197.9,6.579,1.9,1.35,7.41,3,1,28.87
3613,T06,S3_CR2,S3,CR2,1,187.8,6.579,1.9,1.35,7.18,6,1,35.61
3614,T08,D2_S3,D2,S3,0,0.0,6.362,1.39,1.35,3.49,6,0,25.87
3615,T07,S5_D1,S5,D1,1,165.7,6.724,1.12,1.15,10.78,0,1,28.28
3616,T05,CR2_S6,CR2,S6,0,0.0,8.342,1.9,1.35,0.03,2,0,22.23
3617,T06,CR1_S5,CR1,S5,0,0.0,10.342,0.89,1.15,8.12,2,0,30.85
3618,T09,D2_S3,D2,S3,0,0.0,6.362,1.39,1.35,8.27,3,0,21.39
3619,T07,S5_D1,S5,D1,1,209.0,6.724,1.12,1.15,8.3,3,0,23.02
3620,T07,CR2_S6,CR2,S6,0,0.0,8.342,1.9,1.35,10.88,2,0,19.92
3621,T05,CR1_S1,CR1,S1,0,0.0,8.767,0.8,1.15,11.19,0,1,25.74
3622,T08,S1_D1,S1,D1,1,216.1,5.834,1.12,1.15,6.17,1,0,16.21
3623,T04,S5_CR1,S5,CR1,1,207.1,10.342,0.89,1.15,1.27,2,0,30.13
3624,T09,CR2_S4,CR2,S4,0,0.0,6.855,1.9,1.35,10.85,3,0,19.98
3625,T09,S3_CR1,S3,CR1,1,206.3,8.135,1.57,1.15,11.42,5,0,24.89
3626,T05,S5_CR1,S5,CR1,1,203.2,10.342,0.89,1.15,4.75,3,0,32.52
3627,T03,S4_D2,S4,D2,1,188.5,6.638,1.49,1.35,6.46,5,1,39.18
3628,T04,CR1_S1,CR1,S1,0,0.0,8.767,0.8,1.15,0.26,1,0,22.84
3629,T02,S3_CR2,S3,CR2,1,180.9,6.579,1.9,1.35,4.35,3,0,22.91
3630,T04,CR1_S2,CR1,S2,0,0.0,8.334,1.39,1.15,3.93,3,0,22.05
3631,T03,CR1_S2,CR1,S2,0,0.0,8.334,1.39,1.15,5.08,2,0,23.63
3632,T10,S5_D1,S5,D1,1,176.5,6.724,1.12,1.15,6.05,2,1,25.61
3633,T07,CR1_S1,CR1,S1,0,0.0,8.767,0.8,1.15,0.89,2,0,23.67
3634,T05,S6_CR2,S6,CR2,1,179.8,8.342,1.9,1.35,5.92,2,0,26.77
3635,T06,S1_D1,S1,D1,1,174.2,5.834,1.12,1.15,4.34,2,0,16.13
3636,T06,CR1_S2,CR1,S2,0,0.0,8.334,1.39,1.15,5.08,8,0,28.38
3637,T01,S4_CR2,S4,CR2,1,163.3,6.855,1.9,1.35,5.32,4,0,23.96
3638,T02,S4_D2,S4,D2,1,197.9,6.638,1.49,1.35,6.01,2,1,34.04
3639,T10,D2_S4,D2,S4,0,0.0,6.638,1.49,1.35,8.5,2,1,26.34
3640,T06,S5_D1,S5,D1,1,185.9,6.724,1.12,1.15,6.52,0,1,29.23
3641,T05,S2_CR1,S2,CR1,1,189.3,8.334,1.39,1.15,0.0,3,0,28.71
3642,T10,D2_S4,D2,S4,0,0.0,6.638,1.49,1.35,4.43,1,0,19.33
3643,T02,S4_D2,S4,D2,1,191.0,6.638,1.49,1.35,6.52,8,0,31.43
3644,T05,S5_CR1,S5,CR1,1,182.1,10.342,0.89,1.15,9.4,4,0,36.39
3645,T05,S5_D1,S5,D1,1,197.0,6.724,1.12,1.15,9.98,2,0,21.28
3646,T04,S2_CR1,S2,CR1,1,197.2,8.334,1.39,1.15,8.37,3,0,29.18
3647,T05,S5_CR1,S5,CR1,1,186.6,10.342,0.89,1.15,4.73,7,0,36.68
3648,T03,S5_D1,S5,D1,1,198.8,6.724,1.12,1.15,4.42,5,0,21.98
3649,T08,CR2_S6,CR2,S6,0,0.0,8.342,1.9,1.35,4.74,3,1,25.83
3650,T08,S1_CR1,S1,CR1,1,175.2,8.767,0.8,1.15,3.33,2,1,36.36
3651,T05,CR1_S3,CR1,S3,0,0.0,8.135,1.57,1.15,0.51,2,1,19.58
3652,T07,D2_S3,D2,S3,0,0.0,6.362,1.39,1.35,6.03,5,0,22.95
3653,T04,D1_S1,D1,S1,0,0.0,5.834,1.12,1.15,8.59,5,0,16.34
3654,T10,D2_S3,D2,S3,0,0.0,6.362,1.39,1.35,9.62,3,1,30.67
3655,T03,S1_CR1,S1,CR1,1,212.1,8.767,0.8,1.15,10.12,3,0,29.39
3656,T05,S4_CR2,S4,CR2,1,190.0,6.855,1.9,1.35,10.55,2,0,22.78
3657,T01,CR1_S1,CR1,S1,0,0.0,8.767,0.8,1.15,0.12,1,1,27.81
3658,T06,D2_S3,D2,S3,0,0.0,6.362,1.39,1.35,4.49,1,0,21.17
3659,T09,S5_D1,S5,D1,1,203.0,6.724,1.12,1.15,11.25,5,0,25.62
3660,T10,S5_CR1,S5,CR1,1,205.0,10.342,0.89,1.15,6.98,3,0,33.4
3661,T03,S6_CR2,S6,CR2,1,175.4,8.342,1.9,1.35,6.91,8,0,30.74
3662,T04,S3_D2,S3,D2,1,198.3,6.362,1.39,1.35,6.46,2,0,26.57
3663,T08,CR2_S3,CR2,S3,0,0.0,6.579,1.9,1.35,11.27,3,0,20.34
3664,T01,S1_D1,S1,D1,1,201.0,5.834,1.12,1.15,10.85,2,0,17.61
3665,T08,D1_S1,D1,S1,0,0.0,5.834,1.12,1.15,8.43,3,0,14.26
3666,T06,S5_CR1,S5,CR1,1,178.0,10.342,0.89,1.15,6.81,4,0,38.0
3667,T09,D2_S4,D2,S4,0,0.0,6.638,1.49,1.35,4.89,3,0,22.57
3668,T09,S1_CR1,S1,CR1,1,192.5,8.767,0.8,1.15,2.89,4,0,30.39
3669,T08,CR2_S4,CR2,S4,0,0.0,6.855,1.9,1.35,2.02,2,0,18.17
3670,T03,CR1_S2,CR1,S2,0,0.0,8.334,1.39,1.15,6.72,4,0,23.98
3671,T07,S1_CR1,S1,CR1,1,191.7,8.767,0.8,1.15,5.86,4,0,30.03
3672,T07,S1_D1,S1,D1,1,176.0,5.834,1.12,1.15,2.74,0,0,14.82
3673,T02,D2_S3,D2,S3,0,0.0,6.362,1.39,1.35,3.95,4,0,22.87
3674,T04,S2_CR1,S2,CR1,1,184.9,8.334,1.39,1.15,11.2,2,1,33.48
3675,T04,CR1_S5,CR1,S5,0,0.0,10.342,0.89,1.15,4.62,4,1,34.03
3676,T09,S1_CR1,S1,CR1,1,207.1,8.767,0.8,1.15,9.63,3,1,42.62
3677,T05,CR2_S6,CR2,S6,0,0.0,8.342,1.9,1.35,2.6,2,0,21.88
3678,T01,D2_S3,D2,S3,0,0.0,6.362,1.39,1.35,6.6,3,0,22.41
3679,T04,CR1_S5,CR1,S5,0,0.0,10.342,0.89,1.15,3.43,1,0,24.76
3680,T04,S6_CR2,S6,CR2,1,212.9,8.342,1.9,1.35,3.0,1,0,25.95
3681,T10,CR2_S3,CR2,S3,0,0.0,6.579,1.9,1.35,4.48,3,0,18.95
3682,T01,D2_S3,D2,S3,0,0.0,6.362,1.39,1.35,6.12,3,0,22.82
3683,T01,D1_S5,D1,S5,0,0.0,6.724,1.12,1.15,3.87,4,0,17.68
3684,T03,CR2_S3,CR2,S3,0,0.0,6.579,1.9,1.35,10.78,1,1,24.41
3685,T09,S5_D1,S5,D1,1,204.2,6.724,1.12,1.15,4.18,5,0,24.66
3686,T10,CR1_S5,CR1,S5,0,0.0,10.342,0.89,1.15,10.56,2,0,27.19
3687,T07,S5_CR1,S5,CR1,1,183.4,10.342,0.89,1.15,7.17,0,0,32.23
3688,T07,D1_S1,D1,S1,0,0.0,5.834,1.12,1.15,1.22,2,1,19.82
3689,T01,CR2_S4,CR2,S4,0,0.0,6.855,1.9,1.35,4.12,5,0,18.21
3690,T01,CR2_S4,CR2,S4,0,0.0,6.855,1.9,1.35,5.0,4,1,23.86
3691,T08,CR1_S5,CR1,S5,0,0.0,10.342,0.89,1.15,7.96,0,0,25.68
3692,T04,D1_S5,D1,S5,0,0.0,6.724,1.12,1.15,1.03,2,0,17.72
3693,T08,S2_CR1,S2,CR1,1,213.7,8.334,1.39,1.15,0.77,3,0,29.51
3694,T10,S3_CR2,S3,CR2,1,206.1,6.579,1.9,1.35,3.1,1,0,20.66
3695,T05,S1_CR1,S1,CR1,1,201.5,8.767,0.8,1.15,11.95,0,0,28.22
3696,T08,CR2_S3,CR2,S3,0,0.0,6.579,1.9,1.35,7.68,5,1,32.36
3697,T03,CR1_S2,CR1,S2,0,0.0,8.334,1.39,1.15,0.48,0,0,20.72
3698,T02,CR1_S1,CR1,S1,0,0.0,8.767,0.8,1.15,4.81,3,0,22.15
3699,T06,S3_D2,S3,D2,1,198.6,6.362,1.39,1.35,11.25,4,0,30.17
3700,T02,S4_CR2,S4,CR2,1,206.0,6.855,1.9,1.35,5.22,3,1,33.3
3701,T04,S1_D1,S1,D1,1,210.0,5.834,1.12,1.15,10.3,2,0,16.96
3702,T04,CR2_S4,CR2,S4,0,0.0,6.855,1.9,1.35,4.68,2,0,17.3
3703,T01,CR2_S4,CR2,S4,0,0.0,6.855,1.9,1.35,3.36,2,1,25.19
3704,T02,CR1_S2,CR1,S2,0,0.0,8.334,1.39,1.15,0.97,0,0,20.71
3705,T10,S3_CR1,S3,CR1,1,192.9,8.135,1.57,1.15,6.75,8,1,35.81
3706,T02,CR1_S2,CR1,S2,0,0.0,8.334,1.39,1.15,7.83,2,1,34.65
3707,T10,CR2_S6,CR2,S6,0,0.0,8.342,1.9,1.35,10.58,3,0,20.98
3708,T10,S1_D1,S1,D1,1,190.6,5.834,1.12,1.15,4.36,3,0,16.76
3709,T02,CR1_S3,CR1,S3,0,0.0,8.135,1.57,1.15,7.77,3,0,16.88
3710,T05,CR1_S1,CR1,S1,0,0.0,8.767,0.8,1.15,8.34,2,1,30.31
3711,T05,CR1_S5,CR1,S5,0,0.0,10.342,0.89,1.15,10.47,7,1,41.67
3712,T07,S2_CR1,S2,CR1,1,194.6,8.334,1.39,1.15,9.45,1,1,36.1
3713,T06,CR1_S2,CR1,S2,0,0.0,8.334,1.39,1.15,11.13,1,0,22.06
3714,T01,CR2_S4,CR2,S4,0,0.0,6.855,1.9,1.35,11.75,1,1,24.15
3715,T06,S4_D2,S4,D2,1,184.4,6.638,1.49,1.35,2.27,1,0,24.44
3716,T01,S5_CR1,S5,CR1,1,181.3,10.342,0.89,1.15,10.95,0,0,33.25
3717,T01,CR1_S5,CR1,S5,0,0.0,10.342,0.89,1.15,7.47,4,0,30.75
3718,T03,D2_S4,D2,S4,0,0.0,6.638,1.49,1.35,1.4,1,1,25.99
3719,T08,D2_S3,D2,S3,0,0.0,6.362,1.39,1.35,3.61,2,0,20.83
3720,T09,D1_S1,D1,S1,0,0.0,5.834,1.12,1.15,9.15,1,0,12.18
3721,T04,S3_CR1,S3,CR1,1,184.0,8.135,1.57,1.15,2.09,5,0,25.35
3722,T02,CR2_S4,CR2,S4,0,0.0,6.855,1.9,1.35,11.44,2,0,18.37
3723,T04,S5_D1,S5,D1,1,190.8,6.724,1.12,1.15,6.6,2,0,19.78
3724,T05,D1_S1,D1,S1,0,0.0,5.834,1.12,1.15,8.2,3,0,15.33
3725,T07,S5_D1,S5,D1,1,197.6,6.724,1.12,1.15,2.59,3,1,28.15
3726,T07,S3_CR1,S3,CR1,1,190.0,8.135,1.57,1.15,11.45,3,0,22.4
3727,T01,S3_CR1,S3,CR1,1,174.6,8.135,1.57,1.15,4.26,4,0,18.44
3728,T09,S6_CR2,S6,CR2,1,220.0,8.342,1.9,1.35,10.12,4,0,31.24
3729,T08,S3_CR1,S3,CR1,1,202.5,8.135,1.57,1.15,0.24,5,0,27.38
3730,T09,D1_S1,D1,S1,0,0.0,5.834,1.12,1.15,4.77,4,1,19.16
3731,T07,S5_D1,S5,D1,1,181.2,6.724,1.12,1.15,6.43,4,0,24.46
3732,T07,S3_D2,S3,D2,1,187.2,6.362,1.39,1.35,9.51,1,0,26.95
3733,T02,S3_CR1,S3,CR1,1,193.7,8.135,1.57,1.15,1.6,2,0,21.56
3734,T04,S5_D1,S5,D1,1,220.0,6.724,1.12,1.15,6.33,6,0,25.88
3735,T02,D2_S4,D2,S4,0,0.0,6.638,1.49,1.35,7.89,4,0,23.28
3736,T03,CR1_S1,CR1,S1,0,0.0,8.767,0.8,1.15,7.57,2,0,22.11
3737,T03,S5_D1,S5,D1,1,180.5,6.724,1.12,1.15,11.93,2,0,20.43
3738,T05,S1_D1,S1,D1,1,189.6,5.834,1.12,1.15,7.07,4,0,17.7
3739,T03,S1_D1,S1,D1,1,167.2,5.834,1.12,1.15,11.67,3,1,20.87
3740,T08,S3_D2,S3,D2,1,195.9,6.362,1.39,1.35,10.86,0,0,22.32
3741,T02,S4_CR2,S4,CR2,1,212.2,6.855,1.9,1.35,5.88,3,0,23.54
3742,T01,S3_D2,S3,D2,1,207.3,6.362,1.39,1.35,11.23,4,0,29.43
3743,T06,D1_S1,D1,S1,0,0.0,5.834,1.12,1.15,11.22,4,1,19.15
3744,T05,CR1_S5,CR1,S5,0,0.0,10.342,0.89,1.15,3.06,2,0,29.44
3745,T01,S5_CR1,S5,CR1,1,216.1,10.342,0.89,1.15,6.7,6,1,42.55
3746,T06,D2_S4,D2,S4,0,0.0,6.638,1.49,1.35,8.91,0,0,16.42
3747,T07,D2_S4,D2,S4,0,0.0,6.638,1.49,1.35,0.97,2,1,25.42
3748,T02,S3_CR1,S3,CR1,1,194.6,8.135,1.57,1.15,6.12,5,0,24.73
3749,T01,S6_CR2,S6,CR2,1,218.7,8.342,1.9,1.35,0.07,3,0,29.82
3750,T05,S1_D1,S1,D1,1,214.1,5.834,1.12,1.15,8.41,5,0,17.61
3751,T01,S1_D1,S1,D1,1,190.5,5.834,1.12,1.15,9.63,2,1,19.74
3752,T01,CR1_S2,CR1,S2,0,0.0,8.334,1.39,1.15,8.39,2,0,23.26
3753,T07,CR2_S3,CR2,S3,0,0.0,6.579,1.9,1.35,8.79,3,0,19.19
3754,T04,S3_CR2,S3,CR2,1,181.7,6.579,1.9,1.35,7.52,1,0,20.2
3755,T10,CR1_S5,CR1,S5,0,0.0,10.342,0.89,1.15,6.06,2,0,26.76
3756,T04,S3_CR2,S3,CR2,1,186.3,6.579,1.9,1.35,8.12,3,1,28.94
3757,T07,CR1_S1,CR1,S1,0,0.0,8.767,0.8,1.15,9.11,4,0,23.04
3758,T02,D1_S5,D1,S5,0,0.0,6.724,1.12,1.15,10.45,3,0,16.77
3759,T10,D2_S3,D2,S3,0,0.0,6.362,1.39,1.35,3.51,2,0,22.88
3760,T02,S4_CR2,S4,CR2,1,183.8,6.855,1.9,1.35,4.11,2,0,24.8
3761,T05,S1_CR1,S1,CR1,1,188.2,8.767,0.8,1.15,7.35,2,0,28.73
3762,T10,S4_D2,S4,D2,1,175.7,6.638,1.49,1.35,6.1,2,0,24.81
3763,T04,CR1_S3,CR1,S3,0,0.0,8.135,1.57,1.15,2.42,1,1,24.74
3764,T07,S5_CR1,S5,CR1,1,159.9,10.342,0.89,1.15,8.4,2,0,34.31
3765,T07,CR2_S4,CR2,S4,0,0.0,6.855,1.9,1.35,10.6,1,1,26.74
3766,T05,CR1_S2,CR1,S2,0,0.0,8.334,1.39,1.15,8.64,3,0,22.64
3767,T10,D1_S5,D1,S5,0,0.0,6.724,1.12,1.15,5.59,2,0,15.67
3768,T03,CR2_S3,CR2,S3,0,0.0,6.579,1.9,1.35,0.19,0,1,21.15
3769,T08,S3_CR2,S3,CR2,1,199.7,6.579,1.9,1.35,8.02,2,0,21.09
3770,T04,S3_CR2,S3,CR2,1,151.0,6.579,1.9,1.35,0.78,1,0,21.08
3771,T07,D1_S5,D1,S5,0,0.0,6.724,1.12,1.15,1.49,2,0,17.42
3772,T06,S5_CR1,S5,CR1,1,186.2,10.342,0.89,1.15,8.98,4,1,42.82
3773,T07,CR1_S1,CR1,S1,0,0.0,8.767,0.8,1.15,2.71,2,0,22.72
3774,T02,CR1_S2,CR1,S2,0,0.0,8.334,1.39,1.15,1.63,2,1,26.92
3775,T01,D1_S5,D1,S5,0,0.0,6.724,1.12,1.15,0.61,3,0,18.34
3776,T03,S2_CR1,S2,CR1,1,208.2,8.334,1.39,1.15,2.13,0,0,26.06
3777,T10,CR1_S2,CR1,S2,0,0.0,8.334,1.39,1.15,9.91,1,0,22.0
3778,T06,CR1_S2,CR1,S2,0,0.0,8.334,1.39,1.15,9.57,2,0,22.78
3779,T01,S5_CR1,S5,CR1,1,208.6,10.342,0.89,1.15,3.68,2,0,35.96
3780,T06,S1_CR1,S1,CR1,1,206.4,8.767,0.8,1.15,6.21,8,0,34.82
3781,T09,S5_CR1,S5,CR1,1,198.2,10.342,0.89,1.15,3.89,3,0,30.96
3782,T07,CR1_S1,CR1,S1,0,0.0,8.767,0.8,1.15,9.64,3,0,24.74
3783,T03,CR2_S3,CR2,S3,0,0.0,6.579,1.9,1.35,2.9,1,0,20.13
3784,T06,S3_CR2,S3,CR2,1,211.4,6.579,1.9,1.35,10.96,2,1,33.7
3785,T05,S4_D2,S4,D2,1,193.7,6.638,1.49,1.35,1.53,1,1,35.3
3786,T08,S1_D1,S1,D1,1,195.1,5.834,1.12,1.15,5.84,8,0,20.68
3787,T09,D2_S3,D2,S3,0,0.0,6.362,1.39,1.35,3.27,3,0,22.99
3788,T10,S1_CR1,S1,CR1,1,173.3,8.767,0.8,1.15,10.86,0,1,31.91
3789,T06,S1_D1,S1,D1,1,175.5,5.834,1.12,1.15,10.05,0,1,15.36
3790,T03,D1_S1,D1,S1,0,0.0,5.834,1.12,1.15,1.75,3,0,14.64
3791,T09,S5_CR1,S5,CR1,1,215.5,10.342,0.89,1.15,2.54,4,0,37.73
3792,T10,CR1_S2,CR1,S2,0,0.0,8.334,1.39,1.15,7.0,5,1,29.82
3793,T01,D2_S3,D2,S3,0,0.0,6.362,1.39,1.35,4.84,1,0,22.47
3794,T02,S4_D2,S4,D2,1,172.9,6.638,1.49,1.35,7.34,3,0,25.55
3795,T02,CR1_S2,CR1,S2,0,0.0,8.334,1.39,1.15,3.79,3,0,23.26
3796,T01,D2_S4,D2,S4,0,0.0,6.638,1.49,1.35,0.19,0,1,26.71
3797,T07,CR1_S1,CR1,S1,0,0.0,8.767,0.8,1.15,4.25,1,0,20.07
3798,T09,S1_CR1,S1,CR1,1,203.8,8.767,0.8,1.15,6.19,3,0,27.27
3799,T10,CR1_S2,CR1,S2,0,0.0,8.334,1.39,1.15,11.27,0,0,19.49
3800,T10,CR1_S3,CR1,S3,0,0.0,8.135,1.57,1.15,8.84,1,1,21.82
3801,T08,D2_S4,D2,S4,0,0.0,6.638,1.49,1.35,11.36,1,0,21.15
3802,T02,S1_D1,S1,D1,1,206.8,5.834,1.12,1.15,8.41,2,0,16.21
3803,T05,S2_CR1,S2,CR1,1,174.1,8.334,1.39,1.15,6.88,6,0,30.53
3804,T06,D1_S5,D1,S5,0,0.0,6.724,1.12,1.15,10.66,3,0,15.56
3805,T07,S3_CR2,S3,CR2,1,198.4,6.579,1.9,1.35,6.68,4,0,23.82
3806,T04,S6_CR2,S6,CR2,1,188.2,8.342,1.9,1.35,4.14,0,0,26.09
3807,T02,CR2_S6,CR2,S6,0,0.0,8.342,1.9,1.35,6.22,5,1,33.85
3808,T03,CR1_S2,CR1,S2,0,0.0,8.334,1.39,1.15,5.64,3,0,23.98
3809,T02,S5_CR1,S5,CR1,1,208.1,10.342,0.89,1.15,2.05,2,0,33.71
3810,T04,CR1_S2,CR1,S2,0,0.0,8.334,1.39,1.15,7.65,4,0,22.11
3811,T05,D2_S3,D2,S3,0,0.0,6.362,1.39,1.35,11.37,3,0,22.32
3812,T03,CR1_S2,CR1,S2,0,0.0,8.334,1.39,1.15,5.64,5,0,22.92
3813,T07,D1_S1,D1,S1,0,0.0,5.834,1.12,1.15,9.99,4,0,15.77
3814,T06,S2_CR1,S2,CR1,1,176.9,8.334,1.39,1.15,2.11,1,0,27.32
3815,T01,S4_D2,S4,D2,1,188.6,6.638,1.49,1.35,5.8,4,0,29.21
3816,T06,CR1_S1,CR1,S1,0,0.0,8.767,0.8,1.15,0.93,2,0,23.18
3817,T09,S6_CR2,S6,CR2,1,189.3,8.342,1.9,1.35,6.56,3,0,26.52
3818,T01,S5_D1,S5,D1,1,169.9,6.724,1.12,1.15,8.72,3,0,23.17
3819,T09,D2_S3,D2,S3,0,0.0,6.362,1.39,1.35,4.41,7,0,25.31
3820,T06,CR2_S3,CR2,S3,0,0.0,6.579,1.9,1.35,6.86,5,0,20.29
3821,T01,CR1_S1,CR1,S1,0,0.0,8.767,0.8,1.15,3.02,2,0,24.3
3822,T01,D2_S3,D2,S3,0,0.0,6.362,1.39,1.35,10.86,2,0,19.83
3823,T01,S5_CR1,S5,CR1,1,179.0,10.342,0.89,1.15,9.04,3,1,49.1
3824,T06,S3_CR2,S3,CR2,1,208.3,6.579,1.9,1.35,5.2,3,0,25.04
3825,T10,CR1_S1,CR1,S1,0,0.0,8.767,0.8,1.15,5.29,4,0,21.87
3826,T01,S5_D1,S5,D1,1,173.1,6.724,1.12,1.15,2.07,2,0,19.61
3827,T08,S1_D1,S1,D1,1,190.0,5.834,1.12,1.15,3.9,1,0,14.96
3828,T10,CR2_S6,CR2,S6,0,0.0,8.342,1.9,1.35,3.37,3,0,23.75
3829,T08,D1_S5,D1,S5,0,0.0,6.724,1.12,1.15,7.11,4,0,18.03
3830,T04,CR2_S4,CR2,S4,0,0.0,6.855,1.9,1.35,5.89,6,0,21.9
3831,T05,S4_CR2,S4,CR2,1,189.5,6.855,1.9,1.35,5.71,1,0,23.5
3832,T07,S3_CR1,S3,CR1,1,185.5,8.135,1.57,1.15,2.38,2,0,21.59
3833,T03,CR1_S1,CR1,S1,0,0.0,8.767,0.8,1.15,7.15,5,0,26.23
3834,T09,S1_D1,S1,D1,1,202.0,5.834,1.12,1.15,3.0,1,0,17.08
3835,T03,D2_S4,D2,S4,0,0.0,6.638,1.49,1.35,9.33,1,1,27.7
3836,T10,S1_CR1,S1,CR1,1,209.1,8.767,0.8,1.15,5.55,5,0,30.51
3837,T01,S4_CR2,S4,CR2,1,191.6,6.855,1.9,1.35,3.17,2,1,30.2
3838,T08,S6_CR2,S6,CR2,1,200.9,8.342,1.9,1.35,8.97,3,0,26.16
3839,T04,S4_CR2,S4,CR2,1,180.1,6.855,1.9,1.35,9.22,1,1,28.29
3840,T10,S5_D1,S5,D1,1,183.5,6.724,1.12,1.15,9.75,3,0,24.48
3841,T01,CR1_S1,CR1,S1,0,0.0,8.767,0.8,1.15,6.71,0,0,22.71
3842,T04,S3_CR2,S3,CR2,1,208.5,6.579,1.9,1.35,3.86,2,0,22.54
3843,T05,CR2_S6,CR2,S6,0,0.0,8.342,1.9,1.35,4.43,3,1,25.83
3844,T02,S4_D2,S4,D2,1,188.8,6.638,1.49,1.35,2.63,1,0,23.14
3845,T07,S3_D2,S3,D2,1,220.0,6.362,1.39,1.35,7.87,5,0,29.44
3846,T08,S4_D2,S4,D2,1,192.8,6.638,1.49,1.35,0.78,4,0,29.58
3847,T05,S5_CR1,S5,CR1,1,189.5,10.342,0.89,1.15,9.69,0,0,32.7
3848,T10,S3_CR1,S3,CR1,1,194.9,8.135,1.57,1.15,7.66,2,0,22.25
3849,T06,S4_D2,S4,D2,1,175.3,6.638,1.49,1.35,6.55,7,0,32.11
3850,T01,CR2_S6,CR2,S6,0,0.0,8.342,1.9,1.35,11.16,1,0,19.26
3851,T08,CR1_S2,CR1,S2,0,0.0,8.334,1.39,1.15,7.69,5,0,23.6
3852,T09,S2_CR1,S2,CR1,1,195.7,8.334,1.39,1.15,4.68,0,0,25.94
3853,T07,S6_CR2,S6,CR2,1,192.7,8.342,1.9,1.35,3.53,2,1,29.87
3854,T03,S5_D1,S5,D1,1,213.4,6.724,1.12,1.15,3.68,3,0,19.97
3855,T02,CR2_S3,CR2,S3,0,0.0,6.579,1.9,1.35,11.68,3,0,20.14
3856,T05,CR1_S1,CR1,S1,0,0.0,8.767,0.8,1.15,6.47,2,0,24.2
3857,T10,CR1_S5,CR1,S5,0,0.0,10.342,0.89,1.15,7.42,3,1,33.58
3858,T09,S1_D1,S1,D1,1,197.2,5.834,1.12,1.15,0.49,1,1,20.26
3859,T04,S1_CR1,S1,CR1,1,196.4,8.767,0.8,1.15,2.62,1,0,30.52
3860,T10,CR2_S4,CR2,S4,0,0.0,6.855,1.9,1.35,11.0,4,0,22.16
3861,T10,D2_S3,D2,S3,0,0.0,6.362,1.39,1.35,6.82,1,0,21.69
3862,T04,CR1_S5,CR1,S5,0,0.0,10.342,0.89,1.15,0.55,2,0,26.6
3863,T03,CR1_S1,CR1,S1,0,0.0,8.767,0.8,1.15,0.52,2,0,24.23
3864,T01,S3_CR2,S3,CR2,1,209.1,6.579,1.9,1.35,2.94,1,0,21.46
3865,T03,S3_D2,S3,D2,1,176.5,6.362,1.39,1.35,8.71,0,1,31.29
3866,T07,S1_CR1,S1,CR1,1,197.3,8.767,0.8,1.15,11.73,2,1,33.29
3867,T06,S3_D2,S3,D2,1,194.3,6.362,1.39,1.35,10.43,1,1,31.1
3868,T08,CR2_S6,CR2,S6,0,0.0,8.342,1.9,1.35,9.73,3,0,26.01
3869,T08,S4_D2,S4,D2,1,191.3,6.638,1.49,1.35,3.62,2,0,27.83
3870,T10,CR2_S4,CR2,S4,0,0.0,6.855,1.9,1.35,2.8,3,0,19.4
3871,T03,S2_CR1,S2,CR1,1,204.1,8.334,1.39,1.15,3.26,2,0,31.41
3872,T04,S6_CR2,S6,CR2,1,190.8,8.342,1.9,1.35,11.58,2,0,28.18
3873,T10,CR1_S1,CR1,S1,0,0.0,8.767,0.8,1.15,1.42,4,0,24.14
3874,T07,CR2_S4,CR2,S4,0,0.0,6.855,1.9,1.35,3.07,2,1,25.42
3875,T07,CR2_S6,CR2,S6,0,0.0,8.342,1.9,1.35,10.94,1,1,22.4
3876,T05,D1_S1,D1,S1,0,0.0,5.834,1.12,1.15,8.95,4,0,15.09
3877,T07,D2_S4,D2,S4,0,0.0,6.638,1.49,1.35,8.48,3,0,24.7
3878,T02,S1_D1,S1,D1,1,173.6,5.834,1.12,1.15,1.75,1,0,14.93
3879,T08,S3_D2,S3,D2,1,206.8,6.362,1.39,1.35,5.02,3,0,29.33
3880,T02,S5_CR1,S5,CR1,1,209.3,10.342,0.89,1.15,1.17,0,0,33.22
3881,T01,CR2_S6,CR2,S6,0,0.0,8.342,1.9,1.35,10.29,1,1,29.41
3882,T09,D1_S5,D1,S5,0,0.0,6.724,1.12,1.15,4.39,2,0,17.34
3883,T06,S5_D1,S5,D1,1,197.2,6.724,1.12,1.15,9.64,1,0,20.98
3884,T02,S3_CR1,S3,CR1,1,192.5,8.135,1.57,1.15,6.77,3,0,22.18
3885,T06,S3_D2,S3,D2,1,200.5,6.362,1.39,1.35,8.95,2,1,35.05
3886,T01,D1_S1,D1,S1,0,0.0,5.834,1.12,1.15,0.51,4,0,15.66
3887,T08,CR1_S3,CR1,S3,0,0.0,8.135,1.57,1.15,7.16,1,0,15.46
3888,T04,D2_S4,D2,S4,0,0.0,6.638,1.49,1.35,3.2,2,0,21.81
3889,T04,S5_CR1,S5,CR1,1,171.9,10.342,0.89,1.15,6.19,6,0,37.53
3890,T03,CR2_S3,CR2,S3,0,0.0,6.579,1.9,1.35,6.03,4,1,23.77
3891,T07,S2_CR1,S2,CR1,1,201.8,8.334,1.39,1.15,6.29,8,0,33.47
3892,T03,S5_CR1,S5,CR1,1,191.3,10.342,0.89,1.15,2.72,4,0,33.66
3893,T01,CR2_S3,CR2,S3,0,0.0,6.579,1.9,1.35,0.85,2,0,18.03
3894,T05,D1_S1,D1,S1,0,0.0,5.834,1.12,1.15,10.8,1,0,12.21
3895,T07,S6_CR2,S6,CR2,1,196.5,8.342,1.9,1.35,0.5,3,0,26.95
3896,T05,D2_S3,D2,S3,0,0.0,6.362,1.39,1.35,11.94,1,0,19.53
3897,T07,S4_D2,S4,D2,1,204.3,6.638,1.49,1.35,3.09,1,0,27.6
3898,T06,S3_CR1,S3,CR1,1,206.4,8.135,1.57,1.15,8.81,2,0,23.54
3899,T08,D1_S1,D1,S1,0,0.0,5.834,1.12,1.15,2.54,2,0,13.78
3900,T06,CR1_S2,CR1,S2,0,0.0,8.334,1.39,1.15,10.47,1,0,22.38
3901,T04,S1_CR1,S1,CR1,1,159.3,8.767,0.8,1.15,0.16,0,0,25.18
3902,T02,S6_CR2,S6,CR2,1,214.8,8.342,1.9,1.35,3.55,1,0,27.51
3903,T05,S1_D1,S1,D1,1,205.1,5.834,1.12,1.15,3.95,2,0,16.28
3904,T10,S1_CR1,S1,CR1,1,191.2,8.767,0.8,1.15,2.69,1,0,26.18
3905,T09,S5_CR1,S5,CR1,1,181.2,10.342,0.89,1.15,7.79,3,0,37.43
3906,T09,CR2_S4,CR2,S4,0,0.0,6.855,1.9,1.35,11.26,2,0,19.09
3907,T06,CR2_S4,CR2,S4,0,0.0,6.855,1.9,1.35,6.88,3,1,24.54
3908,T08,CR2_S3,CR2,S3,0,0.0,6.579,1.9,1.35,4.37,1,0,17.87
3909,T05,S5_D1,S5,D1,1,189.5,6.724,1.12,1.15,6.93,3,0,17.93
3910,T05,CR2_S6,CR2,S6,0,0.0,8.342,1.9,1.35,2.32,1,0,19.9
3911,T02,S3_D2,S3,D2,1,196.9,6.362,1.39,1.35,2.3,1,1,30.75
3912,T07,S3_CR2,S3,CR2,1,193.9,6.579,1.9,1.35,7.9,3,0,23.97
3913,T02,S5_D1,S5,D1,1,207.5,6.724,1.12,1.15,11.42,2,0,20.36
3914,T03,S5_D1,S5,D1,1,220.0,6.724,1.12,1.15,2.67,2,0,20.75
3915,T02,S5_CR1,S5,CR1,1,191.7,10.342,0.89,1.15,11.33,1,0,33.13
3916,T01,D2_S3,D2,S3,0,0.0,6.362,1.39,1.35,0.66,2,0,23.44
3917,T05,S3_CR2,S3,CR2,1,179.0,6.579,1.9,1.35,11.02,1,0,22.05
3918,T01,D1_S5,D1,S5,0,0.0,6.724,1.12,1.15,10.56,0,0,15.7
3919,T07,S1_D1,S1,D1,1,210.0,5.834,1.12,1.15,6.65,2,0,16.09
3920,T08,CR1_S5,CR1,S5,0,0.0,10.342,0.89,1.15,4.18,3,0,28.54
3921,T02,CR1_S5,CR1,S5,0,0.0,10.342,0.89,1.15,9.39,0,0,26.99
3922,T06,S2_CR1,S2,CR1,1,173.4,8.334,1.39,1.15,6.47,3,1,34.46
3923,T01,S3_CR1,S3,CR1,1,181.7,8.135,1.57,1.15,2.53,3,0,21.28
3924,T04,CR1_S1,CR1,S1,0,0.0,8.767,0.8,1.15,7.01,2,0,23.41
3925,T04,CR1_S2,CR1,S2,0,0.0,8.334,1.39,1.15,9.4,0,0,23.67
3926,T05,S5_CR1,S5,CR1,1,188.5,10.342,0.89,1.15,8.56,2,1,41.44
3927,T07,S1_D1,S1,D1,1,187.4,5.834,1.12,1.15,6.93,1,1,19.74
3928,T05,CR2_S3,CR2,S3,0,0.0,6.579,1.9,1.35,5.99,4,0,21.31
3929,T08,S1_CR1,S1,CR1,1,192.7,8.767,0.8,1.15,2.45,0,0,24.5
3930,T06,D1_S5,D1,S5,0,0.0,6.724,1.12,1.15,1.59,0,0,14.81
3931,T05,D1_S5,D1,S5,0,0.0,6.724,1.12,1.15,10.29,2,1,19.61
3932,T03,S5_CR1,S5,CR1,1,185.3,10.342,0.89,1.15,9.26,1,1,45.17
3933,T05,S3_CR1,S3,CR1,1,204.0,8.135,1.57,1.15,10.14,3,1,26.55
3934,T02,S3_D2,S3,D2,1,180.3,6.362,1.39,1.35,5.36,1,0,29.44
3935,T08,CR2_S4,CR2,S4,0,0.0,6.855,1.9,1.35,11.84,3,1,25.66
3936,T02,S6_CR2,S6,CR2,1,195.3,8.342,1.9,1.35,4.9,2,0,26.2
3937,T02,S1_D1,S1,D1,1,204.9,5.834,1.12,1.15,5.96,6,0,18.54
3938,T03,D2_S3,D2,S3,0,0.0,6.362,1.39,1.35,7.84,4,1,30.81
3939,T07,S1_CR1,S1,CR1,1,213.6,8.767,0.8,1.15,8.34,3,0,28.68
3940,T03,S5_D1,S5,D1,1,183.0,6.724,1.12,1.15,10.67,2,0,22.52
3941,T05,CR1_S5,CR1,S5,0,0.0,10.342,0.89,1.15,3.94,4,0,29.72
3942,T10,CR1_S3,CR1,S3,0,0.0,8.135,1.57,1.15,6.13,8,0,22.31
3943,T06,S3_CR1,S3,CR1,1,184.1,8.135,1.57,1.15,0.61,2,1,27.93
3944,T04,CR1_S5,CR1,S5,0,0.0,10.342,0.89,1.15,2.61,1,0,26.53
3945,T01,D1_S5,D1,S5,0,0.0,6.724,1.12,1.15,9.69,6,0,19.82
3946,T05,CR2_S6,CR2,S6,0,0.0,8.342,1.9,1.35,9.59,2,1,29.35
3947,T03,S5_D1,S5,D1,1,193.9,6.724,1.12,1.15,3.8,1,0,20.49
3948,T05,S5_D1,S5,D1,1,207.0,6.724,1.12,1.15,3.25,1,0,21.48
3949,T04,D2_S3,D2,S3,0,0.0,6.362,1.39,1.35,4.81,3,0,25.07
3950,T08,S4_D2,S4,D2,1,203.1,6.638,1.49,1.35,2.48,2,1,33.42
3951,T04,CR1_S2,CR1,S2,0,0.0,8.334,1.39,1.15,6.31,2,0,22.66
3952,T09,S4_D2,S4,D2,1,190.3,6.638,1.49,1.35,5.04,5,0,29.36
3953,T08,D1_S5,D1,S5,0,0.0,6.724,1.12,1.15,9.55,1,0,15.76
3954,T03,CR1_S5,CR1,S5,0,0.0,10.342,0.89,1.15,2.66,2,0,29.81
3955,T10,S1_D1,S1,D1,1,205.9,5.834,1.12,1.15,3.06,1,0,15.18
3956,T03,D1_S5,D1,S5,0,0.0,6.724,1.12,1.15,8.58,1,0,15.09
3957,T10,CR1_S5,CR1,S5,0,0.0,10.342,0.89,1.15,0.72,2,0,26.51
3958,T04,D1_S5,D1,S5,0,0.0,6.724,1.12,1.15,8.23,2,0,16.79
3959,T03,S5_CR1,S5,CR1,1,205.6,10.342,0.89,1.15,11.26,0,1,39.03
3960,T07,CR1_S5,CR1,S5,0,0.0,10.342,0.89,1.15,3.77,4,1,35.43
3961,T02,D1_S1,D1,S1,0,0.0,5.834,1.12,1.15,3.3,3,0,13.97
3962,T05,S6_CR2,S6,CR2,1,182.5,8.342,1.9,1.35,4.79,1,0,27.99
3963,T02,CR1_S2,CR1,S2,0,0.0,8.334,1.39,1.15,8.44,1,0,23.43
3964,T09,S5_CR1,S5,CR1,1,167.2,10.342,0.89,1.15,5.96,1,1,37.06
3965,T04,S4_D2,S4,D2,1,187.1,6.638,1.49,1.35,2.23,1,0,25.35
3966,T05,S5_D1,S5,D1,1,155.6,6.724,1.12,1.15,1.51,4,1,28.0
3967,T08,S2_CR1,S2,CR1,1,178.5,8.334,1.39,1.15,9.63,2,0,28.54
3968,T06,D2_S3,D2,S3,0,0.0,6.362,1.39,1.35,10.59,3,1,30.89
3969,T09,S3_CR1,S3,CR1,1,220.0,8.135,1.57,1.15,2.75,2,0,24.05
3970,T10,S4_CR2,S4,CR2,1,167.6,6.855,1.9,1.35,8.85,0,0,20.83
3971,T04,D2_S4,D2,S4,0,0.0,6.638,1.49,1.35,2.66,3,0,21.45
3972,T03,S3_CR2,S3,CR2,1,202.1,6.579,1.9,1.35,9.73,3,0,23.74
3973,T04,CR1_S1,CR1,S1,0,0.0,8.767,0.8,1.15,6.54,5,0,27.73
3974,T05,S3_CR2,S3,CR2,1,197.7,6.579,1.9,1.35,6.81,4,0,25.41
3975,T06,S5_CR1,S5,CR1,1,201.5,10.342,0.89,1.15,10.8,2,0,32.11
3976,T04,S1_CR1,S1,CR1,1,171.7,8.767,0.8,1.15,1.34,0,1,31.52
3977,T02,S3_CR2,S3,CR2,1,191.9,6.579,1.9,1.35,11.62,1,0,24.3
3978,T02,S1_D1,S1,D1,1,201.5,5.834,1.12,1.15,2.26,3,0,17.56
3979,T08,S4_D2,S4,D2,1,156.6,6.638,1.49,1.35,5.82,7,0,30.98
3980,T02,D1_S1,D1,S1,0,0.0,5.834,1.12,1.15,1.01,2,0,13.54
3981,T10,D1_S5,D1,S5,0,0.0,6.724,1.12,1.15,2.76,2,0,16.34
3982,T10,CR1_S5,CR1,S5,0,0.0,10.342,0.89,1.15,1.25,2,0,26.21
3983,T08,S6_CR2,S6,CR2,1,204.1,8.342,1.9,1.35,5.35,6,0,30.75
3984,T09,S3_CR1,S3,CR1,1,208.7,8.135,1.57,1.15,7.15,6,0,25.16
3985,T09,CR1_S5,CR1,S5,0,0.0,10.342,0.89,1.15,11.85,0,1,32.08
3986,T09,S2_CR1,S2,CR1,1,208.7,8.334,1.39,1.15,10.14,0,0,26.95
3987,T03,D2_S3,D2,S3,0,0.0,6.362,1.39,1.35,0.81,2,0,22.47
3988,T10,S4_CR2,S4,CR2,1,198.0,6.855,1.9,1.35,9.9,4,0,25.36
3989,T04,S1_D1,S1,D1,1,219.2,5.834,1.12,1.15,10.08,2,1,19.97
3990,T05,S5_D1,S5,D1,1,220.0,6.724,1.12,1.15,1.33,3,0,20.71
3991,T10,D1_S5,D1,S5,0,0.0,6.724,1.12,1.15,8.96,2,1,17.2
3992,T05,CR1_S1,CR1,S1,0,0.0,8.767,0.8,1.15,7.13,5,1,36.59
3993,T01,D2_S3,D2,S3,0,0.0,6.362,1.39,1.35,5.78,3,0,20.91
3994,T03,S3_CR2,S3,CR2,1,193.4,6.579,1.9,1.35,6.2,5,0,25.76
3995,T05,CR2_S3,CR2,S3,0,0.0,6.579,1.9,1.35,8.69,4,1,22.87
3996,T07,S6_CR2,S6,CR2,1,219.1,8.342,1.9,1.35,9.06,1,0,29.83
3997,T10,D2_S3,D2,S3,0,0.0,6.362,1.39,1.35,3.46,3,0,24.64
3998,T02,D1_S1,D1,S1,0,0.0,5.834,1.12,1.15,9.19,2,0,12.73
3999,T06,CR2_S6,CR2,S6,0,0.0,8.342,1.9,1.35,9.37,0,0,20.43
4000,T05,CR1_S2,CR1,S2,0,0.0,8.334,1.39,1.15,2.94,1,1,25.72
4001,T09,S5_D1,S5,D1,1,209.1,6.724,1.12,1.15,10.34,1,0,21.93
4002,T07,CR1_S1,CR1,S1,0,0.0,8.767,0.8,1.15,8.05,3,0,23.52
4003,T06,CR2_S4,CR2,S4,0,0.0,6.855,1.9,1.35,2.97,0,0,15.98
4004,T04,S6_CR2,S6,CR2,1,213.9,8.342,1.9,1.35,6.13,6,0,31.13
4005,T07,D1_S5,D1,S5,0,0.0,6.724,1.12,1.15,11.5,3,0,17.82
4006,T10,S5_CR1,S5,CR1,1,176.3,10.342,0.89,1.15,6.43,4,0,38.06
4007,T10,S2_CR1,S2,CR1,1,189.8,8.334,1.39,1.15,6.77,3,0,27.89
4008,T10,CR1_S2,CR1,S2,0,0.0,8.334,1.39,1.15,8.73,1,0,22.4
4009,T01,CR2_S4,CR2,S4,0,0.0,6.855,1.9,1.35,0.78,2,0,20.22
4010,T10,CR2_S4,CR2,S4,0,0.0,6.855,1.9,1.35,1.71,1,0,18.09
4011,T09,CR2_S4,CR2,S4,0,0.0,6.855,1.9,1.35,3.61,1,0,18.67
4012,T06,S5_D1,S5,D1,1,199.6,6.724,1.12,1.15,10.36,2,0,20.9
4013,T06,CR1_S3,CR1,S3,0,0.0,8.135,1.57,1.15,0.93,2,0,17.1
4014,T01,CR2_S4,CR2,S4,0,0.0,6.855,1.9,1.35,6.65,2,1,23.0
4015,T06,CR1_S2,CR1,S2,0,0.0,8.334,1.39,1.15,9.61,2,0,22.32
4016,T03,S3_D2,S3,D2,1,218.6,6.362,1.39,1.35,1.77,2,0,24.01
4017,T02,S1_D1,S1,D1,1,180.7,5.834,1.12,1.15,9.76,1,1,21.24
4018,T01,CR1_S5,CR1,S5,0,0.0,10.342,0.89,1.15,2.93,4,0,27.78
4019,T10,D2_S3,D2,S3,0,0.0,6.362,1.39,1.35,11.16,2,0,22.62
4020,T04,D1_S5,D1,S5,0,0.0,6.724,1.12,1.15,9.23,1,0,16.65
4021,T01,S3_D2,S3,D2,1,177.9,6.362,1.39,1.35,8.34,3,0,29.19
4022,T07,D1_S1,D1,S1,0,0.0,5.834,1.12,1.15,7.17,2,0,12.42
4023,T10,S4_CR2,S4,CR2,1,208.9,6.855,1.9,1.35,0.63,1,0,21.88
4024,T06,D1_S5,D1,S5,0,0.0,6.724,1.12,1.15,0.2,0,1,18.63
4025,T06,D1_S1,D1,S1,0,0.0,5.834,1.12,1.15,5.12,2,0,12.51
4026,T05,S4_CR2,S4,CR2,1,178.1,6.855,1.9,1.35,9.39,1,0,20.23
4027,T04,CR2_S3,CR2,S3,0,0.0,6.579,1.9,1.35,9.83,0,0,17.87
4028,T04,S3_CR2,S3,CR2,1,184.6,6.579,1.9,1.35,9.27,0,0,20.5
4029,T03,S4_D2,S4,D2,1,186.4,6.638,1.49,1.35,4.95,1,0,28.05
4030,T08,D1_S1,D1,S1,0,0.0,5.834,1.12,1.15,1.41,2,0,12.42
4031,T07,CR2_S4,CR2,S4,0,0.0,6.855,1.9,1.35,4.38,4,0,18.61
4032,T07,CR1_S5,CR1,S5,0,0.0,10.342,0.89,1.15,8.94,2,0,27.42
4033,T05,S1_D1,S1,D1,1,181.0,5.834,1.12,1.15,1.89,5,1,18.03
4034,T04,CR1_S1,CR1,S1,0,0.0,8.767,0.8,1.15,2.62,5,0,26.87
4035,T04,D2_S3,D2,S3,0,0.0,6.362,1.39,1.35,4.4,2,0,24.38
4036,T09,CR1_S1,CR1,S1,0,0.0,8.767,0.8,1.15,3.96,0,0,20.98
4037,T05,S5_D1,S5,D1,1,182.3,6.724,1.12,1.15,1.81,1,0,19.01
4038,T06,S1_CR1,S1,CR1,1,180.2,8.767,0.8,1.15,1.83,1,0,25.65
4039,T06,S2_CR1,S2,CR1,1,176.3,8.334,1.39,1.15,4.27,4,0,26.53
4040,T05,D2_S3,D2,S3,0,0.0,6.362,1.39,1.35,1.93,2,0,21.49
4041,T09,S5_CR1,S5,CR1,1,192.8,10.342,0.89,1.15,7.66,5,0,35.59
4042,T03,S4_D2,S4,D2,1,178.2,6.638,1.49,1.35,3.88,2,0,28.5
4043,T03,CR1_S3,CR1,S3,0,0.0,8.135,1.57,1.15,8.53,2,0,18.57
4044,T09,S1_CR1,S1,CR1,1,188.7,8.767,0.8,1.15,10.1,5,0,32.08
4045,T07,S4_D2,S4,D2,1,187.4,6.638,1.49,1.35,3.54,0,0,23.87
4046,T03,S3_D2,S3,D2,1,201.3,6.362,1.39,1.35,7.67,8,0,32.73
4047,T05,S4_CR2,S4,CR2,1,201.2,6.855,1.9,1.35,4.9,5,0,27.74
4048,T01,S3_CR1,S3,CR1,1,202.3,8.135,1.57,1.15,1.1,2,1,27.04
4049,T01,CR2_S3,CR2,S3,0,0.0,6.579,1.9,1.35,8.03,5,0,22.79
4050,T02,CR1_S3,CR1,S3,0,0.0,8.135,1.57,1.15,10.19,3,0,17.83
4051,T07,CR2_S3,CR2,S3,0,0.0,6.579,1.9,1.35,3.07,3,0,19.33
4052,T06,S3_CR1,S3,CR1,1,171.5,8.135,1.57,1.15,8.85,2,0,22.02
4053,T06,S4_D2,S4,D2,1,170.5,6.638,1.49,1.35,3.54,1,0,27.33
4054,T01,S2_CR1,S2,CR1,1,197.2,8.334,1.39,1.15,6.26,2,1,35.75
4055,T03,S1_D1,S1,D1,1,219.4,5.834,1.12,1.15,5.77,1,0,15.35
4056,T02,D1_S5,D1,S5,0,0.0,6.724,1.12,1.15,8.37,2,1,23.84
4057,T03,D1_S1,D1,S1,0,0.0,5.834,1.12,1.15,6.0,2,0,13.92
4058,T03,S5_CR1,S5,CR1,1,180.7,10.342,0.89,1.15,5.04,5,0,30.8
4059,T10,CR1_S1,CR1,S1,0,0.0,8.767,0.8,1.15,3.69,3,0,25.57
4060,T08,CR1_S5,CR1,S5,0,0.0,10.342,0.89,1.15,4.79,3,0,26.25
4061,T08,CR2_S4,CR2,S4,0,0.0,6.855,1.9,1.35,8.55,0,0,16.8
4062,T06,D2_S4,D2,S4,0,0.0,6.638,1.49,1.35,10.68,1,0,19.87
4063,T02,S5_CR1,S5,CR1,1,204.2,10.342,0.89,1.15,5.49,8,0,42.98
4064,T02,CR2_S4,CR2,S4,0,0.0,6.855,1.9,1.35,5.62,3,0,19.74
4065,T01,CR2_S4,CR2,S4,0,0.0,6.855,1.9,1.35,5.11,5,0,21.4
4066,T05,D2_S3,D2,S3,0,0.0,6.362,1.39,1.35,0.38,2,1,26.78
4067,T02,CR2_S4,CR2,S4,0,0.0,6.855,1.9,1.35,2.17,2,0,16.71
4068,T01,S3_CR1,S3,CR1,1,194.5,8.135,1.57,1.15,0.06,1,0,22.38
4069,T02,CR2_S6,CR2,S6,0,0.0,8.342,1.9,1.35,11.0,2,0,22.44
4070,T01,S5_CR1,S5,CR1,1,187.6,10.342,0.89,1.15,5.21,2,1,48.64
4071,T10,CR1_S5,CR1,S5,0,0.0,10.342,0.89,1.15,10.39,2,0,28.47
4072,T10,CR1_S5,CR1,S5,0,0.0,10.342,0.89,1.15,4.3,1,0,25.08
4073,T06,CR1_S5,CR1,S5,0,0.0,10.342,0.89,1.15,4.96,5,0,26.56
4074,T03,S4_D2,S4,D2,1,191.6,6.638,1.49,1.35,5.54,3,0,28.0
4075,T04,D1_S1,D1,S1,0,0.0,5.834,1.12,1.15,0.31,2,0,13.78
4076,T03,S6_CR2,S6,CR2,1,191.2,8.342,1.9,1.35,4.05,2,0,28.56
4077,T09,S1_D1,S1,D1,1,188.1,5.834,1.12,1.15,8.62,1,0,16.46
4078,T02,S1_D1,S1,D1,1,202.9,5.834,1.12,1.15,9.6,2,0,18.61
4079,T05,S6_CR2,S6,CR2,1,199.5,8.342,1.9,1.35,3.66,3,1,33.29
4080,T08,S1_CR1,S1,CR1,1,204.7,8.767,0.8,1.15,0.27,1,1,38.77
4081,T06,S2_CR1,S2,CR1,1,204.5,8.334,1.39,1.15,0.38,0,0,26.6
4082,T07,S5_D1,S5,D1,1,184.7,6.724,1.12,1.15,1.77,5,0,23.65
4083,T01,CR1_S1,CR1,S1,0,0.0,8.767,0.8,1.15,7.69,2,0,25.11
4084,T05,CR1_S3,CR1,S3,0,0.0,8.135,1.57,1.15,1.6,2,0,17.07
4085,T08,S4_CR2,S4,CR2,1,174.9,6.855,1.9,1.35,7.02,5,0,25.45
4086,T06,CR1_S2,CR1,S2,0,0.0,8.334,1.39,1.15,11.23,2,0,21.3
4087,T07,S3_CR2,S3,CR2,1,194.1,6.579,1.9,1.35,9.58,2,1,32.86
4088,T08,S4_CR2,S4,CR2,1,211.5,6.855,1.9,1.35,4.84,3,0,25.33
4089,T10,CR2_S4,CR2,S4,0,0.0,6.855,1.9,1.35,0.69,4,0,19.78
4090,T06,CR2_S3,CR2,S3,0,0.0,6.579,1.9,1.35,5.99,1,0,18.68
4091,T05,S1_CR1,S1,CR1,1,199.8,8.767,0.8,1.15,10.91,3,0,26.73
4092,T05,S3_CR1,S3,CR1,1,220.0,8.135,1.57,1.15,4.88,1,0,19.1
4093,T08,CR1_S5,CR1,S5,0,0.0,10.342,0.89,1.15,1.27,1,0,27.62
4094,T05,S3_CR2,S3,CR2,1,205.9,6.579,1.9,1.35,8.01,3,0,22.35
4095,T09,D1_S1,D1,S1,0,0.0,5.834,1.12,1.15,5.71,6,0,15.92
4096,T09,CR1_S3,CR1,S3,0,0.0,8.135,1.57,1.15,4.77,1,0,16.44
4097,T10,S4_CR2,S4,CR2,1,169.2,6.855,1.9,1.35,6.1,3,0,25.54
4098,T07,CR1_S2,CR1,S2,0,0.0,8.334,1.39,1.15,2.69,4,0,25.3
4099,T06,CR2_S4,CR2,S4,0,0.0,6.855,1.9,1.35,11.36,2,0,18.94
4100,T03,CR2_S6,CR2,S6,0,0.0,8.342,1.9,1.35,2.92,3,0,23.61
4101,T03,CR1_S1,CR1,S1,0,0.0,8.767,0.8,1.15,0.25,2,0,21.87
4102,T07,CR1_S1,CR1,S1,0,0.0,8.767,0.8,1.15,10.55,3,1,29.44
4103,T02,S1_CR1,S1,CR1,1,216.3,8.767,0.8,1.15,2.86,2,1,36.99
4104,T08,CR1_S5,CR1,S5,0,0.0,10.342,0.89,1.15,7.25,3,0,27.64
4105,T07,CR1_S2,CR1,S2,0,0.0,8.334,1.39,1.15,0.25,2,0,24.4
4106,T05,D2_S4,D2,S4,0,0.0,6.638,1.49,1.35,9.45,3,0,22.07
4107,T09,D1_S1,D1,S1,0,0.0,5.834,1.12,1.15,3.25,5,0,16.45
4108,T06,S1_CR1,S1,CR1,1,185.8,8.767,0.8,1.15,0.44,0,0,27.07
4109,T06,S6_CR2,S6,CR2,1,162.7,8.342,1.9,1.35,3.04,1,0,26.4
4110,T06,D2_S4,D2,S4,0,0.0,6.638,1.49,1.35,7.49,1,0,20.82
4111,T01,CR1_S2,CR1,S2,0,0.0,8.334,1.39,1.15,1.83,1,0,22.92
4112,T03,S6_CR2,S6,CR2,1,220.0,8.342,1.9,1.35,8.74,0,1,34.22
4113,T07,S2_CR1,S2,CR1,1,211.3,8.334,1.39,1.15,2.89,5,0,29.95
4114,T05,D2_S3,D2,S3,0,0.0,6.362,1.39,1.35,3.83,1,1,28.08
4115,T06,S2_CR1,S2,CR1,1,181.1,8.334,1.39,1.15,11.83,0,0,28.8
4116,T05,S3_CR2,S3,CR2,1,172.0,6.579,1.9,1.35,4.29,3,0,24.69
4117,T05,S1_D1,S1,D1,1,192.2,5.834,1.12,1.15,6.94,0,0,14.84
4118,T03,CR1_S1,CR1,S1,0,0.0,8.767,0.8,1.15,7.11,5,1,29.54
4119,T06,S3_CR2,S3,CR2,1,211.1,6.579,1.9,1.35,9.67,2,0,23.83
4120,T06,S4_D2,S4,D2,1,215.3,6.638,1.49,1.35,9.87,2,0,28.82
4121,T08,CR1_S2,CR1,S2,0,0.0,8.334,1.39,1.15,6.88,3,1,28.53
4122,T03,D1_S5,D1,S5,0,0.0,6.724,1.12,1.15,1.07,1,0,18.67
4123,T08,D1_S5,D1,S5,0,0.0,6.724,1.12,1.15,9.32,5,0,19.46
4124,T04,S1_D1,S1,D1,1,195.3,5.834,1.12,1.15,5.06,3,1,23.45
4125,T03,S4_CR2,S4,CR2,1,176.6,6.855,1.9,1.35,0.75,1,0,23.51
4126,T02,CR2_S4,CR2,S4,0,0.0,6.855,1.9,1.35,0.47,0,0,18.07
4127,T02,CR2_S6,CR2,S6,0,0.0,8.342,1.9,1.35,6.24,3,0,22.81
4128,T02,S2_CR1,S2,CR1,1,173.7,8.334,1.39,1.15,6.47,5,0,23.98
4129,T03,CR2_S3,CR2,S3,0,0.0,6.579,1.9,1.35,6.78,3,0,19.45
4130,T01,S4_D2,S4,D2,1,193.2,6.638,1.49,1.35,6.39,1,0,25.37
4131,T06,S4_CR2,S4,CR2,1,202.7,6.855,1.9,1.35,5.68,6,0,27.96
4132,T10,S3_CR1,S3,CR1,1,196.9,8.135,1.57,1.15,10.52,1,1,28.75
4133,T04,S5_D1,S5,D1,1,182.7,6.724,1.12,1.15,11.77,2,1,22.86
4134,T06,D2_S3,D2,S3,0,0.0,6.362,1.39,1.35,4.31,1,0,20.81
4135,T10,S6_CR2,S6,CR2,1,192.1,8.342,1.9,1.35,1.15,1,0,25.79
4136,T04,D1_S1,D1,S1,0,0.0,5.834,1.12,1.15,9.54,1,0,11.24
4137,T08,CR2_S3,CR2,S3,0,0.0,6.579,1.9,1.35,4.62,5,0,20.93
4138,T06,D1_S5,D1,S5,0,0.0,6.724,1.12,1.15,2.42,0,0,16.29
4139,T04,CR1_S3,CR1,S3,0,0.0,8.135,1.57,1.15,0.11,1,0,17.36
4140,T07,S3_CR1,S3,CR1,1,199.1,8.135,1.57,1.15,0.11,2,0,21.35
4141,T07,S4_CR2,S4,CR2,1,184.7,6.855,1.9,1.35,2.1,2,0,22.03
4142,T07,CR2_S6,CR2,S6,0,0.0,8.342,1.9,1.35,10.8,5,1,35.99
4143,T04,S3_CR1,S3,CR1,1,212.9,8.135,1.57,1.15,4.76,1,0,20.64
4144,T03,S2_CR1,S2,CR1,1,171.5,8.334,1.39,1.15,4.43,2,0,27.82
4145,T10,CR1_S1,CR1,S1,0,0.0,8.767,0.8,1.15,11.14,2,0,23.15
4146,T05,S1_CR1,S1,CR1,1,206.1,8.767,0.8,1.15,11.97,2,0,31.2
4147,T06,CR1_S2,CR1,S2,0,0.0,8.334,1.39,1.15,7.59,5,0,24.37
4148,T09,CR1_S2,CR1,S2,0,0.0,8.334,1.39,1.15,9.97,1,0,21.02
4149,T06,S5_D1,S5,D1,1,179.9,6.724,1.12,1.15,6.86,3,0,21.37
4150,T05,S4_CR2,S4,CR2,1,201.4,6.855,1.9,1.35,7.99,3,0,24.9
4151,T04,S5_D1,S5,D1,1,206.9,6.724,1.12,1.15,5.72,8,0,24.91
4152,T09,D1_S1,D1,S1,0,0.0,5.834,1.12,1.15,8.76,4,0,15.07
4153,T06,S6_CR2,S6,CR2,1,194.5,8.342,1.9,1.35,0.19,1,0,26.75
4154,T04,D1_S1,D1,S1,0,0.0,5.834,1.12,1.15,9.95,2,1,17.25
4155,T09,CR1_S1,CR1,S1,0,0.0,8.767,0.8,1.15,1.3,5,1,27.7
4156,T04,S4_D2,S4,D2,1,173.8,6.638,1.49,1.35,1.18,1,0,25.68
4157,T01,S3_CR1,S3,CR1,1,220.0,8.135,1.57,1.15,7.44,0,1,26.95
4158,T10,S3_D2,S3,D2,1,193.1,6.362,1.39,1.35,1.56,2,0,26.89
4159,T01,S4_CR2,S4,CR2,1,175.9,6.855,1.9,1.35,9.35,1,0,19.15
4160,T03,S1_CR1,S1,CR1,1,181.4,8.767,0.8,1.15,0.25,1,1,33.18
4161,T09,CR2_S3,CR2,S3,0,0.0,6.579,1.9,1.35,6.74,6,0,22.75
4162,T01,D2_S3,D2,S3,0,0.0,6.362,1.39,1.35,10.75,0,0,20.72
4163,T08,S3_CR2,S3,CR2,1,205.8,6.579,1.9,1.35,6.51,1,0,22.87
4164,T05,CR2_S3,CR2,S3,0,0.0,6.579,1.9,1.35,8.85,0,0,17.44
4165,T04,CR1_S3,CR1,S3,0,0.0,8.135,1.57,1.15,5.36,0,0,17.38
4166,T09,S6_CR2,S6,CR2,1,188.9,8.342,1.9,1.35,5.69,1,0,27.14
4167,T05,S3_D2,S3,D2,1,195.3,6.362,1.39,1.35,6.44,6,0,28.65
4168,T04,S4_D2,S4,D2,1,193.9,6.638,1.49,1.35,5.32,6,0,33.78
4169,T02,CR2_S4,CR2,S4,0,0.0,6.855,1.9,1.35,3.36,0,0,16.12
4170,T02,D1_S5,D1,S5,0,0.0,6.724,1.12,1.15,2.67,4,0,18.19
4171,T10,S3_D2,S3,D2,1,184.3,6.362,1.39,1.35,2.45,0,0,21.87
4172,T04,CR1_S5,CR1,S5,0,0.0,10.342,0.89,1.15,8.88,3,0,31.38
4173,T10,CR2_S6,CR2,S6,0,0.0,8.342,1.9,1.35,5.62,3,0,22.77
4174,T03,CR1_S1,CR1,S1,0,0.0,8.767,0.8,1.15,11.05,2,1,29.73
4175,T02,S3_CR1,S3,CR1,1,162.3,8.135,1.57,1.15,6.16,4,1,29.4
4176,T05,S5_CR1,S5,CR1,1,200.3,10.342,0.89,1.15,1.35,2,0,34.26
4177,T07,S5_CR1,S5,CR1,1,175.3,10.342,0.89,1.15,5.9,4,1,44.74
4178,T02,CR1_S3,CR1,S3,0,0.0,8.135,1.57,1.15,6.68,3,0,20.06
4179,T05,CR1_S2,CR1,S2,0,0.0,8.334,1.39,1.15,10.09,3,0,22.92
4180,T02,S1_D1,S1,D1,1,186.7,5.834,1.12,1.15,6.19,2,0,16.4
4181,T01,S1_CR1,S1,CR1,1,220.0,8.767,0.8,1.15,10.64,0,0,29.4
4182,T03,CR1_S3,CR1,S3,0,0.0,8.135,1.57,1.15,0.1,1,0,16.92
4183,T07,S2_CR1,S2,CR1,1,188.7,8.334,1.39,1.15,5.84,4,0,29.99
4184,T08,CR2_S3,CR2,S3,0,0.0,6.579,1.9,1.35,3.52,5,0,19.91
4185,T05,S5_D1,S5,D1,1,186.4,6.724,1.12,1.15,0.37,1,0,21.88
4186,T04,CR1_S3,CR1,S3,0,0.0,8.135,1.57,1.15,3.08,4,0,18.31
4187,T10,D1_S5,D1,S5,0,0.0,6.724,1.12,1.15,1.53,0,0,16.49
4188,T01,S2_CR1,S2,CR1,1,191.4,8.334,1.39,1.15,5.42,5,0,28.48
4189,T08,S4_D2,S4,D2,1,214.8,6.638,1.49,1.35,6.75,2,0,27.43
4190,T01,CR1_S1,CR1,S1,0,0.0,8.767,0.8,1.15,3.23,5,1,28.78
4191,T01,CR2_S3,CR2,S3,0,0.0,6.579,1.9,1.35,3.13,1,0,19.77
4192,T10,CR2_S4,CR2,S4,0,0.0,6.855,1.9,1.35,1.42,1,1,25.28
4193,T10,CR1_S5,CR1,S5,0,0.0,10.342,0.89,1.15,3.94,5,0,29.7
4194,T04,CR1_S5,CR1,S5,0,0.0,10.342,0.89,1.15,0.1,5,0,33.16
4195,T01,D2_S4,D2,S4,0,0.0,6.638,1.49,1.35,0.63,2,0,21.77
4196,T05,CR1_S1,CR1,S1,0,0.0,8.767,0.8,1.15,5.11,2,0,23.62
4197,T09,CR1_S5,CR1,S5,0,0.0,10.342,0.89,1.15,7.8,2,1,33.76
4198,T06,S5_D1,S5,D1,1,180.1,6.724,1.12,1.15,6.28,4,0,21.21
4199,T05,S5_D1,S5,D1,1,196.5,6.724,1.12,1.15,2.94,4,0,20.45
4200,T04,S5_D1,S5,D1,1,218.2,6.724,1.12,1.15,3.4,0,0,19.64
4201,T06,S3_CR1,S3,CR1,1,206.4,8.135,1.57,1.15,10.46,3,0,23.98
4202,T06,S3_D2,S3,D2,1,165.3,6.362,1.39,1.35,7.2,1,0,24.28
4203,T05,CR1_S3,CR1,S3,0,0.0,8.135,1.57,1.15,11.34,1,0,15.66
4204,T07,S3_CR2,S3,CR2,1,182.1,6.579,1.9,1.35,11.71,0,0,19.91
4205,T07,CR2_S4,CR2,S4,0,0.0,6.855,1.9,1.35,3.68,3,0,18.92
4206,T09,CR2_S4,CR2,S4,0,0.0,6.855,1.9,1.35,1.6,0,0,18.7
4207,T10,CR1_S5,CR1,S5,0,0.0,10.342,0.89,1.15,0.05,1,0,26.56
4208,T10,S5_D1,S5,D1,1,207.3,6.724,1.12,1.15,6.47,2,0,21.64
4209,T05,S3_CR1,S3,CR1,1,197.6,8.135,1.57,1.15,6.2,3,1,26.48
4210,T03,D2_S3,D2,S3,0,0.0,6.362,1.39,1.35,2.6,3,0,20.68
4211,T10,CR2_S3,CR2,S3,0,0.0,6.579,1.9,1.35,0.97,5,0,20.39
4212,T03,S3_D2,S3,D2,1,220.0,6.362,1.39,1.35,8.74,3,0,28.32
4213,T09,S4_D2,S4,D2,1,210.0,6.638,1.49,1.35,8.06,2,0,28.78
4214,T07,D2_S4,D2,S4,0,0.0,6.638,1.49,1.35,11.98,1,0,20.64
4215,T07,CR1_S5,CR1,S5,0,0.0,10.342,0.89,1.15,2.46,4,0,27.63
4216,T09,S1_D1,S1,D1,1,220.0,5.834,1.12,1.15,4.85,1,0,15.97
4217,T03,S3_D2,S3,D2,1,198.0,6.362,1.39,1.35,7.33,5,1,41.31
4218,T01,CR1_S1,CR1,S1,0,0.0,8.767,0.8,1.15,8.76,1,0,23.63
4219,T03,CR1_S5,CR1,S5,0,0.0,10.342,0.89,1.15,2.43,2,0,27.33
4220,T10,S3_D2,S3,D2,1,185.6,6.362,1.39,1.35,0.44,4,0,25.71
4221,T07,CR2_S3,CR2,S3,0,0.0,6.579,1.9,1.35,9.61,1,0,16.95
4222,T04,S3_CR2,S3,CR2,1,211.2,6.579,1.9,1.35,5.63,3,1,26.63
4223,T04,CR2_S6,CR2,S6,0,0.0,8.342,1.9,1.35,2.51,1,0,22.06
4224,T09,S1_D1,S1,D1,1,200.1,5.834,1.12,1.15,2.23,2,0,15.69
4225,T08,S5_CR1,S5,CR1,1,188.9,10.342,0.89,1.15,8.63,5,0,37.26
4226,T08,S6_CR2,S6,CR2,1,212.0,8.342,1.9,1.35,0.36,3,0,31.46
4227,T01,S6_CR2,S6,CR2,1,183.9,8.342,1.9,1.35,6.19,1,1,31.43
4228,T04,S5_CR1,S5,CR1,1,204.5,10.342,0.89,1.15,5.28,1,0,31.25
4229,T05,CR1_S3,CR1,S3,0,0.0,8.135,1.57,1.15,6.72,2,0,18.93
4230,T01,S2_CR1,S2,CR1,1,180.6,8.334,1.39,1.15,7.74,3,0,27.48
4231,T10,S3_CR2,S3,CR2,1,209.8,6.579,1.9,1.35,1.12,2,0,23.82
4232,T05,S3_D2,S3,D2,1,183.2,6.362,1.39,1.35,11.26,2,0,26.7
4233,T06,S4_CR2,S4,CR2,1,193.6,6.855,1.9,1.35,7.38,5,1,34.77
4234,T07,D2_S3,D2,S3,0,0.0,6.362,1.39,1.35,4.57,1,0,21.82
4235,T07,CR2_S3,CR2,S3,0,0.0,6.579,1.9,1.35,9.06,2,0,18.81
4236,T02,CR2_S4,CR2,S4,0,0.0,6.855,1.9,1.35,11.06,1,0,18.6
4237,T03,D2_S3,D2,S3,0,0.0,6.362,1.39,1.35,0.99,0,0,20.26
4238,T01,CR1_S2,CR1,S2,0,0.0,8.334,1.39,1.15,3.52,5,1,35.02
4239,T04,S5_D1,S5,D1,1,194.0,6.724,1.12,1.15,2.4,3,0,19.19
4240,T07,CR2_S6,CR2,S6,0,0.0,8.342,1.9,1.35,4.67,1,0,21.68
4241,T07,S5_D1,S5,D1,1,206.7,6.724,1.12,1.15,7.9,0,0,17.82
4242,T08,S3_CR1,S3,CR1,1,197.4,8.135,1.57,1.15,7.83,3,0,23.43
4243,T06,D2_S3,D2,S3,0,0.0,6.362,1.39,1.35,7.93,3,0,26.99
4244,T01,CR1_S1,CR1,S1,0,0.0,8.767,0.8,1.15,4.67,7,0,24.62
4245,T07,S5_CR1,S5,CR1,1,184.8,10.342,0.89,1.15,11.01,2,0,36.62
4246,T07,D2_S3,D2,S3,0,0.0,6.362,1.39,1.35,0.92,3,1,26.1
4247,T07,D1_S1,D1,S1,0,0.0,5.834,1.12,1.15,1.38,0,0,10.79
4248,T09,S2_CR1,S2,CR1,1,207.8,8.334,1.39,1.15,7.11,8,0,30.14
4249,T05,S4_D2,S4,D2,1,212.8,6.638,1.49,1.35,5.57,4,0,30.44
4250,T04,S3_D2,S3,D2,1,209.8,6.362,1.39,1.35,7.17,5,0,31.58
4251,T09,S3_D2,S3,D2,1,202.8,6.362,1.39,1.35,3.32,1,1,34.34
4252,T04,D1_S1,D1,S1,0,0.0,5.834,1.12,1.15,6.44,3,0,13.8
4253,T08,S3_D2,S3,D2,1,177.9,6.362,1.39,1.35,7.95,2,0,28.12
4254,T07,S3_CR2,S3,CR2,1,194.6,6.579,1.9,1.35,3.83,0,0,25.29
4255,T03,CR1_S1,CR1,S1,0,0.0,8.767,0.8,1.15,9.9,1,0,23.03
4256,T03,CR1_S1,CR1,S1,0,0.0,8.767,0.8,1.15,10.82,1,0,22.15
4257,T01,S3_D2,S3,D2,1,217.5,6.362,1.39,1.35,7.75,1,1,34.74
4258,T03,CR1_S2,CR1,S2,0,0.0,8.334,1.39,1.15,8.8,1,0,21.78
4259,T06,CR1_S2,CR1,S2,0,0.0,8.334,1.39,1.15,0.15,2,0,21.18
4260,T05,CR1_S2,CR1,S2,0,0.0,8.334,1.39,1.15,0.44,0,0,21.28
4261,T03,S1_D1,S1,D1,1,198.2,5.834,1.12,1.15,9.56,2,1,18.26
4262,T06,D1_S5,D1,S5,0,0.0,6.724,1.12,1.15,10.38,2,0,16.89
4263,T02,S5_D1,S5,D1,1,193.8,6.724,1.12,1.15,6.94,4,1,26.6
4264,T09,CR1_S3,CR1,S3,0,0.0,8.135,1.57,1.15,2.23,2,1,22.54
4265,T03,S3_D2,S3,D2,1,197.5,6.362,1.39,1.35,11.53,2,0,26.44
4266,T02,S3_CR1,S3,CR1,1,194.5,8.135,1.57,1.15,8.6,3,1,29.11
4267,T08,D2_S3,D2,S3,0,0.0,6.362,1.39,1.35,2.41,3,0,22.04
4268,T01,CR2_S4,CR2,S4,0,0.0,6.855,1.9,1.35,11.7,2,0,18.82
4269,T03,S3_CR1,S3,CR1,1,179.0,8.135,1.57,1.15,6.71,4,0,24.21
4270,T02,CR1_S2,CR1,S2,0,0.0,8.334,1.39,1.15,7.83,6,0,24.68
4271,T05,S1_CR1,S1,CR1,1,186.3,8.767,0.8,1.15,0.72,6,0,35.86
4272,T06,D2_S3,D2,S3,0,0.0,6.362,1.39,1.35,4.7,3,0,22.04
4273,T09,D2_S4,D2,S4,0,0.0,6.638,1.49,1.35,1.61,2,0,22.09
4274,T08,S3_CR1,S3,CR1,1,203.8,8.135,1.57,1.15,8.7,1,0,19.68
4275,T08,S6_CR2,S6,CR2,1,207.3,8.342,1.9,1.35,3.11,3,0,29.34
4276,T10,CR1_S1,CR1,S1,0,0.0,8.767,0.8,1.15,4.46,2,1,31.58
4277,T07,CR2_S4,CR2,S4,0,0.0,6.855,1.9,1.35,6.07,3,0,20.53
4278,T04,D2_S4,D2,S4,0,0.0,6.638,1.49,1.35,4.48,3,0,25.66
4279,T01,CR2_S3,CR2,S3,0,0.0,6.579,1.9,1.35,3.15,5,0,22.01
4280,T10,S3_CR1,S3,CR1,1,195.9,8.135,1.57,1.15,6.49,3,0,24.76
4281,T05,S3_CR1,S3,CR1,1,197.0,8.135,1.57,1.15,11.62,0,1,26.78
4282,T04,S1_D1,S1,D1,1,198.8,5.834,1.12,1.15,3.24,0,0,12.84
4283,T10,CR1_S5,CR1,S5,0,0.0,10.342,0.89,1.15,8.75,3,1,37.24
4284,T02,S5_D1,S5,D1,1,186.4,6.724,1.12,1.15,10.98,0,0,19.72
4285,T03,S1_D1,S1,D1,1,167.5,5.834,1.12,1.15,2.61,3,0,16.13
4286,T02,S4_CR2,S4,CR2,1,191.9,6.855,1.9,1.35,9.38,3,0,26.32
4287,T07,S3_D2,S3,D2,1,195.0,6.362,1.39,1.35,7.24,4,1,33.71
4288,T06,S4_D2,S4,D2,1,219.4,6.638,1.49,1.35,6.09,4,0,24.23
4289,T06,S3_D2,S3,D2,1,188.4,6.362,1.39,1.35,4.49,3,0,32.1
4290,T08,CR2_S6,CR2,S6,0,0.0,8.342,1.9,1.35,4.18,2,0,22.74
4291,T07,D2_S4,D2,S4,0,0.0,6.638,1.49,1.35,10.17,1,0,21.49
4292,T01,CR2_S3,CR2,S3,0,0.0,6.579,1.9,1.35,1.71,2,1,24.93
4293,T10,S3_CR2,S3,CR2,1,193.2,6.579,1.9,1.35,5.64,6,0,29.17
4294,T02,D1_S5,D1,S5,0,0.0,6.724,1.12,1.15,6.93,7,1,27.6
4295,T03,S5_D1,S5,D1,1,220.0,6.724,1.12,1.15,10.95,1,0,19.07
4296,T03,CR1_S1,CR1,S1,0,0.0,8.767,0.8,1.15,8.36,4,0,24.89
4297,T06,S5_CR1,S5,CR1,1,195.1,10.342,0.89,1.15,10.26,3,0,37.56
4298,T03,D1_S5,D1,S5,0,0.0,6.724,1.12,1.15,5.89,2,0,18.01
4299,T03,D1_S1,D1,S1,0,0.0,5.834,1.12,1.15,11.25,1,0,13.08
4300,T07,S4_CR2,S4,CR2,1,181.7,6.855,1.9,1.35,10.28,1,0,21.31
4301,T04,S5_CR1,S5,CR1,1,169.0,10.342,0.89,1.15,9.8,2,0,33.89
4302,T04,S5_CR1,S5,CR1,1,198.5,10.342,0.89,1.15,11.99,4,0,38.13
4303,T02,S5_D1,S5,D1,1,197.2,6.724,1.12,1.15,6.78,3,0,23.53
4304,T02,CR1_S5,CR1,S5,0,0.0,10.342,0.89,1.15,0.51,1,1,32.83
4305,T08,S5_CR1,S5,CR1,1,201.8,10.342,0.89,1.15,11.25,1,0,34.22
4306,T07,S1_D1,S1,D1,1,189.1,5.834,1.12,1.15,1.27,0,0,14.97
4307,T04,S3_D2,S3,D2,1,178.2,6.362,1.39,1.35,0.71,1,0,24.14
4308,T08,S1_CR1,S1,CR1,1,201.0,8.767,0.8,1.15,4.11,6,0,31.5
4309,T04,CR1_S5,CR1,S5,0,0.0,10.342,0.89,1.15,1.31,2,0,27.34
4310,T07,S6_CR2,S6,CR2,1,214.5,8.342,1.9,1.35,1.81,1,0,28.26
4311,T01,S4_CR2,S4,CR2,1,193.5,6.855,1.9,1.35,2.22,1,0,22.54
4312,T02,S3_CR2,S3,CR2,1,199.8,6.579,1.9,1.35,8.95,1,0,24.06
4313,T06,S5_D1,S5,D1,1,199.4,6.724,1.12,1.15,11.69,0,1,23.46
4314,T08,S3_D2,S3,D2,1,196.7,6.362,1.39,1.35,2.29,2,0,25.26
4315,T07,CR2_S4,CR2,S4,0,0.0,6.855,1.9,1.35,3.46,4,0,22.21
4316,T02,S1_CR1,S1,CR1,1,171.3,8.767,0.8,1.15,10.74,1,0,27.84
4317,T05,S1_CR1,S1,CR1,1,160.8,8.767,0.8,1.15,5.69,2,0,29.35
4318,T06,S5_D1,S5,D1,1,187.4,6.724,1.12,1.15,2.91,2,0,20.13
4319,T10,CR2_S6,CR2,S6,0,0.0,8.342,1.9,1.35,6.64,4,0,24.32
4320,T01,S5_CR1,S5,CR1,1,216.6,10.342,0.89,1.15,6.18,4,0,36.12
4321,T06,D1_S1,D1,S1,0,0.0,5.834,1.12,1.15,4.79,2,0,12.66
4322,T07,S3_CR1,S3,CR1,1,178.1,8.135,1.57,1.15,0.77,3,0,23.29
4323,T07,D1_S1,D1,S1,0,0.0,5.834,1.12,1.15,1.29,1,0,13.58
4324,T07,S5_CR1,S5,CR1,1,197.8,10.342,0.89,1.15,3.74,1,0,30.36
4325,T01,S1_D1,S1,D1,1,212.0,5.834,1.12,1.15,10.57,7,0,19.47
4326,T10,S2_CR1,S2,CR1,1,166.2,8.334,1.39,1.15,10.72,2,0,26.43
4327,T03,CR2_S6,CR2,S6,0,0.0,8.342,1.9,1.35,0.17,2,0,23.54
4328,T10,S2_CR1,S2,CR1,1,220.0,8.334,1.39,1.15,8.78,4,0,29.08
4329,T09,S3_CR2,S3,CR2,1,182.7,6.579,1.9,1.35,2.67,1,0,22.17
4330,T10,S5_CR1,S5,CR1,1,192.6,10.342,0.89,1.15,8.4,2,0,32.5
4331,T08,S3_CR1,S3,CR1,1,204.3,8.135,1.57,1.15,8.82,4,0,22.8
4332,T02,S5_D1,S5,D1,1,210.7,6.724,1.12,1.15,9.77,3,0,21.56
4333,T07,S2_CR1,S2,CR1,1,191.7,8.334,1.39,1.15,10.51,1,0,28.07
4334,T04,S3_CR1,S3,CR1,1,201.5,8.135,1.57,1.15,6.8,4,0,21.4
4335,T05,S5_D1,S5,D1,1,204.4,6.724,1.12,1.15,1.65,5,0,22.74
4336,T03,D1_S5,D1,S5,0,0.0,6.724,1.12,1.15,3.27,5,0,17.44
4337,T07,CR2_S3,CR2,S3,0,0.0,6.579,1.9,1.35,11.87,4,1,25.72
4338,T01,S4_D2,S4,D2,1,214.2,6.638,1.49,1.35,7.53,4,0,28.25
4339,T03,S2_CR1,S2,CR1,1,184.4,8.334,1.39,1.15,8.92,3,0,29.19
4340,T10,D2_S4,D2,S4,0,0.0,6.638,1.49,1.35,7.77,0,0,18.58
4341,T01,S3_CR1,S3,CR1,1,199.9,8.135,1.57,1.15,11.08,2,1,29.33
4342,T09,S1_D1,S1,D1,1,210.4,5.834,1.12,1.15,9.68,2,0,17.15
4343,T04,S4_CR2,S4,CR2,1,204.5,6.855,1.9,1.35,2.25,3,0,23.2
4344,T02,S3_D2,S3,D2,1,208.0,6.362,1.39,1.35,4.75,3,0,29.13
4345,T05,S4_D2,S4,D2,1,199.0,6.638,1.49,1.35,10.12,1,1,33.87
4346,T03,D1_S5,D1,S5,0,0.0,6.724,1.12,1.15,4.99,5,1,21.45
4347,T06,CR1_S3,CR1,S3,0,0.0,8.135,1.57,1.15,5.39,1,0,16.82
4348,T04,S6_CR2,S6,CR2,1,189.9,8.342,1.9,1.35,2.63,3,0,29.53
4349,T05,S3_CR1,S3,CR1,1,151.2,8.135,1.57,1.15,11.75,3,0,25.17
4350,T04,S4_D2,S4,D2,1,212.5,6.638,1.49,1.35,10.61,1,1,37.76
4351,T01,S6_CR2,S6,CR2,1,212.3,8.342,1.9,1.35,9.72,3,0,27.74
4352,T10,S1_CR1,S1,CR1,1,148.8,8.767,0.8,1.15,2.79,6,0,29.95
4353,T06,D2_S4,D2,S4,0,0.0,6.638,1.49,1.35,8.36,1,0,21.43
4354,T10,CR2_S3,CR2,S3,0,0.0,6.579,1.9,1.35,6.99,3,0,19.36
4355,T01,D1_S1,D1,S1,0,0.0,5.834,1.12,1.15,6.25,2,0,11.77
4356,T09,D1_S1,D1,S1,0,0.0,5.834,1.12,1.15,7.48,3,0,12.09
4357,T10,CR1_S5,CR1,S5,0,0.0,10.342,0.89,1.15,4.87,2,0,27.61
4358,T07,S5_D1,S5,D1,1,205.0,6.724,1.12,1.15,8.32,1,0,18.15
4359,T03,S2_CR1,S2,CR1,1,206.7,8.334,1.39,1.15,9.24,4,0,31.52
4360,T08,S5_CR1,S5,CR1,1,179.3,10.342,0.89,1.15,8.12,5,0,34.46
4361,T01,D2_S4,D2,S4,0,0.0,6.638,1.49,1.35,1.43,0,0,19.5
4362,T10,CR2_S4,CR2,S4,0,0.0,6.855,1.9,1.35,1.77,2,1,27.07
4363,T10,S5_D1,S5,D1,1,220.0,6.724,1.12,1.15,0.72,4,0,23.96
4364,T09,CR2_S3,CR2,S3,0,0.0,6.579,1.9,1.35,1.42,0,0,18.79
4365,T06,S3_D2,S3,D2,1,186.1,6.362,1.39,1.35,10.91,2,0,28.78
4366,T02,S3_CR2,S3,CR2,1,192.5,6.579,1.9,1.35,6.86,8,0,28.23
4367,T09,S4_D2,S4,D2,1,192.3,6.638,1.49,1.35,10.82,1,0,27.12
4368,T07,CR1_S5,CR1,S5,0,0.0,10.342,0.89,1.15,0.62,7,0,30.88
4369,T10,S3_CR1,S3,CR1,1,191.6,8.135,1.57,1.15,5.55,3,0,23.27
4370,T06,CR1_S1,CR1,S1,0,0.0,8.767,0.8,1.15,9.08,4,0,22.51
4371,T09,D2_S4,D2,S4,0,0.0,6.638,1.49,1.35,2.51,1,1,28.28
4372,T09,S5_CR1,S5,CR1,1,197.6,10.342,0.89,1.15,5.47,3,0,32.08
4373,T06,S2_CR1,S2,CR1,1,194.8,8.334,1.39,1.15,5.78,3,0,26.62
4374,T03,CR1_S5,CR1,S5,0,0.0,10.342,0.89,1.15,8.46,3,0,26.84
4375,T10,CR1_S1,CR1,S1,0,0.0,8.767,0.8,1.15,5.03,2,0,22.84
4376,T09,D1_S5,D1,S5,0,0.0,6.724,1.12,1.15,0.46,2,0,15.41
4377,T10,S5_D1,S5,D1,1,220.0,6.724,1.12,1.15,4.85,1,0,20.73
4378,T10,S3_D2,S3,D2,1,188.3,6.362,1.39,1.35,0.54,3,0,30.41
4379,T04,D2_S3,D2,S3,0,0.0,6.362,1.39,1.35,5.08,7,0,22.86
4380,T05,CR1_S3,CR1,S3,0,0.0,8.135,1.57,1.15,2.7,2,0,16.75
4381,T04,S4_CR2,S4,CR2,1,194.5,6.855,1.9,1.35,2.56,1,0,22.74
4382,T01,D1_S5,D1,S5,0,0.0,6.724,1.12,1.15,1.81,1,0,16.23
4383,T03,CR1_S1,CR1,S1,0,0.0,8.767,0.8,1.15,2.93,1,0,23.26
4384,T06,S2_CR1,S2,CR1,1,187.9,8.334,1.39,1.15,1.55,4,0,29.16
4385,T03,S6_CR2,S6,CR2,1,181.2,8.342,1.9,1.35,5.05,3,0,24.35
4386,T04,CR2_S6,CR2,S6,0,0.0,8.342,1.9,1.35,1.22,2,0,21.75
4387,T04,S1_CR1,S1,CR1,1,160.6,8.767,0.8,1.15,8.9,3,0,30.99
4388,T04,CR1_S3,CR1,S3,0,0.0,8.135,1.57,1.15,3.02,1,0,17.6
4389,T01,S3_CR1,S3,CR1,1,200.0,8.135,1.57,1.15,4.1,2,0,21.74
4390,T06,D2_S4,D2,S4,0,0.0,6.638,1.49,1.35,11.12,2,0,23.34
4391,T02,D2_S3,D2,S3,0,0.0,6.362,1.39,1.35,3.04,1,1,27.13
4392,T05,S3_CR2,S3,CR2,1,185.8,6.579,1.9,1.35,0.69,1,1,29.87
4393,T08,CR2_S6,CR2,S6,0,0.0,8.342,1.9,1.35,9.85,3,0,21.33
4394,T07,D1_S1,D1,S1,0,0.0,5.834,1.12,1.15,3.34,4,1,20.77
4395,T08,S4_CR2,S4,CR2,1,219.5,6.855,1.9,1.35,5.79,1,0,20.42
4396,T02,S6_CR2,S6,CR2,1,190.2,8.342,1.9,1.35,10.72,0,0,26.72
4397,T04,S5_D1,S5,D1,1,203.3,6.724,1.12,1.15,0.93,4,0,21.03
4398,T02,D1_S5,D1,S5,0,0.0,6.724,1.12,1.15,9.28,2,1,21.31
4399,T01,S6_CR2,S6,CR2,1,193.1,8.342,1.9,1.35,8.29,3,0,27.04
4400,T06,CR1_S3,CR1,S3,0,0.0,8.135,1.57,1.15,6.54,8,0,21.98
4401,T07,D2_S3,D2,S3,0,0.0,6.362,1.39,1.35,5.4,5,1,29.22
4402,T03,CR1_S2,CR1,S2,0,0.0,8.334,1.39,1.15,0.51,2,0,22.88
4403,T03,S6_CR2,S6,CR2,1,191.8,8.342,1.9,1.35,0.09,2,0,27.42
4404,T09,S5_D1,S5,D1,1,196.2,6.724,1.12,1.15,2.46,3,0,21.03
4405,T05,CR2_S4,CR2,S4,0,0.0,6.855,1.9,1.35,2.34,1,0,18.22
4406,T05,S6_CR2,S6,CR2,1,178.1,8.342,1.9,1.35,3.16,2,1,37.86
4407,T07,S5_CR1,S5,CR1,1,187.0,10.342,0.89,1.15,7.2,2,1,45.02
4408,T07,D1_S5,D1,S5,0,0.0,6.724,1.12,1.15,1.99,2,0,14.25
4409,T07,CR1_S5,CR1,S5,0,0.0,10.342,0.89,1.15,5.61,5,1,35.92
4410,T02,S1_D1,S1,D1,1,204.8,5.834,1.12,1.15,5.23,3,0,18.29
4411,T01,CR1_S2,CR1,S2,0,0.0,8.334,1.39,1.15,11.63,2,0,19.37
4412,T08,S2_CR1,S2,CR1,1,186.5,8.334,1.39,1.15,5.67,5,0,30.02
4413,T06,S1_CR1,S1,CR1,1,209.3,8.767,0.8,1.15,10.29,1,1,37.69
4414,T07,S3_CR1,S3,CR1,1,175.0,8.135,1.57,1.15,2.99,1,0,19.92
4415,T07,D2_S4,D2,S4,0,0.0,6.638,1.49,1.35,3.9,2,0,22.98
4416,T06,S5_CR1,S5,CR1,1,193.5,10.342,0.89,1.15,7.29,5,1,44.92
4417,T03,D2_S3,D2,S3,0,0.0,6.362,1.39,1.35,7.18,4,0,21.5
4418,T10,S3_D2,S3,D2,1,192.6,6.362,1.39,1.35,1.41,2,0,27.26
4419,T03,S3_D2,S3,D2,1,184.9,6.362,1.39,1.35,10.26,0,1,30.56
4420,T04,S1_CR1,S1,CR1,1,192.0,8.767,0.8,1.15,4.87,6,0,30.51
4421,T06,CR2_S3,CR2,S3,0,0.0,6.579,1.9,1.35,2.91,4,0,21.24
4422,T07,S6_CR2,S6,CR2,1,202.5,8.342,1.9,1.35,10.24,0,0,25.34
4423,T02,CR2_S6,CR2,S6,0,0.0,8.342,1.9,1.35,3.35,1,0,22.32
4424,T03,S4_D2,S4,D2,1,220.0,6.638,1.49,1.35,5.98,3,1,42.29
4425,T08,S3_D2,S3,D2,1,202.9,6.362,1.39,1.35,9.14,5,0,30.17
4426,T01,D2_S4,D2,S4,0,0.0,6.638,1.49,1.35,5.77,2,0,22.15
4427,T06,S1_D1,S1,D1,1,212.7,5.834,1.12,1.15,5.34,1,0,15.46
4428,T01,CR1_S1,CR1,S1,0,0.0,8.767,0.8,1.15,4.26,3,0,27.88
4429,T09,S4_D2,S4,D2,1,211.2,6.638,1.49,1.35,1.2,5,1,38.45
4430,T04,D2_S4,D2,S4,0,0.0,6.638,1.49,1.35,7.46,1,0,19.43
4431,T04,CR1_S2,CR1,S2,0,0.0,8.334,1.39,1.15,10.93,5,0,24.42
4432,T06,S2_CR1,S2,CR1,1,207.0,8.334,1.39,1.15,3.34,1,0,30.27
4433,T04,CR1_S3,CR1,S3,0,0.0,8.135,1.57,1.15,1.04,1,0,16.71
4434,T04,CR2_S4,CR2,S4,0,0.0,6.855,1.9,1.35,5.95,4,0,19.32
4435,T04,D1_S1,D1,S1,0,0.0,5.834,1.12,1.15,0.15,1,0,12.67
4436,T04,S1_CR1,S1,CR1,1,196.5,8.767,0.8,1.15,5.31,1,0,23.85
4437,T06,CR1_S2,CR1,S2,0,0.0,8.334,1.39,1.15,4.59,3,0,21.89
4438,T04,D1_S1,D1,S1,0,0.0,5.834,1.12,1.15,7.42,6,0,15.61
4439,T02,S3_CR1,S3,CR1,1,180.3,8.135,1.57,1.15,4.67,4,0,24.59
4440,T09,S3_CR1,S3,CR1,1,192.7,8.135,1.57,1.15,3.31,5,0,23.82
4441,T09,CR1_S2,CR1,S2,0,0.0,8.334,1.39,1.15,10.57,0,0,20.94
4442,T06,S5_D1,S5,D1,1,185.4,6.724,1.12,1.15,8.94,1,0,17.93
4443,T07,S1_D1,S1,D1,1,167.1,5.834,1.12,1.15,9.29,2,0,17.07
4444,T02,CR2_S3,CR2,S3,0,0.0,6.579,1.9,1.35,7.99,0,1,21.41
4445,T04,CR2_S4,CR2,S4,0,0.0,6.855,1.9,1.35,2.16,3,1,26.7
4446,T06,CR1_S3,CR1,S3,0,0.0,8.135,1.57,1.15,9.98,3,0,15.94
4447,T02,S5_CR1,S5,CR1,1,196.7,10.342,0.89,1.15,5.51,3,0,33.71
4448,T07,CR2_S3,CR2,S3,0,0.0,6.579,1.9,1.35,8.64,3,0,17.64
4449,T02,CR1_S2,CR1,S2,0,0.0,8.334,1.39,1.15,11.33,5,0,26.99
4450,T04,D2_S4,D2,S4,0,0.0,6.638,1.49,1.35,5.72,8,0,30.59
4451,T06,CR1_S3,CR1,S3,0,0.0,8.135,1.57,1.15,9.04,1,0,17.81
4452,T10,S2_CR1,S2,CR1,1,199.4,8.334,1.39,1.15,8.73,7,0,32.16
4453,T05,S5_D1,S5,D1,1,188.4,6.724,1.12,1.15,0.47,0,0,19.43
4454,T10,D1_S5,D1,S5,0,0.0,6.724,1.12,1.15,11.31,2,0,18.96
4455,T01,CR1_S3,CR1,S3,0,0.0,8.135,1.57,1.15,1.29,0,0,15.39
4456,T02,S5_CR1,S5,CR1,1,199.6,10.342,0.89,1.15,10.3,3,0,35.11
4457,T04,S1_CR1,S1,CR1,1,191.1,8.767,0.8,1.15,0.69,2,0,30.25
4458,T09,D2_S4,D2,S4,0,0.0,6.638,1.49,1.35,1.4,1,0,24.19
4459,T08,S6_CR2,S6,CR2,1,181.9,8.342,1.9,1.35,8.85,2,0,27.64
4460,T01,S5_CR1,S5,CR1,1,195.5,10.342,0.89,1.15,3.86,3,0,32.75
4461,T06,S6_CR2,S6,CR2,1,179.3,8.342,1.9,1.35,2.95,2,1,32.84
4462,T01,CR1_S1,CR1,S1,0,0.0,8.767,0.8,1.15,3.66,4,1,31.97
4463,T09,CR1_S3,CR1,S3,0,0.0,8.135,1.57,1.15,5.14,4,0,20.96
4464,T10,S4_CR2,S4,CR2,1,183.5,6.855,1.9,1.35,4.4,1,0,21.24
4465,T05,S2_CR1,S2,CR1,1,203.6,8.334,1.39,1.15,8.59,6,1,41.12
4466,T07,S5_D1,S5,D1,1,208.8,6.724,1.12,1.15,4.59,0,1,20.24
4467,T09,S1_CR1,S1,CR1,1,205.1,8.767,0.8,1.15,1.46,2,0,29.09
4468,T05,S3_CR1,S3,CR1,1,220.0,8.135,1.57,1.15,6.66,3,0,22.22
4469,T08,S4_D2,S4,D2,1,182.1,6.638,1.49,1.35,9.38,3,0,29.34
4470,T05,S3_CR1,S3,CR1,1,201.9,8.135,1.57,1.15,11.62,2,0,22.78
4471,T02,CR2_S4,CR2,S4,0,0.0,6.855,1.9,1.35,3.3,1,0,19.26
4472,T10,S6_CR2,S6,CR2,1,174.5,8.342,1.9,1.35,6.57,3,0,29.82
4473,T07,S3_D2,S3,D2,1,195.4,6.362,1.39,1.35,4.16,4,0,27.96
4474,T03,S3_D2,S3,D2,1,196.4,6.362,1.39,1.35,6.61,5,1,36.03
4475,T10,CR1_S2,CR1,S2,0,0.0,8.334,1.39,1.15,1.25,1,0,20.12
4476,T02,CR2_S6,CR2,S6,0,0.0,8.342,1.9,1.35,6.14,7,0,26.95
4477,T09,S1_CR1,S1,CR1,1,182.0,8.767,0.8,1.15,1.42,2,1,40.33
4478,T04,D2_S4,D2,S4,0,0.0,6.638,1.49,1.35,1.82,2,0,21.4
4479,T10,S3_CR1,S3,CR1,1,165.7,8.135,1.57,1.15,9.57,2,0,20.81
4480,T08,CR1_S3,CR1,S3,0,0.0,8.135,1.57,1.15,4.11,3,0,18.39
4481,T01,S5_D1,S5,D1,1,177.8,6.724,1.12,1.15,9.34,1,1,23.75
4482,T06,CR1_S1,CR1,S1,0,0.0,8.767,0.8,1.15,7.65,5,0,24.48
4483,T08,S3_CR2,S3,CR2,1,168.6,6.579,1.9,1.35,1.79,0,0,20.74
4484,T09,D2_S4,D2,S4,0,0.0,6.638,1.49,1.35,6.84,5,0,21.88
4485,T05,S1_D1,S1,D1,1,191.0,5.834,1.12,1.15,9.55,5,0,19.94
4486,T06,S4_D2,S4,D2,1,204.0,6.638,1.49,1.35,4.77,3,0,28.99
4487,T01,S3_CR1,S3,CR1,1,197.0,8.135,1.57,1.15,10.55,4,0,24.34
4488,T10,S3_D2,S3,D2,1,219.1,6.362,1.39,1.35,6.17,3,1,35.11
4489,T04,S5_CR1,S5,CR1,1,169.3,10.342,0.89,1.15,10.99,2,0,33.72
4490,T05,S5_D1,S5,D1,1,202.9,6.724,1.12,1.15,1.82,4,0,21.54
4491,T02,D2_S4,D2,S4,0,0.0,6.638,1.49,1.35,4.81,1,0,20.93
4492,T01,CR2_S6,CR2,S6,0,0.0,8.342,1.9,1.35,3.34,4,0,22.33
4493,T08,CR2_S3,CR2,S3,0,0.0,6.579,1.9,1.35,10.49,1,0,19.09
4494,T08,S5_D1,S5,D1,1,196.6,6.724,1.12,1.15,7.09,3,0,19.47
4495,T02,S1_D1,S1,D1,1,188.9,5.834,1.12,1.15,2.17,1,0,14.92
4496,T05,CR2_S3,CR2,S3,0,0.0,6.579,1.9,1.35,10.11,2,0,19.43
4497,T02,S4_D2,S4,D2,1,176.6,6.638,1.49,1.35,5.33,3,0,28.15
4498,T08,S4_CR2,S4,CR2,1,196.3,6.855,1.9,1.35,5.13,4,1,29.22
4499,T01,S3_CR1,S3,CR1,1,183.1,8.135,1.57,1.15,0.46,4,0,25.01
4500,T04,D2_S4,D2,S4,0,0.0,6.638,1.49,1.35,2.84,1,0,19.15
4501,T02,CR1_S1,CR1,S1,0,0.0,8.767,0.8,1.15,10.23,1,0,23.66
4502,T10,S3_CR2,S3,CR2,1,183.0,6.579,1.9,1.35,11.37,1,0,20.02
4503,T07,S3_CR2,S3,CR2,1,179.9,6.579,1.9,1.35,7.41,4,0,23.59
4504,T10,CR2_S4,CR2,S4,0,0.0,6.855,1.9,1.35,11.47,1,0,17.85
4505,T04,S3_D2,S3,D2,1,169.5,6.362,1.39,1.35,0.04,1,1,38.98
4506,T02,S2_CR1,S2,CR1,1,201.1,8.334,1.39,1.15,1.43,2,0,29.15
4507,T08,D2_S4,D2,S4,0,0.0,6.638,1.49,1.35,11.2,0,0,18.99
4508,T04,CR2_S6,CR2,S6,0,0.0,8.342,1.9,1.35,9.49,5,1,36.88
4509,T09,S1_D1,S1,D1,1,173.2,5.834,1.12,1.15,1.33,2,0,17.52
4510,T06,S5_CR1,S5,CR1,1,187.2,10.342,0.89,1.15,1.36,3,0,33.4
4511,T04,CR1_S3,CR1,S3,0,0.0,8.135,1.57,1.15,3.72,1,0,16.58
4512,T07,CR2_S6,CR2,S6,0,0.0,8.342,1.9,1.35,0.61,1,0,20.98
4513,T05,S3_CR1,S3,CR1,1,201.7,8.135,1.57,1.15,0.1,1,0,19.92
4514,T04,D2_S4,D2,S4,0,0.0,6.638,1.49,1.35,0.89,1,0,22.93
4515,T10,CR2_S3,CR2,S3,0,0.0,6.579,1.9,1.35,9.62,0,0,17.3
4516,T08,CR1_S2,CR1,S2,0,0.0,8.334,1.39,1.15,6.74,2,0,20.61
4517,T05,CR2_S3,CR2,S3,0,0.0,6.579,1.9,1.35,6.87,4,0,21.65
4518,T01,D2_S4,D2,S4,0,0.0,6.638,1.49,1.35,2.6,0,0,20.88
4519,T08,S6_CR2,S6,CR2,1,197.9,8.342,1.9,1.35,5.17,5,1,36.74
4520,T10,S4_CR2,S4,CR2,1,174.8,6.855,1.9,1.35,9.0,1,0,24.34
4521,T08,D1_S5,D1,S5,0,0.0,6.724,1.12,1.15,10.42,1,0,16.28
4522,T08,S6_CR2,S6,CR2,1,185.8,8.342,1.9,1.35,9.55,4,0,27.02
4523,T03,S3_CR1,S3,CR1,1,202.6,8.135,1.57,1.15,2.36,1,0,18.12
4524,T05,D2_S3,D2,S3,0,0.0,6.362,1.39,1.35,6.59,4,0,23.88
4525,T02,S1_D1,S1,D1,1,207.6,5.834,1.12,1.15,7.44,5,0,18.72
4526,T08,S3_CR1,S3,CR1,1,177.6,8.135,1.57,1.15,9.99,3,0,21.81
4527,T04,S3_CR1,S3,CR1,1,182.4,8.135,1.57,1.15,5.66,1,0,21.06
4528,T06,S4_CR2,S4,CR2,1,196.4,6.855,1.9,1.35,7.74,1,0,23.07
4529,T06,S4_D2,S4,D2,1,173.7,6.638,1.49,1.35,9.38,1,0,26.52
4530,T06,S1_CR1,S1,CR1,1,183.5,8.767,0.8,1.15,11.88,2,0,27.74
4531,T08,D1_S1,D1,S1,0,0.0,5.834,1.12,1.15,0.69,0,0,11.29
4532,T09,D2_S4,D2,S4,0,0.0,6.638,1.49,1.35,5.03,3,0,23.31
4533,T04,S5_D1,S5,D1,1,220.0,6.724,1.12,1.15,8.3,2,0,20.21
4534,T04,D1_S1,D1,S1,0,0.0,5.834,1.12,1.15,11.09,1,0,11.84
4535,T02,CR2_S3,CR2,S3,0,0.0,6.579,1.9,1.35,9.24,3,0,19.24
4536,T04,S1_CR1,S1,CR1,1,217.2,8.767,0.8,1.15,5.65,3,1,36.32
4537,T08,D2_S3,D2,S3,0,0.0,6.362,1.39,1.35,4.9,3,0,25.4
4538,T06,S3_CR2,S3,CR2,1,201.6,6.579,1.9,1.35,4.21,2,0,21.76
4539,T07,CR1_S5,CR1,S5,0,0.0,10.342,0.89,1.15,0.35,1,0,28.07
4540,T09,CR1_S5,CR1,S5,0,0.0,10.342,0.89,1.15,10.61,3,0,28.82
4541,T05,S5_CR1,S5,CR1,1,202.0,10.342,0.89,1.15,5.04,6,0,39.24
4542,T04,CR2_S3,CR2,S3,0,0.0,6.579,1.9,1.35,2.92,3,0,22.11
4543,T05,D2_S4,D2,S4,0,0.0,6.638,1.49,1.35,8.06,2,0,20.96
4544,T01,CR1_S1,CR1,S1,0,0.0,8.767,0.8,1.15,4.35,1,0,22.31
4545,T07,D1_S1,D1,S1,0,0.0,5.834,1.12,1.15,8.1,3,0,13.6
4546,T10,S2_CR1,S2,CR1,1,175.3,8.334,1.39,1.15,5.37,5,1,42.52
4547,T09,D2_S4,D2,S4,0,0.0,6.638,1.49,1.35,0.74,0,0,20.3
4548,T05,CR2_S3,CR2,S3,0,0.0,6.579,1.9,1.35,0.3,1,0,17.1
4549,T01,S1_CR1,S1,CR1,1,189.6,8.767,0.8,1.15,0.8,0,0,24.77
4550,T02,S1_CR1,S1,CR1,1,212.2,8.767,0.8,1.15,5.0,7,1,41.51
4551,T09,S1_CR1,S1,CR1,1,212.1,8.767,0.8,1.15,1.32,2,0,29.04
4552,T04,S1_CR1,S1,CR1,1,209.7,8.767,0.8,1.15,7.76,0,0,25.99
4553,T08,CR1_S2,CR1,S2,0,0.0,8.334,1.39,1.15,1.74,1,0,23.87
4554,T01,CR2_S3,CR2,S3,0,0.0,6.579,1.9,1.35,5.93,3,0,19.22
4555,T06,S5_CR1,S5,CR1,1,193.8,10.342,0.89,1.15,2.65,2,0,34.46
4556,T03,S5_D1,S5,D1,1,195.1,6.724,1.12,1.15,5.71,7,0,23.03
4557,T08,CR1_S5,CR1,S5,0,0.0,10.342,0.89,1.15,2.55,2,0,30.68
4558,T09,S4_D2,S4,D2,1,197.5,6.638,1.49,1.35,6.89,7,0,33.07
4559,T08,CR1_S3,CR1,S3,0,0.0,8.135,1.57,1.15,11.57,1,0,17.32
4560,T08,S6_CR2,S6,CR2,1,204.5,8.342,1.9,1.35,5.62,3,0,26.29
4561,T05,S1_CR1,S1,CR1,1,189.3,8.767,0.8,1.15,9.53,1,1,36.53
4562,T08,D2_S4,D2,S4,0,0.0,6.638,1.49,1.35,7.84,0,1,29.62
4563,T07,CR1_S2,CR1,S2,0,0.0,8.334,1.39,1.15,4.65,2,0,23.34
4564,T01,CR1_S3,CR1,S3,0,0.0,8.135,1.57,1.15,4.7,4,1,25.96
4565,T04,CR1_S5,CR1,S5,0,0.0,10.342,0.89,1.15,7.76,2,0,24.46
4566,T04,CR2_S3,CR2,S3,0,0.0,6.579,1.9,1.35,6.02,2,0,21.2
4567,T09,CR2_S4,CR2,S4,0,0.0,6.855,1.9,1.35,9.84,3,0,19.73
4568,T08,S3_CR1,S3,CR1,1,182.5,8.135,1.57,1.15,10.04,4,0,23.03
4569,T08,CR2_S6,CR2,S6,0,0.0,8.342,1.9,1.35,2.41,1,0,22.51
4570,T05,S5_D1,S5,D1,1,209.3,6.724,1.12,1.15,7.28,3,1,31.05
4571,T05,D2_S4,D2,S4,0,0.0,6.638,1.49,1.35,6.49,3,0,24.71
4572,T08,D1_S5,D1,S5,0,0.0,6.724,1.12,1.15,8.91,0,0,12.77
4573,T09,D1_S5,D1,S5,0,0.0,6.724,1.12,1.15,3.64,3,1,23.37
4574,T05,CR2_S6,CR2,S6,0,0.0,8.342,1.9,1.35,10.26,2,0,22.31
4575,T09,S4_D2,S4,D2,1,196.3,6.638,1.49,1.35,10.49,4,0,29.81
4576,T03,CR1_S5,CR1,S5,0,0.0,10.342,0.89,1.15,1.37,2,1,31.76
4577,T02,CR1_S3,CR1,S3,0,0.0,8.135,1.57,1.15,11.22,4,0,20.21
4578,T06,S5_CR1,S5,CR1,1,206.1,10.342,0.89,1.15,11.73,2,1,41.41
4579,T03,CR2_S6,CR2,S6,0,0.0,8.342,1.9,1.35,0.56,3,0,23.21
4580,T09,D1_S5,D1,S5,0,0.0,6.724,1.12,1.15,9.92,0,0,14.58
4581,T03,D1_S5,D1,S5,0,0.0,6.724,1.12,1.15,0.74,2,0,16.27
4582,T08,CR1_S5,CR1,S5,0,0.0,10.342,0.89,1.15,5.82,6,0,30.45
4583,T05,D2_S3,D2,S3,0,0.0,6.362,1.39,1.35,3.82,2,0,22.2
4584,T02,CR2_S4,CR2,S4,0,0.0,6.855,1.9,1.35,11.15,1,0,17.49
4585,T07,CR2_S6,CR2,S6,0,0.0,8.342,1.9,1.35,3.47,2,1,29.47
4586,T03,S3_CR1,S3,CR1,1,187.1,8.135,1.57,1.15,8.72,3,0,21.21
4587,T06,CR2_S3,CR2,S3,0,0.0,6.579,1.9,1.35,3.33,3,0,19.17
4588,T07,CR1_S1,CR1,S1,0,0.0,8.767,0.8,1.15,7.32,2,0,24.35
4589,T01,CR2_S4,CR2,S4,0,0.0,6.855,1.9,1.35,2.92,2,0,21.93
4590,T10,D2_S3,D2,S3,0,0.0,6.362,1.39,1.35,1.9,3,0,24.67
4591,T05,S3_CR2,S3,CR2,1,192.2,6.579,1.9,1.35,8.4,1,0,23.69
4592,T02,CR2_S6,CR2,S6,0,0.0,8.342,1.9,1.35,1.3,0,1,24.18
4593,T08,S4_D2,S4,D2,1,192.8,6.638,1.49,1.35,4.21,3,0,28.04
4594,T10,CR1_S2,CR1,S2,0,0.0,8.334,1.39,1.15,10.86,2,0,22.18
4595,T08,CR2_S6,CR2,S6,0,0.0,8.342,1.9,1.35,11.84,2,0,23.55
4596,T03,S3_D2,S3,D2,1,189.0,6.362,1.39,1.35,9.96,2,0,27.79
4597,T08,S5_D1,S5,D1,1,201.1,6.724,1.12,1.15,6.28,8,1,31.67
4598,T02,S3_CR1,S3,CR1,1,211.3,8.135,1.57,1.15,11.47,3,1,27.66
4599,T04,CR2_S6,CR2,S6,0,0.0,8.342,1.9,1.35,3.89,4,0,22.59
4600,T01,CR1_S3,CR1,S3,0,0.0,8.135,1.57,1.15,11.86,2,0,16.13
4601,T02,S2_CR1,S2,CR1,1,204.4,8.334,1.39,1.15,5.45,2,0,26.97
4602,T08,S3_D2,S3,D2,1,180.0,6.362,1.39,1.35,4.31,1,0,26.05
4603,T02,S5_D1,S5,D1,1,179.7,6.724,1.12,1.15,4.17,0,0,19.35
4604,T02,S3_CR1,S3,CR1,1,190.8,8.135,1.57,1.15,6.69,5,1,30.74
4605,T02,S4_CR2,S4,CR2,1,194.1,6.855,1.9,1.35,2.9,1,0,20.39
4606,T08,S3_D2,S3,D2,1,175.4,6.362,1.39,1.35,5.54,5,1,35.25
4607,T09,S6_CR2,S6,CR2,1,184.9,8.342,1.9,1.35,3.61,1,0,25.39
4608,T06,CR1_S5,CR1,S5,0,0.0,10.342,0.89,1.15,2.06,0,0,29.03
4609,T02,CR2_S3,CR2,S3,0,0.0,6.579,1.9,1.35,5.07,5,1,30.08
4610,T05,S1_D1,S1,D1,1,186.0,5.834,1.12,1.15,10.34,2,0,17.21
4611,T03,S5_D1,S5,D1,1,203.7,6.724,1.12,1.15,10.77,1,1,26.54
4612,T06,S4_D2,S4,D2,1,220.0,6.638,1.49,1.35,6.96,5,0,24.4
4613,T05,CR2_S6,CR2,S6,0,0.0,8.342,1.9,1.35,2.86,0,0,18.01
4614,T10,CR2_S6,CR2,S6,0,0.0,8.342,1.9,1.35,6.84,4,0,24.37
4615,T06,D1_S5,D1,S5,0,0.0,6.724,1.12,1.15,11.9,1,0,13.67
4616,T08,CR1_S3,CR1,S3,0,0.0,8.135,1.57,1.15,9.99,3,0,20.06
4617,T05,CR1_S5,CR1,S5,0,0.0,10.342,0.89,1.15,8.57,3,0,24.85
4618,T02,S1_D1,S1,D1,1,191.4,5.834,1.12,1.15,10.2,4,0,18.16
4619,T07,CR1_S2,CR1,S2,0,0.0,8.334,1.39,1.15,2.75,1,0,22.61
4620,T01,S1_D1,S1,D1,1,163.4,5.834,1.12,1.15,1.28,3,1,20.12
4621,T02,CR1_S1,CR1,S1,0,0.0,8.767,0.8,1.15,5.97,1,0,20.83
4622,T08,S5_CR1,S5,CR1,1,220.0,10.342,0.89,1.15,4.92,2,0,33.73
4623,T02,S3_CR2,S3,CR2,1,189.0,6.579,1.9,1.35,7.76,3,0,24.25
4624,T04,S2_CR1,S2,CR1,1,216.6,8.334,1.39,1.15,7.44,4,0,30.48
4625,T10,D1_S5,D1,S5,0,0.0,6.724,1.12,1.15,8.0,3,1,21.79
4626,T04,CR1_S5,CR1,S5,0,0.0,10.342,0.89,1.15,8.98,4,0,30.21
4627,T08,D2_S3,D2,S3,0,0.0,6.362,1.39,1.35,7.16,5,0,27.25
4628,T02,D2_S3,D2,S3,0,0.0,6.362,1.39,1.35,11.55,2,1,31.07
4629,T05,D1_S5,D1,S5,0,0.0,6.724,1.12,1.15,6.48,3,0,19.57
4630,T05,S2_CR1,S2,CR1,1,203.7,8.334,1.39,1.15,7.1,2,0,28.39
4631,T03,S6_CR2,S6,CR2,1,188.1,8.342,1.9,1.35,9.97,1,0,28.15
4632,T08,S5_D1,S5,D1,1,192.4,6.724,1.12,1.15,7.02,1,1,25.99
4633,T07,CR2_S6,CR2,S6,0,0.0,8.342,1.9,1.35,4.79,4,0,23.76
4634,T09,S6_CR2,S6,CR2,1,174.4,8.342,1.9,1.35,9.81,5,0,27.89
4635,T02,S2_CR1,S2,CR1,1,176.3,8.334,1.39,1.15,4.49,4,0,27.6
4636,T06,S3_CR2,S3,CR2,1,193.0,6.579,1.9,1.35,11.62,2,0,24.39
4637,T05,CR2_S6,CR2,S6,0,0.0,8.342,1.9,1.35,10.23,2,0,19.62
4638,T07,S3_CR2,S3,CR2,1,187.5,6.579,1.9,1.35,5.13,4,0,25.56
4639,T06,CR1_S3,CR1,S3,0,0.0,8.135,1.57,1.15,10.11,1,0,18.45
4640,T06,S5_D1,S5,D1,1,197.5,6.724,1.12,1.15,5.18,3,0,20.94
4641,T03,S5_CR1,S5,CR1,1,184.4,10.342,0.89,1.15,11.5,2,0,39.32
4642,T04,S1_D1,S1,D1,1,209.0,5.834,1.12,1.15,9.19,4,1,20.91
4643,T10,S5_CR1,S5,CR1,1,185.0,10.342,0.89,1.15,2.28,1,0,32.26
4644,T02,S3_CR1,S3,CR1,1,214.7,8.135,1.57,1.15,2.23,3,1,28.0
4645,T06,D2_S4,D2,S4,0,0.0,6.638,1.49,1.35,1.29,0,0,21.19
4646,T09,S2_CR1,S2,CR1,1,202.1,8.334,1.39,1.15,4.79,3,1,37.54
4647,T03,CR1_S3,CR1,S3,0,0.0,8.135,1.57,1.15,7.39,3,1,21.72
4648,T01,S5_CR1,S5,CR1,1,190.6,10.342,0.89,1.15,3.47,2,0,35.83
4649,T08,D2_S3,D2,S3,0,0.0,6.362,1.39,1.35,3.31,2,0,23.23
4650,T07,S3_CR2,S3,CR2,1,172.0,6.579,1.9,1.35,7.4,4,0,25.51
4651,T09,D2_S3,D2,S3,0,0.0,6.362,1.39,1.35,10.09,2,1,28.89
4652,T01,S5_D1,S5,D1,1,202.9,6.724,1.12,1.15,4.35,4,0,22.66
4653,T03,S1_D1,S1,D1,1,212.6,5.834,1.12,1.15,11.17,3,0,17.73
4654,T06,CR2_S4,CR2,S4,0,0.0,6.855,1.9,1.35,5.27,2,0,19.43
4655,T08,CR2_S6,CR2,S6,0,0.0,8.342,1.9,1.35,10.21,0,0,21.16
4656,T03,D2_S3,D2,S3,0,0.0,6.362,1.39,1.35,10.92,1,0,20.11
4657,T01,D1_S1,D1,S1,0,0.0,5.834,1.12,1.15,2.79,1,0,11.39
4658,T01,CR1_S3,CR1,S3,0,0.0,8.135,1.57,1.15,9.3,1,0,15.94
4659,T10,S5_CR1,S5,CR1,1,209.8,10.342,0.89,1.15,8.08,3,1,45.03
4660,T09,S1_CR1,S1,CR1,1,197.3,8.767,0.8,1.15,2.16,6,0,38.1
4661,T09,S6_CR2,S6,CR2,1,217.8,8.342,1.9,1.35,1.87,3,1,36.31
4662,T05,S1_CR1,S1,CR1,1,200.7,8.767,0.8,1.15,2.41,2,0,29.84
4663,T09,S1_CR1,S1,CR1,1,191.0,8.767,0.8,1.15,1.28,2,0,30.32
4664,T07,CR2_S6,CR2,S6,0,0.0,8.342,1.9,1.35,10.76,2,0,23.49
4665,T09,CR2_S6,CR2,S6,0,0.0,8.342,1.9,1.35,3.33,2,0,23.17
4666,T04,S2_CR1,S2,CR1,1,184.1,8.334,1.39,1.15,6.15,8,0,38.7
4667,T03,S3_CR2,S3,CR2,1,200.4,6.579,1.9,1.35,2.91,0,0,22.4
4668,T05,S4_D2,S4,D2,1,198.3,6.638,1.49,1.35,3.6,3,1,38.64
4669,T05,CR1_S1,CR1,S1,0,0.0,8.767,0.8,1.15,1.3,0,0,19.32
4670,T01,D1_S1,D1,S1,0,0.0,5.834,1.12,1.15,6.9,6,0,18.26
4671,T02,CR1_S3,CR1,S3,0,0.0,8.135,1.57,1.15,3.11,4,0,20.43
4672,T08,S6_CR2,S6,CR2,1,202.7,8.342,1.9,1.35,3.43,3,1,32.15
4673,T10,D1_S5,D1,S5,0,0.0,6.724,1.12,1.15,10.91,3,0,17.01
4674,T07,D1_S5,D1,S5,0,0.0,6.724,1.12,1.15,6.9,4,1,25.12
4675,T01,S3_CR1,S3,CR1,1,177.7,8.135,1.57,1.15,0.72,1,0,21.77
4676,T05,D2_S3,D2,S3,0,0.0,6.362,1.39,1.35,9.52,2,0,22.52
4677,T03,S2_CR1,S2,CR1,1,187.6,8.334,1.39,1.15,8.96,1,0,27.62
4678,T06,S5_CR1,S5,CR1,1,181.0,10.342,0.89,1.15,9.88,1,0,33.09
4679,T03,S1_CR1,S1,CR1,1,209.7,8.767,0.8,1.15,9.67,1,1,36.0
4680,T09,CR1_S2,CR1,S2,0,0.0,8.334,1.39,1.15,10.91,2,0,22.73
4681,T05,S4_D2,S4,D2,1,194.3,6.638,1.49,1.35,10.09,2,0,22.89
4682,T02,S4_D2,S4,D2,1,214.0,6.638,1.49,1.35,1.71,2,1,34.51
4683,T01,CR1_S3,CR1,S3,0,0.0,8.135,1.57,1.15,11.63,3,0,16.23
4684,T06,S5_D1,S5,D1,1,215.2,6.724,1.12,1.15,5.4,3,0,22.36
4685,T06,S3_CR1,S3,CR1,1,169.0,8.135,1.57,1.15,7.13,4,0,23.6
4686,T06,S5_CR1,S5,CR1,1,200.6,10.342,0.89,1.15,5.43,3,0,34.28
4687,T07,S1_CR1,S1,CR1,1,177.3,8.767,0.8,1.15,7.93,7,0,35.12
4688,T02,S1_D1,S1,D1,1,196.6,5.834,1.12,1.15,5.65,2,0,15.95
4689,T01,D2_S4,D2,S4,0,0.0,6.638,1.49,1.35,4.52,5,1,30.99
4690,T04,S5_D1,S5,D1,1,177.5,6.724,1.12,1.15,4.86,2,1,24.26
4691,T06,CR1_S2,CR1,S2,0,0.0,8.334,1.39,1.15,6.39,6,0,25.01
4692,T09,D1_S5,D1,S5,0,0.0,6.724,1.12,1.15,1.88,3,0,17.37
4693,T08,S4_D2,S4,D2,1,200.2,6.638,1.49,1.35,0.41,0,0,24.26
4694,T10,CR2_S3,CR2,S3,0,0.0,6.579,1.9,1.35,1.54,2,0,19.42
4695,T03,S5_D1,S5,D1,1,196.2,6.724,1.12,1.15,4.99,4,0,22.33
4696,T03,CR1_S1,CR1,S1,0,0.0,8.767,0.8,1.15,5.17,2,0,25.4
4697,T03,S6_CR2,S6,CR2,1,158.5,8.342,1.9,1.35,9.41,3,0,25.58
4698,T08,S5_CR1,S5,CR1,1,199.9,10.342,0.89,1.15,3.61,3,0,36.75
4699,T07,S3_CR2,S3,CR2,1,171.3,6.579,1.9,1.35,3.03,2,0,25.52
4700,T07,S5_CR1,S5,CR1,1,201.7,10.342,0.89,1.15,0.93,1,0,31.5
4701,T10,S2_CR1,S2,CR1,1,220.0,8.334,1.39,1.15,4.0,2,1,39.23
4702,T10,D1_S1,D1,S1,0,0.0,5.834,1.12,1.15,2.64,2,0,13.52
4703,T10,S4_D2,S4,D2,1,187.9,6.638,1.49,1.35,9.49,6,0,28.93
4704,T03,S3_D2,S3,D2,1,186.5,6.362,1.39,1.35,6.26,2,0,29.04
4705,T04,CR2_S6,CR2,S6,0,0.0,8.342,1.9,1.35,4.23,2,1,24.28
4706,T04,CR1_S5,CR1,S5,0,0.0,10.342,0.89,1.15,2.57,0,0,24.67
4707,T10,S2_CR1,S2,CR1,1,216.2,8.334,1.39,1.15,11.67,1,0,28.19
4708,T03,CR2_S4,CR2,S4,0,0.0,6.855,1.9,1.35,6.95,6,0,24.87
4709,T06,S3_CR1,S3,CR1,1,193.5,8.135,1.57,1.15,10.42,3,0,21.58
4710,T04,D1_S5,D1,S5,0,0.0,6.724,1.12,1.15,9.8,3,1,23.87
4711,T07,CR1_S5,CR1,S5,0,0.0,10.342,0.89,1.15,2.23,1,1,30.75
4712,T05,S4_D2,S4,D2,1,197.3,6.638,1.49,1.35,10.13,2,1,35.42
4713,T08,S3_D2,S3,D2,1,220.0,6.362,1.39,1.35,2.48,5,0,31.97
4714,T09,D1_S5,D1,S5,0,0.0,6.724,1.12,1.15,9.84,1,1,19.23
4715,T05,S3_D2,S3,D2,1,187.2,6.362,1.39,1.35,7.07,2,0,26.0
4716,T02,S5_D1,S5,D1,1,188.5,6.724,1.12,1.15,11.59,2,0,21.49
4717,T03,S6_CR2,S6,CR2,1,192.5,8.342,1.9,1.35,5.05,3,0,28.46
4718,T09,S4_CR2,S4,CR2,1,198.0,6.855,1.9,1.35,7.69,3,0,23.15
4719,T02,CR1_S1,CR1,S1,0,0.0,8.767,0.8,1.15,9.0,2,0,22.22
4720,T09,D1_S5,D1,S5,0,0.0,6.724,1.12,1.15,2.39,1,0,15.83
4721,T08,D1_S5,D1,S5,0,0.0,6.724,1.12,1.15,8.86,1,0,17.33
4722,T01,D1_S5,D1,S5,0,0.0,6.724,1.12,1.15,3.52,0,0,16.54
4723,T09,S1_CR1,S1,CR1,1,180.6,8.767,0.8,1.15,2.85,3,1,33.61
4724,T10,S6_CR2,S6,CR2,1,197.2,8.342,1.9,1.35,11.79,3,0,27.91
4725,T03,D2_S3,D2,S3,0,0.0,6.362,1.39,1.35,6.66,4,1,35.39
4726,T08,CR1_S3,CR1,S3,0,0.0,8.135,1.57,1.15,6.9,3,1,22.46
4727,T02,S5_D1,S5,D1,1,177.3,6.724,1.12,1.15,9.95,1,0,20.27
4728,T04,S5_D1,S5,D1,1,195.6,6.724,1.12,1.15,9.56,4,0,21.82
4729,T03,CR1_S2,CR1,S2,0,0.0,8.334,1.39,1.15,7.14,5,0,24.98
4730,T10,S1_D1,S1,D1,1,199.2,5.834,1.12,1.15,2.37,1,0,16.31
4731,T02,S3_CR2,S3,CR2,1,193.8,6.579,1.9,1.35,1.51,4,0,27.13
4732,T09,S5_CR1,S5,CR1,1,201.7,10.342,0.89,1.15,11.98,3,0,33.06
4733,T09,CR2_S3,CR2,S3,0,0.0,6.579,1.9,1.35,11.86,2,1,26.64
4734,T10,CR1_S3,CR1,S3,0,0.0,8.135,1.57,1.15,0.45,2,0,16.12
4735,T09,S3_D2,S3,D2,1,205.2,6.362,1.39,1.35,0.49,0,0,25.5
4736,T01,S3_CR1,S3,CR1,1,197.4,8.135,1.57,1.15,4.25,5,0,25.3
4737,T10,D1_S5,D1,S5,0,0.0,6.724,1.12,1.15,11.98,1,0,17.04
4738,T04,S5_CR1,S5,CR1,1,200.5,10.342,0.89,1.15,2.68,0,0,33.9
4739,T10,S1_CR1,S1,CR1,1,200.5,8.767,0.8,1.15,8.94,2,0,26.9
4740,T02,S3_CR2,S3,CR2,1,173.7,6.579,1.9,1.35,2.33,3,0,22.34
4741,T03,S4_CR2,S4,CR2,1,169.5,6.855,1.9,1.35,11.24,4,0,24.6
4742,T02,S3_D2,S3,D2,1,188.4,6.362,1.39,1.35,1.7,2,0,27.56
4743,T09,CR1_S1,CR1,S1,0,0.0,8.767,0.8,1.15,0.71,2,0,22.42
4744,T01,CR1_S1,CR1,S1,0,0.0,8.767,0.8,1.15,8.04,3,0,26.24
4745,T08,S4_CR2,S4,CR2,1,205.1,6.855,1.9,1.35,11.92,1,0,22.75
4746,T04,D1_S1,D1,S1,0,0.0,5.834,1.12,1.15,10.2,3,0,12.87
4747,T02,S1_D1,S1,D1,1,191.3,5.834,1.12,1.15,8.64,0,0,14.73
4748,T05,S5_D1,S5,D1,1,189.0,6.724,1.12,1.15,7.34,6,0,23.52
4749,T07,S3_D2,S3,D2,1,215.4,6.362,1.39,1.35,0.02,2,0,26.15
4750,T01,D1_S1,D1,S1,0,0.0,5.834,1.12,1.15,6.96,6,0,18.41
4751,T02,CR1_S2,CR1,S2,0,0.0,8.334,1.39,1.15,5.71,3,0,22.79
4752,T10,S2_CR1,S2,CR1,1,197.7,8.334,1.39,1.15,2.08,3,0,28.24
4753,T03,D1_S5,D1,S5,0,0.0,6.724,1.12,1.15,1.9,1,0,14.68
4754,T07,S5_D1,S5,D1,1,187.4,6.724,1.12,1.15,0.54,4,1,31.86
4755,T01,S5_CR1,S5,CR1,1,218.1,10.342,0.89,1.15,6.43,2,0,33.13
4756,T06,D2_S3,D2,S3,0,0.0,6.362,1.39,1.35,0.49,3,1,26.89
4757,T07,D2_S3,D2,S3,0,0.0,6.362,1.39,1.35,3.58,4,1,34.84
4758,T09,S5_CR1,S5,CR1,1,195.6,10.342,0.89,1.15,11.98,2,0,33.01
4759,T02,S6_CR2,S6,CR2,1,205.3,8.342,1.9,1.35,2.45,4,0,27.56
4760,T08,CR1_S3,CR1,S3,0,0.0,8.135,1.57,1.15,9.63,2,0,20.42
4761,T07,D1_S1,D1,S1,0,0.0,5.834,1.12,1.15,1.24,2,0,15.11
4762,T08,CR1_S3,CR1,S3,0,0.0,8.135,1.57,1.15,4.88,2,0,17.94
4763,T02,CR1_S2,CR1,S2,0,0.0,8.334,1.39,1.15,9.52,0,0,22.37
4764,T07,S3_CR2,S3,CR2,1,193.2,6.579,1.9,1.35,11.35,0,1,30.36
4765,T01,S5_D1,S5,D1,1,188.2,6.724,1.12,1.15,10.09,2,0,22.27
4766,T05,CR2_S3,CR2,S3,0,0.0,6.579,1.9,1.35,4.95,7,1,30.83
4767,T01,S3_D2,S3,D2,1,197.1,6.362,1.39,1.35,4.96,2,0,27.46
4768,T04,S5_CR1,S5,CR1,1,162.4,10.342,0.89,1.15,0.22,3,1,42.3
4769,T04,S5_CR1,S5,CR1,1,196.9,10.342,0.89,1.15,9.23,2,0,36.03
4770,T04,S1_D1,S1,D1,1,170.8,5.834,1.12,1.15,2.13,3,0,15.16
4771,T07,S3_D2,S3,D2,1,213.3,6.362,1.39,1.35,11.15,0,0,23.93
4772,T04,S1_D1,S1,D1,1,175.5,5.834,1.12,1.15,8.99,1,1,19.23
4773,T10,S2_CR1,S2,CR1,1,192.2,8.334,1.39,1.15,1.66,4,0,28.56
4774,T05,CR1_S3,CR1,S3,0,0.0,8.135,1.57,1.15,9.65,3,0,18.01
4775,T10,S3_CR1,S3,CR1,1,192.1,8.135,1.57,1.15,9.85,2,0,20.14
4776,T10,S6_CR2,S6,CR2,1,181.7,8.342,1.9,1.35,5.04,6,0,29.03
4777,T04,D1_S1,D1,S1,0,0.0,5.834,1.12,1.15,2.47,2,0,13.74
4778,T05,S3_CR2,S3,CR2,1,220.0,6.579,1.9,1.35,1.15,1,0,22.06
4779,T09,S4_CR2,S4,CR2,1,181.9,6.855,1.9,1.35,3.38,2,0,24.9
4780,T04,D1_S5,D1,S5,0,0.0,6.724,1.12,1.15,0.09,2,0,16.94
4781,T06,CR2_S6,CR2,S6,0,0.0,8.342,1.9,1.35,8.4,2,0,21.95
4782,T01,CR2_S3,CR2,S3,0,0.0,6.579,1.9,1.35,8.54,0,0,17.24
4783,T02,S6_CR2,S6,CR2,1,193.5,8.342,1.9,1.35,10.44,2,1,33.69
4784,T03,CR1_S5,CR1,S5,0,0.0,10.342,0.89,1.15,10.23,0,0,26.62
4785,T01,CR2_S3,CR2,S3,0,0.0,6.579,1.9,1.35,0.47,1,0,17.66
4786,T02,S3_CR2,S3,CR2,1,220.0,6.579,1.9,1.35,1.97,1,1,27.27
4787,T07,CR1_S1,CR1,S1,0,0.0,8.767,0.8,1.15,10.2,1,0,20.87
4788,T01,S3_D2,S3,D2,1,201.5,6.362,1.39,1.35,8.33,5,0,30.17
4789,T05,S3_CR2,S3,CR2,1,211.9,6.579,1.9,1.35,5.42,4,0,24.27
4790,T03,D2_S4,D2,S4,0,0.0,6.638,1.49,1.35,8.08,5,0,25.75
4791,T07,S2_CR1,S2,CR1,1,219.0,8.334,1.39,1.15,11.95,2,0,26.58
4792,T07,S3_CR1,S3,CR1,1,220.0,8.135,1.57,1.15,6.14,8,1,34.43
4793,T09,S3_CR2,S3,CR2,1,213.1,6.579,1.9,1.35,6.51,3,1,36.0
4794,T02,D2_S4,D2,S4,0,0.0,6.638,1.49,1.35,10.7,0,0,21.77
4795,T05,CR1_S5,CR1,S5,0,0.0,10.342,0.89,1.15,6.05,2,1,36.0
4796,T04,S2_CR1,S2,CR1,1,220.0,8.334,1.39,1.15,0.84,4,0,29.78
4797,T01,S4_CR2,S4,CR2,1,193.7,6.855,1.9,1.35,6.46,3,0,22.49
4798,T05,S5_D1,S5,D1,1,189.5,6.724,1.12,1.15,3.68,1,0,18.04
4799,T10,CR1_S1,CR1,S1,0,0.0,8.767,0.8,1.15,6.05,5,0,26.54
4800,T03,S4_D2,S4,D2,1,196.6,6.638,1.49,1.35,4.44,3,0,28.26
4801,T10,S5_D1,S5,D1,1,163.1,6.724,1.12,1.15,10.47,0,0,19.66
4802,T08,CR1_S5,CR1,S5,0,0.0,10.342,0.89,1.15,1.39,1,1,32.39
4803,T03,S3_D2,S3,D2,1,216.1,6.362,1.39,1.35,2.38,6,1,42.91
4804,T02,CR2_S3,CR2,S3,0,0.0,6.579,1.9,1.35,0.55,2,0,18.12
4805,T03,S3_CR1,S3,CR1,1,183.5,8.135,1.57,1.15,2.98,2,0,19.02
4806,T08,S5_D1,S5,D1,1,196.9,6.724,1.12,1.15,0.67,5,1,33.57
4807,T05,CR2_S3,CR2,S3,0,0.0,6.579,1.9,1.35,2.96,1,0,17.61
4808,T03,S6_CR2,S6,CR2,1,193.4,8.342,1.9,1.35,1.52,1,0,28.14
4809,T09,D1_S1,D1,S1,0,0.0,5.834,1.12,1.15,10.98,0,0,11.45
4810,T02,CR2_S4,CR2,S4,0,0.0,6.855,1.9,1.35,5.48,4,0,21.32
4811,T08,D2_S4,D2,S4,0,0.0,6.638,1.49,1.35,5.36,5,0,22.91
4812,T01,S5_CR1,S5,CR1,1,216.0,10.342,0.89,1.15,1.89,2,0,32.14
4813,T06,D2_S4,D2,S4,0,0.0,6.638,1.49,1.35,7.17,5,0,22.58
4814,T09,S2_CR1,S2,CR1,1,185.7,8.334,1.39,1.15,11.05,5,0,29.97
4815,T04,D2_S3,D2,S3,0,0.0,6.362,1.39,1.35,8.8,4,1,31.23
4816,T09,S4_CR2,S4,CR2,1,212.3,6.855,1.9,1.35,10.8,0,1,24.95
4817,T02,D2_S3,D2,S3,0,0.0,6.362,1.39,1.35,4.42,6,0,26.21
4818,T08,S6_CR2,S6,CR2,1,207.8,8.342,1.9,1.35,8.33,2,0,24.88
4819,T06,S2_CR1,S2,CR1,1,188.0,8.334,1.39,1.15,0.41,2,1,36.95
4820,T06,S5_CR1,S5,CR1,1,199.8,10.342,0.89,1.15,6.29,7,0,35.99
4821,T06,S3_D2,S3,D2,1,220.0,6.362,1.39,1.35,10.77,1,0,26.11
4822,T01,CR1_S5,CR1,S5,0,0.0,10.342,0.89,1.15,5.76,4,0,29.94
4823,T02,S5_CR1,S5,CR1,1,201.4,10.342,0.89,1.15,4.97,7,0,39.69
4824,T07,S3_CR1,S3,CR1,1,181.4,8.135,1.57,1.15,0.6,3,0,22.32
4825,T03,CR2_S6,CR2,S6,0,0.0,8.342,1.9,1.35,0.09,3,1,26.19
4826,T03,CR1_S2,CR1,S2,0,0.0,8.334,1.39,1.15,8.76,3,0,22.21
4827,T04,S4_D2,S4,D2,1,199.2,6.638,1.49,1.35,3.71,1,0,27.09
4828,T09,CR2_S6,CR2,S6,0,0.0,8.342,1.9,1.35,5.5,4,1,31.5
4829,T05,S1_D1,S1,D1,1,183.2,5.834,1.12,1.15,9.28,2,1,21.7
4830,T03,CR2_S6,CR2,S6,0,0.0,8.342,1.9,1.35,6.51,5,0,23.01
4831,T09,CR1_S5,CR1,S5,0,0.0,10.342,0.89,1.15,8.28,2,0,29.1
4832,T02,CR2_S3,CR2,S3,0,0.0,6.579,1.9,1.35,7.23,2,0,19.64
4833,T03,S3_CR2,S3,CR2,1,195.8,6.579,1.9,1.35,1.82,1,0,19.44
4834,T06,D1_S5,D1,S5,0,0.0,6.724,1.12,1.15,2.11,8,0,21.71
4835,T01,S4_CR2,S4,CR2,1,183.8,6.855,1.9,1.35,1.63,1,0,22.93
4836,T04,S3_D2,S3,D2,1,175.1,6.362,1.39,1.35,2.63,5,0,27.57
4837,T04,S3_D2,S3,D2,1,175.7,6.362,1.39,1.35,9.11,2,1,35.45
4838,T10,D1_S1,D1,S1,0,0.0,5.834,1.12,1.15,10.41,0,0,12.07
4839,T05,S1_D1,S1,D1,1,194.4,5.834,1.12,1.15,2.82,3,0,17.52
4840,T07,CR2_S4,CR2,S4,0,0.0,6.855,1.9,1.35,2.76,1,0,18.05
4841,T08,S5_D1,S5,D1,1,211.5,6.724,1.12,1.15,10.3,1,0,19.35
4842,T04,S3_D2,S3,D2,1,179.6,6.362,1.39,1.35,0.49,4,0,28.69
4843,T08,S4_CR2,S4,CR2,1,193.6,6.855,1.9,1.35,1.25,4,0,26.24
4844,T04,CR1_S5,CR1,S5,0,0.0,10.342,0.89,1.15,4.35,6,0,28.63
4845,T05,CR1_S3,CR1,S3,0,0.0,8.135,1.57,1.15,2.08,3,0,18.25
4846,T09,S5_D1,S5,D1,1,191.7,6.724,1.12,1.15,0.82,2,0,22.88
4847,T07,S5_D1,S5,D1,1,176.8,6.724,1.12,1.15,0.04,4,0,20.51
4848,T09,S3_CR1,S3,CR1,1,215.7,8.135,1.57,1.15,5.78,5,0,23.95
4849,T06,CR1_S1,CR1,S1,0,0.0,8.767,0.8,1.15,6.62,6,1,33.48
4850,T02,S2_CR1,S2,CR1,1,187.6,8.334,1.39,1.15,4.61,1,0,30.52
4851,T08,D2_S3,D2,S3,0,0.0,6.362,1.39,1.35,5.82,3,0,22.45
4852,T06,D1_S5,D1,S5,0,0.0,6.724,1.12,1.15,4.53,7,0,18.7
4853,T02,CR1_S5,CR1,S5,0,0.0,10.342,0.89,1.15,6.74,4,0,32.13
4854,T05,CR2_S3,CR2,S3,0,0.0,6.579,1.9,1.35,1.16,1,0,17.0
4855,T10,S5_D1,S5,D1,1,190.3,6.724,1.12,1.15,9.44,1,0,19.81
4856,T04,S6_CR2,S6,CR2,1,187.7,8.342,1.9,1.35,3.72,1,0,25.82
4857,T02,CR1_S3,CR1,S3,0,0.0,8.135,1.57,1.15,9.49,0,0,15.37
4858,T04,CR2_S4,CR2,S4,0,0.0,6.855,1.9,1.35,11.66,2,0,19.32
4859,T01,CR1_S1,CR1,S1,0,0.0,8.767,0.8,1.15,9.25,4,0,22.9
4860,T04,S1_D1,S1,D1,1,219.9,5.834,1.12,1.15,11.22,2,0,17.59
4861,T01,S3_D2,S3,D2,1,200.9,6.362,1.39,1.35,2.55,3,0,27.05
4862,T05,S5_D1,S5,D1,1,199.4,6.724,1.12,1.15,4.94,1,0,20.36
4863,T03,S3_CR2,S3,CR2,1,190.6,6.579,1.9,1.35,3.85,2,0,24.16
4864,T10,CR1_S5,CR1,S5,0,0.0,10.342,0.89,1.15,0.63,0,0,28.5
4865,T01,S5_D1,S5,D1,1,201.2,6.724,1.12,1.15,9.28,2,1,28.68
4866,T01,S4_D2,S4,D2,1,194.3,6.638,1.49,1.35,10.67,3,0,25.7
4867,T04,D2_S3,D2,S3,0,0.0,6.362,1.39,1.35,0.4,1,0,18.44
4868,T05,S3_CR2,S3,CR2,1,195.7,6.579,1.9,1.35,9.25,3,0,24.35
4869,T06,S4_CR2,S4,CR2,1,187.9,6.855,1.9,1.35,3.19,3,0,24.03
4870,T09,CR1_S3,CR1,S3,0,0.0,8.135,1.57,1.15,10.81,0,0,16.03
4871,T04,S3_CR2,S3,CR2,1,164.0,6.579,1.9,1.35,2.4,3,1,33.36
4872,T01,D1_S5,D1,S5,0,0.0,6.724,1.12,1.15,10.5,3,1,24.74
4873,T06,S1_CR1,S1,CR1,1,210.6,8.767,0.8,1.15,5.91,2,0,27.96
4874,T06,CR1_S2,CR1,S2,0,0.0,8.334,1.39,1.15,10.48,3,0,24.73
4875,T06,CR1_S1,CR1,S1,0,0.0,8.767,0.8,1.15,7.42,5,0,25.53
4876,T03,S1_CR1,S1,CR1,1,201.6,8.767,0.8,1.15,6.47,5,0,33.05
4877,T04,S3_D2,S3,D2,1,199.5,6.362,1.39,1.35,0.71,4,0,29.34
4878,T04,CR1_S1,CR1,S1,0,0.0,8.767,0.8,1.15,7.28,4,0,27.62
4879,T08,CR2_S6,CR2,S6,0,0.0,8.342,1.9,1.35,8.57,2,0,23.72
4880,T07,S4_D2,S4,D2,1,171.5,6.638,1.49,1.35,1.79,1,0,24.45
4881,T09,S1_D1,S1,D1,1,220.0,5.834,1.12,1.15,2.27,0,0,13.55
4882,T04,CR1_S5,CR1,S5,0,0.0,10.342,0.89,1.15,1.11,1,0,27.03
4883,T02,S1_D1,S1,D1,1,199.9,5.834,1.12,1.15,6.98,2,1,21.13
4884,T09,CR2_S4,CR2,S4,0,0.0,6.855,1.9,1.35,9.3,3,0,18.21
4885,T09,CR1_S3,CR1,S3,0,0.0,8.135,1.57,1.15,9.71,1,0,15.36
4886,T04,S5_CR1,S5,CR1,1,197.6,10.342,0.89,1.15,0.63,2,0,33.48
4887,T07,D1_S5,D1,S5,0,0.0,6.724,1.12,1.15,10.48,1,1,19.38
4888,T04,D2_S3,D2,S3,0,0.0,6.362,1.39,1.35,5.44,4,0,22.77
4889,T01,CR2_S4,CR2,S4,0,0.0,6.855,1.9,1.35,9.81,1,0,17.26
4890,T04,CR2_S4,CR2,S4,0,0.0,6.855,1.9,1.35,7.08,8,0,23.94
4891,T04,CR2_S4,CR2,S4,0,0.0,6.855,1.9,1.35,7.79,3,0,20.61
4892,T02,CR1_S3,CR1,S3,0,0.0,8.135,1.57,1.15,6.78,1,1,19.53
4893,T05,CR2_S6,CR2,S6,0,0.0,8.342,1.9,1.35,6.29,3,0,25.85
4894,T04,S1_D1,S1,D1,1,173.1,5.834,1.12,1.15,11.84,2,0,16.96
4895,T01,S3_CR1,S3,CR1,1,207.8,8.135,1.57,1.15,3.81,2,1,28.49
4896,T09,S5_CR1,S5,CR1,1,206.8,10.342,0.89,1.15,6.62,3,0,36.66
4897,T01,CR1_S2,CR1,S2,0,0.0,8.334,1.39,1.15,7.33,1,0,22.13
4898,T01,CR2_S6,CR2,S6,0,0.0,8.342,1.9,1.35,6.64,5,0,26.44
4899,T08,CR1_S1,CR1,S1,0,0.0,8.767,0.8,1.15,1.4,1,0,21.5
4900,T02,S5_CR1,S5,CR1,1,181.4,10.342,0.89,1.15,4.38,1,0,33.42
4901,T01,S6_CR2,S6,CR2,1,181.1,8.342,1.9,1.35,5.6,3,0,32.31
4902,T08,S1_CR1,S1,CR1,1,178.2,8.767,0.8,1.15,6.75,4,0,32.08
4903,T06,D2_S4,D2,S4,0,0.0,6.638,1.49,1.35,7.61,2,1,34.6
4904,T04,D2_S4,D2,S4,0,0.0,6.638,1.49,1.35,11.81,0,1,26.08
4905,T01,CR1_S5,CR1,S5,0,0.0,10.342,0.89,1.15,10.48,2,0,28.18
4906,T08,CR1_S2,CR1,S2,0,0.0,8.334,1.39,1.15,5.89,3,1,30.3
4907,T09,D1_S1,D1,S1,0,0.0,5.834,1.12,1.15,0.76,1,0,12.4
4908,T04,D1_S5,D1,S5,0,0.0,6.724,1.12,1.15,4.88,6,0,19.27
4909,T09,CR2_S3,CR2,S3,0,0.0,6.579,1.9,1.35,0.96,1,0,18.84
4910,T06,S6_CR2,S6,CR2,1,200.4,8.342,1.9,1.35,0.47,5,0,31.0
4911,T04,S5_CR1,S5,CR1,1,182.8,10.342,0.89,1.15,2.94,4,0,37.37
4912,T06,S1_D1,S1,D1,1,197.3,5.834,1.12,1.15,0.12,3,0,18.42
4913,T03,S1_CR1,S1,CR1,1,190.7,8.767,0.8,1.15,2.7,1,1,37.54
4914,T03,S4_D2,S4,D2,1,182.8,6.638,1.49,1.35,5.61,2,0,26.83
4915,T10,S4_D2,S4,D2,1,193.5,6.638,1.49,1.35,7.93,1,0,24.53
4916,T03,S5_D1,S5,D1,1,193.2,6.724,1.12,1.15,6.67,4,0,21.75
4917,T02,S1_CR1,S1,CR1,1,186.8,8.767,0.8,1.15,10.74,3,0,26.82
4918,T09,CR2_S6,CR2,S6,0,0.0,8.342,1.9,1.35,9.59,3,1,29.72
4919,T08,D1_S1,D1,S1,0,0.0,5.834,1.12,1.15,11.25,4,0,15.45
4920,T07,S1_D1,S1,D1,1,183.5,5.834,1.12,1.15,5.99,2,0,16.88
4921,T05,D2_S3,D2,S3,0,0.0,6.362,1.39,1.35,0.46,1,0,23.3
4922,T01,CR2_S6,CR2,S6,0,0.0,8.342,1.9,1.35,7.41,4,0,23.23
4923,T02,CR1_S5,CR1,S5,0,0.0,10.342,0.89,1.15,1.05,0,1,38.3
4924,T01,CR2_S6,CR2,S6,0,0.0,8.342,1.9,1.35,9.92,0,0,20.86
4925,T05,S5_D1,S5,D1,1,179.9,6.724,1.12,1.15,1.99,2,0,20.83
4926,T03,S3_CR1,S3,CR1,1,194.9,8.135,1.57,1.15,7.05,5,0,21.69
4927,T01,S4_CR2,S4,CR2,1,211.3,6.855,1.9,1.35,8.34,2,0,24.45
4928,T08,S4_CR2,S4,CR2,1,207.4,6.855,1.9,1.35,11.7,4,0,23.31
4929,T02,S1_CR1,S1,CR1,1,202.6,8.767,0.8,1.15,7.15,2,0,27.36
4930,T02,S2_CR1,S2,CR1,1,210.5,8.334,1.39,1.15,8.3,1,0,29.36
4931,T02,S4_CR2,S4,CR2,1,220.0,6.855,1.9,1.35,4.89,4,1,35.6
4932,T07,S4_D2,S4,D2,1,216.0,6.638,1.49,1.35,8.33,1,0,27.76
4933,T06,D1_S1,D1,S1,0,0.0,5.834,1.12,1.15,6.56,3,0,15.02
4934,T03,S3_D2,S3,D2,1,174.4,6.362,1.39,1.35,2.27,2,0,29.14
4935,T02,S4_CR2,S4,CR2,1,189.2,6.855,1.9,1.35,1.01,2,0,24.62
4936,T02,S4_D2,S4,D2,1,195.7,6.638,1.49,1.35,9.68,2,1,33.54
4937,T06,CR2_S6,CR2,S6,0,0.0,8.342,1.9,1.35,5.98,3,0,23.21
4938,T06,S5_D1,S5,D1,1,176.9,6.724,1.12,1.15,9.55,3,0,23.31
4939,T04,D1_S5,D1,S5,0,0.0,6.724,1.12,1.15,11.52,4,0,18.58
4940,T08,CR1_S5,CR1,S5,0,0.0,10.342,0.89,1.15,6.5,2,0,27.08
4941,T09,S4_CR2,S4,CR2,1,220.0,6.855,1.9,1.35,1.49,1,0,20.69
4942,T02,S5_D1,S5,D1,1,196.0,6.724,1.12,1.15,11.18,5,0,21.42
4943,T05,S5_D1,S5,D1,1,215.0,6.724,1.12,1.15,1.89,3,0,23.15
4944,T08,CR1_S1,CR1,S1,0,0.0,8.767,0.8,1.15,10.71,7,1,31.68
4945,T04,S4_D2,S4,D2,1,205.3,6.638,1.49,1.35,0.57,1,0,26.7
4946,T10,D1_S5,D1,S5,0,0.0,6.724,1.12,1.15,10.55,2,1,20.34
4947,T04,S1_D1,S1,D1,1,185.8,5.834,1.12,1.15,0.76,5,0,17.47
4948,T04,CR1_S1,CR1,S1,0,0.0,8.767,0.8,1.15,9.72,0,0,23.25
4949,T04,S1_D1,S1,D1,1,186.2,5.834,1.12,1.15,4.2,4,1,21.43
4950,T10,D1_S1,D1,S1,0,0.0,5.834,1.12,1.15,2.45,1,0,11.56
4951,T03,S3_D2,S3,D2,1,199.8,6.362,1.39,1.35,5.0,4,0,30.1
4952,T08,S3_CR1,S3,CR1,1,207.0,8.135,1.57,1.15,4.74,3,1,29.66
4953,T07,D1_S1,D1,S1,0,0.0,5.834,1.12,1.15,7.73,4,0,15.19
4954,T02,CR2_S3,CR2,S3,0,0.0,6.579,1.9,1.35,0.05,2,0,19.23
4955,T07,CR1_S3,CR1,S3,0,0.0,8.135,1.57,1.15,9.59,1,0,17.73
4956,T01,D1_S5,D1,S5,0,0.0,6.724,1.12,1.15,3.54,2,0,17.42
4957,T06,S3_CR1,S3,CR1,1,179.7,8.135,1.57,1.15,0.61,1,0,22.87
4958,T05,S6_CR2,S6,CR2,1,184.3,8.342,1.9,1.35,1.39,2,0,27.2
4959,T06,CR1_S5,CR1,S5,0,0.0,10.342,0.89,1.15,1.23,3,0,28.67
4960,T01,S4_CR2,S4,CR2,1,190.3,6.855,1.9,1.35,6.06,4,0,22.34
4961,T07,S5_D1,S5,D1,1,202.0,6.724,1.12,1.15,9.41,2,0,19.38
4962,T06,S5_CR1,S5,CR1,1,185.6,10.342,0.89,1.15,7.73,2,1,45.04
4963,T06,S5_D1,S5,D1,1,220.0,6.724,1.12,1.15,8.89,4,0,26.47
4964,T01,S3_CR1,S3,CR1,1,198.4,8.135,1.57,1.15,3.17,0,0,21.13
4965,T10,S1_D1,S1,D1,1,189.0,5.834,1.12,1.15,10.83,1,1,22.23
4966,T01,CR1_S3,CR1,S3,0,0.0,8.135,1.57,1.15,11.61,1,0,15.89
4967,T09,S3_CR2,S3,CR2,1,202.8,6.579,1.9,1.35,3.99,2,0,23.19
4968,T04,CR1_S2,CR1,S2,0,0.0,8.334,1.39,1.15,5.76,3,1,30.85
4969,T07,CR2_S6,CR2,S6,0,0.0,8.342,1.9,1.35,1.87,0,0,21.37
4970,T07,D2_S4,D2,S4,0,0.0,6.638,1.49,1.35,10.69,0,0,19.06
4971,T08,D1_S5,D1,S5,0,0.0,6.724,1.12,1.15,9.64,0,1,18.98
4972,T09,S3_CR2,S3,CR2,1,220.0,6.579,1.9,1.35,7.21,2,0,21.14
4973,T10,S4_CR2,S4,CR2,1,209.2,6.855,1.9,1.35,0.77,0,1,23.46
4974,T10,CR2_S6,CR2,S6,0,0.0,8.342,1.9,1.35,10.47,0,1,27.84
4975,T01,CR1_S2,CR1,S2,0,0.0,8.334,1.39,1.15,5.73,5,0,23.62
4976,T05,CR1_S2,CR1,S2,0,0.0,8.334,1.39,1.15,7.57,2,0,22.13
4977,T02,S6_CR2,S6,CR2,1,195.8,8.342,1.9,1.35,6.18,4,0,32.48
4978,T07,S1_D1,S1,D1,1,207.1,5.834,1.12,1.15,6.37,1,0,14.12
4979,T04,CR1_S1,CR1,S1,0,0.0,8.767,0.8,1.15,10.43,2,1,34.69
4980,T07,S2_CR1,S2,CR1,1,187.8,8.334,1.39,1.15,4.83,3,1,34.57
4981,T01,S3_D2,S3,D2,1,189.0,6.362,1.39,1.35,5.02,4,0,29.75
4982,T08,S3_D2,S3,D2,1,194.2,6.362,1.39,1.35,9.3,2,0,25.76
4983,T07,D1_S1,D1,S1,0,0.0,5.834,1.12,1.15,7.82,3,0,14.84
4984,T08,CR2_S6,CR2,S6,0,0.0,8.342,1.9,1.35,11.35,2,0,24.39
4985,T09,CR2_S3,CR2,S3,0,0.0,6.579,1.9,1.35,5.72,7,0,23.23
4986,T07,S1_CR1,S1,CR1,1,204.3,8.767,0.8,1.15,4.34,3,0,29.92
4987,T06,CR2_S3,CR2,S3,0,0.0,6.579,1.9,1.35,7.09,3,0,20.49
4988,T06,S3_CR2,S3,CR2,1,193.8,6.579,1.9,1.35,8.23,1,0,21.28
4989,T10,CR1_S5,CR1,S5,0,0.0,10.342,0.89,1.15,2.95,1,1,31.67
4990,T09,CR1_S3,CR1,S3,0,0.0,8.135,1.57,1.15,3.58,4,0,17.82
4991,T05,CR2_S6,CR2,S6,0,0.0,8.342,1.9,1.35,4.46,2,0,21.02
4992,T03,S2_CR1,S2,CR1,1,192.4,8.334,1.39,1.15,6.25,5,0,30.0
4993,T07,D2_S4,D2,S4,0,0.0,6.638,1.49,1.35,10.73,3,0,22.44
4994,T01,D1_S5,D1,S5,0,0.0,6.724,1.12,1.15,1.48,0,0,15.36
4995,T07,CR1_S2,CR1,S2,0,0.0,8.334,1.39,1.15,9.51,4,0,25.23
4996,T10,S3_D2,S3,D2,1,173.7,6.362,1.39,1.35,4.31,4,1,38.26
4997,T09,S6_CR2,S6,CR2,1,216.3,8.342,1.9,1.35,11.21,1,0,26.5
4998,T08,CR1_S5,CR1,S5,0,0.0,10.342,0.89,1.15,7.65,1,1,34.21
4999,T09,D1_S1,D1,S1,0,0.0,5.834,1.12,1.15,3.32,2,0,13.11
5000,T02,S3_CR2,S3,CR2,1,193.1,6.579,1.9,1.35,6.8,2,0,25.25
5001,T05,S2_CR1,S2,CR1,1,171.6,8.334,1.39,1.15,9.55,4,1,37.34
5002,T03,S3_D2,S3,D2,1,175.7,6.362,1.39,1.35,5.18,5,1,35.37
5003,T01,S2_CR1,S2,CR1,1,198.8,8.334,1.39,1.15,1.72,5,0,32.78
5004,T03,S4_CR2,S4,CR2,1,204.3,6.855,1.9,1.35,9.38,0,0,23.31
5005,T04,CR1_S3,CR1,S3,0,0.0,8.135,1.57,1.15,10.75,3,0,16.95
5006,T10,S3_CR2,S3,CR2,1,203.8,6.579,1.9,1.35,3.35,3,1,28.31
5007,T10,S1_D1,S1,D1,1,190.3,5.834,1.12,1.15,11.22,0,0,13.63
5008,T07,S4_D2,S4,D2,1,205.0,6.638,1.49,1.35,5.03,4,0,26.92
5009,T05,S4_D2,S4,D2,1,166.0,6.638,1.49,1.35,11.24,1,1,33.64
5010,T07,S4_D2,S4,D2,1,178.6,6.638,1.49,1.35,0.9,3,0,28.28
5011,T03,CR2_S4,CR2,S4,0,0.0,6.855,1.9,1.35,0.99,3,0,20.87
5012,T01,S3_CR1,S3,CR1,1,193.6,8.135,1.57,1.15,10.66,1,0,20.95
5013,T09,S6_CR2,S6,CR2,1,196.6,8.342,1.9,1.35,3.11,2,0,25.98
5014,T04,CR2_S4,CR2,S4,0,0.0,6.855,1.9,1.35,6.87,4,0,19.64
5015,T03,D2_S4,D2,S4,0,0.0,6.638,1.49,1.35,3.33,5,0,25.66
5016,T07,S1_CR1,S1,CR1,1,188.9,8.767,0.8,1.15,0.54,1,0,28.41
5017,T05,CR1_S1,CR1,S1,0,0.0,8.767,0.8,1.15,7.25,3,0,23.32
5018,T08,CR1_S1,CR1,S1,0,0.0,8.767,0.8,1.15,6.7,5,0,25.21
5019,T07,D1_S5,D1,S5,0,0.0,6.724,1.12,1.15,8.83,2,0,16.77
5020,T01,S5_D1,S5,D1,1,209.6,6.724,1.12,1.15,10.89,2,1,25.39
5021,T04,D1_S5,D1,S5,0,0.0,6.724,1.12,1.15,3.17,3,1,24.29
5022,T07,CR1_S1,CR1,S1,0,0.0,8.767,0.8,1.15,6.29,5,0,22.79
5023,T01,S1_D1,S1,D1,1,200.6,5.834,1.12,1.15,4.64,3,0,17.67
5024,T04,CR2_S6,CR2,S6,0,0.0,8.342,1.9,1.35,10.56,1,0,19.28
5025,T06,CR1_S2,CR1,S2,0,0.0,8.334,1.39,1.15,11.05,0,0,20.43
5026,T03,S1_CR1,S1,CR1,1,190.9,8.767,0.8,1.15,0.1,0,0,27.97
5027,T02,D1_S5,D1,S5,0,0.0,6.724,1.12,1.15,3.0,3,0,18.8
5028,T08,D2_S3,D2,S3,0,0.0,6.362,1.39,1.35,4.53,4,0,25.79
5029,T02,S1_CR1,S1,CR1,1,191.3,8.767,0.8,1.15,5.33,4,0,28.96
5030,T01,S3_CR1,S3,CR1,1,203.0,8.135,1.57,1.15,7.57,5,0,23.85
5031,T06,CR1_S1,CR1,S1,0,0.0,8.767,0.8,1.15,2.72,1,1,25.84
5032,T03,S4_CR2,S4,CR2,1,183.6,6.855,1.9,1.35,8.45,3,1,30.4
5033,T05,CR2_S4,CR2,S4,0,0.0,6.855,1.9,1.35,10.18,3,0,19.96
5034,T06,CR2_S4,CR2,S4,0,0.0,6.855,1.9,1.35,5.51,0,0,17.65
5035,T05,S2_CR1,S2,CR1,1,210.5,8.334,1.39,1.15,9.78,1,0,26.72
5036,T05,S3_CR1,S3,CR1,1,201.5,8.135,1.57,1.15,7.86,3,0,19.78
5037,T04,CR2_S6,CR2,S6,0,0.0,8.342,1.9,1.35,3.19,4,0,23.1
5038,T02,D2_S4,D2,S4,0,0.0,6.638,1.49,1.35,3.51,0,1,26.85
5039,T08,D1_S1,D1,S1,0,0.0,5.834,1.12,1.15,7.62,4,0,14.77
5040,T03,CR1_S3,CR1,S3,0,0.0,8.135,1.57,1.15,1.59,1,1,20.87
5041,T01,S3_CR2,S3,CR2,1,183.8,6.579,1.9,1.35,9.87,3,0,26.6
5042,T10,S2_CR1,S2,CR1,1,185.7,8.334,1.39,1.15,0.78,1,1,32.01
5043,T02,S5_CR1,S5,CR1,1,205.9,10.342,0.89,1.15,7.16,3,0,32.42
5044,T06,S2_CR1,S2,CR1,1,198.6,8.334,1.39,1.15,4.13,5,0,28.37
5045,T06,CR2_S3,CR2,S3,0,0.0,6.579,1.9,1.35,11.02,6,0,19.45
5046,T01,CR1_S3,CR1,S3,0,0.0,8.135,1.57,1.15,5.31,6,0,19.19
5047,T05,CR1_S1,CR1,S1,0,0.0,8.767,0.8,1.15,6.75,4,0,26.93
5048,T01,D1_S1,D1,S1,0,0.0,5.834,1.12,1.15,1.91,1,0,12.35
5049,T01,CR2_S4,CR2,S4,0,0.0,6.855,1.9,1.35,1.82,2,0,19.89
5050,T03,S4_D2,S4,D2,1,181.3,6.638,1.49,1.35,0.27,4,0,26.98
5051,T07,CR2_S3,CR2,S3,0,0.0,6.579,1.9,1.35,9.44,1,0,16.93
5052,T01,S3_D2,S3,D2,1,202.6,6.362,1.39,1.35,5.73,4,0,26.8
5053,T01,CR1_S1,CR1,S1,0,0.0,8.767,0.8,1.15,6.27,3,0,23.21
5054,T04,S3_CR2,S3,CR2,1,212.4,6.579,1.9,1.35,8.6,5,0,27.25
5055,T04,D1_S5,D1,S5,0,0.0,6.724,1.12,1.15,5.01,2,0,16.88
5056,T08,S1_CR1,S1,CR1,1,206.2,8.767,0.8,1.15,8.29,5,1,39.99
5057,T05,S4_D2,S4,D2,1,178.6,6.638,1.49,1.35,8.4,3,1,37.08
5058,T05,S1_D1,S1,D1,1,199.4,5.834,1.12,1.15,6.16,2,1,22.27
5059,T04,S4_CR2,S4,CR2,1,180.4,6.855,1.9,1.35,11.7,3,0,23.08
5060,T03,CR1_S3,CR1,S3,0,0.0,8.135,1.57,1.15,7.83,1,0,16.69
5061,T01,CR1_S1,CR1,S1,0,0.0,8.767,0.8,1.15,7.1,5,0,25.61
5062,T04,S2_CR1,S2,CR1,1,210.2,8.334,1.39,1.15,0.63,4,1,34.94
5063,T07,CR1_S1,CR1,S1,0,0.0,8.767,0.8,1.15,2.23,3,0,20.79
5064,T01,S3_D2,S3,D2,1,176.2,6.362,1.39,1.35,4.97,3,1,35.64
5065,T10,CR2_S4,CR2,S4,0,0.0,6.855,1.9,1.35,1.41,1,0,17.47
5066,T02,S1_D1,S1,D1,1,210.8,5.834,1.12,1.15,1.38,3,1,19.92
5067,T08,S1_CR1,S1,CR1,1,182.4,8.767,0.8,1.15,1.37,2,0,27.91
5068,T10,S1_D1,S1,D1,1,208.8,5.834,1.12,1.15,9.82,0,0,15.2
5069,T10,S2_CR1,S2,CR1,1,187.4,8.334,1.39,1.15,3.98,3,0,32.66
5070,T03,S1_D1,S1,D1,1,194.2,5.834,1.12,1.15,6.94,4,0,17.95
5071,T06,S4_CR2,S4,CR2,1,190.3,6.855,1.9,1.35,7.74,3,0,20.98
5072,T08,D2_S3,D2,S3,0,0.0,6.362,1.39,1.35,10.59,1,0,20.57
5073,T03,CR2_S6,CR2,S6,0,0.0,8.342,1.9,1.35,3.86,3,0,21.97
5074,T10,CR1_S2,CR1,S2,0,0.0,8.334,1.39,1.15,11.23,0,0,20.63
5075,T02,CR1_S3,CR1,S3,0,0.0,8.135,1.57,1.15,9.5,5,0,18.25
5076,T08,D2_S4,D2,S4,0,0.0,6.638,1.49,1.35,10.45,0,0,20.12
5077,T05,CR1_S2,CR1,S2,0,0.0,8.334,1.39,1.15,5.05,1,0,22.73
5078,T02,CR1_S2,CR1,S2,0,0.0,8.334,1.39,1.15,4.4,8,1,35.81
5079,T06,CR1_S2,CR1,S2,0,0.0,8.334,1.39,1.15,6.33,3,0,22.26
5080,T09,S5_D1,S5,D1,1,172.9,6.724,1.12,1.15,2.2,3,0,22.55
5081,T10,S5_CR1,S5,CR1,1,208.8,10.342,0.89,1.15,9.46,4,1,48.17
5082,T07,S4_CR2,S4,CR2,1,204.0,6.855,1.9,1.35,4.93,3,1,33.04
5083,T01,CR1_S5,CR1,S5,0,0.0,10.342,0.89,1.15,2.39,3,1,36.42
5084,T07,S5_D1,S5,D1,1,196.2,6.724,1.12,1.15,2.57,3,1,28.95
5085,T10,S2_CR1,S2,CR1,1,174.1,8.334,1.39,1.15,0.34,2,0,25.48
5086,T06,CR2_S6,CR2,S6,0,0.0,8.342,1.9,1.35,5.19,5,0,25.75
5087,T01,CR2_S3,CR2,S3,0,0.0,6.579,1.9,1.35,4.37,2,0,18.72
5088,T04,S2_CR1,S2,CR1,1,206.8,8.334,1.39,1.15,8.14,1,0,25.18
5089,T04,D1_S5,D1,S5,0,0.0,6.724,1.12,1.15,4.05,2,0,16.73
5090,T02,D1_S1,D1,S1,0,0.0,5.834,1.12,1.15,6.93,2,0,12.74
5091,T09,S4_D2,S4,D2,1,189.7,6.638,1.49,1.35,8.72,2,0,27.95
5092,T04,CR2_S3,CR2,S3,0,0.0,6.579,1.9,1.35,0.83,1,0,19.53
5093,T03,CR1_S5,CR1,S5,0,0.0,10.342,0.89,1.15,4.25,0,0,23.97
5094,T05,S4_CR2,S4,CR2,1,182.6,6.855,1.9,1.35,9.15,2,0,23.43
5095,T05,D2_S4,D2,S4,0,0.0,6.638,1.49,1.35,11.64,4,1,29.47
5096,T06,S3_D2,S3,D2,1,187.1,6.362,1.39,1.35,7.7,1,0,24.17
5097,T01,S3_CR2,S3,CR2,1,220.0,6.579,1.9,1.35,1.38,1,0,20.97
5098,T08,CR1_S5,CR1,S5,0,0.0,10.342,0.89,1.15,9.07,2,0,30.15
5099,T03,CR1_S5,CR1,S5,0,0.0,10.342,0.89,1.15,10.43,2,0,27.14
5100,T09,CR2_S4,CR2,S4,0,0.0,6.855,1.9,1.35,9.14,1,0,18.88
5101,T07,S3_CR1,S3,CR1,1,173.7,8.135,1.57,1.15,10.44,5,1,30.43
5102,T02,D2_S4,D2,S4,0,0.0,6.638,1.49,1.35,6.67,1,0,21.76
5103,T06,D1_S1,D1,S1,0,0.0,5.834,1.12,1.15,6.34,4,0,15.84
5104,T06,S5_CR1,S5,CR1,1,188.7,10.342,0.89,1.15,11.61,3,0,34.97
5105,T10,S3_CR1,S3,CR1,1,207.1,8.135,1.57,1.15,10.89,1,0,20.17
5106,T07,CR1_S5,CR1,S5,0,0.0,10.342,0.89,1.15,4.07,3,0,26.98
5107,T01,D2_S4,D2,S4,0,0.0,6.638,1.49,1.35,9.81,3,0,23.32
5108,T06,S4_CR2,S4,CR2,1,194.8,6.855,1.9,1.35,5.9,2,1,30.76
5109,T01,D1_S5,D1,S5,0,0.0,6.724,1.12,1.15,4.76,7,0,21.42
5110,T07,D2_S4,D2,S4,0,0.0,6.638,1.49,1.35,11.33,2,1,30.3
5111,T02,S3_CR2,S3,CR2,1,206.5,6.579,1.9,1.35,6.41,4,0,25.22
5112,T04,CR1_S5,CR1,S5,0,0.0,10.342,0.89,1.15,2.76,1,1,30.85
5113,T04,S4_D2,S4,D2,1,191.8,6.638,1.49,1.35,2.22,1,0,27.41
5114,T06,CR1_S1,CR1,S1,0,0.0,8.767,0.8,1.15,1.16,2,0,20.67
5115,T06,S3_CR2,S3,CR2,1,185.6,6.579,1.9,1.35,7.64,4,0,24.29
5116,T01,S3_D2,S3,D2,1,177.5,6.362,1.39,1.35,4.37,4,0,28.76
5117,T02,CR1_S1,CR1,S1,0,0.0,8.767,0.8,1.15,8.28,3,0,23.14
5118,T04,S4_D2,S4,D2,1,214.4,6.638,1.49,1.35,6.67,4,0,30.65
5119,T01,S4_D2,S4,D2,1,178.6,6.638,1.49,1.35,9.32,2,0,29.1
5120,T01,S6_CR2,S6,CR2,1,197.5,8.342,1.9,1.35,6.43,4,0,28.97
5121,T03,CR1_S2,CR1,S2,0,0.0,8.334,1.39,1.15,6.62,5,0,27.14
5122,T07,CR1_S5,CR1,S5,0,0.0,10.342,0.89,1.15,4.49,4,0,29.71
5123,T09,CR2_S4,CR2,S4,0,0.0,6.855,1.9,1.35,0.57,1,1,22.51
5124,T03,S5_D1,S5,D1,1,205.4,6.724,1.12,1.15,3.35,3,1,30.9
5125,T03,S1_D1,S1,D1,1,178.5,5.834,1.12,1.15,6.45,2,0,14.62
5126,T01,D2_S3,D2,S3,0,0.0,6.362,1.39,1.35,2.58,0,1,25.35
5127,T08,S4_D2,S4,D2,1,192.6,6.638,1.49,1.35,5.23,3,0,31.67
5128,T09,CR2_S6,CR2,S6,0,0.0,8.342,1.9,1.35,3.16,6,0,25.93
5129,T05,D2_S3,D2,S3,0,0.0,6.362,1.39,1.35,11.12,3,0,23.11
5130,T08,D2_S4,D2,S4,0,0.0,6.638,1.49,1.35,5.46,2,1,23.25
5131,T09,S6_CR2,S6,CR2,1,220.0,8.342,1.9,1.35,5.22,2,0,27.32
5132,T07,CR2_S6,CR2,S6,0,0.0,8.342,1.9,1.35,11.95,2,0,21.29
5133,T02,D1_S1,D1,S1,0,0.0,5.834,1.12,1.15,9.48,2,0,12.74
5134,T01,S6_CR2,S6,CR2,1,219.8,8.342,1.9,1.35,6.0,4,0,32.23
5135,T04,S4_CR2,S4,CR2,1,186.1,6.855,1.9,1.35,0.36,1,0,21.47
5136,T08,S3_CR1,S3,CR1,1,183.9,8.135,1.57,1.15,1.8,0,0,20.52
5137,T08,S5_D1,S5,D1,1,218.1,6.724,1.12,1.15,10.23,3,0,21.07
5138,T01,CR2_S4,CR2,S4,0,0.0,6.855,1.9,1.35,9.99,0,1,22.3
5139,T05,S3_D2,S3,D2,1,209.0,6.362,1.39,1.35,10.11,2,1,33.95
5140,T08,CR1_S3,CR1,S3,0,0.0,8.135,1.57,1.15,4.71,0,0,17.22
5141,T10,S3_D2,S3,D2,1,209.5,6.362,1.39,1.35,7.36,6,1,41.24
5142,T02,S4_CR2,S4,CR2,1,185.1,6.855,1.9,1.35,11.49,0,0,23.5
5143,T03,S5_D1,S5,D1,1,216.3,6.724,1.12,1.15,10.47,2,0,19.96
5144,T09,S1_CR1,S1,CR1,1,201.9,8.767,0.8,1.15,2.6,1,0,29.08
5145,T08,CR1_S2,CR1,S2,0,0.0,8.334,1.39,1.15,0.01,0,0,21.92
5146,T01,S3_CR2,S3,CR2,1,198.9,6.579,1.9,1.35,1.29,3,0,25.58
5147,T09,S1_D1,S1,D1,1,178.2,5.834,1.12,1.15,4.06,5,0,20.07
5148,T03,S5_CR1,S5,CR1,1,201.3,10.342,0.89,1.15,11.8,4,1,50.7
5149,T02,D1_S5,D1,S5,0,0.0,6.724,1.12,1.15,11.64,2,0,16.52
5150,T01,S1_CR1,S1,CR1,1,173.9,8.767,0.8,1.15,4.77,2,0,28.76
5151,T05,CR2_S6,CR2,S6,0,0.0,8.342,1.9,1.35,1.01,3,0,22.59
5152,T09,S3_CR2,S3,CR2,1,220.0,6.579,1.9,1.35,10.83,3,0,24.62
5153,T04,D1_S1,D1,S1,0,0.0,5.834,1.12,1.15,6.11,3,0,13.04
5154,T05,S3_CR1,S3,CR1,1,220.0,8.135,1.57,1.15,6.71,6,0,24.17
5155,T10,S2_CR1,S2,CR1,1,190.5,8.334,1.39,1.15,3.42,4,0,30.15
5156,T01,S1_CR1,S1,CR1,1,199.2,8.767,0.8,1.15,3.51,7,0,33.36
5157,T06,S2_CR1,S2,CR1,1,195.3,8.334,1.39,1.15,9.79,1,1,36.14
5158,T02,CR1_S2,CR1,S2,0,0.0,8.334,1.39,1.15,7.95,2,0,22.11
5159,T03,CR1_S3,CR1,S3,0,0.0,8.135,1.57,1.15,6.97,5,1,25.68
5160,T10,S2_CR1,S2,CR1,1,186.9,8.334,1.39,1.15,11.47,0,0,23.97
5161,T09,D1_S5,D1,S5,0,0.0,6.724,1.12,1.15,11.47,5,0,18.3
5162,T09,S3_CR1,S3,CR1,1,187.0,8.135,1.57,1.15,5.63,5,0,24.34
5163,T10,S4_D2,S4,D2,1,193.6,6.638,1.49,1.35,4.47,1,0,25.03
5164,T06,CR1_S1,CR1,S1,0,0.0,8.767,0.8,1.15,1.46,0,0,18.5
5165,T07,CR1_S2,CR1,S2,0,0.0,8.334,1.39,1.15,4.93,1,0,21.66
5166,T04,S6_CR2,S6,CR2,1,220.0,8.342,1.9,1.35,10.21,1,1,34.1
5167,T07,CR2_S6,CR2,S6,0,0.0,8.342,1.9,1.35,5.14,5,0,24.96
5168,T03,D2_S4,D2,S4,0,0.0,6.638,1.49,1.35,0.19,4,0,25.5
5169,T09,S5_D1,S5,D1,1,176.4,6.724,1.12,1.15,7.95,5,1,28.71
5170,T04,CR2_S4,CR2,S4,0,0.0,6.855,1.9,1.35,0.85,2,0,17.81
5171,T10,S5_D1,S5,D1,1,209.4,6.724,1.12,1.15,6.0,5,1,31.07
5172,T03,S3_CR1,S3,CR1,1,189.0,8.135,1.57,1.15,4.25,1,0,19.24
5173,T02,S3_CR1,S3,CR1,1,186.0,8.135,1.57,1.15,0.44,2,0,20.82
5174,T08,CR2_S3,CR2,S3,0,0.0,6.579,1.9,1.35,11.54,4,0,21.39
5175,T06,CR1_S3,CR1,S3,0,0.0,8.135,1.57,1.15,8.37,3,0,18.6
5176,T04,S4_CR2,S4,CR2,1,210.4,6.855,1.9,1.35,9.81,2,0,24.92
5177,T09,CR1_S2,CR1,S2,0,0.0,8.334,1.39,1.15,7.54,4,0,24.35
5178,T10,S1_D1,S1,D1,1,206.8,5.834,1.12,1.15,3.46,3,0,16.22
5179,T05,CR1_S3,CR1,S3,0,0.0,8.135,1.57,1.15,0.91,1,0,15.91
5180,T02,CR2_S6,CR2,S6,0,0.0,8.342,1.9,1.35,7.39,3,0,25.26
5181,T08,D1_S1,D1,S1,0,0.0,5.834,1.12,1.15,8.35,2,0,13.77
5182,T04,S3_CR1,S3,CR1,1,205.5,8.135,1.57,1.15,8.77,3,0,22.94
5183,T10,D1_S1,D1,S1,0,0.0,5.834,1.12,1.15,2.44,2,0,12.2
5184,T08,S5_CR1,S5,CR1,1,204.7,10.342,0.89,1.15,2.57,1,0,32.98
5185,T10,S1_D1,S1,D1,1,200.1,5.834,1.12,1.15,7.82,3,0,17.88
5186,T08,CR2_S4,CR2,S4,0,0.0,6.855,1.9,1.35,1.84,2,1,25.27
5187,T09,S3_CR1,S3,CR1,1,180.3,8.135,1.57,1.15,4.34,4,1,33.41
5188,T04,S1_D1,S1,D1,1,179.8,5.834,1.12,1.15,9.93,1,1,19.42
5189,T09,D1_S5,D1,S5,0,0.0,6.724,1.12,1.15,1.37,1,0,16.02
5190,T04,CR1_S1,CR1,S1,0,0.0,8.767,0.8,1.15,11.38,2,0,22.16
5191,T04,S1_CR1,S1,CR1,1,204.8,8.767,0.8,1.15,2.1,3,0,28.15
5192,T08,CR1_S3,CR1,S3,0,0.0,8.135,1.57,1.15,1.41,1,0,17.08
5193,T09,S5_D1,S5,D1,1,220.0,6.724,1.12,1.15,7.24,5,0,24.27
5194,T10,D2_S4,D2,S4,0,0.0,6.638,1.49,1.35,0.36,2,0,23.04
5195,T10,S4_D2,S4,D2,1,200.9,6.638,1.49,1.35,0.1,1,0,25.01
5196,T07,CR1_S2,CR1,S2,0,0.0,8.334,1.39,1.15,5.57,0,0,17.58
5197,T07,S5_D1,S5,D1,1,216.6,6.724,1.12,1.15,1.69,1,0,21.67
5198,T10,S4_D2,S4,D2,1,201.3,6.638,1.49,1.35,7.31,4,0,30.36
5199,T06,S6_CR2,S6,CR2,1,189.9,8.342,1.9,1.35,0.23,5,0,28.23
5200,T10,CR1_S3,CR1,S3,0,0.0,8.135,1.57,1.15,11.06,2,1,20.11
5201,T07,S4_D2,S4,D2,1,201.1,6.638,1.49,1.35,2.43,1,0,28.6
5202,T02,D2_S3,D2,S3,0,0.0,6.362,1.39,1.35,8.33,4,0,20.91
5203,T07,S1_D1,S1,D1,1,193.6,5.834,1.12,1.15,9.82,2,0,17.7
5204,T08,S5_D1,S5,D1,1,183.6,6.724,1.12,1.15,4.72,3,0,23.39
5205,T01,CR1_S1,CR1,S1,0,0.0,8.767,0.8,1.15,3.66,2,0,21.16
5206,T08,CR1_S5,CR1,S5,0,0.0,10.342,0.89,1.15,3.83,4,0,29.55
5207,T10,S3_CR2,S3,CR2,1,220.0,6.579,1.9,1.35,10.48,4,0,24.31
5208,T08,D2_S4,D2,S4,0,0.0,6.638,1.49,1.35,9.32,2,0,21.47
5209,T06,CR2_S4,CR2,S4,0,0.0,6.855,1.9,1.35,5.15,4,0,21.45
5210,T08,S1_CR1,S1,CR1,1,213.7,8.767,0.8,1.15,9.45,1,0,26.02
5211,T07,S4_D2,S4,D2,1,181.5,6.638,1.49,1.35,7.69,3,1,41.39
5212,T05,S3_CR1,S3,CR1,1,186.9,8.135,1.57,1.15,2.4,1,1,26.15
5213,T02,CR2_S3,CR2,S3,0,0.0,6.579,1.9,1.35,0.98,1,0,19.98
5214,T08,S1_D1,S1,D1,1,175.7,5.834,1.12,1.15,4.96,3,1,18.71
5215,T10,CR2_S4,CR2,S4,0,0.0,6.855,1.9,1.35,5.92,3,0,18.83
5216,T09,D1_S5,D1,S5,0,0.0,6.724,1.12,1.15,6.91,3,0,19.27
5217,T04,S4_CR2,S4,CR2,1,180.1,6.855,1.9,1.35,4.25,3,1,28.93
5218,T07,S3_D2,S3,D2,1,194.8,6.362,1.39,1.35,8.88,1,0,24.7
5219,T01,S4_CR2,S4,CR2,1,169.3,6.855,1.9,1.35,4.09,3,1,27.96
5220,T07,S4_D2,S4,D2,1,190.0,6.638,1.49,1.35,0.37,1,0,27.34
5221,T03,S3_CR1,S3,CR1,1,183.9,8.135,1.57,1.15,0.21,1,0,19.36
5222,T04,CR1_S3,CR1,S3,0,0.0,8.135,1.57,1.15,9.87,1,0,17.83
5223,T02,S1_D1,S1,D1,1,206.1,5.834,1.12,1.15,8.61,2,0,17.14
5224,T03,S3_D2,S3,D2,1,205.3,6.362,1.39,1.35,7.04,5,0,28.93
5225,T08,S6_CR2,S6,CR2,1,201.0,8.342,1.9,1.35,11.73,3,0,29.92
5226,T05,S6_CR2,S6,CR2,1,173.4,8.342,1.9,1.35,0.98,3,0,29.88
5227,T08,S4_CR2,S4,CR2,1,200.5,6.855,1.9,1.35,8.34,3,1,29.01
5228,T08,S3_CR1,S3,CR1,1,179.5,8.135,1.57,1.15,10.47,1,1,28.24
5229,T04,CR2_S3,CR2,S3,0,0.0,6.579,1.9,1.35,8.62,0,0,17.74
5230,T09,S5_CR1,S5,CR1,1,202.5,10.342,0.89,1.15,11.39,0,0,34.18
5231,T02,CR2_S3,CR2,S3,0,0.0,6.579,1.9,1.35,0.66,2,0,19.46
5232,T02,D1_S5,D1,S5,0,0.0,6.724,1.12,1.15,7.89,4,0,18.91
5233,T02,D1_S1,D1,S1,0,0.0,5.834,1.12,1.15,2.86,2,0,12.6
5234,T01,D2_S3,D2,S3,0,0.0,6.362,1.39,1.35,4.52,2,1,27.03
5235,T01,CR2_S4,CR2,S4,0,0.0,6.855,1.9,1.35,2.53,0,0,16.41
5236,T03,CR2_S4,CR2,S4,0,0.0,6.855,1.9,1.35,1.12,0,1,19.74
5237,T02,CR2_S3,CR2,S3,0,0.0,6.579,1.9,1.35,2.42,0,0,15.81
5238,T09,CR2_S4,CR2,S4,0,0.0,6.855,1.9,1.35,8.99,3,0,18.9
5239,T06,S1_CR1,S1,CR1,1,195.2,8.767,0.8,1.15,4.95,1,0,27.05
5240,T10,S2_CR1,S2,CR1,1,203.2,8.334,1.39,1.15,1.78,1,0,30.0
5241,T03,S1_D1,S1,D1,1,181.6,5.834,1.12,1.15,10.18,1,1,20.06
5242,T03,D2_S3,D2,S3,0,0.0,6.362,1.39,1.35,10.14,3,1,29.24
5243,T09,CR2_S4,CR2,S4,0,0.0,6.855,1.9,1.35,6.51,3,1,25.36
5244,T05,S5_CR1,S5,CR1,1,177.7,10.342,0.89,1.15,2.97,2,0,33.06
5245,T07,S4_D2,S4,D2,1,192.3,6.638,1.49,1.35,10.05,1,0,24.95
5246,T07,D2_S3,D2,S3,0,0.0,6.362,1.39,1.35,9.75,1,0,20.52
5247,T10,CR2_S6,CR2,S6,0,0.0,8.342,1.9,1.35,11.51,3,0,20.74
5248,T06,D2_S4,D2,S4,0,0.0,6.638,1.49,1.35,4.39,5,0,22.87
5249,T02,CR1_S1,CR1,S1,0,0.0,8.767,0.8,1.15,6.65,8,0,28.2
5250,T05,S5_CR1,S5,CR1,1,205.6,10.342,0.89,1.15,4.22,3,0,34.91
5251,T02,CR1_S2,CR1,S2,0,0.0,8.334,1.39,1.15,4.25,7,1,34.69
5252,T03,CR1_S5,CR1,S5,0,0.0,10.342,0.89,1.15,7.42,1,0,26.36
5253,T09,D2_S3,D2,S3,0,0.0,6.362,1.39,1.35,6.32,6,0,23.5
5254,T09,D2_S4,D2,S4,0,0.0,6.638,1.49,1.35,8.04,3,0,21.97
5255,T08,S5_D1,S5,D1,1,185.1,6.724,1.12,1.15,7.38,1,0,18.75
5256,T08,CR1_S3,CR1,S3,0,0.0,8.135,1.57,1.15,6.77,3,0,18.73
5257,T03,CR2_S6,CR2,S6,0,0.0,8.342,1.9,1.35,7.21,4,0,23.12
5258,T09,CR2_S4,CR2,S4,0,0.0,6.855,1.9,1.35,4.14,4,0,20.35
5259,T04,S4_D2,S4,D2,1,188.8,6.638,1.49,1.35,11.45,2,0,26.19
5260,T02,S5_CR1,S5,CR1,1,196.2,10.342,0.89,1.15,0.31,3,0,34.89
5261,T09,S2_CR1,S2,CR1,1,201.5,8.334,1.39,1.15,9.14,1,1,34.82
5262,T10,S3_CR1,S3,CR1,1,171.6,8.135,1.57,1.15,1.89,2,0,25.03
5263,T01,D2_S4,D2,S4,0,0.0,6.638,1.49,1.35,10.18,2,1,32.0
5264,T07,S4_D2,S4,D2,1,190.3,6.638,1.49,1.35,11.83,3,0,26.31
5265,T04,S3_CR2,S3,CR2,1,220.0,6.579,1.9,1.35,2.6,2,0,20.86
5266,T03,D2_S3,D2,S3,0,0.0,6.362,1.39,1.35,9.28,2,1,27.39
5267,T10,CR2_S6,CR2,S6,0,0.0,8.342,1.9,1.35,1.59,3,0,23.65
5268,T10,S3_CR1,S3,CR1,1,198.0,8.135,1.57,1.15,3.07,1,0,20.96
5269,T04,CR1_S5,CR1,S5,0,0.0,10.342,0.89,1.15,4.36,4,0,30.59
5270,T10,S5_D1,S5,D1,1,208.1,6.724,1.12,1.15,0.18,5,1,31.14
5271,T07,S5_D1,S5,D1,1,182.6,6.724,1.12,1.15,6.09,0,0,17.11
5272,T07,D2_S3,D2,S3,0,0.0,6.362,1.39,1.35,1.17,5,0,23.26
5273,T10,S3_CR2,S3,CR2,1,192.2,6.579,1.9,1.35,11.91,3,0,25.8
5274,T04,CR1_S3,CR1,S3,0,0.0,8.135,1.57,1.15,7.83,4,0,21.18
5275,T07,CR1_S5,CR1,S5,0,0.0,10.342,0.89,1.15,6.0,2,0,26.75
5276,T04,CR1_S5,CR1,S5,0,0.0,10.342,0.89,1.15,9.02,0,0,24.54
5277,T03,CR1_S2,CR1,S2,0,0.0,8.334,1.39,1.15,8.67,2,1,27.73
5278,T05,D2_S4,D2,S4,0,0.0,6.638,1.49,1.35,0.31,2,0,20.41
5279,T10,S3_CR1,S3,CR1,1,195.6,8.135,1.57,1.15,8.69,2,1,28.55
5280,T10,S3_CR1,S3,CR1,1,205.3,8.135,1.57,1.15,0.55,3,0,22.89
5281,T05,S4_CR2,S4,CR2,1,191.4,6.855,1.9,1.35,2.99,1,0,22.59
5282,T08,CR1_S3,CR1,S3,0,0.0,8.135,1.57,1.15,7.36,3,0,17.74
5283,T10,S3_D2,S3,D2,1,184.1,6.362,1.39,1.35,4.36,2,0,27.43
5284,T03,D2_S4,D2,S4,0,0.0,6.638,1.49,1.35,6.1,6,0,27.62
5285,T03,S6_CR2,S6,CR2,1,184.0,8.342,1.9,1.35,6.91,6,0,30.43
5286,T04,S3_CR1,S3,CR1,1,197.1,8.135,1.57,1.15,2.12,3,0,24.26
5287,T01,D2_S4,D2,S4,0,0.0,6.638,1.49,1.35,8.41,1,1,26.57
5288,T09,S1_CR1,S1,CR1,1,213.3,8.767,0.8,1.15,1.52,2,1,38.21
5289,T10,S1_CR1,S1,CR1,1,198.0,8.767,0.8,1.15,8.24,2,0,30.44
5290,T07,S5_CR1,S5,CR1,1,188.0,10.342,0.89,1.15,10.42,3,1,43.96
5291,T02,CR1_S1,CR1,S1,0,0.0,8.767,0.8,1.15,6.75,5,1,32.1
5292,T05,D2_S4,D2,S4,0,0.0,6.638,1.49,1.35,11.34,3,0,20.13
5293,T03,S5_CR1,S5,CR1,1,220.0,10.342,0.89,1.15,11.33,3,0,36.62
5294,T09,CR1_S2,CR1,S2,0,0.0,8.334,1.39,1.15,5.32,4,0,21.85
5295,T10,S1_CR1,S1,CR1,1,181.4,8.767,0.8,1.15,8.39,4,0,28.29
5296,T04,S5_D1,S5,D1,1,219.7,6.724,1.12,1.15,5.15,0,0,18.54
5297,T01,S4_D2,S4,D2,1,170.4,6.638,1.49,1.35,2.43,0,0,24.23
5298,T04,D1_S5,D1,S5,0,0.0,6.724,1.12,1.15,0.91,3,0,18.47
5299,T03,D1_S1,D1,S1,0,0.0,5.834,1.12,1.15,1.02,2,0,12.81
5300,T05,D1_S1,D1,S1,0,0.0,5.834,1.12,1.15,8.43,0,1,16.74
5301,T02,CR2_S4,CR2,S4,0,0.0,6.855,1.9,1.35,5.81,5,0,22.01
5302,T08,S5_D1,S5,D1,1,210.3,6.724,1.12,1.15,1.37,1,0,21.27
5303,T02,S3_CR1,S3,CR1,1,179.0,8.135,1.57,1.15,1.71,1,1,24.99
5304,T03,D1_S1,D1,S1,0,0.0,5.834,1.12,1.15,10.23,4,0,14.31
5305,T10,CR1_S1,CR1,S1,0,0.0,8.767,0.8,1.15,5.74,8,0,28.93
5306,T08,D1_S5,D1,S5,0,0.0,6.724,1.12,1.15,10.22,3,0,17.98
5307,T03,S3_D2,S3,D2,1,206.2,6.362,1.39,1.35,10.99,1,0,28.88
5308,T10,S2_CR1,S2,CR1,1,181.2,8.334,1.39,1.15,7.28,2,0,25.95
5309,T09,CR2_S3,CR2,S3,0,0.0,6.579,1.9,1.35,6.7,3,0,19.23
5310,T01,S4_CR2,S4,CR2,1,219.9,6.855,1.9,1.35,3.57,3,0,25.75
5311,T05,CR2_S6,CR2,S6,0,0.0,8.342,1.9,1.35,10.74,1,0,18.65
5312,T03,CR1_S3,CR1,S3,0,0.0,8.135,1.57,1.15,8.88,1,0,15.61
5313,T04,D1_S1,D1,S1,0,0.0,5.834,1.12,1.15,5.4,4,0,14.46
5314,T05,CR2_S3,CR2,S3,0,0.0,6.579,1.9,1.35,8.62,2,0,17.3
5315,T08,CR1_S1,CR1,S1,0,0.0,8.767,0.8,1.15,10.23,2,0,22.08
5316,T08,S5_D1,S5,D1,1,202.0,6.724,1.12,1.15,6.15,5,0,23.32
5317,T07,S3_D2,S3,D2,1,210.0,6.362,1.39,1.35,1.05,1,0,28.24
5318,T03,D2_S4,D2,S4,0,0.0,6.638,1.49,1.35,4.26,3,1,27.48
5319,T04,CR1_S3,CR1,S3,0,0.0,8.135,1.57,1.15,5.45,4,0,19.77
5320,T02,S3_CR1,S3,CR1,1,204.8,8.135,1.57,1.15,5.6,5,0,22.58
5321,T08,S1_D1,S1,D1,1,170.7,5.834,1.12,1.15,8.92,1,1,19.67
5322,T04,CR2_S6,CR2,S6,0,0.0,8.342,1.9,1.35,2.5,2,0,22.4
5323,T05,S5_CR1,S5,CR1,1,197.1,10.342,0.89,1.15,7.37,1,0,30.31
5324,T02,S3_CR1,S3,CR1,1,183.5,8.135,1.57,1.15,11.1,3,0,22.29
5325,T01,D1_S5,D1,S5,0,0.0,6.724,1.12,1.15,8.87,6,1,26.26
5326,T02,S4_CR2,S4,CR2,1,206.7,6.855,1.9,1.35,7.72,2,0,23.26
5327,T06,CR2_S4,CR2,S4,0,0.0,6.855,1.9,1.35,3.27,3,1,23.84
5328,T10,S2_CR1,S2,CR1,1,190.3,8.334,1.39,1.15,2.56,1,1,33.49
5329,T05,CR1_S2,CR1,S2,0,0.0,8.334,1.39,1.15,0.19,2,1,29.72
5330,T09,D1_S5,D1,S5,0,0.0,6.724,1.12,1.15,8.14,1,1,25.01
5331,T02,CR2_S3,CR2,S3,0,0.0,6.579,1.9,1.35,11.31,1,0,19.1
5332,T01,D1_S5,D1,S5,0,0.0,6.724,1.12,1.15,8.49,4,0,15.8
5333,T08,D2_S3,D2,S3,0,0.0,6.362,1.39,1.35,8.12,3,1,27.44
5334,T09,S1_D1,S1,D1,1,200.6,5.834,1.12,1.15,4.86,1,0,15.03
5335,T10,S1_D1,S1,D1,1,183.3,5.834,1.12,1.15,4.51,4,0,16.43
5336,T05,S6_CR2,S6,CR2,1,194.8,8.342,1.9,1.35,10.24,4,0,30.98
5337,T08,S5_CR1,S5,CR1,1,190.2,10.342,0.89,1.15,5.67,1,0,35.95
5338,T10,CR2_S6,CR2,S6,0,0.0,8.342,1.9,1.35,9.95,3,0,23.31
5339,T09,D1_S1,D1,S1,0,0.0,5.834,1.12,1.15,6.77,4,0,13.88
5340,T06,CR1_S3,CR1,S3,0,0.0,8.135,1.57,1.15,9.52,0,0,17.01
5341,T09,CR1_S1,CR1,S1,0,0.0,8.767,0.8,1.15,1.17,2,0,22.98
5342,T05,S4_CR2,S4,CR2,1,198.1,6.855,1.9,1.35,2.2,2,0,24.05
5343,T01,S3_CR1,S3,CR1,1,188.4,8.135,1.57,1.15,10.27,1,0,20.32
5344,T03,CR1_S3,CR1,S3,0,0.0,8.135,1.57,1.15,0.24,4,0,18.6
5345,T04,CR1_S1,CR1,S1,0,0.0,8.767,0.8,1.15,2.58,4,0,27.15
5346,T01,S1_CR1,S1,CR1,1,211.5,8.767,0.8,1.15,1.92,0,0,22.81
5347,T08,CR1_S1,CR1,S1,0,0.0,8.767,0.8,1.15,5.12,2,0,23.0
5348,T10,S5_D1,S5,D1,1,218.7,6.724,1.12,1.15,9.35,1,0,18.25
5349,T05,S3_D2,S3,D2,1,187.7,6.362,1.39,1.35,10.74,1,0,27.18
5350,T09,CR1_S5,CR1,S5,0,0.0,10.342,0.89,1.15,3.58,1,0,29.55
5351,T10,CR2_S4,CR2,S4,0,0.0,6.855,1.9,1.35,0.84,2,1,23.82
5352,T04,S4_D2,S4,D2,1,198.6,6.638,1.49,1.35,10.66,2,0,27.08
5353,T07,S4_D2,S4,D2,1,200.6,6.638,1.49,1.35,7.33,4,1,34.68
5354,T09,D2_S4,D2,S4,0,0.0,6.638,1.49,1.35,4.52,4,0,25.14
5355,T07,S5_D1,S5,D1,1,169.1,6.724,1.12,1.15,11.14,1,0,20.46
5356,T09,CR2_S4,CR2,S4,0,0.0,6.855,1.9,1.35,8.51,2,0,18.52
5357,T06,CR1_S1,CR1,S1,0,0.0,8.767,0.8,1.15,7.18,2,0,22.51
5358,T03,CR2_S3,CR2,S3,0,0.0,6.579,1.9,1.35,1.27,4,1,27.85
5359,T10,S5_CR1,S5,CR1,1,180.9,10.342,0.89,1.15,3.48,2,0,35.27
5360,T05,CR1_S3,CR1,S3,0,0.0,8.135,1.57,1.15,4.74,4,0,21.01
5361,T10,S1_CR1,S1,CR1,1,207.4,8.767,0.8,1.15,4.47,4,0,29.92
5362,T05,S4_D2,S4,D2,1,166.8,6.638,1.49,1.35,8.1,4,0,28.71
5363,T10,S5_CR1,S5,CR1,1,177.3,10.342,0.89,1.15,0.09,0,0,32.25
5364,T08,CR1_S5,CR1,S5,0,0.0,10.342,0.89,1.15,11.94,0,0,26.95
5365,T04,S1_CR1,S1,CR1,1,193.2,8.767,0.8,1.15,7.33,2,0,30.83
5366,T07,S3_CR2,S3,CR2,1,176.1,6.579,1.9,1.35,5.85,4,0,22.71
5367,T08,S4_CR2,S4,CR2,1,203.4,6.855,1.9,1.35,11.58,3,0,22.7
5368,T03,S5_D1,S5,D1,1,184.3,6.724,1.12,1.15,8.01,2,1,23.94
5369,T10,D1_S1,D1,S1,0,0.0,5.834,1.12,1.15,3.2,1,0,12.88
5370,T05,CR1_S2,CR1,S2,0,0.0,8.334,1.39,1.15,4.93,4,0,24.78
5371,T10,S5_D1,S5,D1,1,192.3,6.724,1.12,1.15,11.24,2,1,24.69
5372,T05,S5_CR1,S5,CR1,1,199.9,10.342,0.89,1.15,10.35,5,0,38.22
5373,T03,S1_CR1,S1,CR1,1,204.0,8.767,0.8,1.15,1.12,4,0,26.03
5374,T09,D2_S4,D2,S4,0,0.0,6.638,1.49,1.35,7.94,1,0,20.64
5375,T06,CR1_S3,CR1,S3,0,0.0,8.135,1.57,1.15,6.62,6,0,22.3
5376,T08,CR1_S1,CR1,S1,0,0.0,8.767,0.8,1.15,11.22,0,0,22.13
5377,T02,S1_D1,S1,D1,1,203.0,5.834,1.12,1.15,5.98,3,0,17.24
5378,T06,D1_S5,D1,S5,0,0.0,6.724,1.12,1.15,6.62,2,1,17.26
5379,T06,S5_D1,S5,D1,1,188.9,6.724,1.12,1.15,3.57,5,1,31.69
5380,T01,S4_D2,S4,D2,1,198.1,6.638,1.49,1.35,9.99,3,0,28.55
5381,T07,CR1_S5,CR1,S5,0,0.0,10.342,0.89,1.15,11.08,1,0,26.27
5382,T06,CR2_S3,CR2,S3,0,0.0,6.579,1.9,1.35,9.19,3,0,18.57
5383,T05,D1_S5,D1,S5,0,0.0,6.724,1.12,1.15,6.1,4,0,19.08
5384,T08,CR2_S3,CR2,S3,0,0.0,6.579,1.9,1.35,4.85,8,0,24.52
5385,T06,CR2_S6,CR2,S6,0,0.0,8.342,1.9,1.35,7.78,2,0,24.76
5386,T04,S4_CR2,S4,CR2,1,203.5,6.855,1.9,1.35,3.08,6,0,24.21
5387,T07,CR1_S3,CR1,S3,0,0.0,8.135,1.57,1.15,10.97,2,0,17.27
5388,T04,S5_CR1,S5,CR1,1,199.5,10.342,0.89,1.15,9.21,1,0,35.01
5389,T01,CR1_S1,CR1,S1,0,0.0,8.767,0.8,1.15,0.13,2,0,23.79
5390,T06,S3_CR2,S3,CR2,1,195.4,6.579,1.9,1.35,5.0,1,0,24.35
5391,T08,S5_D1,S5,D1,1,193.1,6.724,1.12,1.15,0.61,2,1,25.41
5392,T04,CR1_S2,CR1,S2,0,0.0,8.334,1.39,1.15,7.03,6,0,21.95
5393,T03,D2_S3,D2,S3,0,0.0,6.362,1.39,1.35,0.44,1,0,20.04
5394,T10,S5_CR1,S5,CR1,1,207.6,10.342,0.89,1.15,7.41,1,0,35.63
5395,T06,D2_S4,D2,S4,0,0.0,6.638,1.49,1.35,6.39,5,0,23.57
5396,T05,S6_CR2,S6,CR2,1,185.4,8.342,1.9,1.35,2.11,4,0,28.81
5397,T04,S3_CR2,S3,CR2,1,210.2,6.579,1.9,1.35,7.05,3,0,24.59
5398,T08,S4_CR2,S4,CR2,1,213.4,6.855,1.9,1.35,2.89,2,0,20.4
5399,T10,S1_D1,S1,D1,1,173.9,5.834,1.12,1.15,8.84,2,0,16.29
5400,T06,S4_CR2,S4,CR2,1,197.7,6.855,1.9,1.35,4.67,4,1,31.61
5401,T04,CR2_S4,CR2,S4,0,0.0,6.855,1.9,1.35,8.78,2,0,20.08
5402,T08,D2_S3,D2,S3,0,0.0,6.362,1.39,1.35,3.86,5,1,28.84
5403,T07,CR1_S1,CR1,S1,0,0.0,8.767,0.8,1.15,5.16,6,0,26.22
5404,T07,CR1_S2,CR1,S2,0,0.0,8.334,1.39,1.15,2.19,4,0,23.75
5405,T06,D2_S4,D2,S4,0,0.0,6.638,1.49,1.35,5.65,4,0,19.18
5406,T03,CR2_S4,CR2,S4,0,0.0,6.855,1.9,1.35,2.36,2,0,17.19
5407,T06,D1_S5,D1,S5,0,0.0,6.724,1.12,1.15,3.26,2,0,17.45
5408,T09,CR1_S5,CR1,S5,0,0.0,10.342,0.89,1.15,10.38,4,0,27.95
5409,T04,S3_CR2,S3,CR2,1,194.5,6.579,1.9,1.35,2.05,1,0,22.78
5410,T05,D2_S4,D2,S4,0,0.0,6.638,1.49,1.35,3.8,3,1,26.15
5411,T03,CR1_S2,CR1,S2,0,0.0,8.334,1.39,1.15,10.6,1,0,19.72
5412,T06,S1_D1,S1,D1,1,199.7,5.834,1.12,1.15,6.56,3,1,21.12
5413,T03,CR2_S4,CR2,S4,0,0.0,6.855,1.9,1.35,2.53,0,1,23.53
5414,T09,CR1_S1,CR1,S1,0,0.0,8.767,0.8,1.15,2.53,3,0,25.33
5415,T10,S3_CR1,S3,CR1,1,161.9,8.135,1.57,1.15,0.29,1,0,21.01
5416,T08,S4_CR2,S4,CR2,1,200.6,6.855,1.9,1.35,1.81,6,0,24.12
5417,T04,S1_CR1,S1,CR1,1,200.1,8.767,0.8,1.15,2.94,4,0,27.65
5418,T07,S3_CR1,S3,CR1,1,187.1,8.135,1.57,1.15,3.84,1,0,18.41
5419,T01,S1_D1,S1,D1,1,203.5,5.834,1.12,1.15,1.72,1,0,13.54
5420,T10,S3_CR2,S3,CR2,1,205.4,6.579,1.9,1.35,5.5,5,0,25.18
5421,T02,D1_S5,D1,S5,0,0.0,6.724,1.12,1.15,1.06,3,1,24.38
5422,T06,CR2_S4,CR2,S4,0,0.0,6.855,1.9,1.35,10.08,3,0,19.52
5423,T03,S1_D1,S1,D1,1,175.2,5.834,1.12,1.15,11.72,2,0,18.94
5424,T01,CR1_S2,CR1,S2,0,0.0,8.334,1.39,1.15,10.92,5,0,24.04
5425,T10,CR1_S5,CR1,S5,0,0.0,10.342,0.89,1.15,4.52,2,0,28.71
5426,T04,CR1_S3,CR1,S3,0,0.0,8.135,1.57,1.15,6.78,4,0,18.15
5427,T07,CR2_S4,CR2,S4,0,0.0,6.855,1.9,1.35,7.91,4,0,21.65
5428,T03,S5_D1,S5,D1,1,205.1,6.724,1.12,1.15,2.3,5,0,25.68
5429,T05,D1_S1,D1,S1,0,0.0,5.834,1.12,1.15,2.81,1,0,10.9
5430,T02,D2_S4,D2,S4,0,0.0,6.638,1.49,1.35,8.51,1,0,20.84
5431,T01,CR1_S3,CR1,S3,0,0.0,8.135,1.57,1.15,6.01,4,1,22.02
5432,T10,S4_CR2,S4,CR2,1,193.2,6.855,1.9,1.35,1.8,1,1,30.35
5433,T08,S5_CR1,S5,CR1,1,210.2,10.342,0.89,1.15,3.78,6,0,35.97
5434,T09,S3_D2,S3,D2,1,194.6,6.362,1.39,1.35,4.01,1,0,25.46
5435,T10,S6_CR2,S6,CR2,1,196.7,8.342,1.9,1.35,1.11,2,0,29.99
5436,T07,S3_CR2,S3,CR2,1,196.5,6.579,1.9,1.35,0.08,2,0,23.39
5437,T02,D2_S3,D2,S3,0,0.0,6.362,1.39,1.35,10.34,2,0,24.1
5438,T04,CR2_S6,CR2,S6,0,0.0,8.342,1.9,1.35,2.69,1,1,31.06
5439,T10,CR2_S4,CR2,S4,0,0.0,6.855,1.9,1.35,3.58,4,0,21.03
5440,T08,S6_CR2,S6,CR2,1,196.3,8.342,1.9,1.35,10.84,1,0,25.86
5441,T05,S3_CR2,S3,CR2,1,206.9,6.579,1.9,1.35,7.74,2,0,22.08
5442,T01,S2_CR1,S2,CR1,1,177.1,8.334,1.39,1.15,0.83,0,0,25.79
5443,T04,S5_CR1,S5,CR1,1,197.6,10.342,0.89,1.15,4.46,3,0,39.01
5444,T04,S6_CR2,S6,CR2,1,181.8,8.342,1.9,1.35,1.09,0,0,24.86
5445,T08,S4_CR2,S4,CR2,1,218.2,6.855,1.9,1.35,3.81,2,1,30.6
5446,T07,D2_S3,D2,S3,0,0.0,6.362,1.39,1.35,1.85,1,0,23.37
5447,T01,CR1_S2,CR1,S2,0,0.0,8.334,1.39,1.15,10.63,0,0,22.64
5448,T07,S3_CR1,S3,CR1,1,216.2,8.135,1.57,1.15,9.65,1,0,22.25
5449,T06,S4_CR2,S4,CR2,1,201.5,6.855,1.9,1.35,5.98,8,0,29.01
5450,T07,D1_S5,D1,S5,0,0.0,6.724,1.12,1.15,9.09,1,0,14.89
5451,T10,CR2_S4,CR2,S4,0,0.0,6.855,1.9,1.35,0.28,1,0,17.87
5452,T07,S5_D1,S5,D1,1,203.1,6.724,1.12,1.15,3.18,1,1,29.41
5453,T04,S3_D2,S3,D2,1,213.8,6.362,1.39,1.35,0.66,2,0,29.86
5454,T04,S1_CR1,S1,CR1,1,214.6,8.767,0.8,1.15,9.2,3,0,27.4
5455,T09,D2_S4,D2,S4,0,0.0,6.638,1.49,1.35,9.64,0,0,21.67
5456,T10,S4_D2,S4,D2,1,161.9,6.638,1.49,1.35,10.14,2,1,35.43
5457,T04,D2_S3,D2,S3,0,0.0,6.362,1.39,1.35,9.96,5,0,25.15
5458,T10,S1_CR1,S1,CR1,1,201.1,8.767,0.8,1.15,9.59,1,0,25.79
5459,T01,D1_S1,D1,S1,0,0.0,5.834,1.12,1.15,10.54,2,0,13.9
5460,T02,CR2_S4,CR2,S4,0,0.0,6.855,1.9,1.35,9.39,0,1,20.71
5461,T06,S1_D1,S1,D1,1,208.9,5.834,1.12,1.15,1.15,1,0,15.64
5462,T05,CR2_S4,CR2,S4,0,0.0,6.855,1.9,1.35,2.14,4,1,25.33
5463,T06,D2_S3,D2,S3,0,0.0,6.362,1.39,1.35,2.54,7,0,27.1
5464,T01,D2_S4,D2,S4,0,0.0,6.638,1.49,1.35,2.7,3,0,24.56
5465,T03,S5_D1,S5,D1,1,201.0,6.724,1.12,1.15,2.56,1,0,20.05
5466,T08,S3_D2,S3,D2,1,197.1,6.362,1.39,1.35,8.19,1,0,25.84
5467,T06,D2_S4,D2,S4,0,0.0,6.638,1.49,1.35,9.22,2,0,23.22
5468,T05,D1_S5,D1,S5,0,0.0,6.724,1.12,1.15,11.79,2,1,19.17
5469,T04,S3_CR2,S3,CR2,1,207.6,6.579,1.9,1.35,11.72,1,0,23.72
5470,T05,D2_S4,D2,S4,0,0.0,6.638,1.49,1.35,9.16,1,1,24.44
5471,T02,D1_S5,D1,S5,0,0.0,6.724,1.12,1.15,9.07,0,0,15.63
5472,T08,CR1_S1,CR1,S1,0,0.0,8.767,0.8,1.15,4.21,5,0,26.84
5473,T03,S1_D1,S1,D1,1,197.8,5.834,1.12,1.15,0.57,4,0,16.62
5474,T04,CR2_S6,CR2,S6,0,0.0,8.342,1.9,1.35,6.06,3,0,24.71
5475,T01,S4_CR2,S4,CR2,1,215.5,6.855,1.9,1.35,4.0,2,0,24.73
5476,T08,S6_CR2,S6,CR2,1,194.3,8.342,1.9,1.35,11.87,1,1,31.63
5477,T06,S3_CR2,S3,CR2,1,162.5,6.579,1.9,1.35,2.0,1,0,21.71
5478,T03,S1_CR1,S1,CR1,1,202.0,8.767,0.8,1.15,11.6,0,0,25.54
5479,T02,D2_S4,D2,S4,0,0.0,6.638,1.49,1.35,7.18,8,0,26.43
5480,T09,CR1_S3,CR1,S3,0,0.0,8.135,1.57,1.15,5.77,3,0,17.14
5481,T03,S1_D1,S1,D1,1,176.9,5.834,1.12,1.15,4.98,6,0,20.52
5482,T01,D1_S1,D1,S1,0,0.0,5.834,1.12,1.15,6.38,4,0,15.56
5483,T08,S4_CR2,S4,CR2,1,195.8,6.855,1.9,1.35,4.62,3,1,31.04
5484,T07,CR1_S1,CR1,S1,0,0.0,8.767,0.8,1.15,6.29,0,1,24.48
5485,T05,D1_S1,D1,S1,0,0.0,5.834,1.12,1.15,11.81,5,0,15.21
5486,T08,CR1_S2,CR1,S2,0,0.0,8.334,1.39,1.15,3.3,0,0,22.13
5487,T02,CR2_S3,CR2,S3,0,0.0,6.579,1.9,1.35,8.14,3,0,19.64
5488,T05,S3_CR1,S3,CR1,1,166.9,8.135,1.57,1.15,3.9,3,0,24.51
5489,T05,CR1_S3,CR1,S3,0,0.0,8.135,1.57,1.15,4.23,5,1,26.97
5490,T03,CR1_S2,CR1,S2,0,0.0,8.334,1.39,1.15,6.46,5,0,27.73
5491,T08,S5_CR1,S5,CR1,1,220.0,10.342,0.89,1.15,8.45,3,0,33.04
5492,T06,D1_S1,D1,S1,0,0.0,5.834,1.12,1.15,2.21,1,0,12.15
5493,T07,CR1_S5,CR1,S5,0,0.0,10.342,0.89,1.15,5.22,1,0,25.54
5494,T05,CR2_S3,CR2,S3,0,0.0,6.579,1.9,1.35,10.97,4,0,21.81
5495,T01,CR1_S1,CR1,S1,0,0.0,8.767,0.8,1.15,6.23,3,0,22.16
5496,T04,D1_S5,D1,S5,0,0.0,6.724,1.12,1.15,3.73,4,0,17.94
5497,T02,CR1_S2,CR1,S2,0,0.0,8.334,1.39,1.15,0.61,2,1,31.09
5498,T06,D2_S4,D2,S4,0,0.0,6.638,1.49,1.35,8.59,1,0,20.24
5499,T06,S1_CR1,S1,CR1,1,172.7,8.767,0.8,1.15,0.73,3,0,30.92
5500,T09,CR1_S3,CR1,S3,0,0.0,8.135,1.57,1.15,2.08,2,0,19.13
5501,T04,D1_S5,D1,S5,0,0.0,6.724,1.12,1.15,5.41,5,0,18.95
5502,T03,CR1_S3,CR1,S3,0,0.0,8.135,1.57,1.15,1.6,3,0,17.0
5503,T04,S3_D2,S3,D2,1,199.9,6.362,1.39,1.35,0.08,3,0,26.75
5504,T05,S4_CR2,S4,CR2,1,206.1,6.855,1.9,1.35,0.82,2,0,24.04
5505,T04,D1_S5,D1,S5,0,0.0,6.724,1.12,1.15,2.51,1,0,15.52
5506,T01,S3_CR2,S3,CR2,1,209.3,6.579,1.9,1.35,8.97,4,0,25.42
5507,T03,CR1_S5,CR1,S5,0,0.0,10.342,0.89,1.15,7.17,2,0,30.71
5508,T10,CR1_S1,CR1,S1,0,0.0,8.767,0.8,1.15,3.8,3,0,23.84
5509,T09,S5_D1,S5,D1,1,194.9,6.724,1.12,1.15,10.3,1,0,19.68
5510,T04,D2_S4,D2,S4,0,0.0,6.638,1.49,1.35,4.42,0,0,19.79
5511,T05,CR1_S2,CR1,S2,0,0.0,8.334,1.39,1.15,1.84,4,1,33.52
5512,T09,CR2_S4,CR2,S4,0,0.0,6.855,1.9,1.35,0.85,1,0,17.65
5513,T04,S5_D1,S5,D1,1,206.1,6.724,1.12,1.15,4.18,8,0,27.14
5514,T02,S3_D2,S3,D2,1,209.9,6.362,1.39,1.35,2.93,2,1,34.2
5515,T03,S1_CR1,S1,CR1,1,194.9,8.767,0.8,1.15,5.38,2,0,27.66
5516,T03,D1_S5,D1,S5,0,0.0,6.724,1.12,1.15,0.27,1,0,16.24
5517,T08,D2_S3,D2,S3,0,0.0,6.362,1.39,1.35,5.47,5,0,26.88
5518,T03,S2_CR1,S2,CR1,1,192.4,8.334,1.39,1.15,7.78,5,0,29.47
5519,T01,CR1_S2,CR1,S2,0,0.0,8.334,1.39,1.15,11.23,4,0,24.07
5520,T09,S6_CR2,S6,CR2,1,200.4,8.342,1.9,1.35,2.98,1,0,28.27
5521,T08,CR2_S6,CR2,S6,0,0.0,8.342,1.9,1.35,7.0,7,0,22.73
5522,T05,D1_S5,D1,S5,0,0.0,6.724,1.12,1.15,0.53,1,0,16.7
5523,T03,CR2_S4,CR2,S4,0,0.0,6.855,1.9,1.35,8.4,1,0,17.78
5524,T01,S1_CR1,S1,CR1,1,181.9,8.767,0.8,1.15,11.03,5,0,33.3
5525,T09,CR2_S4,CR2,S4,0,0.0,6.855,1.9,1.35,1.24,2,1,23.81
5526,T04,S1_D1,S1,D1,1,210.0,5.834,1.12,1.15,6.28,1,1,20.61
5527,T03,CR2_S3,CR2,S3,0,0.0,6.579,1.9,1.35,0.06,1,1,22.66
5528,T06,D2_S3,D2,S3,0,0.0,6.362,1.39,1.35,3.66,3,0,22.44
5529,T07,S3_CR1,S3,CR1,1,181.3,8.135,1.57,1.15,4.28,1,0,21.22
5530,T07,CR1_S3,CR1,S3,0,0.0,8.135,1.57,1.15,7.08,0,0,17.24
5531,T03,CR1_S3,CR1,S3,0,0.0,8.135,1.57,1.15,7.84,2,1,20.94
5532,T09,CR1_S2,CR1,S2,0,0.0,8.334,1.39,1.15,7.97,4,1,29.16
5533,T05,S5_CR1,S5,CR1,1,180.6,10.342,0.89,1.15,3.68,3,0,34.75
5534,T09,D1_S1,D1,S1,0,0.0,5.834,1.12,1.15,9.66,4,1,18.55
5535,T02,S4_CR2,S4,CR2,1,181.8,6.855,1.9,1.35,7.63,3,0,23.28
5536,T09,CR1_S1,CR1,S1,0,0.0,8.767,0.8,1.15,7.17,6,0,25.45
5537,T08,CR1_S5,CR1,S5,0,0.0,10.342,0.89,1.15,6.45,3,0,27.07
5538,T05,CR2_S6,CR2,S6,0,0.0,8.342,1.9,1.35,2.97,2,0,24.75
5539,T01,S5_CR1,S5,CR1,1,186.5,10.342,0.89,1.15,11.38,1,0,32.6
5540,T05,CR1_S2,CR1,S2,0,0.0,8.334,1.39,1.15,2.52,3,0,22.57
5541,T06,CR1_S2,CR1,S2,0,0.0,8.334,1.39,1.15,7.28,3,0,23.16
5542,T07,D1_S1,D1,S1,0,0.0,5.834,1.12,1.15,0.03,3,0,15.31
5543,T02,S3_D2,S3,D2,1,188.0,6.362,1.39,1.35,11.41,3,1,35.65
5544,T04,S3_CR1,S3,CR1,1,184.2,8.135,1.57,1.15,9.37,2,0,20.27
5545,T07,S6_CR2,S6,CR2,1,209.9,8.342,1.9,1.35,9.35,0,0,26.46
5546,T07,S4_D2,S4,D2,1,190.1,6.638,1.49,1.35,7.47,1,1,36.91
5547,T05,D2_S3,D2,S3,0,0.0,6.362,1.39,1.35,10.25,3,0,20.69
5548,T06,S6_CR2,S6,CR2,1,190.9,8.342,1.9,1.35,8.95,3,0,27.46
5549,T06,S6_CR2,S6,CR2,1,186.7,8.342,1.9,1.35,10.81,2,1,37.78
5550,T09,D2_S3,D2,S3,0,0.0,6.362,1.39,1.35,9.2,1,0,22.49
5551,T04,CR2_S3,CR2,S3,0,0.0,6.579,1.9,1.35,3.54,3,0,20.16
5552,T09,S6_CR2,S6,CR2,1,187.6,8.342,1.9,1.35,0.8,5,1,41.23
5553,T03,S3_D2,S3,D2,1,205.2,6.362,1.39,1.35,4.43,4,0,28.88
5554,T10,CR2_S3,CR2,S3,0,0.0,6.579,1.9,1.35,5.39,6,1,24.15
5555,T07,S6_CR2,S6,CR2,1,216.2,8.342,1.9,1.35,8.5,2,1,33.3
5556,T10,D2_S4,D2,S4,0,0.0,6.638,1.49,1.35,7.48,5,0,24.26
5557,T04,CR2_S3,CR2,S3,0,0.0,6.579,1.9,1.35,3.86,2,0,19.57
5558,T02,CR2_S4,CR2,S4,0,0.0,6.855,1.9,1.35,2.65,2,0,19.62
5559,T08,CR2_S4,CR2,S4,0,0.0,6.855,1.9,1.35,0.15,1,0,19.16
5560,T03,CR2_S6,CR2,S6,0,0.0,8.342,1.9,1.35,10.05,3,0,23.85
5561,T04,CR1_S2,CR1,S2,0,0.0,8.334,1.39,1.15,1.99,2,0,22.31
5562,T04,CR2_S4,CR2,S4,0,0.0,6.855,1.9,1.35,11.18,2,0,21.77
5563,T05,CR1_S3,CR1,S3,0,0.0,8.135,1.57,1.15,2.59,2,0,19.08
5564,T02,D1_S5,D1,S5,0,0.0,6.724,1.12,1.15,3.67,2,0,16.9
5565,T01,CR2_S3,CR2,S3,0,0.0,6.579,1.9,1.35,6.29,2,0,18.11
5566,T07,D1_S1,D1,S1,0,0.0,5.834,1.12,1.15,7.47,3,0,12.48
5567,T04,S3_CR1,S3,CR1,1,187.5,8.135,1.57,1.15,4.35,0,0,19.83
5568,T06,S3_D2,S3,D2,1,198.0,6.362,1.39,1.35,1.0,2,0,26.2
5569,T05,CR2_S6,CR2,S6,0,0.0,8.342,1.9,1.35,9.03,3,0,22.87
5570,T03,S1_D1,S1,D1,1,206.7,5.834,1.12,1.15,9.66,2,0,16.26
5571,T07,D1_S5,D1,S5,0,0.0,6.724,1.12,1.15,6.11,6,0,17.86
5572,T06,D1_S1,D1,S1,0,0.0,5.834,1.12,1.15,5.34,3,0,13.97
5573,T06,CR2_S6,CR2,S6,0,0.0,8.342,1.9,1.35,11.47,3,0,23.6
5574,T02,CR2_S6,CR2,S6,0,0.0,8.342,1.9,1.35,0.66,3,0,21.84
5575,T06,S1_CR1,S1,CR1,1,215.0,8.767,0.8,1.15,1.99,0,0,26.6
5576,T03,S3_CR2,S3,CR2,1,200.2,6.579,1.9,1.35,6.23,3,0,23.4
5577,T06,D2_S4,D2,S4,0,0.0,6.638,1.49,1.35,0.86,2,0,21.49
5578,T02,D1_S1,D1,S1,0,0.0,5.834,1.12,1.15,1.51,4,0,16.17
5579,T02,S3_CR2,S3,CR2,1,216.1,6.579,1.9,1.35,4.86,4,0,21.71
5580,T10,D1_S1,D1,S1,0,0.0,5.834,1.12,1.15,2.17,2,0,12.96
5581,T07,S5_D1,S5,D1,1,200.6,6.724,1.12,1.15,1.09,4,0,23.55
5582,T09,S3_CR2,S3,CR2,1,198.1,6.579,1.9,1.35,9.46,3,0,23.89
5583,T04,D1_S5,D1,S5,0,0.0,6.724,1.12,1.15,6.56,1,0,16.71
5584,T05,D1_S5,D1,S5,0,0.0,6.724,1.12,1.15,6.29,2,0,17.08
5585,T01,S6_CR2,S6,CR2,1,220.0,8.342,1.9,1.35,4.2,1,0,26.39
5586,T07,CR1_S5,CR1,S5,0,0.0,10.342,0.89,1.15,6.37,4,0,26.5
5587,T03,CR1_S1,CR1,S1,0,0.0,8.767,0.8,1.15,6.47,4,1,29.92
5588,T02,D2_S4,D2,S4,0,0.0,6.638,1.49,1.35,11.5,2,0,21.42
5589,T05,D2_S4,D2,S4,0,0.0,6.638,1.49,1.35,4.1,5,0,25.97
5590,T09,S4_CR2,S4,CR2,1,205.9,6.855,1.9,1.35,8.35,4,0,26.16
5591,T01,S1_CR1,S1,CR1,1,215.6,8.767,0.8,1.15,10.69,0,0,25.04
5592,T01,S3_CR1,S3,CR1,1,178.1,8.135,1.57,1.15,8.53,4,0,24.78
5593,T02,CR1_S5,CR1,S5,0,0.0,10.342,0.89,1.15,3.38,2,0,26.36
5594,T09,S5_CR1,S5,CR1,1,199.9,10.342,0.89,1.15,3.97,2,0,36.0
5595,T01,CR2_S4,CR2,S4,0,0.0,6.855,1.9,1.35,10.0,0,1,21.2
5596,T07,S6_CR2,S6,CR2,1,197.1,8.342,1.9,1.35,4.95,1,0,26.67
5597,T03,S3_CR2,S3,CR2,1,202.6,6.579,1.9,1.35,10.31,2,1,28.46
5598,T02,S4_D2,S4,D2,1,200.6,6.638,1.49,1.35,8.72,2,0,26.36
5599,T06,S3_D2,S3,D2,1,204.0,6.362,1.39,1.35,0.61,5,0,29.8
5600,T07,S4_CR2,S4,CR2,1,198.2,6.855,1.9,1.35,4.97,6,0,24.17
5601,T01,D2_S4,D2,S4,0,0.0,6.638,1.49,1.35,2.12,2,0,19.73
5602,T06,S4_CR2,S4,CR2,1,189.4,6.855,1.9,1.35,6.69,1,1,26.35
5603,T04,CR1_S1,CR1,S1,0,0.0,8.767,0.8,1.15,9.76,0,1,25.18
5604,T03,D2_S3,D2,S3,0,0.0,6.362,1.39,1.35,5.27,4,0,26.03
5605,T07,S1_D1,S1,D1,1,177.3,5.834,1.12,1.15,6.77,5,0,18.32
5606,T07,D1_S1,D1,S1,0,0.0,5.834,1.12,1.15,2.2,1,0,12.3
5607,T03,S3_CR2,S3,CR2,1,217.3,6.579,1.9,1.35,1.56,2,0,23.36
5608,T01,D2_S4,D2,S4,0,0.0,6.638,1.49,1.35,7.26,7,0,26.25
5609,T07,S5_D1,S5,D1,1,196.9,6.724,1.12,1.15,4.36,4,0,23.86
5610,T04,S2_CR1,S2,CR1,1,203.0,8.334,1.39,1.15,11.62,1,0,28.88
5611,T09,D2_S3,D2,S3,0,0.0,6.362,1.39,1.35,9.05,4,0,25.14
5612,T02,D2_S4,D2,S4,0,0.0,6.638,1.49,1.35,5.0,4,0,23.63
5613,T04,S1_CR1,S1,CR1,1,186.6,8.767,0.8,1.15,7.38,3,0,30.04
5614,T05,S5_D1,S5,D1,1,220.0,6.724,1.12,1.15,3.28,0,1,24.73
5615,T09,S5_CR1,S5,CR1,1,159.7,10.342,0.89,1.15,8.32,2,0,36.48
5616,T07,S6_CR2,S6,CR2,1,201.7,8.342,1.9,1.35,1.7,3,1,37.81
5617,T08,S2_CR1,S2,CR1,1,194.6,8.334,1.39,1.15,4.37,4,0,27.94
5618,T05,D2_S4,D2,S4,0,0.0,6.638,1.49,1.35,6.77,3,0,23.8
5619,T06,S5_CR1,S5,CR1,1,173.0,10.342,0.89,1.15,5.86,3,0,35.25
5620,T01,D1_S5,D1,S5,0,0.0,6.724,1.12,1.15,0.95,1,1,22.49
5621,T04,CR2_S3,CR2,S3,0,0.0,6.579,1.9,1.35,3.13,2,1,27.72
5622,T01,S2_CR1,S2,CR1,1,166.9,8.334,1.39,1.15,5.04,5,0,29.62
5623,T05,D2_S3,D2,S3,0,0.0,6.362,1.39,1.35,8.9,1,0,20.39
5624,T08,S3_CR1,S3,CR1,1,199.0,8.135,1.57,1.15,7.39,2,0,21.79
5625,T01,S5_CR1,S5,CR1,1,178.0,10.342,0.89,1.15,10.47,1,0,31.99
5626,T07,S1_D1,S1,D1,1,211.0,5.834,1.12,1.15,8.62,0,0,15.53
5627,T03,CR2_S6,CR2,S6,0,0.0,8.342,1.9,1.35,11.76,1,0,20.79
5628,T01,S5_D1,S5,D1,1,199.5,6.724,1.12,1.15,0.55,2,1,23.95
5629,T10,S4_CR2,S4,CR2,1,200.9,6.855,1.9,1.35,5.46,3,0,23.03
5630,T09,D1_S5,D1,S5,0,0.0,6.724,1.12,1.15,11.79,3,0,17.71
5631,T03,CR1_S1,CR1,S1,0,0.0,8.767,0.8,1.15,1.99,5,0,23.82
5632,T01,S1_D1,S1,D1,1,201.0,5.834,1.12,1.15,11.55,2,0,16.35
5633,T01,S2_CR1,S2,CR1,1,199.8,8.334,1.39,1.15,7.03,0,0,28.34
5634,T02,CR2_S4,CR2,S4,0,0.0,6.855,1.9,1.35,9.03,1,1,23.01
5635,T02,CR2_S3,CR2,S3,0,0.0,6.579,1.9,1.35,6.97,2,0,17.98
5636,T03,S1_CR1,S1,CR1,1,184.2,8.767,0.8,1.15,7.37,3,0,30.95
5637,T06,CR1_S1,CR1,S1,0,0.0,8.767,0.8,1.15,2.09,2,0,22.5
5638,T01,CR2_S6,CR2,S6,0,0.0,8.342,1.9,1.35,4.27,4,0,24.24
5639,T03,CR1_S2,CR1,S2,0,0.0,8.334,1.39,1.15,7.11,3,0,23.58
5640,T09,S4_CR2,S4,CR2,1,201.8,6.855,1.9,1.35,3.5,2,0,23.6
5641,T07,D1_S5,D1,S5,0,0.0,6.724,1.12,1.15,8.66,2,0,16.58
5642,T06,CR2_S4,CR2,S4,0,0.0,6.855,1.9,1.35,6.75,4,0,19.15
5643,T04,CR1_S2,CR1,S2,0,0.0,8.334,1.39,1.15,10.89,1,1,27.38
5644,T09,D1_S5,D1,S5,0,0.0,6.724,1.12,1.15,3.85,4,0,19.18
5645,T10,S3_CR2,S3,CR2,1,195.1,6.579,1.9,1.35,9.0,3,0,24.44
5646,T07,CR2_S4,CR2,S4,0,0.0,6.855,1.9,1.35,4.77,8,0,24.15
5647,T06,D1_S1,D1,S1,0,0.0,5.834,1.12,1.15,1.68,3,0,14.07
5648,T07,D1_S5,D1,S5,0,0.0,6.724,1.12,1.15,0.3,1,0,16.39
5649,T09,D2_S4,D2,S4,0,0.0,6.638,1.49,1.35,2.7,1,0,20.13
5650,T03,S3_CR1,S3,CR1,1,181.3,8.135,1.57,1.15,8.28,7,0,26.75
5651,T01,D2_S3,D2,S3,0,0.0,6.362,1.39,1.35,0.02,1,0,21.09
5652,T08,S1_D1,S1,D1,1,213.8,5.834,1.12,1.15,3.47,5,1,22.24
5653,T06,D2_S3,D2,S3,0,0.0,6.362,1.39,1.35,10.96,2,0,21.28
5654,T02,CR2_S4,CR2,S4,0,0.0,6.855,1.9,1.35,2.7,3,0,18.62
5655,T03,S1_D1,S1,D1,1,199.7,5.834,1.12,1.15,8.39,1,0,15.32
5656,T03,D1_S1,D1,S1,0,0.0,5.834,1.12,1.15,4.99,5,1,20.91
5657,T02,S3_CR2,S3,CR2,1,220.0,6.579,1.9,1.35,10.87,2,0,23.28
5658,T01,S1_D1,S1,D1,1,206.7,5.834,1.12,1.15,6.63,3,0,16.24
5659,T01,CR2_S6,CR2,S6,0,0.0,8.342,1.9,1.35,11.79,2,0,20.79
5660,T02,S4_D2,S4,D2,1,176.8,6.638,1.49,1.35,3.05,0,0,25.37
5661,T08,CR1_S3,CR1,S3,0,0.0,8.135,1.57,1.15,1.21,1,0,16.35
5662,T03,S3_CR1,S3,CR1,1,217.3,8.135,1.57,1.15,7.4,4,0,23.69
5663,T02,S3_D2,S3,D2,1,195.6,6.362,1.39,1.35,8.76,3,0,28.78
5664,T06,D2_S4,D2,S4,0,0.0,6.638,1.49,1.35,4.72,5,0,23.18
5665,T03,D1_S5,D1,S5,0,0.0,6.724,1.12,1.15,10.87,1,0,16.41
5666,T05,S4_D2,S4,D2,1,196.3,6.638,1.49,1.35,10.58,3,0,28.41
5667,T01,S3_CR2,S3,CR2,1,174.4,6.579,1.9,1.35,3.79,0,0,22.58
5668,T08,S5_D1,S5,D1,1,205.8,6.724,1.12,1.15,7.06,7,0,24.14
5669,T06,D2_S4,D2,S4,0,0.0,6.638,1.49,1.35,0.85,1,1,27.85
5670,T06,S5_CR1,S5,CR1,1,192.9,10.342,0.89,1.15,7.04,5,0,39.32
5671,T03,D2_S4,D2,S4,0,0.0,6.638,1.49,1.35,5.23,7,0,24.97
5672,T10,S3_CR2,S3,CR2,1,190.4,6.579,1.9,1.35,9.62,2,0,21.23
5673,T04,CR2_S6,CR2,S6,0,0.0,8.342,1.9,1.35,4.18,5,0,23.12
5674,T08,S3_CR1,S3,CR1,1,180.5,8.135,1.57,1.15,11.52,2,0,21.93
5675,T10,S6_CR2,S6,CR2,1,201.9,8.342,1.9,1.35,11.98,2,0,24.96
5676,T10,S1_D1,S1,D1,1,198.5,5.834,1.12,1.15,9.7,2,0,16.36
5677,T10,S5_D1,S5,D1,1,202.3,6.724,1.12,1.15,0.82,0,1,23.91
5678,T03,CR2_S3,CR2,S3,0,0.0,6.579,1.9,1.35,9.26,1,0,17.29
5679,T09,S6_CR2,S6,CR2,1,179.5,8.342,1.9,1.35,0.54,1,0,26.6
5680,T02,S6_CR2,S6,CR2,1,191.1,8.342,1.9,1.35,6.49,2,0,29.16
5681,T09,S2_CR1,S2,CR1,1,184.5,8.334,1.39,1.15,11.29,2,1,37.69
5682,T01,D2_S4,D2,S4,0,0.0,6.638,1.49,1.35,0.4,2,0,20.61
5683,T07,S5_D1,S5,D1,1,190.9,6.724,1.12,1.15,8.88,2,0,20.22
5684,T06,S1_D1,S1,D1,1,191.0,5.834,1.12,1.15,0.34,1,0,13.6
5685,T08,S1_CR1,S1,CR1,1,174.8,8.767,0.8,1.15,7.29,6,0,30.44
5686,T08,CR1_S5,CR1,S5,0,0.0,10.342,0.89,1.15,8.48,2,1,32.33
5687,T10,CR2_S3,CR2,S3,0,0.0,6.579,1.9,1.35,5.55,6,1,27.97
5688,T03,CR2_S3,CR2,S3,0,0.0,6.579,1.9,1.35,9.51,1,1,22.08
5689,T02,CR2_S6,CR2,S6,0,0.0,8.342,1.9,1.35,3.38,3,0,21.87
5690,T07,D2_S4,D2,S4,0,0.0,6.638,1.49,1.35,9.31,6,1,32.62
5691,T05,S3_D2,S3,D2,1,172.3,6.362,1.39,1.35,3.19,3,0,24.73
5692,T02,CR2_S3,CR2,S3,0,0.0,6.579,1.9,1.35,7.11,4,0,20.93
5693,T07,S3_D2,S3,D2,1,178.9,6.362,1.39,1.35,10.39,3,0,28.4
5694,T01,D1_S5,D1,S5,0,0.0,6.724,1.12,1.15,4.12,6,0,21.86
5695,T07,CR2_S6,CR2,S6,0,0.0,8.342,1.9,1.35,2.86,1,0,20.97
5696,T05,S5_CR1,S5,CR1,1,220.0,10.342,0.89,1.15,0.88,4,1,45.43
5697,T07,S5_D1,S5,D1,1,170.3,6.724,1.12,1.15,3.32,3,0,19.6
5698,T10,CR1_S1,CR1,S1,0,0.0,8.767,0.8,1.15,0.8,3,0,23.44
5699,T04,S3_CR1,S3,CR1,1,211.4,8.135,1.57,1.15,6.15,2,0,20.95
5700,T08,S1_CR1,S1,CR1,1,196.1,8.767,0.8,1.15,5.39,3,0,26.72
5701,T04,D2_S4,D2,S4,0,0.0,6.638,1.49,1.35,2.84,1,0,22.78
5702,T10,S2_CR1,S2,CR1,1,192.6,8.334,1.39,1.15,1.86,3,0,28.79
5703,T04,S2_CR1,S2,CR1,1,214.1,8.334,1.39,1.15,11.0,2,0,27.71
5704,T03,S5_D1,S5,D1,1,216.0,6.724,1.12,1.15,0.81,4,0,24.32
5705,T07,S3_D2,S3,D2,1,213.0,6.362,1.39,1.35,10.61,1,1,38.02
5706,T05,S3_CR2,S3,CR2,1,213.6,6.579,1.9,1.35,4.82,2,0,21.77
5707,T06,S4_CR2,S4,CR2,1,191.5,6.855,1.9,1.35,6.34,4,0,26.93
5708,T08,S4_D2,S4,D2,1,209.2,6.638,1.49,1.35,0.1,1,0,25.28
5709,T01,S2_CR1,S2,CR1,1,214.8,8.334,1.39,1.15,2.96,1,0,28.6
5710,T06,CR1_S1,CR1,S1,0,0.0,8.767,0.8,1.15,11.38,1,1,27.34
5711,T02,D2_S4,D2,S4,0,0.0,6.638,1.49,1.35,5.28,4,1,27.86
5712,T01,S2_CR1,S2,CR1,1,205.5,8.334,1.39,1.15,8.23,0,0,26.11
5713,T09,CR2_S6,CR2,S6,0,0.0,8.342,1.9,1.35,3.41,7,1,35.66
5714,T02,S5_D1,S5,D1,1,176.5,6.724,1.12,1.15,2.85,1,0,19.49
5715,T04,S3_D2,S3,D2,1,197.4,6.362,1.39,1.35,3.65,1,0,24.7
5716,T06,CR2_S4,CR2,S4,0,0.0,6.855,1.9,1.35,8.3,6,0,22.38
5717,T09,D1_S1,D1,S1,0,0.0,5.834,1.12,1.15,8.2,1,0,12.32
5718,T10,D2_S3,D2,S3,0,0.0,6.362,1.39,1.35,11.95,1,0,20.36
5719,T03,S6_CR2,S6,CR2,1,202.9,8.342,1.9,1.35,4.04,2,0,29.87
5720,T10,CR2_S6,CR2,S6,0,0.0,8.342,1.9,1.35,8.94,2,0,22.61
5721,T03,S3_D2,S3,D2,1,220.0,6.362,1.39,1.35,9.03,6,0,29.97
5722,T09,CR2_S4,CR2,S4,0,0.0,6.855,1.9,1.35,8.35,1,0,18.8
5723,T07,CR1_S5,CR1,S5,0,0.0,10.342,0.89,1.15,8.75,2,1,39.7
5724,T09,CR1_S2,CR1,S2,0,0.0,8.334,1.39,1.15,0.04,3,0,24.84
5725,T09,S4_D2,S4,D2,1,193.5,6.638,1.49,1.35,8.77,1,0,25.63
5726,T09,CR2_S4,CR2,S4,0,0.0,6.855,1.9,1.35,0.19,0,0,15.9
5727,T09,S4_D2,S4,D2,1,180.5,6.638,1.49,1.35,4.91,1,1,36.11
5728,T05,S4_D2,S4,D2,1,191.8,6.638,1.49,1.35,6.04,6,0,32.82
5729,T09,S5_CR1,S5,CR1,1,196.7,10.342,0.89,1.15,4.65,4,0,35.43
5730,T06,S6_CR2,S6,CR2,1,192.5,8.342,1.9,1.35,10.48,2,0,28.15
5731,T05,CR1_S3,CR1,S3,0,0.0,8.135,1.57,1.15,5.71,7,0,21.4
5732,T09,CR1_S5,CR1,S5,0,0.0,10.342,0.89,1.15,8.21,1,0,23.63
5733,T04,S3_CR2,S3,CR2,1,167.4,6.579,1.9,1.35,6.16,6,0,25.55
5734,T06,S5_CR1,S5,CR1,1,220.0,10.342,0.89,1.15,10.64,2,0,33.65
5735,T10,S5_D1,S5,D1,1,176.2,6.724,1.12,1.15,3.24,2,0,22.64
5736,T01,D1_S1,D1,S1,0,0.0,5.834,1.12,1.15,9.13,5,0,16.8
5737,T01,D2_S4,D2,S4,0,0.0,6.638,1.49,1.35,4.33,2,0,21.86
5738,T04,CR2_S3,CR2,S3,0,0.0,6.579,1.9,1.35,10.52,3,0,20.69
5739,T04,CR1_S3,CR1,S3,0,0.0,8.135,1.57,1.15,5.91,2,1,23.86
5740,T09,CR2_S6,CR2,S6,0,0.0,8.342,1.9,1.35,5.21,3,0,22.06
5741,T05,CR2_S3,CR2,S3,0,0.0,6.579,1.9,1.35,9.57,2,1,24.11
5742,T10,CR1_S5,CR1,S5,0,0.0,10.342,0.89,1.15,8.99,0,0,27.84
5743,T10,D1_S1,D1,S1,0,0.0,5.834,1.12,1.15,2.78,1,0,12.76
5744,T05,CR1_S2,CR1,S2,0,0.0,8.334,1.39,1.15,8.37,5,0,29.27
5745,T02,CR1_S2,CR1,S2,0,0.0,8.334,1.39,1.15,10.23,2,0,22.22
5746,T08,D2_S4,D2,S4,0,0.0,6.638,1.49,1.35,3.63,3,0,23.36
5747,T02,S5_D1,S5,D1,1,208.4,6.724,1.12,1.15,7.22,4,0,22.18
5748,T01,S6_CR2,S6,CR2,1,170.1,8.342,1.9,1.35,8.06,3,0,26.22
5749,T01,S4_CR2,S4,CR2,1,194.9,6.855,1.9,1.35,0.95,2,0,21.05
5750,T07,CR2_S4,CR2,S4,0,0.0,6.855,1.9,1.35,0.35,2,0,20.22
5751,T09,CR1_S5,CR1,S5,0,0.0,10.342,0.89,1.15,0.85,1,1,31.66
5752,T04,S1_CR1,S1,CR1,1,195.3,8.767,0.8,1.15,2.7,2,0,27.46
5753,T04,S6_CR2,S6,CR2,1,172.5,8.342,1.9,1.35,1.73,3,0,24.32
5754,T08,D2_S3,D2,S3,0,0.0,6.362,1.39,1.35,11.68,2,1,31.38
5755,T04,CR2_S3,CR2,S3,0,0.0,6.579,1.9,1.35,4.88,5,0,20.6
5756,T02,S4_CR2,S4,CR2,1,175.1,6.855,1.9,1.35,4.04,3,1,29.72
5757,T03,CR1_S2,CR1,S2,0,0.0,8.334,1.39,1.15,4.43,1,0,20.13
5758,T03,D2_S3,D2,S3,0,0.0,6.362,1.39,1.35,1.25,2,0,23.37
5759,T06,CR1_S1,CR1,S1,0,0.0,8.767,0.8,1.15,7.18,5,1,31.18
5760,T02,CR1_S3,CR1,S3,0,0.0,8.135,1.57,1.15,4.51,3,0,17.51
5761,T03,CR2_S3,CR2,S3,0,0.0,6.579,1.9,1.35,8.01,1,0,16.35
5762,T08,S2_CR1,S2,CR1,1,198.2,8.334,1.39,1.15,4.36,1,0,27.96
5763,T01,CR2_S3,CR2,S3,0,0.0,6.579,1.9,1.35,11.26,3,0,18.78
5764,T08,CR1_S2,CR1,S2,0,0.0,8.334,1.39,1.15,3.27,0,0,19.37
5765,T09,S4_D2,S4,D2,1,200.5,6.638,1.49,1.35,2.32,2,0,30.45
5766,T03,D1_S5,D1,S5,0,0.0,6.724,1.12,1.15,11.58,2,1,17.64
5767,T02,CR1_S3,CR1,S3,0,0.0,8.135,1.57,1.15,5.88,1,0,16.37
5768,T10,S3_CR2,S3,CR2,1,216.5,6.579,1.9,1.35,4.08,5,1,28.34
5769,T08,S1_D1,S1,D1,1,213.8,5.834,1.12,1.15,10.49,1,0,15.19
5770,T03,S3_CR2,S3,CR2,1,194.7,6.579,1.9,1.35,8.83,2,0,22.62
5771,T04,D1_S1,D1,S1,0,0.0,5.834,1.12,1.15,11.38,2,0,14.56
5772,T02,D2_S4,D2,S4,0,0.0,6.638,1.49,1.35,4.99,3,0,22.47
5773,T07,S5_CR1,S5,CR1,1,207.2,10.342,0.89,1.15,0.52,3,0,35.73
5774,T02,S5_CR1,S5,CR1,1,182.5,10.342,0.89,1.15,11.03,2,1,42.8
5775,T04,S3_CR1,S3,CR1,1,208.0,8.135,1.57,1.15,7.25,6,0,25.81
5776,T09,CR1_S1,CR1,S1,0,0.0,8.767,0.8,1.15,0.19,1,0,21.74
5777,T01,CR1_S5,CR1,S5,0,0.0,10.342,0.89,1.15,7.27,3,0,29.85
5778,T08,S1_D1,S1,D1,1,212.4,5.834,1.12,1.15,11.75,0,0,12.74
5779,T10,CR2_S3,CR2,S3,0,0.0,6.579,1.9,1.35,6.08,4,1,29.07
5780,T10,S5_D1,S5,D1,1,220.0,6.724,1.12,1.15,11.78,1,1,22.53
5781,T01,D1_S1,D1,S1,0,0.0,5.834,1.12,1.15,7.88,4,0,15.42
5782,T10,CR2_S3,CR2,S3,0,0.0,6.579,1.9,1.35,0.2,5,0,21.44
5783,T07,CR2_S6,CR2,S6,0,0.0,8.342,1.9,1.35,10.12,1,0,20.55
5784,T08,CR2_S4,CR2,S4,0,0.0,6.855,1.9,1.35,8.41,2,0,17.57
5785,T06,S6_CR2,S6,CR2,1,201.2,8.342,1.9,1.35,11.79,2,0,26.8
5786,T01,S3_D2,S3,D2,1,216.3,6.362,1.39,1.35,7.0,0,0,24.61
5787,T07,D1_S1,D1,S1,0,0.0,5.834,1.12,1.15,1.0,0,0,11.55
5788,T09,S3_D2,S3,D2,1,212.7,6.362,1.39,1.35,0.87,3,0,25.54
5789,T10,CR2_S3,CR2,S3,0,0.0,6.579,1.9,1.35,8.37,3,1,26.1
5790,T07,CR1_S3,CR1,S3,0,0.0,8.135,1.57,1.15,10.64,2,0,17.72
5791,T02,CR2_S4,CR2,S4,0,0.0,6.855,1.9,1.35,10.41,3,1,25.35
5792,T08,D1_S1,D1,S1,0,0.0,5.834,1.12,1.15,2.52,7,0,17.67
5793,T10,S6_CR2,S6,CR2,1,195.1,8.342,1.9,1.35,7.56,4,1,34.28
5794,T10,CR2_S4,CR2,S4,0,0.0,6.855,1.9,1.35,3.63,2,0,17.69
5795,T05,CR1_S5,CR1,S5,0,0.0,10.342,0.89,1.15,5.8,6,0,29.48
5796,T02,CR2_S6,CR2,S6,0,0.0,8.342,1.9,1.35,9.86,4,0,23.34
5797,T07,D2_S3,D2,S3,0,0.0,6.362,1.39,1.35,0.2,3,1,34.57
5798,T09,S3_CR1,S3,CR1,1,205.5,8.135,1.57,1.15,6.69,1,0,19.44
5799,T03,D2_S4,D2,S4,0,0.0,6.638,1.49,1.35,5.98,1,0,23.29
5800,T10,D2_S3,D2,S3,0,0.0,6.362,1.39,1.35,5.33,5,0,25.59
5801,T03,CR2_S4,CR2,S4,0,0.0,6.855,1.9,1.35,3.7,0,0,18.42
5802,T10,CR1_S3,CR1,S3,0,0.0,8.135,1.57,1.15,1.83,3,0,18.65
5803,T02,CR2_S4,CR2,S4,0,0.0,6.855,1.9,1.35,1.18,1,0,16.65
5804,T06,CR1_S5,CR1,S5,0,0.0,10.342,0.89,1.15,5.0,5,0,31.11
5805,T01,S3_CR1,S3,CR1,1,201.9,8.135,1.57,1.15,4.49,5,0,23.46
5806,T04,D1_S1,D1,S1,0,0.0,5.834,1.12,1.15,9.49,0,0,12.23
5807,T08,D1_S5,D1,S5,0,0.0,6.724,1.12,1.15,9.39,2,0,16.12
5808,T08,CR2_S3,CR2,S3,0,0.0,6.579,1.9,1.35,1.01,2,0,17.6
5809,T04,S4_D2,S4,D2,1,179.3,6.638,1.49,1.35,2.24,2,0,24.31
5810,T08,S3_CR2,S3,CR2,1,207.5,6.579,1.9,1.35,10.96,0,1,27.82
5811,T08,CR1_S3,CR1,S3,0,0.0,8.135,1.57,1.15,9.89,4,1,26.0
5812,T06,S1_D1,S1,D1,1,220.0,5.834,1.12,1.15,8.5,4,0,19.54
5813,T03,S2_CR1,S2,CR1,1,193.1,8.334,1.39,1.15,10.42,2,0,24.97
5814,T07,S3_CR1,S3,CR1,1,182.9,8.135,1.57,1.15,3.02,0,0,20.22
5815,T01,S3_D2,S3,D2,1,191.7,6.362,1.39,1.35,7.44,5,1,39.06
5816,T10,S1_CR1,S1,CR1,1,203.9,8.767,0.8,1.15,6.09,4,0,24.74
5817,T09,CR1_S1,CR1,S1,0,0.0,8.767,0.8,1.15,0.12,4,0,25.36
5818,T10,CR1_S5,CR1,S5,0,0.0,10.342,0.89,1.15,8.98,4,0,31.07
5819,T08,D1_S1,D1,S1,0,0.0,5.834,1.12,1.15,2.04,1,0,12.98
5820,T05,CR1_S5,CR1,S5,0,0.0,10.342,0.89,1.15,9.72,1,0,28.96
5821,T02,S6_CR2,S6,CR2,1,188.3,8.342,1.9,1.35,10.61,3,0,27.86
5822,T05,D2_S3,D2,S3,0,0.0,6.362,1.39,1.35,1.69,4,0,21.43
5823,T03,S3_CR2,S3,CR2,1,190.1,6.579,1.9,1.35,3.82,1,0,22.19
5824,T09,CR1_S2,CR1,S2,0,0.0,8.334,1.39,1.15,9.51,4,0,23.86
5825,T06,CR1_S2,CR1,S2,0,0.0,8.334,1.39,1.15,5.58,6,0,27.3
5826,T08,S1_D1,S1,D1,1,194.8,5.834,1.12,1.15,1.76,2,1,22.02
5827,T08,S6_CR2,S6,CR2,1,220.0,8.342,1.9,1.35,0.97,1,1,31.39
5828,T04,S4_D2,S4,D2,1,189.3,6.638,1.49,1.35,3.99,1,0,27.35
5829,T02,S5_D1,S5,D1,1,182.1,6.724,1.12,1.15,5.58,1,0,20.38
5830,T05,S4_D2,S4,D2,1,197.7,6.638,1.49,1.35,9.44,1,0,26.63
5831,T06,CR1_S2,CR1,S2,0,0.0,8.334,1.39,1.15,0.42,2,0,20.59
5832,T04,S5_CR1,S5,CR1,1,199.3,10.342,0.89,1.15,0.67,2,1,48.29
5833,T09,S2_CR1,S2,CR1,1,171.6,8.334,1.39,1.15,3.33,4,0,29.4
5834,T05,CR2_S3,CR2,S3,0,0.0,6.579,1.9,1.35,11.43,1,0,18.98
5835,T05,CR2_S3,CR2,S3,0,0.0,6.579,1.9,1.35,0.47,0,0,18.1
5836,T10,S3_D2,S3,D2,1,194.1,6.362,1.39,1.35,6.43,2,1,36.73
5837,T02,S6_CR2,S6,CR2,1,187.4,8.342,1.9,1.35,8.15,2,0,27.24
5838,T06,S4_D2,S4,D2,1,197.3,6.638,1.49,1.35,4.04,1,0,25.57
5839,T06,CR1_S5,CR1,S5,0,0.0,10.342,0.89,1.15,4.87,4,0,30.81
5840,T04,S4_D2,S4,D2,1,200.1,6.638,1.49,1.35,11.71,2,0,24.08
5841,T08,S1_CR1,S1,CR1,1,162.5,8.767,0.8,1.15,11.55,3,0,28.03
5842,T05,D1_S5,D1,S5,0,0.0,6.724,1.12,1.15,10.97,3,1,24.78
5843,T10,CR2_S3,CR2,S3,0,0.0,6.579,1.9,1.35,0.7,0,1,23.22
5844,T04,S3_D2,S3,D2,1,188.2,6.362,1.39,1.35,3.17,0,1,35.51
5845,T02,S3_D2,S3,D2,1,169.8,6.362,1.39,1.35,4.88,2,1,34.01
5846,T04,D1_S1,D1,S1,0,0.0,5.834,1.12,1.15,1.88,2,1,15.35
5847,T04,S3_CR1,S3,CR1,1,183.6,8.135,1.57,1.15,7.77,1,0,22.28
5848,T07,CR2_S4,CR2,S4,0,0.0,6.855,1.9,1.35,5.28,6,0,20.65
5849,T01,D1_S1,D1,S1,0,0.0,5.834,1.12,1.15,3.2,5,1,17.55
5850,T10,S3_CR1,S3,CR1,1,202.8,8.135,1.57,1.15,8.6,0,0,21.04
5851,T07,D1_S5,D1,S5,0,0.0,6.724,1.12,1.15,10.78,4,0,17.58
5852,T07,CR1_S1,CR1,S1,0,0.0,8.767,0.8,1.15,3.63,2,0,25.34
5853,T01,S1_D1,S1,D1,1,182.5,5.834,1.12,1.15,7.26,4,0,17.12
5854,T01,S4_CR2,S4,CR2,1,185.8,6.855,1.9,1.35,10.58,1,1,33.3
5855,T05,CR1_S5,CR1,S5,0,0.0,10.342,0.89,1.15,5.54,2,0,27.29
5856,T04,S3_CR2,S3,CR2,1,194.6,6.579,1.9,1.35,9.05,4,0,24.59
5857,T06,D1_S1,D1,S1,0,0.0,5.834,1.12,1.15,6.29,4,0,14.15
5858,T04,S5_D1,S5,D1,1,219.8,6.724,1.12,1.15,3.73,4,0,21.33
5859,T09,D2_S3,D2,S3,0,0.0,6.362,1.39,1.35,4.83,4,0,23.87
5860,T04,S4_CR2,S4,CR2,1,199.7,6.855,1.9,1.35,6.27,5,0,26.09
5861,T02,S4_CR2,S4,CR2,1,199.9,6.855,1.9,1.35,10.35,1,0,22.51
5862,T04,D1_S1,D1,S1,0,0.0,5.834,1.12,1.15,11.87,1,0,12.66
5863,T10,D2_S4,D2,S4,0,0.0,6.638,1.49,1.35,9.27,4,0,24.92
5864,T04,S1_D1,S1,D1,1,215.3,5.834,1.12,1.15,9.44,1,0,15.27
5865,T06,S3_D2,S3,D2,1,186.4,6.362,1.39,1.35,3.13,1,0,26.39
5866,T10,CR2_S4,CR2,S4,0,0.0,6.855,1.9,1.35,3.61,1,1,22.4
5867,T05,S2_CR1,S2,CR1,1,187.6,8.334,1.39,1.15,5.01,4,0,26.59
5868,T02,S2_CR1,S2,CR1,1,170.9,8.334,1.39,1.15,1.96,0,1,38.79
5869,T08,CR1_S2,CR1,S2,0,0.0,8.334,1.39,1.15,5.15,3,1,27.38
5870,T03,CR1_S1,CR1,S1,0,0.0,8.767,0.8,1.15,3.02,2,1,30.86
5871,T07,S3_CR2,S3,CR2,1,186.9,6.579,1.9,1.35,6.27,1,0,22.22
5872,T09,S3_D2,S3,D2,1,196.1,6.362,1.39,1.35,4.09,3,0,28.57
5873,T04,D1_S5,D1,S5,0,0.0,6.724,1.12,1.15,6.29,4,0,19.79
5874,T01,CR2_S3,CR2,S3,0,0.0,6.579,1.9,1.35,2.66,3,0,17.91
5875,T03,D1_S5,D1,S5,0,0.0,6.724,1.12,1.15,11.5,2,0,16.47
5876,T07,CR2_S6,CR2,S6,0,0.0,8.342,1.9,1.35,3.94,3,0,22.93
5877,T08,CR1_S5,CR1,S5,0,0.0,10.342,0.89,1.15,7.32,3,0,27.12
5878,T09,S3_D2,S3,D2,1,208.6,6.362,1.39,1.35,8.92,2,0,26.71
5879,T01,S4_D2,S4,D2,1,192.0,6.638,1.49,1.35,4.83,5,1,39.57
5880,T06,S2_CR1,S2,CR1,1,169.3,8.334,1.39,1.15,5.98,7,0,33.04
5881,T08,D2_S3,D2,S3,0,0.0,6.362,1.39,1.35,11.31,1,0,22.34
5882,T05,S3_CR2,S3,CR2,1,210.7,6.579,1.9,1.35,3.49,2,0,26.18
5883,T04,CR1_S3,CR1,S3,0,0.0,8.135,1.57,1.15,9.57,1,1,19.97
5884,T03,S6_CR2,S6,CR2,1,177.3,8.342,1.9,1.35,11.97,4,0,32.42
5885,T04,CR1_S3,CR1,S3,0,0.0,8.135,1.57,1.15,4.33,3,0,20.1
5886,T06,CR2_S4,CR2,S4,0,0.0,6.855,1.9,1.35,5.77,6,0,23.84
5887,T07,CR2_S4,CR2,S4,0,0.0,6.855,1.9,1.35,0.82,1,0,17.68
5888,T05,CR2_S4,CR2,S4,0,0.0,6.855,1.9,1.35,7.71,5,1,29.32
5889,T09,S3_CR2,S3,CR2,1,186.3,6.579,1.9,1.35,10.64,2,1,30.89
5890,T10,S4_D2,S4,D2,1,176.9,6.638,1.49,1.35,6.84,8,0,31.41
5891,T02,S4_CR2,S4,CR2,1,202.7,6.855,1.9,1.35,9.6,3,0,25.46
5892,T08,S1_CR1,S1,CR1,1,200.0,8.767,0.8,1.15,0.23,0,0,29.29
5893,T04,CR2_S3,CR2,S3,0,0.0,6.579,1.9,1.35,5.34,5,0,20.99
5894,T10,S1_D1,S1,D1,1,173.0,5.834,1.12,1.15,5.98,3,1,20.3
5895,T07,S3_D2,S3,D2,1,186.2,6.362,1.39,1.35,7.2,3,1,35.55
5896,T01,S3_CR2,S3,CR2,1,205.4,6.579,1.9,1.35,11.48,3,0,24.41
5897,T08,S3_D2,S3,D2,1,180.6,6.362,1.39,1.35,2.34,5,0,30.54
5898,T03,S6_CR2,S6,CR2,1,193.6,8.342,1.9,1.35,2.5,2,0,25.99
5899,T05,S4_CR2,S4,CR2,1,200.3,6.855,1.9,1.35,11.22,1,0,22.43
5900,T04,S4_CR2,S4,CR2,1,201.6,6.855,1.9,1.35,7.93,2,0,23.76
5901,T06,CR2_S3,CR2,S3,0,0.0,6.579,1.9,1.35,1.08,3,0,21.24
5902,T02,CR1_S2,CR1,S2,0,0.0,8.334,1.39,1.15,2.2,2,1,30.44
5903,T07,S1_CR1,S1,CR1,1,177.2,8.767,0.8,1.15,11.57,3,0,29.97
5904,T02,CR2_S4,CR2,S4,0,0.0,6.855,1.9,1.35,3.95,5,0,21.72
5905,T04,CR1_S3,CR1,S3,0,0.0,8.135,1.57,1.15,7.54,3,0,17.73
5906,T06,D2_S4,D2,S4,0,0.0,6.638,1.49,1.35,3.07,2,1,30.66
5907,T10,D2_S3,D2,S3,0,0.0,6.362,1.39,1.35,2.08,1,1,27.45
5908,T02,S4_CR2,S4,CR2,1,194.2,6.855,1.9,1.35,6.11,4,0,24.77
5909,T10,S6_CR2,S6,CR2,1,184.9,8.342,1.9,1.35,9.22,2,0,25.9
5910,T08,D2_S4,D2,S4,0,0.0,6.638,1.49,1.35,9.34,2,0,24.01
5911,T05,D1_S1,D1,S1,0,0.0,5.834,1.12,1.15,3.12,2,1,15.26
5912,T06,S5_CR1,S5,CR1,1,176.7,10.342,0.89,1.15,7.3,7,0,39.32
5913,T01,D2_S4,D2,S4,0,0.0,6.638,1.49,1.35,10.39,1,0,21.36
5914,T05,CR1_S1,CR1,S1,0,0.0,8.767,0.8,1.15,11.83,1,0,21.97
5915,T08,S2_CR1,S2,CR1,1,195.2,8.334,1.39,1.15,7.82,4,1,38.87
5916,T07,CR2_S6,CR2,S6,0,0.0,8.342,1.9,1.35,2.85,0,0,20.4
5917,T02,S4_D2,S4,D2,1,193.2,6.638,1.49,1.35,1.73,3,0,29.15
5918,T10,D1_S5,D1,S5,0,0.0,6.724,1.12,1.15,10.96,4,0,17.23
5919,T03,S5_CR1,S5,CR1,1,189.4,10.342,0.89,1.15,7.75,3,1,40.8
5920,T03,D2_S4,D2,S4,0,0.0,6.638,1.49,1.35,7.38,1,0,20.86
5921,T06,CR1_S5,CR1,S5,0,0.0,10.342,0.89,1.15,1.68,1,0,24.98
5922,T05,CR1_S1,CR1,S1,0,0.0,8.767,0.8,1.15,2.16,1,0,21.77
5923,T09,S5_D1,S5,D1,1,195.5,6.724,1.12,1.15,7.31,1,0,21.71
5924,T07,D1_S5,D1,S5,0,0.0,6.724,1.12,1.15,5.87,4,0,18.44
5925,T03,D1_S5,D1,S5,0,0.0,6.724,1.12,1.15,0.7,3,0,17.1
5926,T09,S3_CR2,S3,CR2,1,194.4,6.579,1.9,1.35,5.76,2,1,29.14
5927,T09,D2_S4,D2,S4,0,0.0,6.638,1.49,1.35,6.74,0,0,20.94
5928,T07,S2_CR1,S2,CR1,1,208.5,8.334,1.39,1.15,8.89,2,0,29.96
5929,T08,CR1_S5,CR1,S5,0,0.0,10.342,0.89,1.15,10.46,3,0,29.25
5930,T03,CR2_S6,CR2,S6,0,0.0,8.342,1.9,1.35,4.93,8,0,27.12
5931,T10,S4_D2,S4,D2,1,188.9,6.638,1.49,1.35,5.57,6,0,27.58
5932,T05,D1_S1,D1,S1,0,0.0,5.834,1.12,1.15,2.82,1,0,12.92
5933,T04,S6_CR2,S6,CR2,1,203.1,8.342,1.9,1.35,4.67,2,0,27.09
5934,T06,S3_D2,S3,D2,1,181.5,6.362,1.39,1.35,10.28,1,0,30.82
5935,T06,CR1_S1,CR1,S1,0,0.0,8.767,0.8,1.15,10.19,3,0,23.07
5936,T05,S4_D2,S4,D2,1,213.2,6.638,1.49,1.35,9.9,0,0,26.96
5937,T07,CR2_S4,CR2,S4,0,0.0,6.855,1.9,1.35,1.69,6,0,20.33
5938,T07,S1_CR1,S1,CR1,1,201.0,8.767,0.8,1.15,7.4,3,0,28.95
5939,T09,CR1_S1,CR1,S1,0,0.0,8.767,0.8,1.15,6.67,3,0,23.97
5940,T03,S2_CR1,S2,CR1,1,202.5,8.334,1.39,1.15,2.31,1,0,25.16
5941,T06,D2_S4,D2,S4,0,0.0,6.638,1.49,1.35,8.57,5,0,24.4
5942,T04,S4_D2,S4,D2,1,150.8,6.638,1.49,1.35,10.02,1,0,23.74
5943,T04,CR2_S6,CR2,S6,0,0.0,8.342,1.9,1.35,8.83,6,0,26.69
5944,T01,S1_D1,S1,D1,1,187.2,5.834,1.12,1.15,10.62,3,0,17.86
5945,T02,CR1_S1,CR1,S1,0,0.0,8.767,0.8,1.15,7.02,4,0,26.13
5946,T07,S4_D2,S4,D2,1,193.6,6.638,1.49,1.35,1.38,1,0,23.23
5947,T10,CR2_S3,CR2,S3,0,0.0,6.579,1.9,1.35,4.58,2,0,18.86
5948,T05,S6_CR2,S6,CR2,1,188.1,8.342,1.9,1.35,5.35,6,0,27.01
5949,T09,S3_CR2,S3,CR2,1,178.9,6.579,1.9,1.35,6.46,5,0,26.74
5950,T04,CR2_S6,CR2,S6,0,0.0,8.342,1.9,1.35,9.46,4,1,29.72
5951,T09,CR1_S2,CR1,S2,0,0.0,8.334,1.39,1.15,6.6,2,0,20.58
5952,T06,S4_D2,S4,D2,1,182.6,6.638,1.49,1.35,7.99,3,0,23.79
5953,T07,S6_CR2,S6,CR2,1,159.9,8.342,1.9,1.35,8.97,2,0,26.47
5954,T03,CR2_S4,CR2,S4,0,0.0,6.855,1.9,1.35,9.48,1,1,22.11
5955,T06,S4_CR2,S4,CR2,1,220.0,6.855,1.9,1.35,1.07,2,0,25.4
5956,T05,D2_S3,D2,S3,0,0.0,6.362,1.39,1.35,10.94,1,0,22.41
5957,T06,D1_S5,D1,S5,0,0.0,6.724,1.12,1.15,2.41,4,0,17.71
5958,T01,D2_S3,D2,S3,0,0.0,6.362,1.39,1.35,9.36,2,0,21.5
5959,T02,S5_D1,S5,D1,1,198.2,6.724,1.12,1.15,7.53,7,1,33.51
5960,T02,D2_S4,D2,S4,0,0.0,6.638,1.49,1.35,0.88,4,0,23.76
5961,T01,D1_S1,D1,S1,0,0.0,5.834,1.12,1.15,7.17,6,0,16.56
5962,T05,S3_CR2,S3,CR2,1,190.3,6.579,1.9,1.35,9.93,2,1,27.62
5963,T10,S5_D1,S5,D1,1,195.8,6.724,1.12,1.15,7.74,3,0,23.96
5964,T06,D1_S1,D1,S1,0,0.0,5.834,1.12,1.15,1.47,3,0,14.51
5965,T07,D2_S3,D2,S3,0,0.0,6.362,1.39,1.35,4.79,5,0,24.32
5966,T03,CR1_S5,CR1,S5,0,0.0,10.342,0.89,1.15,8.92,0,0,25.13
5967,T03,S5_CR1,S5,CR1,1,200.5,10.342,0.89,1.15,8.43,4,0,38.67
5968,T06,S3_CR2,S3,CR2,1,193.7,6.579,1.9,1.35,7.83,2,0,25.19
5969,T08,S3_D2,S3,D2,1,183.5,6.362,1.39,1.35,10.47,3,0,24.77
5970,T05,D1_S5,D1,S5,0,0.0,6.724,1.12,1.15,6.09,2,0,16.83
5971,T03,CR2_S6,CR2,S6,0,0.0,8.342,1.9,1.35,7.89,6,0,26.45
5972,T06,S2_CR1,S2,CR1,1,184.8,8.334,1.39,1.15,0.61,5,0,28.23
5973,T08,CR2_S4,CR2,S4,0,0.0,6.855,1.9,1.35,10.41,2,0,17.26
5974,T02,CR2_S3,CR2,S3,0,0.0,6.579,1.9,1.35,6.18,6,0,21.37
5975,T03,CR1_S2,CR1,S2,0,0.0,8.334,1.39,1.15,11.35,1,1,25.16
5976,T10,D1_S1,D1,S1,0,0.0,5.834,1.12,1.15,9.3,3,0,14.2
5977,T09,CR1_S1,CR1,S1,0,0.0,8.767,0.8,1.15,11.14,3,0,21.99
5978,T07,S4_D2,S4,D2,1,220.0,6.638,1.49,1.35,11.95,4,0,29.77
5979,T03,S2_CR1,S2,CR1,1,200.4,8.334,1.39,1.15,3.14,2,0,28.97
5980,T08,CR2_S6,CR2,S6,0,0.0,8.342,1.9,1.35,8.8,1,0,22.58
5981,T03,CR2_S6,CR2,S6,0,0.0,8.342,1.9,1.35,3.1,4,0,22.8
5982,T03,S3_CR2,S3,CR2,1,175.6,6.579,1.9,1.35,0.23,0,0,22.57
5983,T08,D2_S3,D2,S3,0,0.0,6.362,1.39,1.35,5.6,3,1,26.61
5984,T06,S1_CR1,S1,CR1,1,186.1,8.767,0.8,1.15,4.73,8,0,30.52
5985,T01,S4_CR2,S4,CR2,1,207.4,6.855,1.9,1.35,4.8,7,0,28.55
5986,T05,D1_S1,D1,S1,0,0.0,5.834,1.12,1.15,1.99,1,0,12.1
5987,T05,CR2_S3,CR2,S3,0,0.0,6.579,1.9,1.35,5.44,4,0,20.82
5988,T01,CR2_S4,CR2,S4,0,0.0,6.855,1.9,1.35,4.67,1,0,16.7
5989,T04,S5_CR1,S5,CR1,1,188.6,10.342,0.89,1.15,5.61,3,1,49.86
5990,T07,S5_D1,S5,D1,1,204.9,6.724,1.12,1.15,2.89,2,1,25.96
5991,T07,D1_S5,D1,S5,0,0.0,6.724,1.12,1.15,0.53,2,0,17.27
5992,T03,S4_CR2,S4,CR2,1,192.3,6.855,1.9,1.35,11.73,1,0,21.75
5993,T02,CR1_S3,CR1,S3,0,0.0,8.135,1.57,1.15,5.74,4,0,20.68
5994,T04,S4_CR2,S4,CR2,1,191.3,6.855,1.9,1.35,10.14,2,1,31.03
5995,T03,CR1_S3,CR1,S3,0,0.0,8.135,1.57,1.15,5.63,3,0,19.63
5996,T09,CR2_S4,CR2,S4,0,0.0,6.855,1.9,1.35,4.95,4,0,18.8
5997,T07,CR1_S2,CR1,S2,0,0.0,8.334,1.39,1.15,2.14,3,1,25.06
5998,T02,CR2_S6,CR2,S6,0,0.0,8.342,1.9,1.35,11.76,1,0,23.91
5999,T07,CR1_S2,CR1,S2,0,0.0,8.334,1.39,1.15,10.28,2,0,20.82
6000,T04,D1_S5,D1,S5,0,0.0,6.724,1.12,1.15,3.84,2,0,16.37
6001,T10,S5_CR1,S5,CR1,1,205.5,10.342,0.89,1.15,3.96,2,0,31.8
6002,T08,CR1_S1,CR1,S1,0,0.0,8.767,0.8,1.15,3.94,5,1,39.56
6003,T02,S4_CR2,S4,CR2,1,194.0,6.855,1.9,1.35,3.81,1,0,22.57
6004,T09,D1_S1,D1,S1,0,0.0,5.834,1.12,1.15,10.42,1,0,11.25
6005,T05,CR1_S1,CR1,S1,0,0.0,8.767,0.8,1.15,1.56,4,1,27.14
6006,T06,D1_S5,D1,S5,0,0.0,6.724,1.12,1.15,11.95,2,0,16.89
6007,T03,S4_D2,S4,D2,1,210.5,6.638,1.49,1.35,7.99,4,0,31.06
6008,T05,S4_D2,S4,D2,1,192.9,6.638,1.49,1.35,3.99,8,0,30.01
6009,T04,D1_S5,D1,S5,0,0.0,6.724,1.12,1.15,0.99,3,1,20.48
6010,T08,S5_CR1,S5,CR1,1,220.0,10.342,0.89,1.15,11.17,2,0,34.32
6011,T04,CR1_S2,CR1,S2,0,0.0,8.334,1.39,1.15,11.23,1,0,24.43
6012,T09,S6_CR2,S6,CR2,1,179.7,8.342,1.9,1.35,3.03,4,0,25.83
6013,T01,CR2_S6,CR2,S6,0,0.0,8.342,1.9,1.35,1.06,1,1,25.15
6014,T01,S4_CR2,S4,CR2,1,198.7,6.855,1.9,1.35,4.06,5,1,32.0
6015,T01,S3_CR1,S3,CR1,1,192.1,8.135,1.57,1.15,5.45,4,0,21.12
6016,T09,CR1_S1,CR1,S1,0,0.0,8.767,0.8,1.15,4.89,2,0,22.0
6017,T01,D1_S5,D1,S5,0,0.0,6.724,1.12,1.15,4.19,4,0,18.16
6018,T09,S3_CR1,S3,CR1,1,216.3,8.135,1.57,1.15,9.24,0,1,28.0
6019,T08,S1_D1,S1,D1,1,174.2,5.834,1.12,1.15,4.46,3,0,14.79
6020,T03,CR1_S3,CR1,S3,0,0.0,8.135,1.57,1.15,6.94,1,1,18.56
6021,T07,S6_CR2,S6,CR2,1,219.9,8.342,1.9,1.35,6.88,4,0,28.78
6022,T08,S4_CR2,S4,CR2,1,189.7,6.855,1.9,1.35,5.76,4,0,25.92
6023,T09,CR1_S1,CR1,S1,0,0.0,8.767,0.8,1.15,2.04,1,0,22.43
6024,T10,S3_CR2,S3,CR2,1,193.4,6.579,1.9,1.35,5.9,2,0,25.18
6025,T10,S3_D2,S3,D2,1,184.5,6.362,1.39,1.35,4.36,1,0,25.09
6026,T08,CR2_S4,CR2,S4,0,0.0,6.855,1.9,1.35,10.14,3,0,18.36
6027,T06,S3_CR2,S3,CR2,1,202.7,6.579,1.9,1.35,4.75,3,1,26.52
6028,T08,D2_S4,D2,S4,0,0.0,6.638,1.49,1.35,3.35,4,1,32.1
6029,T02,CR2_S4,CR2,S4,0,0.0,6.855,1.9,1.35,0.09,1,0,19.17
6030,T01,CR1_S2,CR1,S2,0,0.0,8.334,1.39,1.15,6.27,1,0,22.54
6031,T10,CR1_S1,CR1,S1,0,0.0,8.767,0.8,1.15,1.06,3,0,20.94
6032,T05,CR2_S6,CR2,S6,0,0.0,8.342,1.9,1.35,8.02,2,0,21.03
6033,T05,S3_CR2,S3,CR2,1,193.6,6.579,1.9,1.35,8.34,5,0,24.46
6034,T10,CR2_S6,CR2,S6,0,0.0,8.342,1.9,1.35,9.85,3,0,22.82
6035,T08,S1_CR1,S1,CR1,1,176.8,8.767,0.8,1.15,2.88,2,1,36.64
6036,T07,CR2_S4,CR2,S4,0,0.0,6.855,1.9,1.35,5.63,5,0,22.32
6037,T10,D1_S1,D1,S1,0,0.0,5.834,1.12,1.15,6.16,5,0,15.38
6038,T07,CR2_S3,CR2,S3,0,0.0,6.579,1.9,1.35,9.06,1,0,18.53
6039,T06,CR2_S6,CR2,S6,0,0.0,8.342,1.9,1.35,6.01,5,0,23.18
6040,T05,D1_S1,D1,S1,0,0.0,5.834,1.12,1.15,5.48,6,0,17.95
6041,T09,S1_D1,S1,D1,1,194.4,5.834,1.12,1.15,8.02,3,0,17.35
6042,T09,S5_D1,S5,D1,1,189.8,6.724,1.12,1.15,10.19,2,1,22.9
6043,T01,S5_CR1,S5,CR1,1,206.6,10.342,0.89,1.15,6.55,6,0,36.69
6044,T06,S3_D2,S3,D2,1,209.9,6.362,1.39,1.35,7.36,8,0,33.71
6045,T09,S3_CR2,S3,CR2,1,215.0,6.579,1.9,1.35,11.62,3,0,25.03
6046,T02,S5_D1,S5,D1,1,181.5,6.724,1.12,1.15,9.65,2,0,21.45
6047,T05,CR2_S6,CR2,S6,0,0.0,8.342,1.9,1.35,10.61,2,1,33.22
6048,T08,CR2_S6,CR2,S6,0,0.0,8.342,1.9,1.35,7.8,4,0,25.48
6049,T04,S5_CR1,S5,CR1,1,199.2,10.342,0.89,1.15,8.98,1,0,31.2
6050,T01,CR1_S1,CR1,S1,0,0.0,8.767,0.8,1.15,2.44,1,0,20.84
6051,T02,CR1_S2,CR1,S2,0,0.0,8.334,1.39,1.15,0.89,2,0,21.1
6052,T01,D1_S5,D1,S5,0,0.0,6.724,1.12,1.15,8.39,2,1,21.82
6053,T09,S4_D2,S4,D2,1,201.7,6.638,1.49,1.35,8.37,4,0,30.61
6054,T08,S1_CR1,S1,CR1,1,212.1,8.767,0.8,1.15,10.99,0,0,27.19
6055,T01,S6_CR2,S6,CR2,1,190.6,8.342,1.9,1.35,2.1,0,0,26.09
6056,T02,CR1_S1,CR1,S1,0,0.0,8.767,0.8,1.15,9.14,2,0,23.76
6057,T05,CR2_S3,CR2,S3,0,0.0,6.579,1.9,1.35,8.91,3,0,17.46
6058,T06,S6_CR2,S6,CR2,1,200.5,8.342,1.9,1.35,8.27,6,0,28.44
6059,T04,S4_D2,S4,D2,1,171.6,6.638,1.49,1.35,7.06,4,0,29.3
6060,T02,CR1_S2,CR1,S2,0,0.0,8.334,1.39,1.15,2.52,0,0,20.06
6061,T03,S4_CR2,S4,CR2,1,193.2,6.855,1.9,1.35,5.97,2,1,27.35
6062,T01,D1_S5,D1,S5,0,0.0,6.724,1.12,1.15,8.42,2,1,20.41
6063,T07,S4_D2,S4,D2,1,207.9,6.638,1.49,1.35,3.71,1,0,24.99
6064,T08,D2_S3,D2,S3,0,0.0,6.362,1.39,1.35,10.75,2,1,29.0
6065,T04,S3_CR2,S3,CR2,1,198.1,6.579,1.9,1.35,7.07,4,0,26.23
6066,T04,S3_D2,S3,D2,1,179.7,6.362,1.39,1.35,10.37,2,0,28.12
6067,T09,S6_CR2,S6,CR2,1,180.3,8.342,1.9,1.35,4.98,0,0,24.69
6068,T10,CR1_S1,CR1,S1,0,0.0,8.767,0.8,1.15,7.48,3,0,24.01
6069,T08,D2_S3,D2,S3,0,0.0,6.362,1.39,1.35,4.87,1,0,20.05
6070,T08,S4_CR2,S4,CR2,1,195.1,6.855,1.9,1.35,4.26,4,0,25.91
6071,T09,CR1_S1,CR1,S1,0,0.0,8.767,0.8,1.15,1.54,2,0,23.14
6072,T06,D1_S1,D1,S1,0,0.0,5.834,1.12,1.15,2.78,1,0,12.37
6073,T09,S6_CR2,S6,CR2,1,219.3,8.342,1.9,1.35,5.26,0,0,24.09
6074,T04,S6_CR2,S6,CR2,1,193.6,8.342,1.9,1.35,6.2,6,0,30.17
6075,T01,D2_S4,D2,S4,0,0.0,6.638,1.49,1.35,4.62,1,0,20.26
6076,T01,S5_CR1,S5,CR1,1,208.5,10.342,0.89,1.15,4.79,5,0,35.83
6077,T03,CR1_S5,CR1,S5,0,0.0,10.342,0.89,1.15,8.32,2,0,26.26
6078,T03,S5_D1,S5,D1,1,183.0,6.724,1.12,1.15,5.19,2,0,19.4
6079,T06,S3_D2,S3,D2,1,178.3,6.362,1.39,1.35,4.35,3,0,26.89
6080,T02,S6_CR2,S6,CR2,1,193.2,8.342,1.9,1.35,3.59,4,0,26.65
6081,T09,S6_CR2,S6,CR2,1,200.8,8.342,1.9,1.35,2.25,0,0,23.0
6082,T08,S3_CR1,S3,CR1,1,189.3,8.135,1.57,1.15,3.0,1,0,22.74
6083,T07,S5_D1,S5,D1,1,192.5,6.724,1.12,1.15,2.94,2,1,25.4
6084,T06,S4_D2,S4,D2,1,186.8,6.638,1.49,1.35,3.72,4,0,28.91
6085,T09,S3_CR2,S3,CR2,1,205.2,6.579,1.9,1.35,5.85,5,0,25.12
6086,T03,S3_CR1,S3,CR1,1,183.4,8.135,1.57,1.15,4.88,2,0,20.96
6087,T03,S5_CR1,S5,CR1,1,188.1,10.342,0.89,1.15,2.2,4,1,40.87
6088,T10,CR1_S2,CR1,S2,0,0.0,8.334,1.39,1.15,8.99,3,0,24.93
6089,T09,CR2_S4,CR2,S4,0,0.0,6.855,1.9,1.35,11.78,4,0,21.08
6090,T04,S6_CR2,S6,CR2,1,189.0,8.342,1.9,1.35,11.09,0,0,24.45
6091,T03,CR1_S2,CR1,S2,0,0.0,8.334,1.39,1.15,5.9,1,1,26.95
6092,T03,S1_D1,S1,D1,1,215.5,5.834,1.12,1.15,8.66,2,0,17.13
6093,T10,S1_CR1,S1,CR1,1,204.9,8.767,0.8,1.15,0.45,2,0,27.79
6094,T03,D2_S4,D2,S4,0,0.0,6.638,1.49,1.35,1.5,0,1,28.08
6095,T08,CR2_S3,CR2,S3,0,0.0,6.579,1.9,1.35,10.85,0,0,18.11
6096,T03,CR1_S5,CR1,S5,0,0.0,10.342,0.89,1.15,2.83,4,0,30.05
6097,T05,S2_CR1,S2,CR1,1,180.3,8.334,1.39,1.15,3.94,4,0,30.51
6098,T06,S5_CR1,S5,CR1,1,210.5,10.342,0.89,1.15,11.57,4,0,35.55
6099,T05,CR2_S3,CR2,S3,0,0.0,6.579,1.9,1.35,2.25,2,0,17.71
6100,T04,CR2_S4,CR2,S4,0,0.0,6.855,1.9,1.35,3.04,1,1,23.97
6101,T02,S1_D1,S1,D1,1,204.6,5.834,1.12,1.15,10.79,2,1,22.78
6102,T09,S5_CR1,S5,CR1,1,183.2,10.342,0.89,1.15,11.07,0,0,31.74
6103,T03,S2_CR1,S2,CR1,1,195.4,8.334,1.39,1.15,6.99,7,0,28.21
6104,T03,CR2_S6,CR2,S6,0,0.0,8.342,1.9,1.35,4.03,3,0,21.16
6105,T08,D1_S1,D1,S1,0,0.0,5.834,1.12,1.15,2.24,4,1,18.99
6106,T08,D1_S5,D1,S5,0,0.0,6.724,1.12,1.15,9.04,3,0,17.36
6107,T10,S3_D2,S3,D2,1,180.9,6.362,1.39,1.35,1.66,3,0,25.59
6108,T07,S4_D2,S4,D2,1,189.9,6.638,1.49,1.35,1.06,3,0,29.01
6109,T10,CR2_S4,CR2,S4,0,0.0,6.855,1.9,1.35,5.21,2,1,24.0
6110,T03,S2_CR1,S2,CR1,1,202.1,8.334,1.39,1.15,9.61,3,1,36.69
6111,T08,S6_CR2,S6,CR2,1,182.6,8.342,1.9,1.35,0.12,3,0,28.68
6112,T07,CR2_S4,CR2,S4,0,0.0,6.855,1.9,1.35,8.86,0,0,16.33
6113,T04,CR1_S1,CR1,S1,0,0.0,8.767,0.8,1.15,11.59,1,0,23.02
6114,T01,S5_CR1,S5,CR1,1,205.8,10.342,0.89,1.15,5.78,2,0,35.16
6115,T03,CR1_S1,CR1,S1,0,0.0,8.767,0.8,1.15,7.81,5,0,26.39
6116,T10,S3_CR2,S3,CR2,1,203.9,6.579,1.9,1.35,8.25,0,0,20.94
6117,T04,S1_D1,S1,D1,1,196.8,5.834,1.12,1.15,2.81,1,0,13.96
6118,T05,S5_D1,S5,D1,1,201.7,6.724,1.12,1.15,11.4,2,0,21.0
6119,T03,S5_D1,S5,D1,1,207.3,6.724,1.12,1.15,10.68,4,1,27.82
6120,T09,D1_S1,D1,S1,0,0.0,5.834,1.12,1.15,3.77,2,0,13.56
6121,T03,S6_CR2,S6,CR2,1,189.1,8.342,1.9,1.35,6.72,3,0,26.16
6122,T08,D2_S4,D2,S4,0,0.0,6.638,1.49,1.35,0.32,3,0,19.69
6123,T01,D2_S3,D2,S3,0,0.0,6.362,1.39,1.35,11.17,1,0,22.64
6124,T06,S3_CR2,S3,CR2,1,178.0,6.579,1.9,1.35,5.45,6,0,27.8
6125,T07,CR2_S6,CR2,S6,0,0.0,8.342,1.9,1.35,1.92,3,0,23.28
6126,T09,S1_D1,S1,D1,1,182.6,5.834,1.12,1.15,7.92,3,0,17.24
6127,T03,CR2_S6,CR2,S6,0,0.0,8.342,1.9,1.35,8.71,4,0,23.8
6128,T09,CR1_S5,CR1,S5,0,0.0,10.342,0.89,1.15,2.69,0,0,26.15
6129,T06,D2_S3,D2,S3,0,0.0,6.362,1.39,1.35,8.58,6,0,24.68
6130,T05,S1_CR1,S1,CR1,1,208.2,8.767,0.8,1.15,3.58,4,0,25.93
6131,T04,CR1_S3,CR1,S3,0,0.0,8.135,1.57,1.15,0.21,4,1,21.85
6132,T02,S5_D1,S5,D1,1,192.2,6.724,1.12,1.15,11.35,1,0,20.33
6133,T10,CR1_S5,CR1,S5,0,0.0,10.342,0.89,1.15,0.9,1,1,28.44
6134,T06,S4_D2,S4,D2,1,184.4,6.638,1.49,1.35,2.43,1,0,26.99
6135,T01,S5_CR1,S5,CR1,1,176.4,10.342,0.89,1.15,8.2,1,0,31.06
6136,T04,S2_CR1,S2,CR1,1,209.8,8.334,1.39,1.15,5.07,8,0,34.5
6137,T08,S1_CR1,S1,CR1,1,198.7,8.767,0.8,1.15,9.53,1,0,27.6
6138,T07,S5_D1,S5,D1,1,218.2,6.724,1.12,1.15,10.24,2,0,22.31
6139,T08,S3_D2,S3,D2,1,191.0,6.362,1.39,1.35,11.63,4,0,25.87
6140,T07,S1_D1,S1,D1,1,201.9,5.834,1.12,1.15,9.71,1,0,16.6
6141,T03,D1_S5,D1,S5,0,0.0,6.724,1.12,1.15,5.23,2,0,16.63
6142,T08,S5_D1,S5,D1,1,209.1,6.724,1.12,1.15,0.36,2,0,19.41
6143,T06,S6_CR2,S6,CR2,1,190.3,8.342,1.9,1.35,1.92,1,1,37.08
6144,T09,S5_CR1,S5,CR1,1,190.8,10.342,0.89,1.15,0.46,5,1,47.94
6145,T05,S4_D2,S4,D2,1,177.3,6.638,1.49,1.35,6.44,5,0,30.08
6146,T06,CR2_S4,CR2,S4,0,0.0,6.855,1.9,1.35,9.19,0,0,17.9
6147,T08,CR1_S3,CR1,S3,0,0.0,8.135,1.57,1.15,10.36,4,0,19.25
6148,T05,D1_S1,D1,S1,0,0.0,5.834,1.12,1.15,5.37,1,0,13.43
6149,T04,S3_D2,S3,D2,1,196.1,6.362,1.39,1.35,0.78,2,0,29.55
6150,T09,S3_D2,S3,D2,1,213.8,6.362,1.39,1.35,11.03,1,1,36.37
6151,T05,S2_CR1,S2,CR1,1,191.9,8.334,1.39,1.15,0.53,6,0,28.77
6152,T06,D2_S4,D2,S4,0,0.0,6.638,1.49,1.35,1.93,1,0,21.02
6153,T01,S3_CR2,S3,CR2,1,170.6,6.579,1.9,1.35,10.16,4,0,26.89
6154,T04,D2_S4,D2,S4,0,0.0,6.638,1.49,1.35,3.55,2,0,22.21
6155,T09,S3_D2,S3,D2,1,160.0,6.362,1.39,1.35,7.5,3,1,33.47
6156,T01,S1_D1,S1,D1,1,193.3,5.834,1.12,1.15,3.53,1,0,14.68
6157,T04,S3_CR1,S3,CR1,1,217.5,8.135,1.57,1.15,9.4,1,0,20.05
6158,T01,S2_CR1,S2,CR1,1,202.4,8.334,1.39,1.15,5.29,5,0,31.96
6159,T06,S3_CR2,S3,CR2,1,172.4,6.579,1.9,1.35,2.27,1,0,21.96
6160,T03,S1_CR1,S1,CR1,1,199.0,8.767,0.8,1.15,11.33,1,0,24.22
6161,T03,S4_CR2,S4,CR2,1,175.9,6.855,1.9,1.35,11.03,4,0,23.44
6162,T08,D2_S3,D2,S3,0,0.0,6.362,1.39,1.35,4.17,1,0,18.37
6163,T02,CR1_S3,CR1,S3,0,0.0,8.135,1.57,1.15,5.66,7,0,24.23
6164,T05,D1_S5,D1,S5,0,0.0,6.724,1.12,1.15,4.18,3,0,18.37
6165,T07,CR2_S3,CR2,S3,0,0.0,6.579,1.9,1.35,8.84,3,0,19.74
6166,T01,D2_S4,D2,S4,0,0.0,6.638,1.49,1.35,10.96,2,0,21.05
6167,T06,CR1_S3,CR1,S3,0,0.0,8.135,1.57,1.15,1.37,3,0,19.66
6168,T04,CR2_S6,CR2,S6,0,0.0,8.342,1.9,1.35,1.68,1,0,23.34
6169,T03,D1_S5,D1,S5,0,0.0,6.724,1.12,1.15,9.6,5,0,18.04
6170,T02,S2_CR1,S2,CR1,1,188.8,8.334,1.39,1.15,3.8,3,0,29.73
6171,T03,CR1_S5,CR1,S5,0,0.0,10.342,0.89,1.15,0.89,1,1,34.13
6172,T05,CR2_S6,CR2,S6,0,0.0,8.342,1.9,1.35,5.03,2,0,19.36
6173,T07,S5_CR1,S5,CR1,1,192.4,10.342,0.89,1.15,7.77,5,0,35.19
6174,T10,CR1_S2,CR1,S2,0,0.0,8.334,1.39,1.15,1.7,3,0,22.39
6175,T10,S2_CR1,S2,CR1,1,200.7,8.334,1.39,1.15,9.09,4,0,30.51
6176,T07,CR2_S4,CR2,S4,0,0.0,6.855,1.9,1.35,4.15,2,0,19.28
6177,T03,CR2_S3,CR2,S3,0,0.0,6.579,1.9,1.35,11.28,1,0,17.93
6178,T07,S6_CR2,S6,CR2,1,182.3,8.342,1.9,1.35,8.47,2,0,25.78
6179,T09,CR1_S5,CR1,S5,0,0.0,10.342,0.89,1.15,9.57,2,0,27.42
6180,T03,CR2_S4,CR2,S4,0,0.0,6.855,1.9,1.35,11.3,3,0,22.69
6181,T10,S3_CR1,S3,CR1,1,186.0,8.135,1.57,1.15,10.37,4,1,32.72
6182,T04,D2_S3,D2,S3,0,0.0,6.362,1.39,1.35,11.32,4,0,24.61
6183,T02,S3_CR1,S3,CR1,1,146.4,8.135,1.57,1.15,6.05,2,0,22.51
6184,T09,S1_D1,S1,D1,1,178.0,5.834,1.12,1.15,11.5,3,1,19.43
6185,T07,S4_D2,S4,D2,1,220.0,6.638,1.49,1.35,10.85,1,0,25.38
6186,T03,CR1_S2,CR1,S2,0,0.0,8.334,1.39,1.15,0.91,3,1,31.27
6187,T02,CR2_S6,CR2,S6,0,0.0,8.342,1.9,1.35,6.96,6,0,24.42
6188,T08,CR1_S2,CR1,S2,0,0.0,8.334,1.39,1.15,6.24,4,1,29.0
6189,T06,CR1_S5,CR1,S5,0,0.0,10.342,0.89,1.15,9.82,4,0,26.66
6190,T09,S5_CR1,S5,CR1,1,179.2,10.342,0.89,1.15,1.11,1,0,34.92
6191,T05,D1_S1,D1,S1,0,0.0,5.834,1.12,1.15,9.28,1,1,14.75
6192,T01,CR1_S3,CR1,S3,0,0.0,8.135,1.57,1.15,0.64,0,1,20.29
6193,T01,S5_CR1,S5,CR1,1,220.0,10.342,0.89,1.15,11.12,1,0,34.89
6194,T10,D2_S4,D2,S4,0,0.0,6.638,1.49,1.35,5.16,3,0,23.02
6195,T08,S5_CR1,S5,CR1,1,214.5,10.342,0.89,1.15,10.3,0,0,32.13
6196,T06,D2_S3,D2,S3,0,0.0,6.362,1.39,1.35,7.51,2,0,21.88
6197,T05,CR1_S2,CR1,S2,0,0.0,8.334,1.39,1.15,3.8,5,0,24.36
6198,T05,S4_D2,S4,D2,1,176.4,6.638,1.49,1.35,0.59,2,0,29.0
6199,T09,CR1_S2,CR1,S2,0,0.0,8.334,1.39,1.15,6.75,6,0,24.8
6200,T03,S2_CR1,S2,CR1,1,174.8,8.334,1.39,1.15,11.71,5,0,30.57
6201,T06,S4_D2,S4,D2,1,194.9,6.638,1.49,1.35,3.56,1,0,28.82
6202,T07,CR1_S1,CR1,S1,0,0.0,8.767,0.8,1.15,1.51,4,0,25.88
6203,T09,S5_CR1,S5,CR1,1,193.6,10.342,0.89,1.15,9.16,2,0,36.21
6204,T06,S3_CR2,S3,CR2,1,179.3,6.579,1.9,1.35,0.87,1,0,23.91
6205,T08,CR2_S3,CR2,S3,0,0.0,6.579,1.9,1.35,11.26,5,0,19.22
6206,T08,CR1_S3,CR1,S3,0,0.0,8.135,1.57,1.15,10.77,2,0,18.26
6207,T02,S3_CR2,S3,CR2,1,193.5,6.579,1.9,1.35,11.15,3,0,24.04
6208,T05,S2_CR1,S2,CR1,1,190.3,8.334,1.39,1.15,2.52,1,0,29.1
6209,T07,D2_S3,D2,S3,0,0.0,6.362,1.39,1.35,8.74,3,0,21.7
6210,T07,D2_S4,D2,S4,0,0.0,6.638,1.49,1.35,6.29,5,1,33.32
6211,T04,CR2_S4,CR2,S4,0,0.0,6.855,1.9,1.35,5.51,4,0,20.47
6212,T05,D2_S3,D2,S3,0,0.0,6.362,1.39,1.35,3.41,6,1,37.22
6213,T09,S1_CR1,S1,CR1,1,199.9,8.767,0.8,1.15,5.18,6,0,30.43
6214,T03,S6_CR2,S6,CR2,1,188.3,8.342,1.9,1.35,5.67,3,0,27.31
6215,T05,D1_S5,D1,S5,0,0.0,6.724,1.12,1.15,2.84,0,0,14.28
6216,T09,S3_CR1,S3,CR1,1,189.7,8.135,1.57,1.15,4.09,1,0,20.91
6217,T03,CR1_S1,CR1,S1,0,0.0,8.767,0.8,1.15,8.78,3,0,25.68
6218,T01,S1_CR1,S1,CR1,1,213.9,8.767,0.8,1.15,3.03,1,1,33.75
6219,T02,D1_S1,D1,S1,0,0.0,5.834,1.12,1.15,5.56,6,0,14.8
6220,T01,S4_CR2,S4,CR2,1,172.0,6.855,1.9,1.35,11.67,1,0,20.36
6221,T01,D2_S4,D2,S4,0,0.0,6.638,1.49,1.35,4.57,6,0,26.32
6222,T07,CR1_S1,CR1,S1,0,0.0,8.767,0.8,1.15,11.32,3,0,23.68
6223,T09,S3_D2,S3,D2,1,193.6,6.362,1.39,1.35,1.17,0,0,24.76
6224,T01,S3_CR1,S3,CR1,1,217.6,8.135,1.57,1.15,1.17,3,0,22.31
6225,T09,S3_CR1,S3,CR1,1,164.6,8.135,1.57,1.15,7.7,5,0,24.54
6226,T02,CR2_S6,CR2,S6,0,0.0,8.342,1.9,1.35,10.71,3,0,22.8
6227,T02,S1_D1,S1,D1,1,173.9,5.834,1.12,1.15,10.76,0,0,13.49
6228,T10,S1_CR1,S1,CR1,1,188.2,8.767,0.8,1.15,2.09,2,0,29.13
6229,T04,CR1_S1,CR1,S1,0,0.0,8.767,0.8,1.15,4.64,4,1,33.85
6230,T04,S3_CR2,S3,CR2,1,184.1,6.579,1.9,1.35,9.28,2,0,21.86
6231,T04,S1_D1,S1,D1,1,177.1,5.834,1.12,1.15,1.55,1,0,14.82
6232,T03,CR1_S5,CR1,S5,0,0.0,10.342,0.89,1.15,0.99,2,0,30.05
6233,T04,S3_D2,S3,D2,1,200.4,6.362,1.39,1.35,1.2,4,0,28.45
6234,T10,D2_S3,D2,S3,0,0.0,6.362,1.39,1.35,5.76,5,0,22.83
6235,T10,CR1_S5,CR1,S5,0,0.0,10.342,0.89,1.15,5.62,2,0,28.19
6236,T08,CR2_S3,CR2,S3,0,0.0,6.579,1.9,1.35,10.68,2,0,19.81
6237,T09,CR1_S5,CR1,S5,0,0.0,10.342,0.89,1.15,0.11,1,0,29.46
6238,T09,CR2_S3,CR2,S3,0,0.0,6.579,1.9,1.35,9.22,1,0,16.78
6239,T10,S3_D2,S3,D2,1,214.7,6.362,1.39,1.35,2.72,3,0,30.03
6240,T10,CR1_S3,CR1,S3,0,0.0,8.135,1.57,1.15,5.32,6,0,22.23
6241,T07,S4_D2,S4,D2,1,195.6,6.638,1.49,1.35,5.42,3,0,28.33
6242,T06,D1_S5,D1,S5,0,0.0,6.724,1.12,1.15,2.25,4,0,18.43
6243,T06,S2_CR1,S2,CR1,1,168.3,8.334,1.39,1.15,2.58,2,0,27.65
6244,T03,S3_D2,S3,D2,1,196.5,6.362,1.39,1.35,9.01,6,0,30.25
6245,T09,S4_D2,S4,D2,1,186.6,6.638,1.49,1.35,0.29,1,1,37.15
6246,T09,S4_CR2,S4,CR2,1,184.7,6.855,1.9,1.35,6.44,8,1,35.18
6247,T07,CR1_S3,CR1,S3,0,0.0,8.135,1.57,1.15,7.55,3,0,16.33
6248,T02,D2_S4,D2,S4,0,0.0,6.638,1.49,1.35,6.39,4,1,30.03
6249,T09,CR1_S3,CR1,S3,0,0.0,8.135,1.57,1.15,11.92,3,0,18.35
6250,T06,D2_S4,D2,S4,0,0.0,6.638,1.49,1.35,11.42,2,1,29.24
6251,T07,S1_CR1,S1,CR1,1,208.7,8.767,0.8,1.15,10.06,1,0,28.37
6252,T09,S2_CR1,S2,CR1,1,213.7,8.334,1.39,1.15,2.95,1,0,29.87
6253,T08,S5_CR1,S5,CR1,1,190.7,10.342,0.89,1.15,6.57,1,0,36.2
6254,T10,D2_S3,D2,S3,0,0.0,6.362,1.39,1.35,9.78,1,0,18.98
6255,T07,D2_S3,D2,S3,0,0.0,6.362,1.39,1.35,0.93,0,0,21.04
6256,T02,S3_D2,S3,D2,1,183.0,6.362,1.39,1.35,5.93,2,0,28.57
6257,T05,D2_S4,D2,S4,0,0.0,6.638,1.49,1.35,7.76,3,0,21.11
6258,T02,CR1_S5,CR1,S5,0,0.0,10.342,0.89,1.15,1.04,1,0,27.4
6259,T08,D1_S5,D1,S5,0,0.0,6.724,1.12,1.15,0.09,2,0,15.97
6260,T05,CR2_S4,CR2,S4,0,0.0,6.855,1.9,1.35,8.42,6,0,19.77
6261,T09,CR2_S6,CR2,S6,0,0.0,8.342,1.9,1.35,10.87,1,1,25.91
6262,T08,CR2_S3,CR2,S3,0,0.0,6.579,1.9,1.35,11.36,4,1,26.57
6263,T05,S3_CR1,S3,CR1,1,204.6,8.135,1.57,1.15,6.38,8,0,23.92
6264,T03,CR1_S5,CR1,S5,0,0.0,10.342,0.89,1.15,10.84,2,1,33.38
6265,T06,CR1_S3,CR1,S3,0,0.0,8.135,1.57,1.15,1.22,3,0,17.88
6266,T02,D1_S1,D1,S1,0,0.0,5.834,1.12,1.15,7.3,2,0,13.25
6267,T07,S2_CR1,S2,CR1,1,202.1,8.334,1.39,1.15,0.31,0,0,25.39
6268,T07,S6_CR2,S6,CR2,1,189.8,8.342,1.9,1.35,4.61,4,0,28.79
6269,T04,S3_CR2,S3,CR2,1,204.9,6.579,1.9,1.35,10.48,4,0,23.85
6270,T02,CR1_S2,CR1,S2,0,0.0,8.334,1.39,1.15,0.49,2,0,24.63
6271,T10,S1_D1,S1,D1,1,196.9,5.834,1.12,1.15,4.02,4,0,19.01
6272,T08,S3_D2,S3,D2,1,198.4,6.362,1.39,1.35,3.32,1,0,26.02
6273,T05,S5_CR1,S5,CR1,1,193.9,10.342,0.89,1.15,1.6,3,0,32.25
6274,T01,D2_S3,D2,S3,0,0.0,6.362,1.39,1.35,7.9,2,0,22.18
6275,T05,S4_D2,S4,D2,1,214.8,6.638,1.49,1.35,4.96,4,1,38.76
6276,T06,CR2_S6,CR2,S6,0,0.0,8.342,1.9,1.35,10.77,2,0,23.0
6277,T05,CR1_S2,CR1,S2,0,0.0,8.334,1.39,1.15,11.07,4,0,25.44
6278,T05,CR1_S3,CR1,S3,0,0.0,8.135,1.57,1.15,8.36,2,0,15.43
6279,T06,S3_CR2,S3,CR2,1,195.2,6.579,1.9,1.35,10.42,3,0,25.84
6280,T06,CR2_S6,CR2,S6,0,0.0,8.342,1.9,1.35,10.49,2,1,29.64
6281,T04,D1_S5,D1,S5,0,0.0,6.724,1.12,1.15,6.42,2,0,16.92
6282,T04,S6_CR2,S6,CR2,1,219.3,8.342,1.9,1.35,3.15,3,0,26.85
6283,T03,CR1_S5,CR1,S5,0,0.0,10.342,0.89,1.15,0.16,1,0,26.05
6284,T05,CR1_S5,CR1,S5,0,0.0,10.342,0.89,1.15,8.31,2,0,23.83
6285,T03,CR2_S4,CR2,S4,0,0.0,6.855,1.9,1.35,10.73,2,0,20.54
6286,T07,S3_CR2,S3,CR2,1,153.9,6.579,1.9,1.35,0.27,1,0,22.54
6287,T03,D1_S1,D1,S1,0,0.0,5.834,1.12,1.15,7.0,3,0,14.39
6288,T05,S1_CR1,S1,CR1,1,190.5,8.767,0.8,1.15,3.34,2,0,31.19
6289,T04,S1_D1,S1,D1,1,210.7,5.834,1.12,1.15,9.1,4,0,18.55
6290,T04,S2_CR1,S2,CR1,1,186.7,8.334,1.39,1.15,1.81,2,0,30.12
6291,T10,S3_D2,S3,D2,1,204.4,6.362,1.39,1.35,10.72,2,0,27.65
6292,T04,S5_CR1,S5,CR1,1,187.7,10.342,0.89,1.15,7.66,5,0,37.72
6293,T10,S6_CR2,S6,CR2,1,188.5,8.342,1.9,1.35,2.25,2,0,27.53
6294,T07,CR1_S1,CR1,S1,0,0.0,8.767,0.8,1.15,8.14,4,1,32.27
6295,T01,S1_CR1,S1,CR1,1,179.4,8.767,0.8,1.15,11.41,3,0,28.2
6296,T07,S3_D2,S3,D2,1,220.0,6.362,1.39,1.35,2.72,2,0,26.63
6297,T03,S2_CR1,S2,CR1,1,195.0,8.334,1.39,1.15,1.06,5,0,30.2
6298,T05,S4_D2,S4,D2,1,207.6,6.638,1.49,1.35,5.83,2,0,29.18
6299,T05,S4_D2,S4,D2,1,197.2,6.638,1.49,1.35,1.17,4,1,37.47
6300,T03,D1_S1,D1,S1,0,0.0,5.834,1.12,1.15,0.57,1,0,13.16
6301,T03,S4_CR2,S4,CR2,1,199.8,6.855,1.9,1.35,7.28,3,0,22.96
6302,T02,S3_CR2,S3,CR2,1,198.1,6.579,1.9,1.35,6.96,3,1,25.93
6303,T02,D2_S4,D2,S4,0,0.0,6.638,1.49,1.35,2.12,4,0,26.06
6304,T07,CR1_S1,CR1,S1,0,0.0,8.767,0.8,1.15,8.82,2,0,25.05
6305,T05,D1_S5,D1,S5,0,0.0,6.724,1.12,1.15,9.08,1,1,19.82
6306,T01,CR1_S5,CR1,S5,0,0.0,10.342,0.89,1.15,10.57,2,1,35.07
6307,T05,D1_S5,D1,S5,0,0.0,6.724,1.12,1.15,4.78,1,0,18.31
6308,T04,CR1_S5,CR1,S5,0,0.0,10.342,0.89,1.15,4.93,1,0,26.24
6309,T03,CR1_S1,CR1,S1,0,0.0,8.767,0.8,1.15,3.3,2,0,20.42
6310,T08,S5_D1,S5,D1,1,191.0,6.724,1.12,1.15,11.22,2,0,21.26
6311,T09,D2_S3,D2,S3,0,0.0,6.362,1.39,1.35,5.5,1,0,21.69
6312,T05,D2_S4,D2,S4,0,0.0,6.638,1.49,1.35,2.57,3,0,22.88
6313,T06,S6_CR2,S6,CR2,1,180.6,8.342,1.9,1.35,5.21,4,1,41.61
6314,T03,S4_CR2,S4,CR2,1,213.2,6.855,1.9,1.35,0.73,1,0,24.37
6315,T07,S4_CR2,S4,CR2,1,209.8,6.855,1.9,1.35,9.46,2,0,22.94
6316,T03,S1_CR1,S1,CR1,1,196.7,8.767,0.8,1.15,3.02,1,1,37.29
6317,T09,CR1_S1,CR1,S1,0,0.0,8.767,0.8,1.15,9.11,2,1,30.54
6318,T08,CR1_S5,CR1,S5,0,0.0,10.342,0.89,1.15,6.05,4,0,30.51
6319,T09,CR1_S2,CR1,S2,0,0.0,8.334,1.39,1.15,8.15,4,0,27.41
6320,T02,S4_CR2,S4,CR2,1,198.5,6.855,1.9,1.35,8.05,6,0,28.36
6321,T02,CR1_S2,CR1,S2,0,0.0,8.334,1.39,1.15,5.02,5,0,23.6
6322,T01,CR2_S3,CR2,S3,0,0.0,6.579,1.9,1.35,9.61,0,0,18.84
6323,T05,D2_S4,D2,S4,0,0.0,6.638,1.49,1.35,2.72,2,0,22.82
6324,T07,CR1_S2,CR1,S2,0,0.0,8.334,1.39,1.15,0.76,1,0,23.3
6325,T05,CR2_S3,CR2,S3,0,0.0,6.579,1.9,1.35,11.93,4,1,26.41
6326,T08,S2_CR1,S2,CR1,1,199.5,8.334,1.39,1.15,5.54,0,0,27.59
6327,T07,D1_S5,D1,S5,0,0.0,6.724,1.12,1.15,9.55,1,0,15.16
6328,T04,S1_CR1,S1,CR1,1,214.2,8.767,0.8,1.15,3.16,1,0,29.41
6329,T01,S2_CR1,S2,CR1,1,197.9,8.334,1.39,1.15,4.91,7,0,34.97
6330,T03,S1_CR1,S1,CR1,1,197.4,8.767,0.8,1.15,5.09,4,1,31.54
6331,T07,S5_D1,S5,D1,1,197.8,6.724,1.12,1.15,6.59,7,0,24.28
6332,T04,S3_CR2,S3,CR2,1,166.0,6.579,1.9,1.35,1.77,0,0,20.83
6333,T10,S3_CR1,S3,CR1,1,158.2,8.135,1.57,1.15,3.83,2,0,23.65
6334,T05,CR1_S1,CR1,S1,0,0.0,8.767,0.8,1.15,6.25,5,0,23.88
6335,T07,D2_S4,D2,S4,0,0.0,6.638,1.49,1.35,9.93,2,1,29.42
6336,T05,S3_CR2,S3,CR2,1,181.3,6.579,1.9,1.35,4.03,5,0,25.67
6337,T03,S6_CR2,S6,CR2,1,212.0,8.342,1.9,1.35,2.04,1,0,27.11
6338,T10,CR1_S2,CR1,S2,0,0.0,8.334,1.39,1.15,6.69,1,0,24.35
6339,T09,CR1_S1,CR1,S1,0,0.0,8.767,0.8,1.15,8.66,6,0,27.97
6340,T07,S4_CR2,S4,CR2,1,201.5,6.855,1.9,1.35,11.65,0,0,19.85
6341,T06,CR1_S1,CR1,S1,0,0.0,8.767,0.8,1.15,9.15,3,0,22.38
6342,T01,CR1_S5,CR1,S5,0,0.0,10.342,0.89,1.15,2.92,1,0,28.39
6343,T09,CR1_S1,CR1,S1,0,0.0,8.767,0.8,1.15,10.29,2,0,24.26
6344,T05,D2_S3,D2,S3,0,0.0,6.362,1.39,1.35,9.0,3,0,24.78
6345,T02,CR1_S2,CR1,S2,0,0.0,8.334,1.39,1.15,7.29,4,1,30.33
6346,T09,CR2_S3,CR2,S3,0,0.0,6.579,1.9,1.35,8.0,2,0,17.63
6347,T03,S5_CR1,S5,CR1,1,155.0,10.342,0.89,1.15,7.89,0,1,43.18
6348,T09,S3_D2,S3,D2,1,205.7,6.362,1.39,1.35,8.52,2,0,28.52
6349,T05,D1_S5,D1,S5,0,0.0,6.724,1.12,1.15,6.4,1,0,16.25
6350,T09,D2_S3,D2,S3,0,0.0,6.362,1.39,1.35,4.31,2,0,20.71
6351,T06,S3_D2,S3,D2,1,201.6,6.362,1.39,1.35,5.23,1,0,27.47
6352,T06,S2_CR1,S2,CR1,1,202.1,8.334,1.39,1.15,0.3,2,0,28.03
6353,T08,S5_CR1,S5,CR1,1,180.2,10.342,0.89,1.15,11.29,2,1,45.7
6354,T01,S4_CR2,S4,CR2,1,202.1,6.855,1.9,1.35,0.95,2,0,23.44
6355,T03,S1_D1,S1,D1,1,189.1,5.834,1.12,1.15,0.03,2,0,17.42
6356,T08,S1_D1,S1,D1,1,165.9,5.834,1.12,1.15,0.81,0,1,15.71
6357,T08,S6_CR2,S6,CR2,1,195.0,8.342,1.9,1.35,2.0,2,0,29.93
6358,T10,S4_D2,S4,D2,1,169.1,6.638,1.49,1.35,6.87,4,0,30.43
6359,T01,S5_D1,S5,D1,1,195.6,6.724,1.12,1.15,5.74,6,0,23.09
6360,T07,S3_CR2,S3,CR2,1,213.0,6.579,1.9,1.35,2.62,2,0,22.88
6361,T06,CR1_S5,CR1,S5,0,0.0,10.342,0.89,1.15,6.4,2,0,27.55
6362,T01,D1_S5,D1,S5,0,0.0,6.724,1.12,1.15,5.16,4,1,21.55
6363,T05,CR1_S2,CR1,S2,0,0.0,8.334,1.39,1.15,6.63,3,1,30.28
6364,T02,D2_S3,D2,S3,0,0.0,6.362,1.39,1.35,11.7,0,0,20.13
6365,T09,D2_S4,D2,S4,0,0.0,6.638,1.49,1.35,1.84,3,0,22.46
6366,T09,D2_S3,D2,S3,0,0.0,6.362,1.39,1.35,9.14,2,1,24.97
6367,T01,CR1_S2,CR1,S2,0,0.0,8.334,1.39,1.15,5.01,5,0,24.99
6368,T07,CR1_S3,CR1,S3,0,0.0,8.135,1.57,1.15,7.97,2,0,18.33
6369,T04,S6_CR2,S6,CR2,1,190.3,8.342,1.9,1.35,8.89,7,1,45.09
6370,T04,S4_D2,S4,D2,1,191.5,6.638,1.49,1.35,10.93,4,1,40.6
6371,T10,CR1_S3,CR1,S3,0,0.0,8.135,1.57,1.15,10.48,3,0,18.87
6372,T03,CR2_S4,CR2,S4,0,0.0,6.855,1.9,1.35,6.75,4,1,27.69
6373,T06,CR2_S3,CR2,S3,0,0.0,6.579,1.9,1.35,4.87,1,0,18.13
6374,T06,CR2_S3,CR2,S3,0,0.0,6.579,1.9,1.35,3.43,2,0,19.18
6375,T08,CR1_S2,CR1,S2,0,0.0,8.334,1.39,1.15,4.29,2,0,23.74
6376,T07,D2_S4,D2,S4,0,0.0,6.638,1.49,1.35,4.87,2,0,21.24
6377,T01,D1_S5,D1,S5,0,0.0,6.724,1.12,1.15,8.61,4,0,17.39
6378,T03,S4_CR2,S4,CR2,1,176.5,6.855,1.9,1.35,4.8,8,1,41.05
6379,T10,CR2_S4,CR2,S4,0,0.0,6.855,1.9,1.35,5.29,7,1,27.77
6380,T06,S5_CR1,S5,CR1,1,208.9,10.342,0.89,1.15,11.99,2,0,33.13
6381,T06,S3_D2,S3,D2,1,174.0,6.362,1.39,1.35,10.22,2,0,28.27
6382,T01,CR2_S4,CR2,S4,0,0.0,6.855,1.9,1.35,6.92,3,0,21.14
6383,T10,CR2_S3,CR2,S3,0,0.0,6.579,1.9,1.35,10.75,2,0,20.28
6384,T04,CR2_S4,CR2,S4,0,0.0,6.855,1.9,1.35,3.67,5,1,28.19
6385,T02,S4_CR2,S4,CR2,1,183.3,6.855,1.9,1.35,7.93,5,0,27.07
6386,T07,D2_S3,D2,S3,0,0.0,6.362,1.39,1.35,9.16,1,0,22.98
6387,T10,CR1_S2,CR1,S2,0,0.0,8.334,1.39,1.15,10.3,1,0,21.73
6388,T01,S2_CR1,S2,CR1,1,220.0,8.334,1.39,1.15,2.86,5,0,28.87
6389,T08,CR2_S4,CR2,S4,0,0.0,6.855,1.9,1.35,0.81,3,0,19.59
6390,T10,CR2_S4,CR2,S4,0,0.0,6.855,1.9,1.35,1.92,6,0,23.86
6391,T03,D1_S1,D1,S1,0,0.0,5.834,1.12,1.15,11.98,0,0,12.35
6392,T09,S4_D2,S4,D2,1,208.4,6.638,1.49,1.35,0.69,3,1,37.38
6393,T01,D2_S3,D2,S3,0,0.0,6.362,1.39,1.35,2.64,4,0,21.31
6394,T02,D2_S4,D2,S4,0,0.0,6.638,1.49,1.35,10.66,0,0,20.55
6395,T06,CR2_S3,CR2,S3,0,0.0,6.579,1.9,1.35,8.06,3,0,19.18
6396,T06,S3_CR2,S3,CR2,1,208.5,6.579,1.9,1.35,7.31,4,1,29.19
6397,T02,CR1_S5,CR1,S5,0,0.0,10.342,0.89,1.15,4.8,3,0,25.89
6398,T06,D1_S5,D1,S5,0,0.0,6.724,1.12,1.15,4.47,2,0,18.52
6399,T04,S1_CR1,S1,CR1,1,185.7,8.767,0.8,1.15,1.01,1,1,34.58
6400,T09,S1_CR1,S1,CR1,1,198.8,8.767,0.8,1.15,3.96,3,0,29.94
6401,T01,CR1_S5,CR1,S5,0,0.0,10.342,0.89,1.15,9.0,1,1,33.18
6402,T02,S2_CR1,S2,CR1,1,186.8,8.334,1.39,1.15,2.62,1,1,36.06
6403,T09,CR1_S5,CR1,S5,0,0.0,10.342,0.89,1.15,6.03,1,0,25.13
6404,T06,S4_D2,S4,D2,1,189.5,6.638,1.49,1.35,3.76,3,1,33.12
6405,T01,S4_D2,S4,D2,1,173.2,6.638,1.49,1.35,4.57,2,0,27.37
6406,T02,S5_CR1,S5,CR1,1,191.2,10.342,0.89,1.15,5.0,3,0,38.03
6407,T07,CR2_S4,CR2,S4,0,0.0,6.855,1.9,1.35,9.66,1,0,18.31
6408,T03,CR2_S6,CR2,S6,0,0.0,8.342,1.9,1.35,9.09,1,0,22.48
6409,T05,CR1_S2,CR1,S2,0,0.0,8.334,1.39,1.15,4.18,3,0,22.48
6410,T07,CR1_S5,CR1,S5,0,0.0,10.342,0.89,1.15,9.54,2,0,28.64
6411,T09,S3_CR2,S3,CR2,1,220.0,6.579,1.9,1.35,4.3,4,0,22.76
6412,T10,CR2_S4,CR2,S4,0,0.0,6.855,1.9,1.35,3.09,2,0,16.44
6413,T10,CR1_S3,CR1,S3,0,0.0,8.135,1.57,1.15,5.99,2,1,18.32
6414,T02,D2_S4,D2,S4,0,0.0,6.638,1.49,1.35,10.3,2,0,21.58
6415,T08,S4_D2,S4,D2,1,220.0,6.638,1.49,1.35,7.8,3,0,30.33
6416,T09,CR1_S3,CR1,S3,0,0.0,8.135,1.57,1.15,7.19,5,0,18.73
6417,T06,S3_D2,S3,D2,1,185.2,6.362,1.39,1.35,4.51,2,1,37.59
6418,T07,D2_S3,D2,S3,0,0.0,6.362,1.39,1.35,9.46,4,0,25.06
6419,T08,CR2_S6,CR2,S6,0,0.0,8.342,1.9,1.35,0.29,2,0,24.5
6420,T02,D2_S4,D2,S4,0,0.0,6.638,1.49,1.35,11.06,0,0,22.55
6421,T01,CR1_S5,CR1,S5,0,0.0,10.342,0.89,1.15,0.59,2,0,27.97
6422,T09,S6_CR2,S6,CR2,1,175.2,8.342,1.9,1.35,4.19,5,1,36.13
6423,T01,D1_S5,D1,S5,0,0.0,6.724,1.12,1.15,1.02,2,0,15.98
6424,T08,D1_S1,D1,S1,0,0.0,5.834,1.12,1.15,11.04,1,1,15.37
6425,T06,S3_CR1,S3,CR1,1,206.8,8.135,1.57,1.15,4.92,1,0,22.08
6426,T09,CR1_S5,CR1,S5,0,0.0,10.342,0.89,1.15,5.54,2,1,34.79
6427,T03,S1_CR1,S1,CR1,1,183.6,8.767,0.8,1.15,8.69,3,1,38.9
6428,T05,CR1_S1,CR1,S1,0,0.0,8.767,0.8,1.15,8.97,2,0,24.04
6429,T06,D2_S4,D2,S4,0,0.0,6.638,1.49,1.35,0.66,2,1,26.21
6430,T06,S3_CR2,S3,CR2,1,211.2,6.579,1.9,1.35,1.45,1,1,29.24
6431,T10,CR2_S3,CR2,S3,0,0.0,6.579,1.9,1.35,6.89,4,0,20.01
6432,T03,CR1_S2,CR1,S2,0,0.0,8.334,1.39,1.15,5.93,8,0,26.65
6433,T05,D2_S4,D2,S4,0,0.0,6.638,1.49,1.35,2.69,0,0,20.56
6434,T03,S3_CR1,S3,CR1,1,159.0,8.135,1.57,1.15,0.37,6,1,33.74
6435,T08,CR1_S3,CR1,S3,0,0.0,8.135,1.57,1.15,1.93,1,0,17.33
6436,T07,S1_CR1,S1,CR1,1,167.5,8.767,0.8,1.15,10.81,0,0,27.99
6437,T04,D1_S1,D1,S1,0,0.0,5.834,1.12,1.15,5.23,8,0,17.71
6438,T01,CR1_S5,CR1,S5,0,0.0,10.342,0.89,1.15,5.8,3,0,27.76
6439,T05,S4_CR2,S4,CR2,1,167.1,6.855,1.9,1.35,3.52,2,0,24.12
6440,T04,S2_CR1,S2,CR1,1,196.3,8.334,1.39,1.15,3.06,0,0,23.42
6441,T02,S4_CR2,S4,CR2,1,205.3,6.855,1.9,1.35,8.03,5,0,24.51
6442,T03,D1_S1,D1,S1,0,0.0,5.834,1.12,1.15,8.9,1,0,12.93
6443,T03,S3_CR2,S3,CR2,1,184.4,6.579,1.9,1.35,11.7,6,0,26.49
6444,T05,D1_S1,D1,S1,0,0.0,5.834,1.12,1.15,11.12,2,0,12.04
6445,T01,S3_D2,S3,D2,1,206.4,6.362,1.39,1.35,4.8,2,0,29.33
6446,T03,S3_CR2,S3,CR2,1,194.7,6.579,1.9,1.35,8.26,3,0,22.84
6447,T04,D1_S1,D1,S1,0,0.0,5.834,1.12,1.15,11.44,2,0,13.89
6448,T05,S4_D2,S4,D2,1,200.1,6.638,1.49,1.35,1.87,1,0,28.1
6449,T08,D2_S4,D2,S4,0,0.0,6.638,1.49,1.35,10.54,0,0,20.29
6450,T03,S1_D1,S1,D1,1,167.9,5.834,1.12,1.15,1.88,1,1,17.58
6451,T07,D1_S1,D1,S1,0,0.0,5.834,1.12,1.15,1.19,2,0,12.95
6452,T08,CR1_S1,CR1,S1,0,0.0,8.767,0.8,1.15,10.67,1,0,22.93
6453,T06,D2_S3,D2,S3,0,0.0,6.362,1.39,1.35,3.15,5,1,32.35
6454,T05,D2_S3,D2,S3,0,0.0,6.362,1.39,1.35,6.98,2,0,20.83
6455,T05,S1_CR1,S1,CR1,1,219.5,8.767,0.8,1.15,11.08,6,1,38.86
6456,T05,S5_CR1,S5,CR1,1,190.6,10.342,0.89,1.15,0.47,5,0,37.47
6457,T07,D1_S5,D1,S5,0,0.0,6.724,1.12,1.15,7.46,2,0,16.81
6458,T01,S3_CR1,S3,CR1,1,178.7,8.135,1.57,1.15,9.09,5,1,28.95
6459,T03,CR2_S6,CR2,S6,0,0.0,8.342,1.9,1.35,0.68,1,0,20.14
6460,T08,D1_S5,D1,S5,0,0.0,6.724,1.12,1.15,6.81,4,0,20.72
6461,T02,S3_CR1,S3,CR1,1,207.3,8.135,1.57,1.15,9.19,1,0,20.93
6462,T05,S1_CR1,S1,CR1,1,196.0,8.767,0.8,1.15,4.25,1,0,28.23
6463,T02,S3_CR1,S3,CR1,1,220.0,8.135,1.57,1.15,10.74,1,0,21.43
6464,T01,CR2_S4,CR2,S4,0,0.0,6.855,1.9,1.35,0.35,1,1,25.65
6465,T03,S3_CR1,S3,CR1,1,196.4,8.135,1.57,1.15,3.88,3,0,23.57
6466,T02,CR2_S6,CR2,S6,0,0.0,8.342,1.9,1.35,11.76,2,1,28.93
6467,T07,CR1_S3,CR1,S3,0,0.0,8.135,1.57,1.15,4.59,2,0,16.22
6468,T03,CR2_S6,CR2,S6,0,0.0,8.342,1.9,1.35,9.15,1,0,22.04
6469,T04,D2_S4,D2,S4,0,0.0,6.638,1.49,1.35,0.12,3,0,23.23
6470,T03,D1_S5,D1,S5,0,0.0,6.724,1.12,1.15,1.99,1,0,16.2
6471,T06,S6_CR2,S6,CR2,1,189.4,8.342,1.9,1.35,2.57,1,0,28.32
6472,T01,CR1_S2,CR1,S2,0,0.0,8.334,1.39,1.15,1.28,3,1,28.74
6473,T08,S5_D1,S5,D1,1,206.8,6.724,1.12,1.15,5.86,3,0,21.9
6474,T06,D2_S3,D2,S3,0,0.0,6.362,1.39,1.35,4.18,2,0,23.15
6475,T09,D1_S1,D1,S1,0,0.0,5.834,1.12,1.15,2.14,4,0,15.57
6476,T10,S4_CR2,S4,CR2,1,213.3,6.855,1.9,1.35,3.1,1,0,21.54
6477,T05,S5_CR1,S5,CR1,1,162.7,10.342,0.89,1.15,4.31,4,0,32.25
6478,T09,S5_D1,S5,D1,1,198.5,6.724,1.12,1.15,7.67,3,0,21.51
6479,T03,CR1_S2,CR1,S2,0,0.0,8.334,1.39,1.15,8.78,1,0,23.57
6480,T09,S4_D2,S4,D2,1,198.2,6.638,1.49,1.35,3.83,3,0,27.26
6481,T01,S3_CR2,S3,CR2,1,200.6,6.579,1.9,1.35,6.51,3,0,23.65
6482,T06,S5_CR1,S5,CR1,1,191.9,10.342,0.89,1.15,3.1,3,0,32.6
6483,T10,CR1_S2,CR1,S2,0,0.0,8.334,1.39,1.15,4.15,2,1,28.56
6484,T07,S5_CR1,S5,CR1,1,194.3,10.342,0.89,1.15,4.17,2,0,35.53
6485,T01,D2_S4,D2,S4,0,0.0,6.638,1.49,1.35,2.78,1,0,19.96
6486,T05,CR1_S5,CR1,S5,0,0.0,10.342,0.89,1.15,2.89,1,1,35.76
6487,T10,S6_CR2,S6,CR2,1,184.6,8.342,1.9,1.35,4.01,1,1,34.51
6488,T04,CR2_S6,CR2,S6,0,0.0,8.342,1.9,1.35,8.46,1,1,25.54
6489,T10,D2_S4,D2,S4,0,0.0,6.638,1.49,1.35,1.85,0,0,18.34
6490,T09,S6_CR2,S6,CR2,1,189.6,8.342,1.9,1.35,8.69,3,1,42.63
6491,T09,S5_D1,S5,D1,1,188.5,6.724,1.12,1.15,10.85,4,0,21.01
6492,T05,S5_CR1,S5,CR1,1,201.5,10.342,0.89,1.15,5.33,3,0,33.11
6493,T07,D2_S4,D2,S4,0,0.0,6.638,1.49,1.35,11.5,0,0,19.06
6494,T02,CR1_S5,CR1,S5,0,0.0,10.342,0.89,1.15,4.45,4,0,26.77
6495,T03,D1_S1,D1,S1,0,0.0,5.834,1.12,1.15,3.19,4,0,14.4
6496,T04,S3_CR2,S3,CR2,1,176.7,6.579,1.9,1.35,0.45,4,0,21.53
6497,T04,S3_CR2,S3,CR2,1,196.4,6.579,1.9,1.35,9.55,4,0,25.03
6498,T02,S1_CR1,S1,CR1,1,182.5,8.767,0.8,1.15,2.5,3,0,29.87
6499,T05,CR1_S3,CR1,S3,0,0.0,8.135,1.57,1.15,7.03,7,1,27.49
6500,T08,CR2_S3,CR2,S3,0,0.0,6.579,1.9,1.35,0.5,2,0,19.8
6501,T06,S6_CR2,S6,CR2,1,194.7,8.342,1.9,1.35,3.87,1,1,30.6
6502,T07,CR1_S2,CR1,S2,0,0.0,8.334,1.39,1.15,9.94,0,0,18.56
6503,T10,S4_CR2,S4,CR2,1,190.6,6.855,1.9,1.35,11.84,1,0,23.15
6504,T10,S6_CR2,S6,CR2,1,208.2,8.342,1.9,1.35,6.07,4,0,27.23
6505,T10,CR2_S4,CR2,S4,0,0.0,6.855,1.9,1.35,2.71,1,0,18.79
6506,T03,S4_D2,S4,D2,1,178.9,6.638,1.49,1.35,3.66,2,0,25.82
6507,T05,S3_CR1,S3,CR1,1,204.4,8.135,1.57,1.15,4.14,1,0,20.21
6508,T01,S4_D2,S4,D2,1,175.7,6.638,1.49,1.35,9.2,1,0,27.82
6509,T06,CR2_S6,CR2,S6,0,0.0,8.342,1.9,1.35,5.87,3,0,20.68
6510,T08,S4_CR2,S4,CR2,1,194.9,6.855,1.9,1.35,8.88,4,0,23.96
6511,T10,CR2_S4,CR2,S4,0,0.0,6.855,1.9,1.35,3.62,2,0,19.42
6512,T06,D1_S5,D1,S5,0,0.0,6.724,1.12,1.15,4.55,1,0,18.76
6513,T06,S1_CR1,S1,CR1,1,198.8,8.767,0.8,1.15,4.06,1,0,29.69
6514,T04,CR2_S4,CR2,S4,0,0.0,6.855,1.9,1.35,2.52,2,0,18.54
6515,T06,CR2_S6,CR2,S6,0,0.0,8.342,1.9,1.35,8.92,3,0,24.63
6516,T02,S4_CR2,S4,CR2,1,175.2,6.855,1.9,1.35,8.75,3,0,24.62
6517,T04,D2_S3,D2,S3,0,0.0,6.362,1.39,1.35,7.05,2,0,22.72
6518,T06,S2_CR1,S2,CR1,1,201.6,8.334,1.39,1.15,11.72,2,1,37.85
6519,T10,S3_CR1,S3,CR1,1,165.8,8.135,1.57,1.15,10.03,1,0,22.21
6520,T05,S5_D1,S5,D1,1,188.6,6.724,1.12,1.15,10.94,1,0,19.66
6521,T06,CR1_S2,CR1,S2,0,0.0,8.334,1.39,1.15,1.46,0,1,26.87
6522,T05,S3_D2,S3,D2,1,190.7,6.362,1.39,1.35,0.04,0,1,32.35
6523,T03,S4_CR2,S4,CR2,1,179.9,6.855,1.9,1.35,11.56,3,0,24.66
6524,T02,CR1_S3,CR1,S3,0,0.0,8.135,1.57,1.15,2.75,3,0,20.18
6525,T05,D2_S4,D2,S4,0,0.0,6.638,1.49,1.35,4.45,3,0,21.62
6526,T08,S1_D1,S1,D1,1,212.1,5.834,1.12,1.15,4.02,2,0,16.99
6527,T10,D2_S4,D2,S4,0,0.0,6.638,1.49,1.35,10.18,1,0,22.91
6528,T07,CR2_S4,CR2,S4,0,0.0,6.855,1.9,1.35,3.44,4,0,21.86
6529,T04,S5_D1,S5,D1,1,201.4,6.724,1.12,1.15,4.3,2,0,25.01
6530,T05,D2_S4,D2,S4,0,0.0,6.638,1.49,1.35,6.86,2,0,22.87
6531,T01,D2_S4,D2,S4,0,0.0,6.638,1.49,1.35,5.77,5,0,22.63
6532,T07,S6_CR2,S6,CR2,1,198.9,8.342,1.9,1.35,2.55,1,0,25.59
6533,T01,D2_S4,D2,S4,0,0.0,6.638,1.49,1.35,0.32,0,0,20.2
6534,T02,D2_S4,D2,S4,0,0.0,6.638,1.49,1.35,0.32,3,0,22.25
6535,T08,CR2_S4,CR2,S4,0,0.0,6.855,1.9,1.35,5.16,7,0,23.13
6536,T07,CR2_S3,CR2,S3,0,0.0,6.579,1.9,1.35,9.82,1,0,21.04
6537,T03,CR1_S2,CR1,S2,0,0.0,8.334,1.39,1.15,7.2,3,0,23.98
6538,T05,S5_CR1,S5,CR1,1,207.9,10.342,0.89,1.15,9.68,1,0,34.73
6539,T07,CR1_S5,CR1,S5,0,0.0,10.342,0.89,1.15,11.78,2,0,27.4
6540,T05,CR2_S6,CR2,S6,0,0.0,8.342,1.9,1.35,2.88,2,0,19.63
6541,T08,S4_D2,S4,D2,1,211.2,6.638,1.49,1.35,6.26,4,1,31.29
6542,T04,S3_CR2,S3,CR2,1,189.3,6.579,1.9,1.35,10.43,2,0,24.97
6543,T04,S3_D2,S3,D2,1,220.0,6.362,1.39,1.35,8.61,5,1,38.78
6544,T07,S5_D1,S5,D1,1,211.5,6.724,1.12,1.15,4.01,6,0,23.87
6545,T04,CR1_S5,CR1,S5,0,0.0,10.342,0.89,1.15,9.73,2,0,26.2
6546,T06,CR2_S4,CR2,S4,0,0.0,6.855,1.9,1.35,3.45,1,1,23.35
6547,T02,D2_S3,D2,S3,0,0.0,6.362,1.39,1.35,1.89,0,0,20.74
6548,T08,S4_CR2,S4,CR2,1,182.4,6.855,1.9,1.35,5.38,0,0,21.54
6549,T02,CR1_S2,CR1,S2,0,0.0,8.334,1.39,1.15,11.4,2,0,20.77
6550,T09,S4_CR2,S4,CR2,1,180.5,6.855,1.9,1.35,3.97,2,0,24.42
6551,T01,D2_S4,D2,S4,0,0.0,6.638,1.49,1.35,6.66,4,0,25.01
6552,T01,D1_S5,D1,S5,0,0.0,6.724,1.12,1.15,5.65,2,0,17.49
6553,T10,S6_CR2,S6,CR2,1,220.0,8.342,1.9,1.35,3.86,0,0,25.33
6554,T10,CR1_S2,CR1,S2,0,0.0,8.334,1.39,1.15,6.25,2,0,19.78
6555,T08,S4_CR2,S4,CR2,1,190.4,6.855,1.9,1.35,10.87,2,0,23.9
6556,T07,S1_CR1,S1,CR1,1,200.2,8.767,0.8,1.15,8.52,1,1,33.77
6557,T03,S3_D2,S3,D2,1,220.0,6.362,1.39,1.35,8.68,1,0,29.0
6558,T09,S3_CR1,S3,CR1,1,203.3,8.135,1.57,1.15,9.91,1,0,22.49
6559,T04,S4_D2,S4,D2,1,207.7,6.638,1.49,1.35,7.37,4,0,30.78
6560,T04,S1_D1,S1,D1,1,186.0,5.834,1.12,1.15,11.48,2,0,17.46
6561,T02,S3_D2,S3,D2,1,220.0,6.362,1.39,1.35,3.45,5,0,30.63
6562,T10,S6_CR2,S6,CR2,1,194.3,8.342,1.9,1.35,1.62,3,0,25.83
6563,T07,D2_S3,D2,S3,0,0.0,6.362,1.39,1.35,10.44,3,0,23.36
6564,T01,S1_CR1,S1,CR1,1,183.6,8.767,0.8,1.15,3.54,2,0,26.42
6565,T02,S6_CR2,S6,CR2,1,212.7,8.342,1.9,1.35,9.53,2,0,28.88
6566,T04,CR1_S5,CR1,S5,0,0.0,10.342,0.89,1.15,6.42,7,0,29.67
6567,T09,CR2_S4,CR2,S4,0,0.0,6.855,1.9,1.35,0.22,4,1,24.12
6568,T09,S2_CR1,S2,CR1,1,200.1,8.334,1.39,1.15,7.75,2,0,30.99
6569,T04,CR1_S3,CR1,S3,0,0.0,8.135,1.57,1.15,4.35,5,1,24.08
6570,T06,S3_CR2,S3,CR2,1,220.0,6.579,1.9,1.35,9.71,4,0,23.47
6571,T05,CR2_S3,CR2,S3,0,0.0,6.579,1.9,1.35,6.86,2,0,19.84
6572,T10,S3_CR1,S3,CR1,1,214.3,8.135,1.57,1.15,11.67,1,0,20.6
6573,T06,S5_D1,S5,D1,1,213.0,6.724,1.12,1.15,11.2,1,0,21.87
6574,T03,CR2_S4,CR2,S4,0,0.0,6.855,1.9,1.35,4.87,4,1,23.98
6575,T08,S4_D2,S4,D2,1,186.5,6.638,1.49,1.35,4.85,3,0,27.51
6576,T10,D1_S5,D1,S5,0,0.0,6.724,1.12,1.15,2.31,4,0,18.73
6577,T09,CR2_S3,CR2,S3,0,0.0,6.579,1.9,1.35,5.58,4,1,27.16
6578,T01,D2_S3,D2,S3,0,0.0,6.362,1.39,1.35,10.22,2,0,20.18
6579,T06,CR1_S2,CR1,S2,0,0.0,8.334,1.39,1.15,3.37,0,0,20.69
6580,T06,CR2_S6,CR2,S6,0,0.0,8.342,1.9,1.35,0.99,1,0,19.98
6581,T04,S4_CR2,S4,CR2,1,211.6,6.855,1.9,1.35,3.88,3,0,23.45
6582,T06,S3_D2,S3,D2,1,203.9,6.362,1.39,1.35,11.97,3,0,27.79
6583,T05,S3_CR2,S3,CR2,1,194.4,6.579,1.9,1.35,8.85,0,0,20.15
6584,T09,S6_CR2,S6,CR2,1,212.3,8.342,1.9,1.35,1.35,3,0,28.97
6585,T06,S5_CR1,S5,CR1,1,190.2,10.342,0.89,1.15,1.12,2,0,31.09
6586,T01,S2_CR1,S2,CR1,1,176.8,8.334,1.39,1.15,3.89,3,0,29.65
6587,T03,CR1_S3,CR1,S3,0,0.0,8.135,1.57,1.15,2.81,4,0,18.81
6588,T09,S4_D2,S4,D2,1,160.6,6.638,1.49,1.35,4.25,2,1,34.07
6589,T07,S3_CR2,S3,CR2,1,188.5,6.579,1.9,1.35,5.42,3,0,22.97
6590,T10,S3_D2,S3,D2,1,198.5,6.362,1.39,1.35,8.29,4,0,28.47
6591,T04,CR1_S1,CR1,S1,0,0.0,8.767,0.8,1.15,5.4,8,0,26.99
6592,T03,S1_CR1,S1,CR1,1,220.0,8.767,0.8,1.15,11.99,2,0,28.16
6593,T09,S4_CR2,S4,CR2,1,211.7,6.855,1.9,1.35,0.31,6,0,26.36
6594,T10,S3_CR1,S3,CR1,1,183.3,8.135,1.57,1.15,11.72,4,0,25.28
6595,T01,CR1_S2,CR1,S2,0,0.0,8.334,1.39,1.15,4.84,3,0,24.03
6596,T05,S5_CR1,S5,CR1,1,184.1,10.342,0.89,1.15,10.86,4,0,30.94
6597,T03,CR1_S2,CR1,S2,0,0.0,8.334,1.39,1.15,4.53,3,0,25.62
6598,T07,S3_CR2,S3,CR2,1,181.6,6.579,1.9,1.35,5.03,1,0,23.84
6599,T10,S4_CR2,S4,CR2,1,197.3,6.855,1.9,1.35,6.52,4,0,24.36
6600,T04,CR1_S1,CR1,S1,0,0.0,8.767,0.8,1.15,6.31,8,0,29.02
6601,T02,CR1_S1,CR1,S1,0,0.0,8.767,0.8,1.15,10.78,2,0,21.49
6602,T07,S1_D1,S1,D1,1,203.0,5.834,1.12,1.15,9.49,2,0,16.91
6603,T01,S4_CR2,S4,CR2,1,188.5,6.855,1.9,1.35,5.8,3,0,23.82
6604,T07,S4_D2,S4,D2,1,192.2,6.638,1.49,1.35,8.73,4,0,31.85
6605,T08,S3_CR1,S3,CR1,1,207.6,8.135,1.57,1.15,10.44,2,0,21.1
6606,T02,S4_D2,S4,D2,1,200.5,6.638,1.49,1.35,7.97,4,0,29.83
6607,T07,S5_D1,S5,D1,1,219.9,6.724,1.12,1.15,5.1,5,0,22.67
6608,T09,D1_S5,D1,S5,0,0.0,6.724,1.12,1.15,1.49,1,0,16.66
6609,T09,S4_D2,S4,D2,1,180.3,6.638,1.49,1.35,9.12,3,0,27.93
6610,T08,S3_CR2,S3,CR2,1,189.6,6.579,1.9,1.35,9.85,1,0,21.85
6611,T10,CR2_S4,CR2,S4,0,0.0,6.855,1.9,1.35,11.64,3,0,19.51
6612,T04,D1_S5,D1,S5,0,0.0,6.724,1.12,1.15,2.06,1,0,15.17
6613,T02,S6_CR2,S6,CR2,1,170.0,8.342,1.9,1.35,3.09,3,0,30.03
6614,T08,S6_CR2,S6,CR2,1,210.5,8.342,1.9,1.35,11.66,3,1,34.11
6615,T06,S3_CR1,S3,CR1,1,201.2,8.135,1.57,1.15,8.35,2,0,21.59
6616,T07,S3_D2,S3,D2,1,209.0,6.362,1.39,1.35,1.29,1,0,26.53
6617,T09,CR2_S6,CR2,S6,0,0.0,8.342,1.9,1.35,11.42,5,0,24.82
6618,T03,S1_CR1,S1,CR1,1,181.0,8.767,0.8,1.15,6.19,1,0,26.45
6619,T01,D1_S5,D1,S5,0,0.0,6.724,1.12,1.15,5.14,3,1,21.89
6620,T01,D2_S3,D2,S3,0,0.0,6.362,1.39,1.35,2.21,3,0,20.91
6621,T02,S1_CR1,S1,CR1,1,192.4,8.767,0.8,1.15,9.26,1,1,38.99
6622,T07,D1_S1,D1,S1,0,0.0,5.834,1.12,1.15,4.8,3,1,19.3
6623,T05,S1_CR1,S1,CR1,1,199.3,8.767,0.8,1.15,4.17,4,0,27.87
6624,T02,S5_CR1,S5,CR1,1,194.7,10.342,0.89,1.15,3.16,1,1,40.06
6625,T02,D1_S5,D1,S5,0,0.0,6.724,1.12,1.15,4.82,5,0,19.13
6626,T02,CR1_S2,CR1,S2,0,0.0,8.334,1.39,1.15,3.38,1,1,26.19
6627,T06,S3_D2,S3,D2,1,203.4,6.362,1.39,1.35,1.13,5,0,25.99
6628,T05,CR2_S4,CR2,S4,0,0.0,6.855,1.9,1.35,5.77,2,0,19.27
6629,T10,S6_CR2,S6,CR2,1,170.7,8.342,1.9,1.35,0.35,2,1,31.81
6630,T03,S2_CR1,S2,CR1,1,191.6,8.334,1.39,1.15,3.35,5,0,28.53
6631,T01,D2_S4,D2,S4,0,0.0,6.638,1.49,1.35,0.42,0,0,21.08
6632,T08,D1_S1,D1,S1,0,0.0,5.834,1.12,1.15,0.98,1,0,12.3
6633,T04,D2_S3,D2,S3,0,0.0,6.362,1.39,1.35,8.99,1,0,18.91
6634,T01,D2_S4,D2,S4,0,0.0,6.638,1.49,1.35,1.37,1,0,22.21
6635,T08,S4_CR2,S4,CR2,1,220.0,6.855,1.9,1.35,3.87,2,0,23.6
6636,T05,D2_S4,D2,S4,0,0.0,6.638,1.49,1.35,2.81,0,0,20.03
6637,T01,S4_CR2,S4,CR2,1,196.9,6.855,1.9,1.35,5.1,0,1,26.97
6638,T09,D2_S3,D2,S3,0,0.0,6.362,1.39,1.35,3.07,1,0,20.44
6639,T03,S5_D1,S5,D1,1,201.2,6.724,1.12,1.15,9.45,1,0,20.39
6640,T08,S3_CR2,S3,CR2,1,218.2,6.579,1.9,1.35,4.3,1,0,23.84
6641,T07,S1_CR1,S1,CR1,1,192.0,8.767,0.8,1.15,3.35,2,0,28.68
6642,T03,CR2_S6,CR2,S6,0,0.0,8.342,1.9,1.35,8.77,1,0,22.17
6643,T10,CR2_S3,CR2,S3,0,0.0,6.579,1.9,1.35,4.73,3,0,19.51
6644,T06,CR1_S3,CR1,S3,0,0.0,8.135,1.57,1.15,0.21,1,1,18.65
6645,T04,CR2_S3,CR2,S3,0,0.0,6.579,1.9,1.35,8.65,0,0,17.75
6646,T05,S3_CR1,S3,CR1,1,220.0,8.135,1.57,1.15,9.96,1,0,19.6
6647,T01,CR1_S3,CR1,S3,0,0.0,8.135,1.57,1.15,4.34,3,0,18.29
6648,T09,S5_CR1,S5,CR1,1,200.3,10.342,0.89,1.15,9.54,0,0,31.11
6649,T05,S4_CR2,S4,CR2,1,184.4,6.855,1.9,1.35,11.36,3,0,22.13
6650,T08,S3_CR1,S3,CR1,1,212.7,8.135,1.57,1.15,2.54,2,0,21.01
6651,T08,CR2_S4,CR2,S4,0,0.0,6.855,1.9,1.35,1.76,2,0,19.25
6652,T03,CR2_S4,CR2,S4,0,0.0,6.855,1.9,1.35,11.78,2,0,18.22
6653,T04,S3_D2,S3,D2,1,209.1,6.362,1.39,1.35,1.89,2,0,28.94
6654,T09,D2_S3,D2,S3,0,0.0,6.362,1.39,1.35,0.66,2,0,22.01
6655,T10,S5_CR1,S5,CR1,1,181.3,10.342,0.89,1.15,6.97,4,0,35.38
6656,T07,S3_CR1,S3,CR1,1,205.1,8.135,1.57,1.15,9.2,2,0,23.89
6657,T06,S5_D1,S5,D1,1,177.3,6.724,1.12,1.15,6.24,2,0,20.67
6658,T01,D1_S1,D1,S1,0,0.0,5.834,1.12,1.15,11.69,1,0,13.04
6659,T01,CR1_S1,CR1,S1,0,0.0,8.767,0.8,1.15,0.57,2,0,20.93
6660,T03,S6_CR2,S6,CR2,1,211.8,8.342,1.9,1.35,3.2,2,1,36.28
6661,T09,D1_S1,D1,S1,0,0.0,5.834,1.12,1.15,4.24,7,0,16.79
6662,T01,D1_S5,D1,S5,0,0.0,6.724,1.12,1.15,3.72,3,0,16.91
6663,T03,D2_S4,D2,S4,0,0.0,6.638,1.49,1.35,11.4,1,0,22.1
6664,T10,S1_D1,S1,D1,1,191.6,5.834,1.12,1.15,5.91,6,0,18.69
6665,T08,CR2_S6,CR2,S6,0,0.0,8.342,1.9,1.35,11.45,1,0,20.3
6666,T10,CR2_S4,CR2,S4,0,0.0,6.855,1.9,1.35,11.91,2,0,17.86
6667,T02,S4_D2,S4,D2,1,188.1,6.638,1.49,1.35,3.15,3,0,29.3
6668,T03,S4_D2,S4,D2,1,219.5,6.638,1.49,1.35,2.33,1,0,28.5
6669,T01,S3_CR1,S3,CR1,1,167.8,8.135,1.57,1.15,6.16,2,1,31.23
6670,T05,S1_CR1,S1,CR1,1,192.6,8.767,0.8,1.15,0.12,4,0,29.39
6671,T09,CR2_S4,CR2,S4,0,0.0,6.855,1.9,1.35,9.9,1,0,18.36
6672,T09,S5_D1,S5,D1,1,189.1,6.724,1.12,1.15,3.79,2,1,28.14
6673,T04,S4_CR2,S4,CR2,1,196.5,6.855,1.9,1.35,5.38,6,0,27.57
6674,T10,CR2_S6,CR2,S6,0,0.0,8.342,1.9,1.35,3.6,7,0,24.88
6675,T07,S5_D1,S5,D1,1,206.6,6.724,1.12,1.15,8.28,5,0,22.58
6676,T10,S3_CR1,S3,CR1,1,214.8,8.135,1.57,1.15,6.56,4,0,24.99
6677,T01,D1_S1,D1,S1,0,0.0,5.834,1.12,1.15,0.31,1,1,18.01
6678,T06,S1_CR1,S1,CR1,1,186.3,8.767,0.8,1.15,11.9,2,1,34.3
6679,T06,S5_D1,S5,D1,1,188.1,6.724,1.12,1.15,5.56,5,1,32.88
6680,T01,CR1_S3,CR1,S3,0,0.0,8.135,1.57,1.15,4.94,1,0,16.04
6681,T08,S3_D2,S3,D2,1,196.6,6.362,1.39,1.35,6.91,2,1,32.45
6682,T08,S6_CR2,S6,CR2,1,208.6,8.342,1.9,1.35,9.72,1,0,27.1
6683,T06,S2_CR1,S2,CR1,1,209.1,8.334,1.39,1.15,0.36,2,0,24.6
6684,T02,CR2_S3,CR2,S3,0,0.0,6.579,1.9,1.35,1.85,1,0,17.97
6685,T03,CR1_S3,CR1,S3,0,0.0,8.135,1.57,1.15,2.14,5,0,18.97
6686,T06,S5_D1,S5,D1,1,201.9,6.724,1.12,1.15,11.8,3,0,19.54
6687,T02,CR1_S1,CR1,S1,0,0.0,8.767,0.8,1.15,8.77,0,1,27.76
6688,T01,CR2_S6,CR2,S6,0,0.0,8.342,1.9,1.35,2.99,2,0,21.73
6689,T07,D1_S5,D1,S5,0,0.0,6.724,1.12,1.15,7.2,4,0,18.34
6690,T01,S1_CR1,S1,CR1,1,176.1,8.767,0.8,1.15,9.24,2,0,27.39
6691,T06,S3_CR1,S3,CR1,1,189.1,8.135,1.57,1.15,9.09,3,0,22.47
6692,T05,CR1_S1,CR1,S1,0,0.0,8.767,0.8,1.15,10.93,0,0,18.35
6693,T09,S6_CR2,S6,CR2,1,201.4,8.342,1.9,1.35,0.21,2,0,26.98
6694,T09,CR1_S5,CR1,S5,0,0.0,10.342,0.89,1.15,1.78,2,0,28.73
6695,T09,S4_CR2,S4,CR2,1,188.2,6.855,1.9,1.35,9.5,4,0,25.33
6696,T04,CR1_S3,CR1,S3,0,0.0,8.135,1.57,1.15,11.49,3,0,17.93
6697,T10,D2_S4,D2,S4,0,0.0,6.638,1.49,1.35,0.39,3,1,28.62
6698,T06,CR2_S3,CR2,S3,0,0.0,6.579,1.9,1.35,2.11,1,1,27.57
6699,T03,D1_S5,D1,S5,0,0.0,6.724,1.12,1.15,5.87,1,0,16.36
6700,T02,D1_S5,D1,S5,0,0.0,6.724,1.12,1.15,4.12,2,0,15.96
6701,T05,D2_S4,D2,S4,0,0.0,6.638,1.49,1.35,3.89,4,0,23.19
6702,T08,S2_CR1,S2,CR1,1,200.9,8.334,1.39,1.15,0.17,2,0,27.37
6703,T09,D2_S3,D2,S3,0,0.0,6.362,1.39,1.35,11.04,1,1,24.78
6704,T01,CR1_S5,CR1,S5,0,0.0,10.342,0.89,1.15,4.61,7,1,45.05
6705,T09,CR1_S5,CR1,S5,0,0.0,10.342,0.89,1.15,0.23,0,0,27.66
6706,T06,S1_D1,S1,D1,1,196.5,5.834,1.12,1.15,1.2,3,1,20.19
6707,T03,CR1_S1,CR1,S1,0,0.0,8.767,0.8,1.15,7.93,3,0,22.66
6708,T04,S3_CR2,S3,CR2,1,220.0,6.579,1.9,1.35,11.28,1,0,21.73
6709,T04,D1_S1,D1,S1,0,0.0,5.834,1.12,1.15,3.54,5,0,15.92
6710,T04,CR2_S3,CR2,S3,0,0.0,6.579,1.9,1.35,5.29,2,1,22.29
6711,T07,CR2_S6,CR2,S6,0,0.0,8.342,1.9,1.35,6.74,1,0,20.63
6712,T05,CR2_S4,CR2,S4,0,0.0,6.855,1.9,1.35,1.18,0,0,17.44
6713,T02,D1_S5,D1,S5,0,0.0,6.724,1.12,1.15,8.43,2,0,16.2
6714,T03,S3_CR2,S3,CR2,1,187.6,6.579,1.9,1.35,1.78,0,0,23.6
6715,T01,S1_D1,S1,D1,1,204.9,5.834,1.12,1.15,2.01,2,0,17.21
6716,T05,S1_D1,S1,D1,1,220.0,5.834,1.12,1.15,1.2,2,0,16.84
6717,T03,D1_S1,D1,S1,0,0.0,5.834,1.12,1.15,4.14,0,0,12.92
6718,T07,S3_D2,S3,D2,1,159.3,6.362,1.39,1.35,5.84,2,0,27.56
6719,T03,D2_S4,D2,S4,0,0.0,6.638,1.49,1.35,6.54,4,0,25.48
6720,T08,CR1_S1,CR1,S1,0,0.0,8.767,0.8,1.15,7.65,1,0,20.9
6721,T02,CR1_S2,CR1,S2,0,0.0,8.334,1.39,1.15,8.22,2,1,30.24
6722,T09,D2_S4,D2,S4,0,0.0,6.638,1.49,1.35,11.13,1,0,18.94
6723,T03,CR2_S4,CR2,S4,0,0.0,6.855,1.9,1.35,2.17,3,0,20.48
6724,T09,S1_CR1,S1,CR1,1,158.0,8.767,0.8,1.15,3.79,2,0,25.89
6725,T04,S3_D2,S3,D2,1,205.3,6.362,1.39,1.35,0.91,1,0,27.15
6726,T04,S4_D2,S4,D2,1,178.3,6.638,1.49,1.35,3.19,4,0,26.55
6727,T10,S6_CR2,S6,CR2,1,203.9,8.342,1.9,1.35,9.57,1,1,34.57
6728,T06,S6_CR2,S6,CR2,1,215.0,8.342,1.9,1.35,10.67,3,0,29.86
6729,T04,CR1_S3,CR1,S3,0,0.0,8.135,1.57,1.15,2.02,1,1,22.34
6730,T07,CR1_S1,CR1,S1,0,0.0,8.767,0.8,1.15,9.82,2,0,21.01
6731,T06,CR2_S3,CR2,S3,0,0.0,6.579,1.9,1.35,11.46,4,0,21.81
6732,T03,D2_S3,D2,S3,0,0.0,6.362,1.39,1.35,0.44,0,0,19.71
6733,T04,CR2_S3,CR2,S3,0,0.0,6.579,1.9,1.35,7.22,1,0,17.7
6734,T05,D1_S5,D1,S5,0,0.0,6.724,1.12,1.15,9.78,1,0,14.88
6735,T04,D2_S3,D2,S3,0,0.0,6.362,1.39,1.35,9.06,2,1,30.88
6736,T03,D2_S3,D2,S3,0,0.0,6.362,1.39,1.35,1.09,4,0,21.28
6737,T02,S5_CR1,S5,CR1,1,215.5,10.342,0.89,1.15,4.83,1,0,37.7
6738,T02,S4_CR2,S4,CR2,1,169.7,6.855,1.9,1.35,1.05,1,0,23.42
6739,T05,S1_CR1,S1,CR1,1,190.5,8.767,0.8,1.15,11.64,1,0,28.39
6740,T08,S4_D2,S4,D2,1,170.7,6.638,1.49,1.35,7.58,3,0,25.36
6741,T02,S1_D1,S1,D1,1,202.4,5.834,1.12,1.15,7.64,1,0,16.06
6742,T05,S2_CR1,S2,CR1,1,194.0,8.334,1.39,1.15,5.99,7,0,31.86
6743,T10,S5_CR1,S5,CR1,1,213.9,10.342,0.89,1.15,9.29,2,0,32.54
6744,T06,CR2_S3,CR2,S3,0,0.0,6.579,1.9,1.35,5.6,2,0,18.96
6745,T05,S3_CR2,S3,CR2,1,186.7,6.579,1.9,1.35,10.67,1,0,22.65
6746,T02,S1_CR1,S1,CR1,1,195.8,8.767,0.8,1.15,0.53,2,0,31.56
6747,T05,S3_CR1,S3,CR1,1,219.3,8.135,1.57,1.15,0.01,2,0,22.82
6748,T06,CR1_S5,CR1,S5,0,0.0,10.342,0.89,1.15,3.38,3,0,28.61
6749,T08,S1_D1,S1,D1,1,181.1,5.834,1.12,1.15,10.09,5,0,21.37
6750,T02,CR1_S1,CR1,S1,0,0.0,8.767,0.8,1.15,10.5,0,0,22.38
6751,T05,CR1_S1,CR1,S1,0,0.0,8.767,0.8,1.15,7.15,1,0,21.99
6752,T04,S1_CR1,S1,CR1,1,184.0,8.767,0.8,1.15,0.67,2,0,28.83
6753,T05,D2_S4,D2,S4,0,0.0,6.638,1.49,1.35,3.11,0,0,20.99
6754,T01,CR1_S3,CR1,S3,0,0.0,8.135,1.57,1.15,0.79,1,0,16.93
6755,T02,S6_CR2,S6,CR2,1,174.2,8.342,1.9,1.35,7.68,1,0,24.18
6756,T07,D1_S5,D1,S5,0,0.0,6.724,1.12,1.15,8.72,1,0,16.27
6757,T06,D2_S3,D2,S3,0,0.0,6.362,1.39,1.35,6.63,6,1,34.9
6758,T03,S4_CR2,S4,CR2,1,220.0,6.855,1.9,1.35,4.89,2,0,23.85
6759,T04,CR1_S2,CR1,S2,0,0.0,8.334,1.39,1.15,7.22,1,0,18.94
6760,T09,S4_CR2,S4,CR2,1,172.0,6.855,1.9,1.35,3.15,2,0,24.14
6761,T01,CR2_S4,CR2,S4,0,0.0,6.855,1.9,1.35,2.29,0,0,16.26
6762,T03,S6_CR2,S6,CR2,1,188.8,8.342,1.9,1.35,9.54,3,0,27.44
6763,T09,S5_CR1,S5,CR1,1,178.1,10.342,0.89,1.15,3.36,2,0,34.25
6764,T04,D2_S3,D2,S3,0,0.0,6.362,1.39,1.35,3.29,2,0,23.97
6765,T04,CR2_S6,CR2,S6,0,0.0,8.342,1.9,1.35,9.54,3,1,28.63
6766,T02,S1_D1,S1,D1,1,193.3,5.834,1.12,1.15,11.2,2,0,16.83
6767,T08,CR2_S6,CR2,S6,0,0.0,8.342,1.9,1.35,6.26,4,0,25.43
6768,T07,D2_S4,D2,S4,0,0.0,6.638,1.49,1.35,4.53,3,1,29.6
6769,T02,CR1_S5,CR1,S5,0,0.0,10.342,0.89,1.15,0.09,8,0,32.06
6770,T04,D1_S5,D1,S5,0,0.0,6.724,1.12,1.15,4.03,1,0,16.48
6771,T04,CR1_S5,CR1,S5,0,0.0,10.342,0.89,1.15,9.43,2,0,27.72
6772,T09,D1_S5,D1,S5,0,0.0,6.724,1.12,1.15,1.2,4,0,18.85
6773,T06,S1_CR1,S1,CR1,1,176.8,8.767,0.8,1.15,10.97,4,0,26.2
6774,T06,D2_S3,D2,S3,0,0.0,6.362,1.39,1.35,4.77,5,0,22.5
6775,T08,S3_CR2,S3,CR2,1,207.1,6.579,1.9,1.35,4.2,4,0,26.14
6776,T04,S4_D2,S4,D2,1,186.6,6.638,1.49,1.35,1.37,2,1,39.48
6777,T07,CR2_S4,CR2,S4,0,0.0,6.855,1.9,1.35,7.08,3,1,26.54
6778,T10,CR2_S3,CR2,S3,0,0.0,6.579,1.9,1.35,8.48,6,0,21.65
6779,T08,CR1_S3,CR1,S3,0,0.0,8.135,1.57,1.15,4.41,2,0,16.12
6780,T10,S5_CR1,S5,CR1,1,197.2,10.342,0.89,1.15,8.09,1,0,36.14
6781,T06,CR1_S1,CR1,S1,0,0.0,8.767,0.8,1.15,9.11,1,1,27.89
6782,T06,S5_D1,S5,D1,1,204.6,6.724,1.12,1.15,4.9,4,1,28.23
6783,T05,CR1_S3,CR1,S3,0,0.0,8.135,1.57,1.15,0.84,1,0,16.94
6784,T05,D1_S5,D1,S5,0,0.0,6.724,1.12,1.15,10.09,3,1,23.24
6785,T09,D2_S4,D2,S4,0,0.0,6.638,1.49,1.35,0.78,4,0,21.43
6786,T06,D1_S5,D1,S5,0,0.0,6.724,1.12,1.15,5.17,3,0,17.25
6787,T07,D1_S1,D1,S1,0,0.0,5.834,1.12,1.15,10.66,0,0,10.67
6788,T10,S1_D1,S1,D1,1,202.6,5.834,1.12,1.15,2.81,0,1,17.44
6789,T06,S6_CR2,S6,CR2,1,184.2,8.342,1.9,1.35,6.0,8,0,32.91
6790,T09,S3_D2,S3,D2,1,187.7,6.362,1.39,1.35,0.41,2,0,27.56
6791,T02,CR2_S6,CR2,S6,0,0.0,8.342,1.9,1.35,2.84,2,0,20.44
6792,T10,D1_S5,D1,S5,0,0.0,6.724,1.12,1.15,0.75,3,0,17.49
6793,T06,S4_CR2,S4,CR2,1,186.1,6.855,1.9,1.35,5.88,7,0,26.24
6794,T10,CR2_S6,CR2,S6,0,0.0,8.342,1.9,1.35,5.07,3,1,28.73
6795,T08,CR1_S1,CR1,S1,0,0.0,8.767,0.8,1.15,3.26,3,0,21.74
6796,T10,S4_CR2,S4,CR2,1,194.9,6.855,1.9,1.35,9.09,3,0,23.67
6797,T07,CR1_S5,CR1,S5,0,0.0,10.342,0.89,1.15,6.21,3,0,28.61
6798,T01,S3_CR1,S3,CR1,1,204.2,8.135,1.57,1.15,11.1,4,0,24.09
6799,T06,S5_CR1,S5,CR1,1,209.6,10.342,0.89,1.15,1.41,1,0,34.65
6800,T04,S3_CR1,S3,CR1,1,172.0,8.135,1.57,1.15,4.76,0,1,22.69
6801,T09,S4_D2,S4,D2,1,175.0,6.638,1.49,1.35,4.12,3,0,28.98
6802,T05,S6_CR2,S6,CR2,1,193.0,8.342,1.9,1.35,4.85,1,0,25.39
6803,T01,S3_D2,S3,D2,1,171.3,6.362,1.39,1.35,5.55,4,0,29.71
6804,T08,S3_CR1,S3,CR1,1,179.7,8.135,1.57,1.15,3.12,3,0,22.25
6805,T07,S1_D1,S1,D1,1,207.2,5.834,1.12,1.15,6.11,2,0,16.76
6806,T06,S3_D2,S3,D2,1,184.3,6.362,1.39,1.35,11.9,1,0,29.3
6807,T03,S1_D1,S1,D1,1,173.3,5.834,1.12,1.15,3.63,1,0,14.93
6808,T08,S1_D1,S1,D1,1,180.6,5.834,1.12,1.15,1.86,3,1,23.07
6809,T09,CR1_S1,CR1,S1,0,0.0,8.767,0.8,1.15,7.63,4,0,24.56
6810,T06,S4_CR2,S4,CR2,1,209.3,6.855,1.9,1.35,9.5,2,0,22.67
6811,T10,CR1_S5,CR1,S5,0,0.0,10.342,0.89,1.15,5.61,2,0,30.52
6812,T05,S6_CR2,S6,CR2,1,209.3,8.342,1.9,1.35,5.23,1,1,34.92
6813,T01,CR2_S3,CR2,S3,0,0.0,6.579,1.9,1.35,10.66,1,0,18.75
6814,T04,D2_S3,D2,S3,0,0.0,6.362,1.39,1.35,5.86,3,0,25.52
6815,T09,CR1_S2,CR1,S2,0,0.0,8.334,1.39,1.15,5.23,4,0,22.23
6816,T07,S6_CR2,S6,CR2,1,198.0,8.342,1.9,1.35,5.17,3,0,28.78
6817,T07,S3_D2,S3,D2,1,189.9,6.362,1.39,1.35,0.1,1,0,27.48
6818,T01,S1_D1,S1,D1,1,176.3,5.834,1.12,1.15,6.02,3,0,17.59
6819,T02,S3_CR2,S3,CR2,1,174.3,6.579,1.9,1.35,6.59,6,1,33.43
6820,T03,S5_CR1,S5,CR1,1,213.1,10.342,0.89,1.15,9.23,3,0,33.85
6821,T04,S5_CR1,S5,CR1,1,210.5,10.342,0.89,1.15,9.69,3,1,43.18
6822,T07,CR1_S5,CR1,S5,0,0.0,10.342,0.89,1.15,1.89,2,1,33.54
6823,T01,CR1_S2,CR1,S2,0,0.0,8.334,1.39,1.15,9.7,5,0,24.79
6824,T04,S5_D1,S5,D1,1,203.1,6.724,1.12,1.15,5.66,4,0,23.68
6825,T08,D2_S4,D2,S4,0,0.0,6.638,1.49,1.35,6.58,4,0,24.26
6826,T03,S5_D1,S5,D1,1,182.5,6.724,1.12,1.15,1.83,4,0,24.71
6827,T09,CR2_S4,CR2,S4,0,0.0,6.855,1.9,1.35,10.27,2,0,18.98
6828,T09,S3_CR1,S3,CR1,1,218.5,8.135,1.57,1.15,0.17,2,1,29.5
6829,T07,S3_CR1,S3,CR1,1,220.0,8.135,1.57,1.15,1.32,0,0,17.64
6830,T03,S6_CR2,S6,CR2,1,191.0,8.342,1.9,1.35,4.1,6,1,35.36
6831,T08,S4_CR2,S4,CR2,1,192.2,6.855,1.9,1.35,2.32,0,0,20.17
6832,T10,S2_CR1,S2,CR1,1,207.7,8.334,1.39,1.15,1.09,0,0,29.36
6833,T03,CR1_S1,CR1,S1,0,0.0,8.767,0.8,1.15,1.48,5,0,25.77
6834,T10,D1_S1,D1,S1,0,0.0,5.834,1.12,1.15,7.38,3,1,19.85
6835,T04,S3_CR1,S3,CR1,1,215.3,8.135,1.57,1.15,2.59,0,1,27.74
6836,T05,S6_CR2,S6,CR2,1,190.5,8.342,1.9,1.35,5.11,2,0,28.04
6837,T09,D1_S5,D1,S5,0,0.0,6.724,1.12,1.15,5.53,3,0,17.96
6838,T07,S6_CR2,S6,CR2,1,182.3,8.342,1.9,1.35,5.45,5,0,30.13
6839,T10,CR2_S3,CR2,S3,0,0.0,6.579,1.9,1.35,6.37,3,0,18.05
6840,T09,S3_D2,S3,D2,1,205.1,6.362,1.39,1.35,10.76,3,0,29.77
6841,T06,S1_D1,S1,D1,1,220.0,5.834,1.12,1.15,4.23,4,0,18.34
6842,T07,D2_S3,D2,S3,0,0.0,6.362,1.39,1.35,8.33,1,1,31.29
6843,T09,S3_CR1,S3,CR1,1,187.9,8.135,1.57,1.15,2.33,2,0,20.73
6844,T04,S5_D1,S5,D1,1,201.1,6.724,1.12,1.15,1.19,2,1,25.76
6845,T06,S6_CR2,S6,CR2,1,176.8,8.342,1.9,1.35,0.57,4,0,28.8
6846,T06,CR1_S2,CR1,S2,0,0.0,8.334,1.39,1.15,10.06,2,0,22.85
6847,T09,D1_S1,D1,S1,0,0.0,5.834,1.12,1.15,0.64,1,0,12.11
6848,T05,S3_CR2,S3,CR2,1,220.0,6.579,1.9,1.35,7.96,2,0,25.23
6849,T03,CR2_S3,CR2,S3,0,0.0,6.579,1.9,1.35,0.18,2,0,17.95
6850,T06,S3_D2,S3,D2,1,186.2,6.362,1.39,1.35,3.75,3,0,27.53
6851,T08,S5_CR1,S5,CR1,1,211.4,10.342,0.89,1.15,9.18,2,0,36.04
6852,T02,S5_D1,S5,D1,1,198.7,6.724,1.12,1.15,1.81,3,0,21.62
6853,T02,D1_S1,D1,S1,0,0.0,5.834,1.12,1.15,3.86,4,0,16.55
6854,T07,S4_CR2,S4,CR2,1,188.4,6.855,1.9,1.35,11.16,4,0,27.3
6855,T10,CR1_S1,CR1,S1,0,0.0,8.767,0.8,1.15,11.12,1,0,21.77
6856,T09,CR1_S5,CR1,S5,0,0.0,10.342,0.89,1.15,9.54,3,0,30.36
6857,T10,S1_CR1,S1,CR1,1,209.3,8.767,0.8,1.15,6.79,3,0,30.07
6858,T01,S5_D1,S5,D1,1,183.2,6.724,1.12,1.15,4.05,4,0,21.13
6859,T02,S3_D2,S3,D2,1,175.6,6.362,1.39,1.35,11.78,1,0,29.67
6860,T01,D2_S3,D2,S3,0,0.0,6.362,1.39,1.35,7.29,2,0,20.93
6861,T09,CR2_S3,CR2,S3,0,0.0,6.579,1.9,1.35,10.46,6,0,21.15
6862,T06,S4_CR2,S4,CR2,1,181.4,6.855,1.9,1.35,2.77,3,1,34.42
6863,T05,CR2_S3,CR2,S3,0,0.0,6.579,1.9,1.35,9.31,1,1,21.96
6864,T09,CR1_S1,CR1,S1,0,0.0,8.767,0.8,1.15,7.86,2,0,21.59
6865,T04,S3_CR1,S3,CR1,1,189.8,8.135,1.57,1.15,10.23,0,0,20.71
6866,T10,S4_CR2,S4,CR2,1,200.8,6.855,1.9,1.35,10.83,0,0,23.43
6867,T02,S3_CR2,S3,CR2,1,175.3,6.579,1.9,1.35,3.86,6,1,32.01
6868,T01,S4_D2,S4,D2,1,195.0,6.638,1.49,1.35,9.92,3,0,25.66
6869,T05,CR1_S3,CR1,S3,0,0.0,8.135,1.57,1.15,2.33,3,0,17.04
6870,T03,D2_S3,D2,S3,0,0.0,6.362,1.39,1.35,2.01,0,0,22.45
6871,T02,D2_S4,D2,S4,0,0.0,6.638,1.49,1.35,11.71,2,0,23.53
6872,T08,S1_CR1,S1,CR1,1,196.7,8.767,0.8,1.15,4.72,3,0,24.24
6873,T10,S4_CR2,S4,CR2,1,206.2,6.855,1.9,1.35,11.37,0,1,24.66
6874,T04,S6_CR2,S6,CR2,1,186.6,8.342,1.9,1.35,10.41,3,1,31.59
6875,T01,S2_CR1,S2,CR1,1,201.2,8.334,1.39,1.15,1.26,5,0,31.11
6876,T02,S3_D2,S3,D2,1,197.1,6.362,1.39,1.35,3.1,4,0,26.21
6877,T06,CR1_S1,CR1,S1,0,0.0,8.767,0.8,1.15,6.68,6,1,34.37
6878,T07,CR2_S4,CR2,S4,0,0.0,6.855,1.9,1.35,10.77,1,0,18.0
6879,T04,S2_CR1,S2,CR1,1,193.7,8.334,1.39,1.15,10.53,2,1,37.36
6880,T06,D1_S1,D1,S1,0,0.0,5.834,1.12,1.15,4.68,2,1,15.2
6881,T05,CR1_S3,CR1,S3,0,0.0,8.135,1.57,1.15,8.11,1,1,19.48
6882,T09,S4_D2,S4,D2,1,172.2,6.638,1.49,1.35,10.61,4,1,39.0
6883,T09,D1_S1,D1,S1,0,0.0,5.834,1.12,1.15,3.8,1,0,12.27
6884,T06,S4_CR2,S4,CR2,1,202.3,6.855,1.9,1.35,4.32,3,0,27.59
6885,T08,CR1_S1,CR1,S1,0,0.0,8.767,0.8,1.15,9.67,2,1,28.79
6886,T02,D1_S5,D1,S5,0,0.0,6.724,1.12,1.15,3.43,6,1,24.12
6887,T06,S4_D2,S4,D2,1,220.0,6.638,1.49,1.35,2.64,4,1,39.53
6888,T10,CR2_S4,CR2,S4,0,0.0,6.855,1.9,1.35,6.19,4,0,19.22
6889,T10,CR2_S4,CR2,S4,0,0.0,6.855,1.9,1.35,9.67,2,0,17.88
6890,T08,CR2_S4,CR2,S4,0,0.0,6.855,1.9,1.35,1.56,2,0,20.0
6891,T08,S4_CR2,S4,CR2,1,201.8,6.855,1.9,1.35,3.42,1,0,21.51
6892,T03,S1_CR1,S1,CR1,1,166.9,8.767,0.8,1.15,1.66,4,0,30.53
6893,T04,S1_CR1,S1,CR1,1,179.6,8.767,0.8,1.15,4.57,3,0,27.22
6894,T02,S3_CR2,S3,CR2,1,195.1,6.579,1.9,1.35,9.44,3,0,20.05
6895,T01,S1_CR1,S1,CR1,1,209.0,8.767,0.8,1.15,0.58,1,0,27.79
6896,T03,S3_D2,S3,D2,1,204.6,6.362,1.39,1.35,7.14,2,0,25.5
6897,T01,S1_CR1,S1,CR1,1,171.0,8.767,0.8,1.15,6.1,7,1,37.0
6898,T06,D1_S5,D1,S5,0,0.0,6.724,1.12,1.15,7.97,0,1,17.03
6899,T10,S1_D1,S1,D1,1,202.7,5.834,1.12,1.15,10.29,3,0,17.06
6900,T09,S1_D1,S1,D1,1,212.1,5.834,1.12,1.15,5.14,5,0,19.23
6901,T03,D1_S5,D1,S5,0,0.0,6.724,1.12,1.15,3.16,3,1,22.06
6902,T07,S3_D2,S3,D2,1,161.5,6.362,1.39,1.35,10.96,1,0,26.93
6903,T05,CR2_S4,CR2,S4,0,0.0,6.855,1.9,1.35,8.33,3,1,26.58
6904,T02,S3_CR2,S3,CR2,1,220.0,6.579,1.9,1.35,2.56,3,0,25.32
6905,T05,S5_CR1,S5,CR1,1,207.1,10.342,0.89,1.15,9.86,3,0,36.44
6906,T02,CR2_S4,CR2,S4,0,0.0,6.855,1.9,1.35,10.39,4,1,27.08
6907,T08,CR2_S4,CR2,S4,0,0.0,6.855,1.9,1.35,9.51,3,1,25.99
6908,T08,CR1_S5,CR1,S5,0,0.0,10.342,0.89,1.15,5.75,3,0,26.91
6909,T06,S5_CR1,S5,CR1,1,205.3,10.342,0.89,1.15,1.3,3,1,39.88
6910,T05,S3_CR1,S3,CR1,1,193.2,8.135,1.57,1.15,0.88,5,0,25.3
6911,T02,CR1_S2,CR1,S2,0,0.0,8.334,1.39,1.15,6.05,6,1,34.76
6912,T08,S3_D2,S3,D2,1,185.8,6.362,1.39,1.35,2.09,1,0,25.77
6913,T10,D1_S5,D1,S5,0,0.0,6.724,1.12,1.15,10.35,5,1,24.24
6914,T04,CR2_S4,CR2,S4,0,0.0,6.855,1.9,1.35,4.15,2,0,19.04
6915,T01,D2_S3,D2,S3,0,0.0,6.362,1.39,1.35,11.26,2,1,30.09
6916,T09,S3_D2,S3,D2,1,210.4,6.362,1.39,1.35,11.7,2,0,25.5
6917,T10,D1_S5,D1,S5,0,0.0,6.724,1.12,1.15,6.7,2,1,19.12
6918,T03,S2_CR1,S2,CR1,1,188.2,8.334,1.39,1.15,0.65,1,0,31.14
6919,T05,S3_CR1,S3,CR1,1,218.9,8.135,1.57,1.15,2.92,3,0,23.2
6920,T02,D1_S5,D1,S5,0,0.0,6.724,1.12,1.15,9.74,4,0,19.3
6921,T08,CR2_S4,CR2,S4,0,0.0,6.855,1.9,1.35,0.21,1,0,18.64
6922,T09,CR1_S2,CR1,S2,0,0.0,8.334,1.39,1.15,7.76,2,0,22.64
6923,T08,CR2_S3,CR2,S3,0,0.0,6.579,1.9,1.35,4.58,1,0,17.62
6924,T09,S1_CR1,S1,CR1,1,186.2,8.767,0.8,1.15,8.4,6,1,37.61
6925,T02,D2_S4,D2,S4,0,0.0,6.638,1.49,1.35,9.79,0,1,25.13
6926,T04,S1_CR1,S1,CR1,1,212.7,8.767,0.8,1.15,1.71,3,0,29.27
6927,T06,S3_D2,S3,D2,1,190.8,6.362,1.39,1.35,7.7,2,1,30.78
6928,T10,CR1_S2,CR1,S2,0,0.0,8.334,1.39,1.15,3.55,0,1,27.86
6929,T02,D2_S4,D2,S4,0,0.0,6.638,1.49,1.35,11.57,2,0,21.1
6930,T09,CR1_S1,CR1,S1,0,0.0,8.767,0.8,1.15,10.9,3,0,24.2
6931,T05,S2_CR1,S2,CR1,1,184.3,8.334,1.39,1.15,10.24,2,1,39.02
6932,T07,D1_S1,D1,S1,0,0.0,5.834,1.12,1.15,5.42,3,1,15.93
6933,T01,CR2_S6,CR2,S6,0,0.0,8.342,1.9,1.35,11.42,1,0,19.79
6934,T07,S1_CR1,S1,CR1,1,184.9,8.767,0.8,1.15,10.28,4,0,29.7
6935,T03,CR1_S3,CR1,S3,0,0.0,8.135,1.57,1.15,11.8,3,0,19.13
6936,T10,CR1_S5,CR1,S5,0,0.0,10.342,0.89,1.15,4.26,3,0,28.72
6937,T07,D1_S1,D1,S1,0,0.0,5.834,1.12,1.15,3.27,1,1,14.57
6938,T02,S4_D2,S4,D2,1,175.7,6.638,1.49,1.35,2.91,1,1,37.1
6939,T04,D2_S4,D2,S4,0,0.0,6.638,1.49,1.35,3.3,5,0,23.71
6940,T08,S3_D2,S3,D2,1,193.6,6.362,1.39,1.35,1.46,3,1,34.11
6941,T01,CR1_S5,CR1,S5,0,0.0,10.342,0.89,1.15,7.86,2,0,29.85
6942,T01,CR2_S4,CR2,S4,0,0.0,6.855,1.9,1.35,9.62,2,0,20.12
6943,T08,CR1_S3,CR1,S3,0,0.0,8.135,1.57,1.15,2.0,1,0,16.53
6944,T05,CR1_S5,CR1,S5,0,0.0,10.342,0.89,1.15,1.82,1,0,25.52
6945,T04,S4_D2,S4,D2,1,197.7,6.638,1.49,1.35,4.99,5,0,27.24
6946,T02,S5_D1,S5,D1,1,199.3,6.724,1.12,1.15,6.83,3,0,20.94
6947,T05,D1_S1,D1,S1,0,0.0,5.834,1.12,1.15,3.01,1,0,12.96
6948,T01,S4_D2,S4,D2,1,210.4,6.638,1.49,1.35,4.44,2,0,28.71
6949,T02,CR2_S6,CR2,S6,0,0.0,8.342,1.9,1.35,6.79,4,1,27.2
6950,T04,CR1_S2,CR1,S2,0,0.0,8.334,1.39,1.15,9.58,2,0,25.07
6951,T01,D2_S4,D2,S4,0,0.0,6.638,1.49,1.35,6.36,0,1,22.63
6952,T01,D2_S3,D2,S3,0,0.0,6.362,1.39,1.35,11.41,2,0,20.45
6953,T05,D2_S3,D2,S3,0,0.0,6.362,1.39,1.35,0.42,3,0,23.65
6954,T02,CR2_S4,CR2,S4,0,0.0,6.855,1.9,1.35,10.72,1,0,16.4
6955,T08,S2_CR1,S2,CR1,1,201.3,8.334,1.39,1.15,10.7,4,1,39.76
6956,T01,S3_CR1,S3,CR1,1,188.3,8.135,1.57,1.15,8.48,1,0,18.49
6957,T02,CR2_S3,CR2,S3,0,0.0,6.579,1.9,1.35,2.3,4,0,20.73
6958,T04,S4_CR2,S4,CR2,1,187.5,6.855,1.9,1.35,1.03,3,1,28.84
6959,T10,CR1_S5,CR1,S5,0,0.0,10.342,0.89,1.15,5.77,3,1,36.47
6960,T10,D1_S5,D1,S5,0,0.0,6.724,1.12,1.15,6.99,4,1,23.05
6961,T03,CR2_S4,CR2,S4,0,0.0,6.855,1.9,1.35,1.9,0,0,18.25
6962,T07,D1_S5,D1,S5,0,0.0,6.724,1.12,1.15,3.35,3,0,16.35
6963,T07,D2_S3,D2,S3,0,0.0,6.362,1.39,1.35,10.08,3,0,22.83
6964,T03,S2_CR1,S2,CR1,1,208.2,8.334,1.39,1.15,1.95,4,0,25.89
6965,T09,CR2_S3,CR2,S3,0,0.0,6.579,1.9,1.35,4.64,2,1,22.24
6966,T07,S3_CR1,S3,CR1,1,201.4,8.135,1.57,1.15,6.5,4,0,21.72
6967,T03,CR1_S2,CR1,S2,0,0.0,8.334,1.39,1.15,7.63,4,0,24.74
6968,T10,D2_S4,D2,S4,0,0.0,6.638,1.49,1.35,4.01,3,0,22.2
6969,T09,D2_S4,D2,S4,0,0.0,6.638,1.49,1.35,11.71,5,0,21.17
6970,T04,D1_S1,D1,S1,0,0.0,5.834,1.12,1.15,5.38,8,0,15.5
6971,T03,S5_D1,S5,D1,1,205.1,6.724,1.12,1.15,3.37,3,0,18.99
6972,T06,D1_S5,D1,S5,0,0.0,6.724,1.12,1.15,3.75,1,0,15.12
6973,T06,D2_S4,D2,S4,0,0.0,6.638,1.49,1.35,2.23,0,0,22.66
6974,T05,S2_CR1,S2,CR1,1,178.7,8.334,1.39,1.15,6.89,3,0,29.36
6975,T10,CR2_S6,CR2,S6,0,0.0,8.342,1.9,1.35,7.99,2,0,22.2
6976,T04,S3_D2,S3,D2,1,169.5,6.362,1.39,1.35,8.3,0,1,36.33
6977,T03,S3_D2,S3,D2,1,197.9,6.362,1.39,1.35,11.15,4,1,33.45
6978,T03,S1_CR1,S1,CR1,1,178.3,8.767,0.8,1.15,11.41,3,0,29.52
6979,T10,D2_S3,D2,S3,0,0.0,6.362,1.39,1.35,4.77,2,0,20.93
6980,T01,D2_S4,D2,S4,0,0.0,6.638,1.49,1.35,3.47,5,1,29.65
6981,T10,S3_CR2,S3,CR2,1,214.5,6.579,1.9,1.35,5.61,3,1,32.84
6982,T03,S3_CR1,S3,CR1,1,203.6,8.135,1.57,1.15,5.76,4,1,31.04
6983,T01,S5_D1,S5,D1,1,201.8,6.724,1.12,1.15,3.49,1,0,22.25
6984,T02,CR2_S4,CR2,S4,0,0.0,6.855,1.9,1.35,3.47,4,0,19.57
6985,T09,S3_CR2,S3,CR2,1,196.4,6.579,1.9,1.35,0.68,1,1,26.99
6986,T07,CR1_S2,CR1,S2,0,0.0,8.334,1.39,1.15,4.5,4,0,24.89
6987,T07,S4_CR2,S4,CR2,1,204.2,6.855,1.9,1.35,8.86,0,0,20.45
6988,T01,S4_CR2,S4,CR2,1,205.3,6.855,1.9,1.35,2.58,1,0,23.52
6989,T10,S3_CR2,S3,CR2,1,194.8,6.579,1.9,1.35,0.07,1,0,21.68
6990,T04,S3_CR1,S3,CR1,1,202.3,8.135,1.57,1.15,10.01,2,0,22.21
6991,T08,S4_D2,S4,D2,1,214.7,6.638,1.49,1.35,1.75,3,0,28.74
6992,T03,CR2_S4,CR2,S4,0,0.0,6.855,1.9,1.35,1.88,0,1,19.5
6993,T10,D2_S3,D2,S3,0,0.0,6.362,1.39,1.35,1.13,4,0,22.56
6994,T09,D1_S5,D1,S5,0,0.0,6.724,1.12,1.15,7.53,1,0,18.18
6995,T05,S3_CR2,S3,CR2,1,172.1,6.579,1.9,1.35,9.81,1,0,23.33
6996,T09,D2_S4,D2,S4,0,0.0,6.638,1.49,1.35,11.55,3,0,19.9
6997,T09,S3_CR1,S3,CR1,1,192.4,8.135,1.57,1.15,3.21,1,0,22.85
6998,T06,CR2_S3,CR2,S3,0,0.0,6.579,1.9,1.35,0.7,3,0,16.22
6999,T05,D2_S4,D2,S4,0,0.0,6.638,1.49,1.35,1.22,4,0,23.77
7000,T09,CR2_S6,CR2,S6,0,0.0,8.342,1.9,1.35,10.14,2,1,26.5
7001,T02,S5_CR1,S5,CR1,1,178.8,10.342,0.89,1.15,7.23,4,0,33.5
7002,T10,S1_D1,S1,D1,1,181.2,5.834,1.12,1.15,4.11,3,0,16.61
7003,T04,S5_CR1,S5,CR1,1,214.4,10.342,0.89,1.15,9.1,1,0,34.76
7004,T04,S4_CR2,S4,CR2,1,203.8,6.855,1.9,1.35,11.55,2,0,24.42
7005,T09,S3_CR1,S3,CR1,1,196.3,8.135,1.57,1.15,8.21,3,0,22.72
7006,T06,CR2_S3,CR2,S3,0,0.0,6.579,1.9,1.35,4.25,3,0,20.59
7007,T10,S6_CR2,S6,CR2,1,216.1,8.342,1.9,1.35,11.64,1,0,26.15
7008,T04,CR2_S6,CR2,S6,0,0.0,8.342,1.9,1.35,1.53,1,0,19.51
7009,T09,S5_D1,S5,D1,1,186.6,6.724,1.12,1.15,10.11,2,1,27.3
7010,T01,CR1_S2,CR1,S2,0,0.0,8.334,1.39,1.15,1.56,3,0,24.67
7011,T08,S2_CR1,S2,CR1,1,183.6,8.334,1.39,1.15,1.66,3,0,29.49
7012,T08,S4_D2,S4,D2,1,192.8,6.638,1.49,1.35,4.43,3,0,25.31
7013,T07,CR1_S5,CR1,S5,0,0.0,10.342,0.89,1.15,0.07,1,1,36.72
7014,T10,S1_D1,S1,D1,1,202.9,5.834,1.12,1.15,7.08,4,0,18.54
7015,T04,D2_S3,D2,S3,0,0.0,6.362,1.39,1.35,11.7,2,0,21.32
7016,T04,D1_S1,D1,S1,0,0.0,5.834,1.12,1.15,6.48,2,1,15.6
7017,T10,CR1_S2,CR1,S2,0,0.0,8.334,1.39,1.15,4.87,1,0,20.09
7018,T08,D2_S4,D2,S4,0,0.0,6.638,1.49,1.35,9.8,1,0,21.13
7019,T10,S6_CR2,S6,CR2,1,197.6,8.342,1.9,1.35,7.2,4,0,30.88
7020,T09,S5_CR1,S5,CR1,1,189.5,10.342,0.89,1.15,8.8,1,0,34.48
7021,T07,CR2_S4,CR2,S4,0,0.0,6.855,1.9,1.35,4.13,3,0,20.83
7022,T04,S3_CR2,S3,CR2,1,164.9,6.579,1.9,1.35,7.58,2,0,25.76
7023,T03,S1_D1,S1,D1,1,214.0,5.834,1.12,1.15,10.88,5,1,26.86
7024,T08,CR1_S3,CR1,S3,0,0.0,8.135,1.57,1.15,11.69,1,1,22.65
7025,T06,S4_CR2,S4,CR2,1,201.7,6.855,1.9,1.35,10.76,2,0,24.9
7026,T07,S1_CR1,S1,CR1,1,192.3,8.767,0.8,1.15,7.53,3,0,32.18
7027,T01,D2_S3,D2,S3,0,0.0,6.362,1.39,1.35,4.18,2,0,21.12
7028,T08,S3_CR2,S3,CR2,1,183.3,6.579,1.9,1.35,11.25,2,1,31.71
7029,T05,D1_S1,D1,S1,0,0.0,5.834,1.12,1.15,5.55,4,0,16.64
7030,T01,S2_CR1,S2,CR1,1,216.7,8.334,1.39,1.15,3.39,1,0,28.18
7031,T07,S6_CR2,S6,CR2,1,187.9,8.342,1.9,1.35,7.8,4,0,27.8
7032,T02,S3_D2,S3,D2,1,189.6,6.362,1.39,1.35,5.76,5,1,38.58
7033,T04,CR2_S3,CR2,S3,0,0.0,6.579,1.9,1.35,0.8,0,0,16.75
7034,T06,S4_CR2,S4,CR2,1,188.2,6.855,1.9,1.35,10.04,4,0,24.71
7035,T01,D2_S4,D2,S4,0,0.0,6.638,1.49,1.35,4.68,6,1,28.27
7036,T10,D2_S4,D2,S4,0,0.0,6.638,1.49,1.35,4.84,4,0,25.08
7037,T08,S2_CR1,S2,CR1,1,214.7,8.334,1.39,1.15,5.91,2,0,27.65
7038,T03,S1_D1,S1,D1,1,190.8,5.834,1.12,1.15,7.9,1,0,15.42
7039,T10,S3_CR1,S3,CR1,1,194.8,8.135,1.57,1.15,9.64,3,1,27.04
7040,T09,S5_D1,S5,D1,1,191.7,6.724,1.12,1.15,5.84,2,0,20.62
7041,T03,D2_S3,D2,S3,0,0.0,6.362,1.39,1.35,2.16,4,0,23.21
7042,T10,S4_D2,S4,D2,1,209.3,6.638,1.49,1.35,1.33,1,0,25.19
7043,T06,S5_D1,S5,D1,1,212.5,6.724,1.12,1.15,9.97,3,0,22.17
7044,T02,S6_CR2,S6,CR2,1,202.6,8.342,1.9,1.35,8.44,1,0,25.7
7045,T08,CR2_S4,CR2,S4,0,0.0,6.855,1.9,1.35,2.48,1,1,22.91
7046,T10,D2_S3,D2,S3,0,0.0,6.362,1.39,1.35,6.96,2,0,22.77
7047,T02,CR2_S6,CR2,S6,0,0.0,8.342,1.9,1.35,0.7,3,0,23.31
7048,T01,CR1_S1,CR1,S1,0,0.0,8.767,0.8,1.15,5.88,5,0,27.29
7049,T07,CR2_S3,CR2,S3,0,0.0,6.579,1.9,1.35,10.58,1,0,17.72
7050,T06,S4_CR2,S4,CR2,1,215.1,6.855,1.9,1.35,9.82,0,0,21.57
7051,T06,D2_S4,D2,S4,0,0.0,6.638,1.49,1.35,11.61,3,0,23.77
7052,T05,S4_CR2,S4,CR2,1,183.5,6.855,1.9,1.35,11.89,1,0,22.58
7053,T08,CR2_S4,CR2,S4,0,0.0,6.855,1.9,1.35,6.25,3,0,20.12
7054,T03,CR2_S6,CR2,S6,0,0.0,8.342,1.9,1.35,5.97,2,0,22.78
7055,T02,S2_CR1,S2,CR1,1,189.5,8.334,1.39,1.15,6.53,3,0,30.48
7056,T09,S5_CR1,S5,CR1,1,200.7,10.342,0.89,1.15,2.24,0,1,44.19
7057,T01,S5_D1,S5,D1,1,202.7,6.724,1.12,1.15,3.36,5,1,28.97
7058,T09,D2_S4,D2,S4,0,0.0,6.638,1.49,1.35,0.46,4,1,32.79
7059,T05,D2_S3,D2,S3,0,0.0,6.362,1.39,1.35,6.03,3,1,31.05
7060,T04,D1_S5,D1,S5,0,0.0,6.724,1.12,1.15,9.64,0,0,14.96
7061,T10,S2_CR1,S2,CR1,1,178.0,8.334,1.39,1.15,7.32,5,0,27.08
7062,T10,S3_D2,S3,D2,1,215.2,6.362,1.39,1.35,2.91,1,0,27.46
7063,T08,CR1_S1,CR1,S1,0,0.0,8.767,0.8,1.15,5.83,3,0,21.23
7064,T05,CR1_S2,CR1,S2,0,0.0,8.334,1.39,1.15,10.04,2,1,27.92
7065,T07,S1_D1,S1,D1,1,189.5,5.834,1.12,1.15,2.25,5,0,18.93
7066,T07,D2_S3,D2,S3,0,0.0,6.362,1.39,1.35,2.8,3,0,23.86
7067,T05,CR2_S6,CR2,S6,0,0.0,8.342,1.9,1.35,6.16,4,0,25.25
7068,T04,S5_CR1,S5,CR1,1,181.1,10.342,0.89,1.15,1.39,2,0,33.69
7069,T04,S4_D2,S4,D2,1,188.8,6.638,1.49,1.35,10.45,4,0,28.22
7070,T08,D2_S4,D2,S4,0,0.0,6.638,1.49,1.35,5.69,2,0,21.39
7071,T01,S1_CR1,S1,CR1,1,177.1,8.767,0.8,1.15,0.79,3,1,38.44
7072,T06,CR2_S6,CR2,S6,0,0.0,8.342,1.9,1.35,3.91,3,0,22.77
7073,T01,CR1_S3,CR1,S3,0,0.0,8.135,1.57,1.15,9.12,2,0,18.69
7074,T03,D2_S3,D2,S3,0,0.0,6.362,1.39,1.35,11.23,0,0,20.97
7075,T07,CR2_S6,CR2,S6,0,0.0,8.342,1.9,1.35,11.0,2,0,22.83
7076,T02,D2_S4,D2,S4,0,0.0,6.638,1.49,1.35,4.77,5,0,25.91
7077,T04,D2_S3,D2,S3,0,0.0,6.362,1.39,1.35,10.85,3,0,23.2
7078,T09,CR2_S3,CR2,S3,0,0.0,6.579,1.9,1.35,0.71,3,0,18.69
7079,T06,CR1_S5,CR1,S5,0,0.0,10.342,0.89,1.15,11.86,5,0,28.44
7080,T07,CR1_S1,CR1,S1,0,0.0,8.767,0.8,1.15,0.27,3,0,24.38
7081,T02,S3_CR1,S3,CR1,1,217.1,8.135,1.57,1.15,3.68,0,0,21.63
7082,T06,S4_D2,S4,D2,1,220.0,6.638,1.49,1.35,5.3,4,0,30.71
7083,T10,S1_CR1,S1,CR1,1,192.4,8.767,0.8,1.15,5.93,3,0,28.87
7084,T08,CR2_S6,CR2,S6,0,0.0,8.342,1.9,1.35,2.93,0,0,18.8
7085,T02,CR1_S5,CR1,S5,0,0.0,10.342,0.89,1.15,10.23,2,1,33.07
7086,T08,D1_S1,D1,S1,0,0.0,5.834,1.12,1.15,7.82,3,0,14.33
7087,T09,S2_CR1,S2,CR1,1,218.3,8.334,1.39,1.15,4.3,3,1,36.95
7088,T04,S5_CR1,S5,CR1,1,190.6,10.342,0.89,1.15,1.66,4,0,35.08
7089,T03,CR1_S3,CR1,S3,0,0.0,8.135,1.57,1.15,3.95,5,0,19.71
7090,T07,S3_CR2,S3,CR2,1,162.4,6.579,1.9,1.35,2.06,2,1,29.57
7091,T06,CR2_S6,CR2,S6,0,0.0,8.342,1.9,1.35,4.17,1,0,21.36
7092,T07,S4_D2,S4,D2,1,185.8,6.638,1.49,1.35,6.03,4,0,29.54
7093,T07,CR2_S3,CR2,S3,0,0.0,6.579,1.9,1.35,0.71,4,0,19.97
7094,T03,S4_D2,S4,D2,1,199.3,6.638,1.49,1.35,7.36,4,1,38.64
7095,T05,S1_CR1,S1,CR1,1,181.4,8.767,0.8,1.15,7.66,1,0,24.82
7096,T06,CR1_S3,CR1,S3,0,0.0,8.135,1.57,1.15,0.6,4,0,19.66
7097,T03,D2_S3,D2,S3,0,0.0,6.362,1.39,1.35,7.84,2,0,23.81
7098,T08,CR1_S1,CR1,S1,0,0.0,8.767,0.8,1.15,1.53,5,0,24.49
7099,T02,CR1_S3,CR1,S3,0,0.0,8.135,1.57,1.15,11.52,1,0,17.65
7100,T04,CR2_S6,CR2,S6,0,0.0,8.342,1.9,1.35,1.47,1,0,20.32
7101,T10,CR2_S6,CR2,S6,0,0.0,8.342,1.9,1.35,0.28,1,0,21.95
7102,T06,CR1_S5,CR1,S5,0,0.0,10.342,0.89,1.15,1.77,3,0,27.32
7103,T06,S3_CR2,S3,CR2,1,191.9,6.579,1.9,1.35,6.66,4,0,22.34
7104,T08,S3_CR2,S3,CR2,1,213.8,6.579,1.9,1.35,3.91,3,0,23.09
7105,T02,D2_S3,D2,S3,0,0.0,6.362,1.39,1.35,6.48,6,1,32.01
7106,T10,CR1_S2,CR1,S2,0,0.0,8.334,1.39,1.15,3.93,2,0,24.49
7107,T05,S1_D1,S1,D1,1,203.6,5.834,1.12,1.15,10.54,4,1,24.45
7108,T04,D2_S4,D2,S4,0,0.0,6.638,1.49,1.35,1.19,3,1,27.76
7109,T06,S5_D1,S5,D1,1,188.2,6.724,1.12,1.15,10.18,2,0,20.48
7110,T02,S5_CR1,S5,CR1,1,220.0,10.342,0.89,1.15,2.87,3,0,36.36
7111,T03,D2_S3,D2,S3,0,0.0,6.362,1.39,1.35,1.49,3,1,27.39
7112,T07,S4_CR2,S4,CR2,1,177.7,6.855,1.9,1.35,5.16,3,0,22.15
7113,T01,S5_D1,S5,D1,1,191.1,6.724,1.12,1.15,10.24,3,1,24.63
7114,T02,S1_CR1,S1,CR1,1,188.0,8.767,0.8,1.15,1.6,3,0,30.4
7115,T04,D1_S5,D1,S5,0,0.0,6.724,1.12,1.15,1.1,1,1,18.62
7116,T08,S3_CR1,S3,CR1,1,193.0,8.135,1.57,1.15,11.96,2,0,21.35
7117,T02,CR1_S1,CR1,S1,0,0.0,8.767,0.8,1.15,11.79,6,0,27.28
7118,T10,D2_S4,D2,S4,0,0.0,6.638,1.49,1.35,0.73,2,0,21.19
7119,T10,S1_D1,S1,D1,1,208.4,5.834,1.12,1.15,3.77,7,0,17.22
7120,T09,S3_CR2,S3,CR2,1,185.3,6.579,1.9,1.35,8.39,2,0,22.2
7121,T10,S5_CR1,S5,CR1,1,199.4,10.342,0.89,1.15,9.34,1,0,32.89
7122,T02,S3_D2,S3,D2,1,179.2,6.362,1.39,1.35,7.89,5,0,28.93
7123,T07,S5_CR1,S5,CR1,1,195.7,10.342,0.89,1.15,6.96,1,0,35.74
7124,T07,S5_CR1,S5,CR1,1,212.6,10.342,0.89,1.15,4.71,2,0,36.02
7125,T08,CR1_S1,CR1,S1,0,0.0,8.767,0.8,1.15,5.27,3,0,23.77
7126,T09,CR1_S3,CR1,S3,0,0.0,8.135,1.57,1.15,7.67,4,0,20.05
7127,T04,S4_CR2,S4,CR2,1,201.0,6.855,1.9,1.35,7.29,3,1,31.61
7128,T10,CR2_S4,CR2,S4,0,0.0,6.855,1.9,1.35,6.37,6,0,23.96
7129,T07,S1_D1,S1,D1,1,194.4,5.834,1.12,1.15,1.63,3,0,16.33
7130,T09,D2_S4,D2,S4,0,0.0,6.638,1.49,1.35,1.36,2,1,32.02
7131,T07,S1_D1,S1,D1,1,193.5,5.834,1.12,1.15,1.36,3,0,17.61
7132,T05,S3_D2,S3,D2,1,183.2,6.362,1.39,1.35,6.34,2,0,28.35
7133,T03,D2_S4,D2,S4,0,0.0,6.638,1.49,1.35,6.56,3,0,23.99
7134,T04,CR1_S1,CR1,S1,0,0.0,8.767,0.8,1.15,9.47,3,0,25.29
7135,T07,CR2_S6,CR2,S6,0,0.0,8.342,1.9,1.35,10.48,2,0,23.35
7136,T04,D2_S3,D2,S3,0,0.0,6.362,1.39,1.35,8.93,5,0,23.85
7137,T06,D1_S1,D1,S1,0,0.0,5.834,1.12,1.15,4.67,6,1,21.39
7138,T05,S1_CR1,S1,CR1,1,186.8,8.767,0.8,1.15,2.41,0,0,28.6
7139,T04,D1_S5,D1,S5,0,0.0,6.724,1.12,1.15,9.89,3,0,18.23
7140,T01,S3_CR1,S3,CR1,1,219.3,8.135,1.57,1.15,7.88,2,1,26.64
7141,T06,S3_D2,S3,D2,1,220.0,6.362,1.39,1.35,10.19,4,0,29.51
7142,T07,S3_CR2,S3,CR2,1,195.4,6.579,1.9,1.35,3.18,2,0,22.16
7143,T08,S5_CR1,S5,CR1,1,172.5,10.342,0.89,1.15,6.67,3,0,37.58
7144,T08,CR1_S5,CR1,S5,0,0.0,10.342,0.89,1.15,7.96,2,1,38.32
7145,T04,CR2_S3,CR2,S3,0,0.0,6.579,1.9,1.35,8.22,1,1,24.26
7146,T02,CR1_S1,CR1,S1,0,0.0,8.767,0.8,1.15,0.19,3,0,25.4
7147,T05,S3_CR1,S3,CR1,1,192.8,8.135,1.57,1.15,11.25,3,0,22.67
7148,T05,S5_D1,S5,D1,1,198.6,6.724,1.12,1.15,0.76,2,0,18.71
7149,T06,S4_CR2,S4,CR2,1,199.5,6.855,1.9,1.35,10.57,2,0,23.07
7150,T03,CR2_S3,CR2,S3,0,0.0,6.579,1.9,1.35,6.9,1,0,19.49
7151,T10,S2_CR1,S2,CR1,1,176.0,8.334,1.39,1.15,1.7,5,0,30.88
7152,T09,D1_S1,D1,S1,0,0.0,5.834,1.12,1.15,0.28,3,0,15.0
7153,T09,CR1_S3,CR1,S3,0,0.0,8.135,1.57,1.15,7.08,3,0,18.06
7154,T10,S2_CR1,S2,CR1,1,204.0,8.334,1.39,1.15,7.04,4,0,27.77
7155,T08,D1_S1,D1,S1,0,0.0,5.834,1.12,1.15,10.58,3,0,13.63
7156,T09,D1_S5,D1,S5,0,0.0,6.724,1.12,1.15,4.16,3,1,25.09
7157,T01,CR1_S3,CR1,S3,0,0.0,8.135,1.57,1.15,11.11,2,1,19.54
7158,T08,S4_D2,S4,D2,1,196.8,6.638,1.49,1.35,9.08,2,0,28.72
7159,T05,S3_CR2,S3,CR2,1,172.3,6.579,1.9,1.35,2.14,3,0,23.46
7160,T08,CR2_S3,CR2,S3,0,0.0,6.579,1.9,1.35,5.33,6,0,21.63
7161,T05,S1_D1,S1,D1,1,191.4,5.834,1.12,1.15,8.41,3,0,16.52
7162,T02,CR1_S1,CR1,S1,0,0.0,8.767,0.8,1.15,7.85,5,0,24.96
7163,T07,D2_S4,D2,S4,0,0.0,6.638,1.49,1.35,6.57,5,0,23.29
7164,T04,CR2_S3,CR2,S3,0,0.0,6.579,1.9,1.35,5.93,3,0,20.71
7165,T03,CR1_S1,CR1,S1,0,0.0,8.767,0.8,1.15,9.94,1,0,20.89
7166,T04,S3_CR1,S3,CR1,1,217.1,8.135,1.57,1.15,1.88,1,0,20.79
7167,T09,S3_D2,S3,D2,1,199.9,6.362,1.39,1.35,11.19,1,1,34.11
7168,T06,S1_D1,S1,D1,1,207.1,5.834,1.12,1.15,2.03,1,1,21.77
7169,T09,S3_CR1,S3,CR1,1,194.3,8.135,1.57,1.15,9.69,1,0,20.83
7170,T09,CR1_S1,CR1,S1,0,0.0,8.767,0.8,1.15,9.93,1,0,23.66
7171,T06,S5_D1,S5,D1,1,198.3,6.724,1.12,1.15,4.12,2,0,20.3
7172,T05,S1_D1,S1,D1,1,207.7,5.834,1.12,1.15,4.95,8,1,25.0
7173,T10,S4_D2,S4,D2,1,186.2,6.638,1.49,1.35,2.03,0,0,26.37
7174,T01,CR2_S6,CR2,S6,0,0.0,8.342,1.9,1.35,8.95,3,0,23.57
7175,T07,D1_S5,D1,S5,0,0.0,6.724,1.12,1.15,7.14,3,0,16.82
7176,T02,CR2_S6,CR2,S6,0,0.0,8.342,1.9,1.35,4.74,5,0,25.49
7177,T06,CR1_S5,CR1,S5,0,0.0,10.342,0.89,1.15,8.64,2,0,26.69
7178,T05,S3_D2,S3,D2,1,195.1,6.362,1.39,1.35,6.43,4,0,27.68
7179,T02,D1_S5,D1,S5,0,0.0,6.724,1.12,1.15,8.52,6,0,20.37
7180,T03,D1_S1,D1,S1,0,0.0,5.834,1.12,1.15,4.96,4,0,15.27
7181,T07,S3_CR1,S3,CR1,1,189.0,8.135,1.57,1.15,3.79,4,1,31.77
7182,T02,S6_CR2,S6,CR2,1,198.4,8.342,1.9,1.35,11.04,7,0,31.52
7183,T08,CR1_S1,CR1,S1,0,0.0,8.767,0.8,1.15,6.69,6,0,27.09
7184,T01,CR1_S1,CR1,S1,0,0.0,8.767,0.8,1.15,11.03,1,0,21.77
7185,T10,S3_D2,S3,D2,1,190.4,6.362,1.39,1.35,1.77,2,0,26.57
7186,T02,S3_CR1,S3,CR1,1,198.4,8.135,1.57,1.15,0.14,0,1,24.22
7187,T05,D2_S3,D2,S3,0,0.0,6.362,1.39,1.35,9.84,3,0,25.0
7188,T08,S2_CR1,S2,CR1,1,215.6,8.334,1.39,1.15,1.48,0,1,39.54
7189,T04,S5_CR1,S5,CR1,1,193.2,10.342,0.89,1.15,4.31,3,0,33.3
7190,T05,D2_S4,D2,S4,0,0.0,6.638,1.49,1.35,6.61,5,0,23.79
7191,T02,S3_CR1,S3,CR1,1,188.6,8.135,1.57,1.15,3.77,2,0,22.66
7192,T10,CR2_S4,CR2,S4,0,0.0,6.855,1.9,1.35,11.82,1,0,17.68
7193,T09,S5_CR1,S5,CR1,1,210.0,10.342,0.89,1.15,10.67,3,0,34.25
7194,T05,CR1_S5,CR1,S5,0,0.0,10.342,0.89,1.15,0.55,2,0,28.94
7195,T02,D1_S5,D1,S5,0,0.0,6.724,1.12,1.15,9.26,6,0,20.1
7196,T10,D1_S5,D1,S5,0,0.0,6.724,1.12,1.15,9.56,1,0,17.31
7197,T05,S2_CR1,S2,CR1,1,212.1,8.334,1.39,1.15,6.49,5,0,29.92
7198,T02,CR1_S1,CR1,S1,0,0.0,8.767,0.8,1.15,3.7,2,1,30.16
7199,T04,S1_CR1,S1,CR1,1,175.6,8.767,0.8,1.15,0.88,5,0,31.04
7200,T09,D2_S3,D2,S3,0,0.0,6.362,1.39,1.35,1.69,3,0,22.44
7201,T07,CR1_S5,CR1,S5,0,0.0,10.342,0.89,1.15,9.74,0,1,32.9
7202,T04,D2_S3,D2,S3,0,0.0,6.362,1.39,1.35,6.75,3,1,28.05
7203,T05,S4_CR2,S4,CR2,1,190.1,6.855,1.9,1.35,8.28,1,0,21.97
7204,T03,S3_CR2,S3,CR2,1,170.4,6.579,1.9,1.35,0.4,2,1,29.25
7205,T04,S1_D1,S1,D1,1,200.5,5.834,1.12,1.15,3.37,2,0,16.01
7206,T08,S5_CR1,S5,CR1,1,193.9,10.342,0.89,1.15,1.3,0,0,30.98
7207,T10,S3_CR1,S3,CR1,1,174.6,8.135,1.57,1.15,1.47,1,1,27.14
7208,T07,S1_CR1,S1,CR1,1,182.7,8.767,0.8,1.15,8.69,2,1,31.49
7209,T08,D2_S4,D2,S4,0,0.0,6.638,1.49,1.35,11.95,4,0,22.79
7210,T03,S5_CR1,S5,CR1,1,214.2,10.342,0.89,1.15,0.89,0,0,31.92
7211,T06,CR1_S5,CR1,S5,0,0.0,10.342,0.89,1.15,11.75,3,0,28.18
7212,T02,CR2_S3,CR2,S3,0,0.0,6.579,1.9,1.35,4.41,3,1,23.77
7213,T03,S2_CR1,S2,CR1,1,176.4,8.334,1.39,1.15,9.45,8,0,32.59
7214,T08,CR1_S2,CR1,S2,0,0.0,8.334,1.39,1.15,4.35,4,0,21.24
7215,T01,S5_D1,S5,D1,1,180.4,6.724,1.12,1.15,1.68,5,0,21.53
7216,T05,CR2_S4,CR2,S4,0,0.0,6.855,1.9,1.35,5.02,8,1,31.49
7217,T03,S6_CR2,S6,CR2,1,194.3,8.342,1.9,1.35,11.97,1,0,27.27
7218,T02,S1_D1,S1,D1,1,178.1,5.834,1.12,1.15,0.07,0,0,15.13
7219,T01,S6_CR2,S6,CR2,1,217.0,8.342,1.9,1.35,5.97,8,0,30.26
7220,T09,D1_S1,D1,S1,0,0.0,5.834,1.12,1.15,11.65,1,0,11.51
7221,T06,S6_CR2,S6,CR2,1,169.1,8.342,1.9,1.35,8.38,2,0,26.82
7222,T05,CR1_S3,CR1,S3,0,0.0,8.135,1.57,1.15,9.9,4,0,17.49
7223,T10,S3_CR2,S3,CR2,1,209.8,6.579,1.9,1.35,7.49,2,0,22.89
7224,T09,S5_D1,S5,D1,1,187.1,6.724,1.12,1.15,2.03,1,1,26.1
7225,T02,S4_CR2,S4,CR2,1,177.8,6.855,1.9,1.35,9.2,4,0,25.84
7226,T02,CR1_S5,CR1,S5,0,0.0,10.342,0.89,1.15,6.27,3,0,28.73
7227,T09,S3_D2,S3,D2,1,200.9,6.362,1.39,1.35,1.02,3,0,30.23
7228,T01,S4_CR2,S4,CR2,1,164.1,6.855,1.9,1.35,11.78,1,0,21.73
7229,T09,S3_CR1,S3,CR1,1,183.1,8.135,1.57,1.15,5.32,4,0,23.13
7230,T10,D2_S4,D2,S4,0,0.0,6.638,1.49,1.35,8.74,1,0,22.05
7231,T10,S3_CR2,S3,CR2,1,196.2,6.579,1.9,1.35,10.54,0,0,21.38
7232,T02,D1_S5,D1,S5,0,0.0,6.724,1.12,1.15,3.45,0,1,22.32
7233,T05,S3_CR1,S3,CR1,1,192.6,8.135,1.57,1.15,10.5,0,0,21.8
7234,T10,D1_S5,D1,S5,0,0.0,6.724,1.12,1.15,3.58,2,0,19.13
7235,T06,CR1_S5,CR1,S5,0,0.0,10.342,0.89,1.15,8.74,1,0,27.09
7236,T06,S3_CR1,S3,CR1,1,188.3,8.135,1.57,1.15,4.78,1,0,20.24
7237,T09,CR1_S1,CR1,S1,0,0.0,8.767,0.8,1.15,5.35,5,0,23.93
7238,T02,CR1_S5,CR1,S5,0,0.0,10.342,0.89,1.15,5.08,0,0,26.92
7239,T03,D1_S5,D1,S5,0,0.0,6.724,1.12,1.15,9.51,3,0,17.61
7240,T04,S1_D1,S1,D1,1,216.5,5.834,1.12,1.15,4.83,3,0,19.08
7241,T08,S2_CR1,S2,CR1,1,161.7,8.334,1.39,1.15,5.74,7,0,34.04
7242,T04,S1_CR1,S1,CR1,1,200.9,8.767,0.8,1.15,7.43,3,0,31.38
7243,T01,CR1_S5,CR1,S5,0,0.0,10.342,0.89,1.15,5.97,4,0,27.09
7244,T06,S1_CR1,S1,CR1,1,198.5,8.767,0.8,1.15,2.4,3,0,27.61
7245,T01,S1_CR1,S1,CR1,1,187.3,8.767,0.8,1.15,2.55,0,0,26.14
7246,T01,S1_CR1,S1,CR1,1,208.4,8.767,0.8,1.15,4.89,4,0,32.25
7247,T05,S1_D1,S1,D1,1,211.3,5.834,1.12,1.15,11.49,4,0,16.17
7248,T10,D1_S5,D1,S5,0,0.0,6.724,1.12,1.15,8.11,2,0,14.47
7249,T02,D2_S4,D2,S4,0,0.0,6.638,1.49,1.35,5.15,4,0,24.82
7250,T07,S3_CR1,S3,CR1,1,198.0,8.135,1.57,1.15,1.81,5,0,25.39
7251,T03,S6_CR2,S6,CR2,1,197.3,8.342,1.9,1.35,5.27,4,0,30.54
7252,T02,S6_CR2,S6,CR2,1,171.8,8.342,1.9,1.35,2.98,4,0,29.94
7253,T04,S3_CR2,S3,CR2,1,208.8,6.579,1.9,1.35,6.4,4,0,21.58
7254,T02,CR2_S6,CR2,S6,0,0.0,8.342,1.9,1.35,0.22,1,0,21.34
7255,T10,S5_CR1,S5,CR1,1,187.2,10.342,0.89,1.15,10.15,1,0,33.33
7256,T02,CR2_S6,CR2,S6,0,0.0,8.342,1.9,1.35,10.18,0,1,24.81
7257,T01,S2_CR1,S2,CR1,1,197.5,8.334,1.39,1.15,2.73,1,0,26.48
7258,T02,D2_S4,D2,S4,0,0.0,6.638,1.49,1.35,5.86,5,0,23.72
7259,T08,S1_CR1,S1,CR1,1,208.9,8.767,0.8,1.15,2.86,0,0,27.07
7260,T10,S1_D1,S1,D1,1,191.3,5.834,1.12,1.15,1.14,4,0,16.82
7261,T01,S6_CR2,S6,CR2,1,220.0,8.342,1.9,1.35,6.6,6,1,38.55
7262,T08,S3_CR2,S3,CR2,1,184.9,6.579,1.9,1.35,3.89,0,0,23.65
7263,T10,D2_S3,D2,S3,0,0.0,6.362,1.39,1.35,10.61,2,0,21.27
7264,T04,S4_D2,S4,D2,1,208.2,6.638,1.49,1.35,8.0,4,1,33.62
7265,T02,S3_CR2,S3,CR2,1,190.4,6.579,1.9,1.35,1.34,2,0,22.58
7266,T05,D2_S3,D2,S3,0,0.0,6.362,1.39,1.35,4.73,1,0,22.53
7267,T08,S4_D2,S4,D2,1,164.2,6.638,1.49,1.35,8.82,1,1,34.23
7268,T07,CR1_S3,CR1,S3,0,0.0,8.135,1.57,1.15,4.23,5,0,18.64
7269,T02,S1_D1,S1,D1,1,186.1,5.834,1.12,1.15,4.04,2,0,16.73
7270,T09,CR2_S3,CR2,S3,0,0.0,6.579,1.9,1.35,6.94,3,0,18.75
7271,T04,CR1_S2,CR1,S2,0,0.0,8.334,1.39,1.15,1.89,6,1,31.18
7272,T06,S3_D2,S3,D2,1,189.3,6.362,1.39,1.35,2.44,2,1,32.82
7273,T03,S4_D2,S4,D2,1,199.9,6.638,1.49,1.35,7.78,1,0,24.8
7274,T06,S2_CR1,S2,CR1,1,166.7,8.334,1.39,1.15,5.12,3,0,32.29
7275,T10,D1_S5,D1,S5,0,0.0,6.724,1.12,1.15,6.11,5,0,21.43
7276,T09,CR2_S4,CR2,S4,0,0.0,6.855,1.9,1.35,1.2,2,0,18.79
7277,T07,CR2_S4,CR2,S4,0,0.0,6.855,1.9,1.35,2.9,0,0,17.49
7278,T01,S3_CR2,S3,CR2,1,174.5,6.579,1.9,1.35,7.65,2,0,23.1
7279,T03,CR1_S1,CR1,S1,0,0.0,8.767,0.8,1.15,7.87,5,0,26.17
7280,T01,S6_CR2,S6,CR2,1,190.6,8.342,1.9,1.35,3.99,1,0,25.9
7281,T10,S3_CR2,S3,CR2,1,192.1,6.579,1.9,1.35,1.28,1,0,23.77
7282,T04,D1_S1,D1,S1,0,0.0,5.834,1.12,1.15,9.35,5,0,14.8
7283,T05,CR2_S4,CR2,S4,0,0.0,6.855,1.9,1.35,6.04,2,0,17.8
7284,T06,S3_CR2,S3,CR2,1,193.5,6.579,1.9,1.35,2.75,2,0,25.83
7285,T06,S1_D1,S1,D1,1,146.6,5.834,1.12,1.15,11.75,1,0,15.45
7286,T09,CR1_S2,CR1,S2,0,0.0,8.334,1.39,1.15,8.73,5,0,26.68
7287,T09,S3_D2,S3,D2,1,213.2,6.362,1.39,1.35,1.13,1,0,27.85
7288,T03,CR2_S6,CR2,S6,0,0.0,8.342,1.9,1.35,7.1,4,0,25.96
7289,T07,S5_CR1,S5,CR1,1,175.1,10.342,0.89,1.15,6.25,4,0,37.27
7290,T05,S5_CR1,S5,CR1,1,206.9,10.342,0.89,1.15,0.62,2,0,34.81
7291,T10,CR1_S1,CR1,S1,0,0.0,8.767,0.8,1.15,7.81,5,0,25.84
7292,T04,CR1_S2,CR1,S2,0,0.0,8.334,1.39,1.15,2.52,4,1,27.99
7293,T03,S5_D1,S5,D1,1,184.5,6.724,1.12,1.15,2.4,2,0,20.06
7294,T08,CR2_S4,CR2,S4,0,0.0,6.855,1.9,1.35,11.62,1,0,18.46
7295,T04,S4_CR2,S4,CR2,1,180.6,6.855,1.9,1.35,4.67,4,0,24.84
7296,T10,D1_S5,D1,S5,0,0.0,6.724,1.12,1.15,9.71,4,0,18.08
7297,T10,S1_CR1,S1,CR1,1,220.0,8.767,0.8,1.15,7.54,2,0,26.57
7298,T05,D1_S5,D1,S5,0,0.0,6.724,1.12,1.15,10.65,0,0,14.69
7299,T02,CR2_S3,CR2,S3,0,0.0,6.579,1.9,1.35,5.44,2,0,18.2
7300,T09,S2_CR1,S2,CR1,1,186.0,8.334,1.39,1.15,10.92,0,0,25.88
7301,T09,S5_D1,S5,D1,1,197.1,6.724,1.12,1.15,10.45,3,0,21.23
7302,T05,CR2_S3,CR2,S3,0,0.0,6.579,1.9,1.35,0.88,4,1,24.06
7303,T01,D2_S3,D2,S3,0,0.0,6.362,1.39,1.35,10.56,1,0,21.65
7304,T08,S2_CR1,S2,CR1,1,190.0,8.334,1.39,1.15,10.52,1,0,23.81
7305,T08,S2_CR1,S2,CR1,1,206.7,8.334,1.39,1.15,7.5,3,0,31.65
7306,T08,CR1_S1,CR1,S1,0,0.0,8.767,0.8,1.15,6.2,3,0,23.31
7307,T05,CR1_S1,CR1,S1,0,0.0,8.767,0.8,1.15,3.73,0,0,22.29
7308,T01,S4_CR2,S4,CR2,1,196.1,6.855,1.9,1.35,6.95,7,0,26.32
7309,T04,CR2_S6,CR2,S6,0,0.0,8.342,1.9,1.35,7.36,4,1,29.72
7310,T10,S3_D2,S3,D2,1,164.5,6.362,1.39,1.35,1.81,5,1,37.33
7311,T07,CR2_S4,CR2,S4,0,0.0,6.855,1.9,1.35,1.1,2,0,18.55
7312,T04,S5_D1,S5,D1,1,209.8,6.724,1.12,1.15,10.78,2,0,21.92
7313,T10,D2_S3,D2,S3,0,0.0,6.362,1.39,1.35,4.1,4,0,26.67
7314,T09,D1_S5,D1,S5,0,0.0,6.724,1.12,1.15,4.86,2,0,18.5
7315,T05,CR1_S1,CR1,S1,0,0.0,8.767,0.8,1.15,2.06,4,1,30.28
7316,T07,D2_S4,D2,S4,0,0.0,6.638,1.49,1.35,2.34,1,0,20.92
7317,T04,S5_CR1,S5,CR1,1,219.8,10.342,0.89,1.15,9.49,4,1,46.5
7318,T10,S1_CR1,S1,CR1,1,187.8,8.767,0.8,1.15,7.59,1,0,26.65
7319,T01,CR1_S1,CR1,S1,0,0.0,8.767,0.8,1.15,5.7,2,0,24.99
7320,T04,S3_CR1,S3,CR1,1,220.0,8.135,1.57,1.15,6.7,2,0,23.28
7321,T04,S5_CR1,S5,CR1,1,184.6,10.342,0.89,1.15,11.03,4,0,29.83
7322,T09,S1_D1,S1,D1,1,160.2,5.834,1.12,1.15,2.34,2,1,20.36
7323,T06,D1_S5,D1,S5,0,0.0,6.724,1.12,1.15,2.2,2,1,19.27
7324,T04,CR1_S2,CR1,S2,0,0.0,8.334,1.39,1.15,2.01,4,0,22.17
7325,T08,CR1_S5,CR1,S5,0,0.0,10.342,0.89,1.15,0.03,2,0,27.94
7326,T02,CR1_S2,CR1,S2,0,0.0,8.334,1.39,1.15,0.41,0,0,20.55
7327,T09,S3_D2,S3,D2,1,212.1,6.362,1.39,1.35,10.73,4,0,28.27
7328,T08,S1_D1,S1,D1,1,191.5,5.834,1.12,1.15,4.62,4,0,16.1
7329,T08,S1_CR1,S1,CR1,1,201.4,8.767,0.8,1.15,5.9,4,0,29.15
7330,T08,S4_CR2,S4,CR2,1,201.9,6.855,1.9,1.35,10.08,0,0,21.43
7331,T09,S2_CR1,S2,CR1,1,183.3,8.334,1.39,1.15,5.39,6,0,31.77
7332,T03,D1_S5,D1,S5,0,0.0,6.724,1.12,1.15,1.99,2,0,16.04
7333,T07,S3_D2,S3,D2,1,177.1,6.362,1.39,1.35,0.67,1,0,27.63
7334,T10,S5_CR1,S5,CR1,1,176.8,10.342,0.89,1.15,1.21,1,0,35.43
7335,T05,CR2_S6,CR2,S6,0,0.0,8.342,1.9,1.35,8.4,2,0,21.76
7336,T01,S6_CR2,S6,CR2,1,214.6,8.342,1.9,1.35,4.73,5,0,26.54
7337,T07,S5_D1,S5,D1,1,189.1,6.724,1.12,1.15,8.17,4,1,29.63
7338,T04,CR1_S3,CR1,S3,0,0.0,8.135,1.57,1.15,9.39,1,0,17.51
7339,T04,S2_CR1,S2,CR1,1,187.6,8.334,1.39,1.15,7.1,5,0,31.69
7340,T02,S1_CR1,S1,CR1,1,193.9,8.767,0.8,1.15,10.53,4,1,37.55
7341,T04,S3_CR1,S3,CR1,1,194.9,8.135,1.57,1.15,5.76,5,1,32.18
7342,T10,S3_CR1,S3,CR1,1,218.5,8.135,1.57,1.15,0.07,0,0,22.43
7343,T04,CR1_S5,CR1,S5,0,0.0,10.342,0.89,1.15,1.28,1,0,25.74
7344,T02,S3_CR1,S3,CR1,1,184.9,8.135,1.57,1.15,8.91,2,0,21.67
7345,T08,CR1_S2,CR1,S2,0,0.0,8.334,1.39,1.15,8.5,3,0,22.73
7346,T09,S3_CR1,S3,CR1,1,173.4,8.135,1.57,1.15,5.71,3,0,24.16
7347,T04,CR1_S1,CR1,S1,0,0.0,8.767,0.8,1.15,2.68,7,0,26.44
7348,T08,D1_S1,D1,S1,0,0.0,5.834,1.12,1.15,5.58,4,1,15.46
7349,T04,D2_S3,D2,S3,0,0.0,6.362,1.39,1.35,8.2,3,0,21.08
7350,T04,S4_CR2,S4,CR2,1,198.3,6.855,1.9,1.35,0.58,0,0,22.17
7351,T05,S3_D2,S3,D2,1,182.5,6.362,1.39,1.35,11.52,2,0,27.72
7352,T04,CR2_S6,CR2,S6,0,0.0,8.342,1.9,1.35,0.05,2,0,21.42
7353,T08,S3_CR1,S3,CR1,1,203.8,8.135,1.57,1.15,9.65,0,0,21.57
7354,T09,CR1_S5,CR1,S5,0,0.0,10.342,0.89,1.15,4.7,8,0,32.56
7355,T03,CR1_S5,CR1,S5,0,0.0,10.342,0.89,1.15,5.28,3,0,28.14
7356,T03,CR1_S1,CR1,S1,0,0.0,8.767,0.8,1.15,0.51,2,1,27.88
7357,T05,CR1_S5,CR1,S5,0,0.0,10.342,0.89,1.15,5.76,4,0,30.11
7358,T10,S5_CR1,S5,CR1,1,201.4,10.342,0.89,1.15,2.8,1,0,32.06
7359,T04,CR1_S5,CR1,S5,0,0.0,10.342,0.89,1.15,5.76,7,1,38.97
7360,T08,S3_CR2,S3,CR2,1,156.9,6.579,1.9,1.35,0.11,3,0,23.4
7361,T09,S4_CR2,S4,CR2,1,198.1,6.855,1.9,1.35,5.53,1,0,24.54
7362,T10,S3_D2,S3,D2,1,197.3,6.362,1.39,1.35,10.97,2,0,28.14
7363,T09,S5_CR1,S5,CR1,1,189.5,10.342,0.89,1.15,7.1,3,0,35.74
7364,T06,S5_CR1,S5,CR1,1,202.9,10.342,0.89,1.15,6.44,6,0,34.52
7365,T09,S1_D1,S1,D1,1,195.9,5.834,1.12,1.15,4.72,1,0,17.39
7366,T08,CR1_S2,CR1,S2,0,0.0,8.334,1.39,1.15,3.99,2,0,20.27
7367,T03,S1_CR1,S1,CR1,1,183.1,8.767,0.8,1.15,9.26,2,0,27.79
7368,T08,D2_S4,D2,S4,0,0.0,6.638,1.49,1.35,5.49,2,0,18.94
7369,T01,S2_CR1,S2,CR1,1,187.3,8.334,1.39,1.15,9.54,2,0,28.37
7370,T01,D2_S4,D2,S4,0,0.0,6.638,1.49,1.35,11.13,2,0,24.0
7371,T07,S2_CR1,S2,CR1,1,193.8,8.334,1.39,1.15,0.71,3,0,29.49
7372,T07,D2_S3,D2,S3,0,0.0,6.362,1.39,1.35,2.42,1,1,24.84
7373,T10,S2_CR1,S2,CR1,1,193.9,8.334,1.39,1.15,10.54,3,1,35.89
7374,T06,CR2_S4,CR2,S4,0,0.0,6.855,1.9,1.35,1.57,3,0,19.54
7375,T07,CR1_S1,CR1,S1,0,0.0,8.767,0.8,1.15,4.75,5,0,26.83
7376,T04,S4_D2,S4,D2,1,187.5,6.638,1.49,1.35,9.71,2,0,26.08
7377,T06,S6_CR2,S6,CR2,1,204.4,8.342,1.9,1.35,2.2,5,0,28.21
7378,T03,S1_CR1,S1,CR1,1,193.1,8.767,0.8,1.15,10.41,0,0,24.5
7379,T01,S1_D1,S1,D1,1,215.6,5.834,1.12,1.15,2.45,0,1,19.37
7380,T04,D2_S4,D2,S4,0,0.0,6.638,1.49,1.35,10.81,1,0,22.27
7381,T02,CR2_S3,CR2,S3,0,0.0,6.579,1.9,1.35,3.64,2,0,19.16
7382,T06,S4_CR2,S4,CR2,1,188.4,6.855,1.9,1.35,3.6,1,0,21.42
7383,T10,CR1_S2,CR1,S2,0,0.0,8.334,1.39,1.15,9.82,0,0,23.38
7384,T06,S3_CR2,S3,CR2,1,184.3,6.579,1.9,1.35,2.4,5,0,25.49
7385,T08,CR1_S5,CR1,S5,0,0.0,10.342,0.89,1.15,3.67,0,0,28.35
7386,T08,CR1_S5,CR1,S5,0,0.0,10.342,0.89,1.15,8.8,5,0,29.22
7387,T02,S3_D2,S3,D2,1,193.5,6.362,1.39,1.35,10.71,6,0,29.51
7388,T07,CR1_S5,CR1,S5,0,0.0,10.342,0.89,1.15,10.33,2,1,36.83
7389,T01,CR2_S4,CR2,S4,0,0.0,6.855,1.9,1.35,3.85,4,0,21.67
7390,T03,CR1_S3,CR1,S3,0,0.0,8.135,1.57,1.15,7.11,5,0,18.22
7391,T01,S3_CR2,S3,CR2,1,177.4,6.579,1.9,1.35,1.06,2,0,22.73
7392,T01,D2_S3,D2,S3,0,0.0,6.362,1.39,1.35,6.81,2,1,26.29
7393,T08,S1_CR1,S1,CR1,1,206.3,8.767,0.8,1.15,10.16,1,0,27.59
7394,T05,S5_CR1,S5,CR1,1,198.1,10.342,0.89,1.15,0.27,1,1,46.07
7395,T07,D1_S5,D1,S5,0,0.0,6.724,1.12,1.15,3.54,4,0,18.26
7396,T02,S3_CR2,S3,CR2,1,193.8,6.579,1.9,1.35,11.65,3,0,25.62
7397,T04,S5_CR1,S5,CR1,1,205.0,10.342,0.89,1.15,11.74,2,0,36.82
7398,T07,S3_D2,S3,D2,1,216.2,6.362,1.39,1.35,9.86,1,0,26.32
7399,T03,S1_D1,S1,D1,1,178.6,5.834,1.12,1.15,11.34,4,0,18.59
7400,T07,S3_CR2,S3,CR2,1,209.5,6.579,1.9,1.35,5.09,4,0,23.85
7401,T01,S5_CR1,S5,CR1,1,201.4,10.342,0.89,1.15,9.84,1,0,36.76
7402,T04,CR1_S3,CR1,S3,0,0.0,8.135,1.57,1.15,8.6,3,0,18.01
7403,T09,S5_CR1,S5,CR1,1,188.5,10.342,0.89,1.15,0.72,2,1,43.62
7404,T02,S3_CR1,S3,CR1,1,218.3,8.135,1.57,1.15,1.24,2,1,27.91
7405,T03,S6_CR2,S6,CR2,1,169.9,8.342,1.9,1.35,1.5,0,0,26.14
7406,T09,S6_CR2,S6,CR2,1,220.0,8.342,1.9,1.35,8.4,2,1,29.62
7407,T05,CR1_S3,CR1,S3,0,0.0,8.135,1.57,1.15,5.77,8,1,31.75
7408,T09,D2_S4,D2,S4,0,0.0,6.638,1.49,1.35,4.04,3,0,21.66
7409,T04,D1_S5,D1,S5,0,0.0,6.724,1.12,1.15,2.58,3,0,18.01
7410,T05,S3_CR2,S3,CR2,1,197.6,6.579,1.9,1.35,2.7,4,0,25.78
7411,T08,D2_S4,D2,S4,0,0.0,6.638,1.49,1.35,2.17,0,0,19.1
7412,T01,S1_CR1,S1,CR1,1,206.9,8.767,0.8,1.15,4.61,1,1,36.45
7413,T06,S3_CR1,S3,CR1,1,217.5,8.135,1.57,1.15,3.14,4,0,23.16
7414,T07,D1_S5,D1,S5,0,0.0,6.724,1.12,1.15,1.8,4,0,18.81
7415,T08,S1_CR1,S1,CR1,1,202.9,8.767,0.8,1.15,2.39,2,1,42.74
7416,T06,S1_CR1,S1,CR1,1,203.8,8.767,0.8,1.15,9.09,3,0,28.32
7417,T08,S2_CR1,S2,CR1,1,198.9,8.334,1.39,1.15,9.7,1,0,23.94
7418,T05,CR1_S5,CR1,S5,0,0.0,10.342,0.89,1.15,8.67,2,0,29.42
7419,T06,CR2_S4,CR2,S4,0,0.0,6.855,1.9,1.35,10.29,2,0,18.59
7420,T02,S3_CR2,S3,CR2,1,208.7,6.579,1.9,1.35,0.69,3,0,24.67
7421,T02,CR2_S3,CR2,S3,0,0.0,6.579,1.9,1.35,8.99,2,1,26.03
7422,T06,S1_CR1,S1,CR1,1,220.0,8.767,0.8,1.15,10.76,2,0,28.42
7423,T07,D1_S5,D1,S5,0,0.0,6.724,1.12,1.15,2.36,2,0,16.59
7424,T07,CR2_S6,CR2,S6,0,0.0,8.342,1.9,1.35,9.39,2,0,18.66
7425,T01,S5_CR1,S5,CR1,1,195.8,10.342,0.89,1.15,8.97,3,1,50.01
7426,T07,CR1_S1,CR1,S1,0,0.0,8.767,0.8,1.15,2.02,4,1,28.32
7427,T08,S4_CR2,S4,CR2,1,188.4,6.855,1.9,1.35,0.96,3,0,25.1
7428,T07,CR2_S4,CR2,S4,0,0.0,6.855,1.9,1.35,6.27,1,1,24.67
7429,T08,CR1_S2,CR1,S2,0,0.0,8.334,1.39,1.15,10.71,5,1,25.97
7430,T02,CR2_S4,CR2,S4,0,0.0,6.855,1.9,1.35,9.0,3,0,20.76
7431,T01,S2_CR1,S2,CR1,1,183.8,8.334,1.39,1.15,11.16,0,1,33.71
7432,T03,S5_D1,S5,D1,1,203.3,6.724,1.12,1.15,2.06,0,0,18.93
7433,T06,S3_CR1,S3,CR1,1,194.6,8.135,1.57,1.15,1.02,1,0,21.71
7434,T01,CR2_S3,CR2,S3,0,0.0,6.579,1.9,1.35,4.62,3,0,21.8
7435,T04,S1_D1,S1,D1,1,195.6,5.834,1.12,1.15,8.21,2,0,16.54
7436,T01,CR1_S5,CR1,S5,0,0.0,10.342,0.89,1.15,9.44,2,1,33.27
7437,T09,CR2_S6,CR2,S6,0,0.0,8.342,1.9,1.35,10.31,4,0,24.61
7438,T07,S6_CR2,S6,CR2,1,159.2,8.342,1.9,1.35,7.69,3,0,24.76
7439,T03,S1_CR1,S1,CR1,1,187.5,8.767,0.8,1.15,3.73,1,1,36.59
7440,T06,S6_CR2,S6,CR2,1,202.3,8.342,1.9,1.35,5.44,6,0,33.07
7441,T04,D1_S5,D1,S5,0,0.0,6.724,1.12,1.15,4.14,2,0,15.41
7442,T01,CR2_S3,CR2,S3,0,0.0,6.579,1.9,1.35,0.44,2,0,18.35
7443,T08,D2_S3,D2,S3,0,0.0,6.362,1.39,1.35,10.45,2,0,19.33
7444,T07,D2_S4,D2,S4,0,0.0,6.638,1.49,1.35,10.99,0,0,22.49
7445,T05,CR1_S5,CR1,S5,0,0.0,10.342,0.89,1.15,11.03,3,0,30.27
7446,T09,S3_D2,S3,D2,1,177.4,6.362,1.39,1.35,2.34,4,0,30.44
7447,T04,S6_CR2,S6,CR2,1,208.2,8.342,1.9,1.35,4.26,0,0,25.92
7448,T03,CR2_S3,CR2,S3,0,0.0,6.579,1.9,1.35,7.24,3,0,19.82
7449,T04,D2_S4,D2,S4,0,0.0,6.638,1.49,1.35,3.62,1,0,21.7
7450,T03,S1_D1,S1,D1,1,220.0,5.834,1.12,1.15,6.92,4,0,17.05
7451,T06,S1_CR1,S1,CR1,1,194.6,8.767,0.8,1.15,6.48,4,0,31.01
7452,T09,S4_D2,S4,D2,1,191.6,6.638,1.49,1.35,4.91,4,0,26.04
7453,T05,S4_CR2,S4,CR2,1,183.3,6.855,1.9,1.35,5.58,6,0,29.79
7454,T05,CR2_S6,CR2,S6,0,0.0,8.342,1.9,1.35,8.16,3,0,25.03
7455,T04,D1_S5,D1,S5,0,0.0,6.724,1.12,1.15,2.14,3,0,17.96
7456,T03,S3_CR1,S3,CR1,1,190.1,8.135,1.57,1.15,11.0,2,1,31.66
7457,T05,S2_CR1,S2,CR1,1,216.4,8.334,1.39,1.15,4.56,3,0,28.93
7458,T10,CR2_S3,CR2,S3,0,0.0,6.579,1.9,1.35,9.18,2,0,19.6
7459,T04,S6_CR2,S6,CR2,1,176.1,8.342,1.9,1.35,11.87,1,0,28.79
7460,T02,S3_CR1,S3,CR1,1,192.1,8.135,1.57,1.15,0.44,3,0,21.73
7461,T10,D1_S5,D1,S5,0,0.0,6.724,1.12,1.15,6.12,5,0,19.09
7462,T06,CR1_S1,CR1,S1,0,0.0,8.767,0.8,1.15,11.49,4,0,20.73
7463,T07,S3_D2,S3,D2,1,205.9,6.362,1.39,1.35,6.45,7,0,32.2
7464,T07,CR2_S6,CR2,S6,0,0.0,8.342,1.9,1.35,2.54,2,1,26.86
7465,T05,S5_CR1,S5,CR1,1,190.2,10.342,0.89,1.15,8.47,5,1,41.64
7466,T03,S3_CR1,S3,CR1,1,188.9,8.135,1.57,1.15,4.98,7,0,27.18
7467,T02,S4_D2,S4,D2,1,211.5,6.638,1.49,1.35,5.75,2,0,26.31
7468,T08,CR2_S3,CR2,S3,0,0.0,6.579,1.9,1.35,3.24,1,0,18.09
7469,T03,S1_CR1,S1,CR1,1,200.7,8.767,0.8,1.15,2.66,1,0,25.39
7470,T07,CR1_S3,CR1,S3,0,0.0,8.135,1.57,1.15,2.78,4,1,23.85
7471,T01,CR1_S3,CR1,S3,0,0.0,8.135,1.57,1.15,4.07,2,0,17.17
7472,T01,S6_CR2,S6,CR2,1,180.8,8.342,1.9,1.35,4.46,1,0,20.91
7473,T05,CR1_S1,CR1,S1,0,0.0,8.767,0.8,1.15,7.48,1,0,20.26
7474,T06,S4_CR2,S4,CR2,1,156.9,6.855,1.9,1.35,0.93,1,0,24.39
7475,T02,CR2_S4,CR2,S4,0,0.0,6.855,1.9,1.35,3.63,2,0,19.39
7476,T07,D1_S1,D1,S1,0,0.0,5.834,1.12,1.15,10.69,3,0,14.41
7477,T09,S5_D1,S5,D1,1,196.6,6.724,1.12,1.15,0.81,2,1,25.81
7478,T04,S3_CR1,S3,CR1,1,179.1,8.135,1.57,1.15,3.07,1,0,23.24
7479,T08,S5_D1,S5,D1,1,191.4,6.724,1.12,1.15,8.9,2,0,18.96
7480,T01,S6_CR2,S6,CR2,1,185.5,8.342,1.9,1.35,6.73,5,0,30.34
7481,T05,D2_S4,D2,S4,0,0.0,6.638,1.49,1.35,0.22,2,0,23.75
7482,T06,CR1_S1,CR1,S1,0,0.0,8.767,0.8,1.15,1.77,4,0,22.89
7483,T10,S3_D2,S3,D2,1,202.0,6.362,1.39,1.35,7.3,7,0,30.09
7484,T03,S3_CR2,S3,CR2,1,182.2,6.579,1.9,1.35,8.01,1,0,22.49
7485,T03,D2_S3,D2,S3,0,0.0,6.362,1.39,1.35,0.42,2,0,23.22
7486,T09,D1_S5,D1,S5,0,0.0,6.724,1.12,1.15,6.17,3,0,18.79
7487,T09,CR2_S6,CR2,S6,0,0.0,8.342,1.9,1.35,5.01,3,0,25.49
7488,T05,S2_CR1,S2,CR1,1,191.1,8.334,1.39,1.15,3.08,6,0,28.27
7489,T04,D2_S3,D2,S3,0,0.0,6.362,1.39,1.35,6.38,6,0,27.21
7490,T08,CR2_S3,CR2,S3,0,0.0,6.579,1.9,1.35,3.86,2,0,19.08
7491,T04,CR1_S1,CR1,S1,0,0.0,8.767,0.8,1.15,7.44,1,0,21.89
7492,T05,S1_CR1,S1,CR1,1,198.3,8.767,0.8,1.15,6.74,8,0,36.64
7493,T04,D2_S4,D2,S4,0,0.0,6.638,1.49,1.35,11.34,2,0,20.95
7494,T06,D2_S4,D2,S4,0,0.0,6.638,1.49,1.35,3.47,5,0,24.99
7495,T07,D1_S5,D1,S5,0,0.0,6.724,1.12,1.15,11.65,1,0,17.51
7496,T06,CR1_S1,CR1,S1,0,0.0,8.767,0.8,1.15,4.53,2,0,23.89
7497,T02,S5_CR1,S5,CR1,1,217.8,10.342,0.89,1.15,0.95,1,0,32.33
7498,T07,S5_D1,S5,D1,1,179.7,6.724,1.12,1.15,9.74,1,0,20.26
7499,T09,S6_CR2,S6,CR2,1,178.4,8.342,1.9,1.35,6.41,4,0,30.28
7500,T03,CR2_S6,CR2,S6,0,0.0,8.342,1.9,1.35,0.85,4,0,24.27
7501,T01,D1_S5,D1,S5,0,0.0,6.724,1.12,1.15,7.17,0,0,17.69
7502,T09,S1_CR1,S1,CR1,1,159.7,8.767,0.8,1.15,7.77,3,0,31.13
7503,T08,S5_CR1,S5,CR1,1,201.5,10.342,0.89,1.15,6.71,2,1,48.16
7504,T09,CR2_S3,CR2,S3,0,0.0,6.579,1.9,1.35,6.83,4,0,18.62
7505,T10,D1_S5,D1,S5,0,0.0,6.724,1.12,1.15,6.77,4,0,16.2
7506,T05,S3_CR2,S3,CR2,1,212.5,6.579,1.9,1.35,10.69,2,0,24.94
7507,T02,S1_D1,S1,D1,1,202.2,5.834,1.12,1.15,10.42,4,0,18.48
7508,T03,CR2_S4,CR2,S4,0,0.0,6.855,1.9,1.35,9.69,4,1,25.13
7509,T01,CR2_S4,CR2,S4,0,0.0,6.855,1.9,1.35,11.04,0,0,17.17
7510,T01,CR1_S2,CR1,S2,0,0.0,8.334,1.39,1.15,1.77,1,0,18.32
7511,T05,D2_S3,D2,S3,0,0.0,6.362,1.39,1.35,4.84,4,0,22.93
7512,T04,D2_S4,D2,S4,0,0.0,6.638,1.49,1.35,1.27,2,0,20.62
7513,T02,S5_CR1,S5,CR1,1,204.2,10.342,0.89,1.15,6.32,6,0,35.52
7514,T05,S1_D1,S1,D1,1,211.2,5.834,1.12,1.15,0.28,3,0,15.89
7515,T03,S1_D1,S1,D1,1,197.3,5.834,1.12,1.15,1.44,2,0,15.82
7516,T05,S5_D1,S5,D1,1,208.2,6.724,1.12,1.15,9.94,0,0,17.5
7517,T02,D1_S1,D1,S1,0,0.0,5.834,1.12,1.15,10.65,4,0,14.55
7518,T02,CR2_S3,CR2,S3,0,0.0,6.579,1.9,1.35,1.51,0,0,19.35
7519,T10,S3_CR2,S3,CR2,1,217.1,6.579,1.9,1.35,10.69,1,0,24.83
7520,T10,D2_S4,D2,S4,0,0.0,6.638,1.49,1.35,6.59,3,0,22.59
7521,T07,CR2_S6,CR2,S6,0,0.0,8.342,1.9,1.35,9.59,1,0,19.06
7522,T01,S4_D2,S4,D2,1,164.5,6.638,1.49,1.35,8.47,1,1,33.33
7523,T10,D1_S1,D1,S1,0,0.0,5.834,1.12,1.15,4.65,2,0,14.0
7524,T01,S4_D2,S4,D2,1,200.0,6.638,1.49,1.35,10.04,0,0,23.94
7525,T10,D2_S4,D2,S4,0,0.0,6.638,1.49,1.35,3.41,2,1,29.61
7526,T01,CR2_S6,CR2,S6,0,0.0,8.342,1.9,1.35,9.54,2,1,28.96
7527,T03,S2_CR1,S2,CR1,1,210.9,8.334,1.39,1.15,0.91,2,1,39.3
7528,T10,S3_CR2,S3,CR2,1,220.0,6.579,1.9,1.35,0.32,2,0,21.85
7529,T03,D2_S4,D2,S4,0,0.0,6.638,1.49,1.35,8.56,1,0,21.03
7530,T08,D2_S4,D2,S4,0,0.0,6.638,1.49,1.35,4.64,1,0,24.77
7531,T08,S4_CR2,S4,CR2,1,216.3,6.855,1.9,1.35,1.11,0,0,22.44
7532,T02,CR2_S4,CR2,S4,0,0.0,6.855,1.9,1.35,0.07,3,0,20.11
7533,T06,S2_CR1,S2,CR1,1,214.2,8.334,1.39,1.15,5.98,6,0,30.26
7534,T05,CR1_S5,CR1,S5,0,0.0,10.342,0.89,1.15,0.75,3,0,27.46
7535,T05,S1_CR1,S1,CR1,1,176.3,8.767,0.8,1.15,5.81,2,0,23.89
7536,T04,S1_CR1,S1,CR1,1,188.2,8.767,0.8,1.15,7.86,5,0,31.52
7537,T03,S3_D2,S3,D2,1,209.7,6.362,1.39,1.35,1.52,2,0,24.22
7538,T02,S5_D1,S5,D1,1,193.0,6.724,1.12,1.15,5.43,8,0,26.69
7539,T02,D2_S3,D2,S3,0,0.0,6.362,1.39,1.35,9.59,4,0,24.09
7540,T09,S5_CR1,S5,CR1,1,212.7,10.342,0.89,1.15,10.97,3,0,35.76
7541,T09,S2_CR1,S2,CR1,1,187.7,8.334,1.39,1.15,6.86,0,0,27.5
7542,T09,CR2_S6,CR2,S6,0,0.0,8.342,1.9,1.35,10.46,1,0,20.74
7543,T08,CR1_S1,CR1,S1,0,0.0,8.767,0.8,1.15,4.32,2,0,21.24
7544,T10,D1_S5,D1,S5,0,0.0,6.724,1.12,1.15,6.72,3,0,17.93
7545,T09,CR1_S2,CR1,S2,0,0.0,8.334,1.39,1.15,5.56,3,0,21.38
7546,T01,S1_D1,S1,D1,1,220.0,5.834,1.12,1.15,9.7,2,0,15.78
7547,T02,D1_S5,D1,S5,0,0.0,6.724,1.12,1.15,4.63,2,0,17.47
7548,T07,CR2_S3,CR2,S3,0,0.0,6.579,1.9,1.35,9.2,4,0,20.24
7549,T07,S3_D2,S3,D2,1,220.0,6.362,1.39,1.35,4.27,2,0,24.1
7550,T04,CR1_S2,CR1,S2,0,0.0,8.334,1.39,1.15,3.09,3,0,24.38
7551,T04,D1_S5,D1,S5,0,0.0,6.724,1.12,1.15,5.76,6,0,18.03
7552,T07,CR1_S3,CR1,S3,0,0.0,8.135,1.57,1.15,8.07,2,0,17.23
7553,T09,CR2_S4,CR2,S4,0,0.0,6.855,1.9,1.35,1.3,4,0,20.39
7554,T06,CR1_S3,CR1,S3,0,0.0,8.135,1.57,1.15,0.59,5,0,21.14
7555,T04,CR2_S4,CR2,S4,0,0.0,6.855,1.9,1.35,3.17,3,0,18.82
7556,T02,CR1_S2,CR1,S2,0,0.0,8.334,1.39,1.15,9.1,3,0,22.19
7557,T05,CR1_S3,CR1,S3,0,0.0,8.135,1.57,1.15,5.97,2,0,17.73
7558,T02,S1_CR1,S1,CR1,1,201.2,8.767,0.8,1.15,1.54,0,1,30.09
7559,T06,D2_S3,D2,S3,0,0.0,6.362,1.39,1.35,10.79,3,0,21.42
7560,T10,CR1_S1,CR1,S1,0,0.0,8.767,0.8,1.15,2.77,3,1,34.01
7561,T06,CR2_S3,CR2,S3,0,0.0,6.579,1.9,1.35,8.25,3,0,17.8
7562,T01,D1_S1,D1,S1,0,0.0,5.834,1.12,1.15,0.89,1,0,12.02
7563,T04,S5_D1,S5,D1,1,192.8,6.724,1.12,1.15,5.72,5,0,22.21
7564,T08,S3_CR1,S3,CR1,1,179.4,8.135,1.57,1.15,0.05,1,0,18.46
7565,T04,CR1_S5,CR1,S5,0,0.0,10.342,0.89,1.15,5.75,4,0,25.42
7566,T03,S4_CR2,S4,CR2,1,200.2,6.855,1.9,1.35,10.18,2,0,23.83
7567,T06,S3_CR1,S3,CR1,1,191.3,8.135,1.57,1.15,11.8,0,0,22.42
7568,T09,CR1_S1,CR1,S1,0,0.0,8.767,0.8,1.15,11.41,0,0,21.06
7569,T03,S4_CR2,S4,CR2,1,177.7,6.855,1.9,1.35,7.38,3,0,25.51
7570,T07,D2_S3,D2,S3,0,0.0,6.362,1.39,1.35,11.02,1,0,21.26
7571,T01,S1_D1,S1,D1,1,174.4,5.834,1.12,1.15,2.93,4,1,25.01
7572,T02,S5_D1,S5,D1,1,201.4,6.724,1.12,1.15,0.43,1,0,21.08
7573,T06,S4_D2,S4,D2,1,168.4,6.638,1.49,1.35,0.65,3,0,30.77
7574,T08,CR2_S6,CR2,S6,0,0.0,8.342,1.9,1.35,2.27,0,0,17.57
7575,T05,CR1_S5,CR1,S5,0,0.0,10.342,0.89,1.15,10.91,2,0,26.57
7576,T09,CR2_S6,CR2,S6,0,0.0,8.342,1.9,1.35,5.2,1,1,25.27
7577,T03,S3_CR2,S3,CR2,1,176.8,6.579,1.9,1.35,9.68,4,0,24.22
7578,T10,S4_CR2,S4,CR2,1,190.2,6.855,1.9,1.35,3.34,1,0,22.22
7579,T10,S4_CR2,S4,CR2,1,201.9,6.855,1.9,1.35,9.83,2,0,22.73
7580,T05,S4_CR2,S4,CR2,1,186.3,6.855,1.9,1.35,9.58,3,0,23.51
7581,T04,S3_D2,S3,D2,1,208.8,6.362,1.39,1.35,2.54,2,0,26.08
7582,T02,S3_CR1,S3,CR1,1,188.7,8.135,1.57,1.15,5.25,6,0,27.41
7583,T08,S5_CR1,S5,CR1,1,193.8,10.342,0.89,1.15,1.34,3,0,36.54
7584,T09,S5_CR1,S5,CR1,1,199.2,10.342,0.89,1.15,11.31,2,1,36.55
7585,T04,CR1_S3,CR1,S3,0,0.0,8.135,1.57,1.15,4.98,2,0,16.33
7586,T01,D2_S3,D2,S3,0,0.0,6.362,1.39,1.35,3.06,1,0,23.19
7587,T09,S5_CR1,S5,CR1,1,189.8,10.342,0.89,1.15,6.68,3,1,46.35
7588,T09,S3_CR1,S3,CR1,1,194.1,8.135,1.57,1.15,1.96,0,0,18.78
7589,T09,D1_S1,D1,S1,0,0.0,5.834,1.12,1.15,10.8,0,0,11.95
7590,T04,S5_CR1,S5,CR1,1,180.9,10.342,0.89,1.15,6.86,4,1,44.95
7591,T07,CR1_S2,CR1,S2,0,0.0,8.334,1.39,1.15,6.4,4,0,25.4
7592,T08,CR2_S3,CR2,S3,0,0.0,6.579,1.9,1.35,4.38,4,0,19.94
7593,T09,CR1_S1,CR1,S1,0,0.0,8.767,0.8,1.15,3.76,1,0,22.82
7594,T03,S5_D1,S5,D1,1,220.0,6.724,1.12,1.15,7.76,6,0,24.37
7595,T08,S3_CR1,S3,CR1,1,217.9,8.135,1.57,1.15,1.9,4,1,29.04
7596,T04,S3_CR2,S3,CR2,1,199.3,6.579,1.9,1.35,5.01,3,0,29.45
7597,T05,CR2_S4,CR2,S4,0,0.0,6.855,1.9,1.35,6.95,2,1,23.41
7598,T08,D1_S1,D1,S1,0,0.0,5.834,1.12,1.15,0.72,0,0,12.04
7599,T02,S4_D2,S4,D2,1,197.5,6.638,1.49,1.35,1.43,2,0,27.98
7600,T01,CR1_S3,CR1,S3,0,0.0,8.135,1.57,1.15,5.51,4,0,18.23
7601,T05,D2_S3,D2,S3,0,0.0,6.362,1.39,1.35,1.19,0,0,19.72
7602,T06,CR2_S6,CR2,S6,0,0.0,8.342,1.9,1.35,8.26,2,0,21.91
7603,T07,S3_CR2,S3,CR2,1,173.6,6.579,1.9,1.35,11.17,2,0,25.6
7604,T10,D1_S1,D1,S1,0,0.0,5.834,1.12,1.15,7.09,5,0,16.63
7605,T04,CR2_S4,CR2,S4,0,0.0,6.855,1.9,1.35,3.81,3,0,19.63
7606,T10,S5_CR1,S5,CR1,1,170.7,10.342,0.89,1.15,6.08,8,0,40.84
7607,T07,D2_S4,D2,S4,0,0.0,6.638,1.49,1.35,0.27,2,0,23.32
7608,T07,S1_CR1,S1,CR1,1,220.0,8.767,0.8,1.15,9.61,1,0,26.77
7609,T04,D2_S4,D2,S4,0,0.0,6.638,1.49,1.35,5.79,4,0,22.67
7610,T06,D1_S5,D1,S5,0,0.0,6.724,1.12,1.15,1.14,3,0,17.16
7611,T03,S3_CR1,S3,CR1,1,175.9,8.135,1.57,1.15,7.35,0,1,27.5
7612,T04,CR1_S1,CR1,S1,0,0.0,8.767,0.8,1.15,2.44,3,0,23.69
7613,T06,CR1_S2,CR1,S2,0,0.0,8.334,1.39,1.15,4.14,3,1,30.33
7614,T01,S5_D1,S5,D1,1,202.0,6.724,1.12,1.15,9.37,2,0,20.39
7615,T02,S1_CR1,S1,CR1,1,192.9,8.767,0.8,1.15,4.73,2,0,29.29
7616,T08,S2_CR1,S2,CR1,1,178.8,8.334,1.39,1.15,1.05,1,0,24.98
7617,T01,S1_D1,S1,D1,1,171.0,5.834,1.12,1.15,4.63,2,0,18.01
7618,T02,S5_CR1,S5,CR1,1,198.9,10.342,0.89,1.15,3.39,2,0,33.37
7619,T08,S6_CR2,S6,CR2,1,179.5,8.342,1.9,1.35,5.61,3,0,27.17
7620,T09,S4_CR2,S4,CR2,1,194.0,6.855,1.9,1.35,1.63,2,0,22.54
7621,T08,D2_S3,D2,S3,0,0.0,6.362,1.39,1.35,1.61,0,0,22.48
7622,T01,CR1_S3,CR1,S3,0,0.0,8.135,1.57,1.15,5.73,4,0,20.63
7623,T07,D1_S1,D1,S1,0,0.0,5.834,1.12,1.15,6.38,4,1,16.86
7624,T07,D2_S4,D2,S4,0,0.0,6.638,1.49,1.35,8.68,2,0,20.21
7625,T09,CR1_S3,CR1,S3,0,0.0,8.135,1.57,1.15,3.5,2,0,17.86
7626,T09,S5_CR1,S5,CR1,1,180.4,10.342,0.89,1.15,8.83,3,0,34.53
7627,T03,CR1_S2,CR1,S2,0,0.0,8.334,1.39,1.15,11.11,3,1,29.44
7628,T02,S2_CR1,S2,CR1,1,187.9,8.334,1.39,1.15,8.15,6,0,32.54
7629,T10,D2_S3,D2,S3,0,0.0,6.362,1.39,1.35,5.84,1,0,23.36
7630,T09,S3_CR2,S3,CR2,1,196.6,6.579,1.9,1.35,2.75,0,0,22.3
7631,T02,S1_D1,S1,D1,1,168.7,5.834,1.12,1.15,4.76,7,0,21.01
7632,T03,CR1_S1,CR1,S1,0,0.0,8.767,0.8,1.15,1.14,0,0,21.08
7633,T10,S5_D1,S5,D1,1,199.7,6.724,1.12,1.15,1.26,1,0,18.32
7634,T03,CR2_S4,CR2,S4,0,0.0,6.855,1.9,1.35,1.86,4,0,20.38
7635,T07,CR2_S3,CR2,S3,0,0.0,6.579,1.9,1.35,0.09,5,1,32.83
7636,T04,CR1_S5,CR1,S5,0,0.0,10.342,0.89,1.15,6.03,8,0,32.3
7637,T03,S5_CR1,S5,CR1,1,195.3,10.342,0.89,1.15,10.71,1,0,36.49
7638,T06,CR1_S2,CR1,S2,0,0.0,8.334,1.39,1.15,7.84,0,1,28.11
7639,T09,D1_S5,D1,S5,0,0.0,6.724,1.12,1.15,2.99,0,1,20.58
7640,T02,S6_CR2,S6,CR2,1,196.1,8.342,1.9,1.35,2.87,5,0,30.09
7641,T06,S4_D2,S4,D2,1,196.0,6.638,1.49,1.35,2.57,1,0,27.57
7642,T02,S5_D1,S5,D1,1,192.6,6.724,1.12,1.15,11.44,2,0,20.44
7643,T10,S3_CR1,S3,CR1,1,218.1,8.135,1.57,1.15,8.67,2,0,21.36
7644,T04,CR1_S5,CR1,S5,0,0.0,10.342,0.89,1.15,2.88,3,0,28.62
7645,T07,S3_CR2,S3,CR2,1,207.0,6.579,1.9,1.35,0.76,3,1,29.53
7646,T05,S4_CR2,S4,CR2,1,199.7,6.855,1.9,1.35,2.4,3,0,23.79
7647,T07,D1_S5,D1,S5,0,0.0,6.724,1.12,1.15,11.79,2,0,15.43
7648,T06,CR1_S5,CR1,S5,0,0.0,10.342,0.89,1.15,2.84,2,0,29.03
7649,T10,D2_S3,D2,S3,0,0.0,6.362,1.39,1.35,0.89,3,0,25.6
7650,T10,S1_CR1,S1,CR1,1,199.2,8.767,0.8,1.15,9.17,0,0,27.71
7651,T06,CR2_S6,CR2,S6,0,0.0,8.342,1.9,1.35,5.88,3,0,21.12
7652,T01,S6_CR2,S6,CR2,1,191.5,8.342,1.9,1.35,9.9,2,1,33.3
7653,T06,CR1_S2,CR1,S2,0,0.0,8.334,1.39,1.15,11.2,5,0,23.44
7654,T10,CR2_S6,CR2,S6,0,0.0,8.342,1.9,1.35,11.27,3,1,26.66
7655,T02,S4_D2,S4,D2,1,178.6,6.638,1.49,1.35,4.13,0,1,34.36
7656,T06,CR2_S4,CR2,S4,0,0.0,6.855,1.9,1.35,1.67,1,0,15.76
7657,T01,S1_CR1,S1,CR1,1,189.9,8.767,0.8,1.15,10.71,1,0,28.65
7658,T06,D2_S4,D2,S4,0,0.0,6.638,1.49,1.35,2.27,1,0,22.43
7659,T10,D2_S3,D2,S3,0,0.0,6.362,1.39,1.35,2.46,1,1,28.66
7660,T07,S3_CR2,S3,CR2,1,190.6,6.579,1.9,1.35,5.1,2,0,23.45
7661,T05,CR1_S2,CR1,S2,0,0.0,8.334,1.39,1.15,7.81,2,0,22.15
7662,T03,S5_CR1,S5,CR1,1,199.5,10.342,0.89,1.15,0.74,3,0,38.29
7663,T01,CR1_S5,CR1,S5,0,0.0,10.342,0.89,1.15,10.58,3,0,31.25
7664,T08,D1_S1,D1,S1,0,0.0,5.834,1.12,1.15,1.06,3,0,12.45
7665,T05,CR1_S5,CR1,S5,0,0.0,10.342,0.89,1.15,8.87,5,0,30.63
7666,T05,CR1_S3,CR1,S3,0,0.0,8.135,1.57,1.15,3.82,3,1,23.91
7667,T05,CR1_S5,CR1,S5,0,0.0,10.342,0.89,1.15,5.22,2,0,26.75
7668,T05,CR1_S5,CR1,S5,0,0.0,10.342,0.89,1.15,5.8,4,0,30.21
7669,T01,S1_D1,S1,D1,1,177.0,5.834,1.12,1.15,7.33,3,0,17.17
7670,T06,S6_CR2,S6,CR2,1,188.3,8.342,1.9,1.35,9.76,2,0,28.51
7671,T05,D1_S1,D1,S1,0,0.0,5.834,1.12,1.15,7.1,5,1,18.89
7672,T09,S3_CR1,S3,CR1,1,220.0,8.135,1.57,1.15,1.61,1,0,18.86
7673,T10,S3_D2,S3,D2,1,175.7,6.362,1.39,1.35,1.36,1,0,24.32
7674,T06,S3_CR2,S3,CR2,1,205.8,6.579,1.9,1.35,9.58,3,0,23.45
7675,T04,D1_S1,D1,S1,0,0.0,5.834,1.12,1.15,4.16,1,0,11.69
7676,T02,CR2_S3,CR2,S3,0,0.0,6.579,1.9,1.35,1.56,3,0,20.2
7677,T08,S4_CR2,S4,CR2,1,190.1,6.855,1.9,1.35,4.26,3,0,23.27
7678,T04,S5_CR1,S5,CR1,1,215.4,10.342,0.89,1.15,8.1,4,0,38.23
7679,T09,D2_S4,D2,S4,0,0.0,6.638,1.49,1.35,10.16,3,0,23.64
7680,T09,S6_CR2,S6,CR2,1,220.0,8.342,1.9,1.35,2.51,1,1,33.56
7681,T03,S1_CR1,S1,CR1,1,177.8,8.767,0.8,1.15,0.0,3,0,29.25
7682,T09,CR2_S3,CR2,S3,0,0.0,6.579,1.9,1.35,9.75,3,0,20.08
7683,T05,S5_D1,S5,D1,1,209.3,6.724,1.12,1.15,4.2,1,1,22.41
7684,T06,D2_S4,D2,S4,0,0.0,6.638,1.49,1.35,0.42,4,1,34.18
7685,T09,D2_S3,D2,S3,0,0.0,6.362,1.39,1.35,6.2,2,1,30.79
7686,T09,D1_S1,D1,S1,0,0.0,5.834,1.12,1.15,4.94,3,0,15.37
7687,T10,CR1_S1,CR1,S1,0,0.0,8.767,0.8,1.15,11.66,1,0,23.88
7688,T08,CR1_S5,CR1,S5,0,0.0,10.342,0.89,1.15,4.57,2,1,31.22
7689,T08,CR1_S2,CR1,S2,0,0.0,8.334,1.39,1.15,2.29,1,0,22.64
7690,T09,S3_CR2,S3,CR2,1,181.0,6.579,1.9,1.35,9.16,3,0,24.0
7691,T07,S4_D2,S4,D2,1,153.6,6.638,1.49,1.35,1.17,3,0,23.51
7692,T03,S1_D1,S1,D1,1,190.2,5.834,1.12,1.15,11.15,1,0,15.73
7693,T02,D1_S1,D1,S1,0,0.0,5.834,1.12,1.15,9.04,3,0,13.81
7694,T05,CR2_S4,CR2,S4,0,0.0,6.855,1.9,1.35,5.97,7,0,24.3
7695,T05,S4_CR2,S4,CR2,1,187.8,6.855,1.9,1.35,1.98,3,0,21.18
7696,T09,CR1_S2,CR1,S2,0,0.0,8.334,1.39,1.15,3.66,2,0,23.14
7697,T08,S5_D1,S5,D1,1,189.8,6.724,1.12,1.15,8.47,3,0,22.87
7698,T09,S3_D2,S3,D2,1,213.7,6.362,1.39,1.35,8.67,2,0,30.72
7699,T10,D1_S5,D1,S5,0,0.0,6.724,1.12,1.15,5.97,6,0,20.09
7700,T09,CR1_S1,CR1,S1,0,0.0,8.767,0.8,1.15,9.54,1,1,31.65
7701,T02,CR1_S3,CR1,S3,0,0.0,8.135,1.57,1.15,11.85,3,0,18.16
7702,T01,CR1_S1,CR1,S1,0,0.0,8.767,0.8,1.15,1.04,2,0,22.52
7703,T09,CR1_S3,CR1,S3,0,0.0,8.135,1.57,1.15,11.54,3,0,17.95
7704,T09,S4_D2,S4,D2,1,220.0,6.638,1.49,1.35,5.19,2,0,25.94
7705,T03,S4_CR2,S4,CR2,1,193.8,6.855,1.9,1.35,4.05,2,1,32.03
7706,T09,CR1_S5,CR1,S5,0,0.0,10.342,0.89,1.15,3.18,1,0,25.12
7707,T05,S5_CR1,S5,CR1,1,180.2,10.342,0.89,1.15,7.77,3,0,38.86
7708,T04,S4_D2,S4,D2,1,220.0,6.638,1.49,1.35,8.98,3,1,37.97
7709,T03,D2_S3,D2,S3,0,0.0,6.362,1.39,1.35,5.92,2,0,23.9
7710,T01,D1_S1,D1,S1,0,0.0,5.834,1.12,1.15,4.9,3,0,14.17
7711,T10,S5_D1,S5,D1,1,188.8,6.724,1.12,1.15,7.44,1,0,18.13
7712,T02,D2_S4,D2,S4,0,0.0,6.638,1.49,1.35,7.28,1,1,23.47
7713,T07,S3_CR2,S3,CR2,1,198.8,6.579,1.9,1.35,7.37,3,0,26.12
7714,T07,CR1_S1,CR1,S1,0,0.0,8.767,0.8,1.15,1.57,1,0,23.74
7715,T10,S1_D1,S1,D1,1,172.8,5.834,1.12,1.15,4.87,5,0,19.91
7716,T05,D2_S3,D2,S3,0,0.0,6.362,1.39,1.35,8.79,2,0,20.87
7717,T02,CR1_S3,CR1,S3,0,0.0,8.135,1.57,1.15,8.91,0,0,14.92
7718,T06,CR1_S1,CR1,S1,0,0.0,8.767,0.8,1.15,5.17,4,0,26.47
7719,T08,CR2_S6,CR2,S6,0,0.0,8.342,1.9,1.35,8.64,8,0,25.51
7720,T10,S5_CR1,S5,CR1,1,185.1,10.342,0.89,1.15,4.99,3,0,35.08
7721,T03,S5_CR1,S5,CR1,1,220.0,10.342,0.89,1.15,9.69,3,0,37.45
7722,T01,D1_S5,D1,S5,0,0.0,6.724,1.12,1.15,5.36,4,1,19.89
7723,T05,S5_CR1,S5,CR1,1,177.0,10.342,0.89,1.15,7.03,6,0,36.62
7724,T05,D2_S4,D2,S4,0,0.0,6.638,1.49,1.35,6.81,3,0,23.66
7725,T02,CR1_S5,CR1,S5,0,0.0,10.342,0.89,1.15,9.3,1,0,23.79
7726,T03,S5_D1,S5,D1,1,184.4,6.724,1.12,1.15,5.75,6,0,22.64
7727,T03,CR1_S5,CR1,S5,0,0.0,10.342,0.89,1.15,3.91,1,0,26.63
7728,T02,CR2_S4,CR2,S4,0,0.0,6.855,1.9,1.35,3.04,1,0,20.62
7729,T03,S3_CR2,S3,CR2,1,190.8,6.579,1.9,1.35,9.39,3,0,23.25
7730,T08,CR1_S3,CR1,S3,0,0.0,8.135,1.57,1.15,5.49,5,0,19.84
7731,T03,CR1_S3,CR1,S3,0,0.0,8.135,1.57,1.15,0.4,2,0,17.33
7732,T07,S3_CR1,S3,CR1,1,183.5,8.135,1.57,1.15,8.84,2,0,22.32
7733,T08,S1_CR1,S1,CR1,1,173.6,8.767,0.8,1.15,5.55,4,0,31.89
7734,T07,S2_CR1,S2,CR1,1,192.7,8.334,1.39,1.15,1.41,4,0,28.45
7735,T09,D2_S3,D2,S3,0,0.0,6.362,1.39,1.35,11.58,3,0,24.6
7736,T02,S3_CR1,S3,CR1,1,187.9,8.135,1.57,1.15,5.64,5,1,31.52
7737,T09,CR1_S2,CR1,S2,0,0.0,8.334,1.39,1.15,2.13,2,0,21.73
7738,T01,D1_S5,D1,S5,0,0.0,6.724,1.12,1.15,0.8,1,0,15.75
7739,T09,D2_S4,D2,S4,0,0.0,6.638,1.49,1.35,5.31,5,0,23.73
7740,T05,S2_CR1,S2,CR1,1,195.6,8.334,1.39,1.15,1.61,3,0,31.16
7741,T09,S3_CR2,S3,CR2,1,204.9,6.579,1.9,1.35,8.52,4,0,25.33
7742,T04,S4_CR2,S4,CR2,1,191.3,6.855,1.9,1.35,2.21,3,0,24.24
7743,T09,S6_CR2,S6,CR2,1,206.7,8.342,1.9,1.35,0.22,3,1,39.95
7744,T02,CR2_S3,CR2,S3,0,0.0,6.579,1.9,1.35,8.37,1,0,18.1
7745,T01,S5_D1,S5,D1,1,213.7,6.724,1.12,1.15,5.43,3,0,23.23
7746,T07,S3_CR1,S3,CR1,1,188.8,8.135,1.57,1.15,6.12,3,0,21.14
7747,T08,S4_CR2,S4,CR2,1,208.9,6.855,1.9,1.35,0.33,2,0,22.37
7748,T07,D2_S3,D2,S3,0,0.0,6.362,1.39,1.35,7.01,2,0,23.19
7749,T07,CR1_S1,CR1,S1,0,0.0,8.767,0.8,1.15,9.25,0,0,22.21
7750,T03,S1_D1,S1,D1,1,192.7,5.834,1.12,1.15,2.89,1,0,17.32
7751,T09,S6_CR2,S6,CR2,1,181.4,8.342,1.9,1.35,11.83,1,0,22.17
7752,T09,S3_CR2,S3,CR2,1,211.5,6.579,1.9,1.35,5.21,3,0,22.79
7753,T09,D2_S3,D2,S3,0,0.0,6.362,1.39,1.35,6.65,4,0,24.02
7754,T03,S3_CR2,S3,CR2,1,190.7,6.579,1.9,1.35,3.79,4,0,24.86
7755,T09,S1_CR1,S1,CR1,1,204.6,8.767,0.8,1.15,1.48,0,0,27.86
7756,T01,S4_D2,S4,D2,1,209.6,6.638,1.49,1.35,5.05,1,0,27.34
7757,T01,S6_CR2,S6,CR2,1,191.2,8.342,1.9,1.35,6.74,6,0,31.77
7758,T06,D1_S1,D1,S1,0,0.0,5.834,1.12,1.15,2.33,1,0,12.14
7759,T01,D1_S5,D1,S5,0,0.0,6.724,1.12,1.15,8.33,1,0,16.95
7760,T05,S3_D2,S3,D2,1,194.8,6.362,1.39,1.35,10.35,0,0,26.07
7761,T04,CR2_S3,CR2,S3,0,0.0,6.579,1.9,1.35,11.76,2,0,16.97
7762,T01,CR1_S2,CR1,S2,0,0.0,8.334,1.39,1.15,10.17,4,1,32.95
7763,T05,S3_D2,S3,D2,1,180.8,6.362,1.39,1.35,0.18,0,0,27.93
7764,T02,CR2_S6,CR2,S6,0,0.0,8.342,1.9,1.35,7.46,4,1,24.64
7765,T06,D2_S4,D2,S4,0,0.0,6.638,1.49,1.35,3.04,0,0,19.31
7766,T06,S6_CR2,S6,CR2,1,186.3,8.342,1.9,1.35,4.91,4,0,31.01
7767,T03,S1_D1,S1,D1,1,203.3,5.834,1.12,1.15,9.79,0,0,14.93
7768,T05,CR1_S5,CR1,S5,0,0.0,10.342,0.89,1.15,9.81,2,0,25.57
7769,T04,CR2_S6,CR2,S6,0,0.0,8.342,1.9,1.35,6.4,4,0,22.97
7770,T04,S4_CR2,S4,CR2,1,208.0,6.855,1.9,1.35,7.6,2,0,24.11
7771,T06,CR1_S2,CR1,S2,0,0.0,8.334,1.39,1.15,8.58,0,0,23.23
7772,T07,S3_D2,S3,D2,1,218.0,6.362,1.39,1.35,2.32,2,0,27.22
7773,T10,CR1_S3,CR1,S3,0,0.0,8.135,1.57,1.15,1.04,2,0,17.83
7774,T01,D2_S3,D2,S3,0,0.0,6.362,1.39,1.35,6.67,1,0,20.09
7775,T07,CR1_S3,CR1,S3,0,0.0,8.135,1.57,1.15,5.34,2,1,21.94
7776,T06,D2_S3,D2,S3,0,0.0,6.362,1.39,1.35,9.46,3,0,20.13
7777,T08,S4_D2,S4,D2,1,205.4,6.638,1.49,1.35,7.12,1,0,26.34
7778,T10,D2_S3,D2,S3,0,0.0,6.362,1.39,1.35,4.48,3,1,26.03
7779,T07,S5_CR1,S5,CR1,1,202.4,10.342,0.89,1.15,4.28,5,0,37.35
7780,T09,D2_S4,D2,S4,0,0.0,6.638,1.49,1.35,1.78,5,0,26.45
7781,T08,S6_CR2,S6,CR2,1,188.5,8.342,1.9,1.35,3.76,4,1,35.87
7782,T01,S5_CR1,S5,CR1,1,199.3,10.342,0.89,1.15,9.35,1,1,46.58
7783,T05,S3_CR1,S3,CR1,1,194.8,8.135,1.57,1.15,4.43,6,0,25.61
7784,T01,D2_S3,D2,S3,0,0.0,6.362,1.39,1.35,2.01,2,0,23.59
7785,T03,CR1_S3,CR1,S3,0,0.0,8.135,1.57,1.15,6.87,3,0,18.99
7786,T01,D2_S3,D2,S3,0,0.0,6.362,1.39,1.35,9.5,1,1,27.2
7787,T07,D1_S5,D1,S5,0,0.0,6.724,1.12,1.15,2.96,2,0,16.9
7788,T03,S3_CR1,S3,CR1,1,220.0,8.135,1.57,1.15,8.45,1,0,18.89
7789,T01,D1_S5,D1,S5,0,0.0,6.724,1.12,1.15,11.17,2,0,17.02
7790,T02,D1_S5,D1,S5,0,0.0,6.724,1.12,1.15,8.55,2,0,15.21
7791,T08,S1_CR1,S1,CR1,1,177.9,8.767,0.8,1.15,3.22,2,1,40.19
7792,T02,CR2_S4,CR2,S4,0,0.0,6.855,1.9,1.35,10.44,1,0,18.86
7793,T09,CR2_S3,CR2,S3,0,0.0,6.579,1.9,1.35,10.2,2,0,18.08
7794,T09,CR2_S3,CR2,S3,0,0.0,6.579,1.9,1.35,9.11,2,0,18.0
7795,T01,S5_CR1,S5,CR1,1,208.8,10.342,0.89,1.15,4.08,3,0,34.21
7796,T01,S3_CR2,S3,CR2,1,182.6,6.579,1.9,1.35,11.25,0,0,21.92
7797,T02,CR2_S3,CR2,S3,0,0.0,6.579,1.9,1.35,2.39,3,0,22.03
7798,T04,S4_D2,S4,D2,1,204.9,6.638,1.49,1.35,0.39,3,0,27.51
7799,T03,D1_S1,D1,S1,0,0.0,5.834,1.12,1.15,7.97,6,0,17.74
7800,T10,S3_CR2,S3,CR2,1,186.0,6.579,1.9,1.35,11.46,4,0,23.74
7801,T02,CR1_S5,CR1,S5,0,0.0,10.342,0.89,1.15,9.52,2,0,28.09
7802,T01,CR2_S6,CR2,S6,0,0.0,8.342,1.9,1.35,6.93,2,0,22.48
7803,T04,CR2_S3,CR2,S3,0,0.0,6.579,1.9,1.35,5.72,5,0,24.46
7804,T09,S5_CR1,S5,CR1,1,179.1,10.342,0.89,1.15,0.82,2,0,30.76
7805,T06,S6_CR2,S6,CR2,1,182.4,8.342,1.9,1.35,2.03,3,1,33.73
7806,T07,D2_S4,D2,S4,0,0.0,6.638,1.49,1.35,10.15,1,0,20.38
7807,T02,CR1_S1,CR1,S1,0,0.0,8.767,0.8,1.15,3.3,2,1,30.02
7808,T09,CR2_S6,CR2,S6,0,0.0,8.342,1.9,1.35,5.53,3,0,25.23
7809,T01,S6_CR2,S6,CR2,1,201.1,8.342,1.9,1.35,5.21,4,1,36.38
7810,T04,CR1_S1,CR1,S1,0,0.0,8.767,0.8,1.15,6.0,4,0,24.91
7811,T05,S3_D2,S3,D2,1,203.2,6.362,1.39,1.35,5.18,7,0,30.06
7812,T02,S3_CR1,S3,CR1,1,181.5,8.135,1.57,1.15,3.05,3,0,21.07
7813,T10,S3_CR1,S3,CR1,1,193.5,8.135,1.57,1.15,7.4,4,0,23.54
7814,T10,S1_CR1,S1,CR1,1,175.2,8.767,0.8,1.15,5.12,2,0,29.05
7815,T03,S4_CR2,S4,CR2,1,167.2,6.855,1.9,1.35,5.05,3,0,21.43
7816,T07,S3_CR2,S3,CR2,1,204.3,6.579,1.9,1.35,8.35,1,1,26.36
7817,T07,D1_S1,D1,S1,0,0.0,5.834,1.12,1.15,1.4,0,0,11.9
7818,T04,CR2_S6,CR2,S6,0,0.0,8.342,1.9,1.35,0.06,2,0,20.35
7819,T06,CR1_S2,CR1,S2,0,0.0,8.334,1.39,1.15,4.56,3,1,28.2
7820,T10,CR1_S1,CR1,S1,0,0.0,8.767,0.8,1.15,2.58,3,0,25.73
7821,T09,D2_S3,D2,S3,0,0.0,6.362,1.39,1.35,6.19,7,0,26.63
7822,T10,S4_CR2,S4,CR2,1,185.4,6.855,1.9,1.35,1.57,2,1,30.54
7823,T02,S3_CR2,S3,CR2,1,197.0,6.579,1.9,1.35,11.57,3,0,27.05
7824,T03,CR1_S1,CR1,S1,0,0.0,8.767,0.8,1.15,9.04,3,0,23.87
7825,T06,CR1_S3,CR1,S3,0,0.0,8.135,1.57,1.15,8.44,2,0,16.79
7826,T04,CR2_S3,CR2,S3,0,0.0,6.579,1.9,1.35,9.91,0,0,17.03
7827,T08,CR2_S3,CR2,S3,0,0.0,6.579,1.9,1.35,1.65,2,0,20.04
7828,T02,D2_S4,D2,S4,0,0.0,6.638,1.49,1.35,3.98,3,0,24.45
7829,T05,CR2_S3,CR2,S3,0,0.0,6.579,1.9,1.35,3.92,2,0,19.91
7830,T03,CR2_S3,CR2,S3,0,0.0,6.579,1.9,1.35,4.0,4,0,19.36
7831,T07,CR1_S2,CR1,S2,0,0.0,8.334,1.39,1.15,9.8,1,0,21.84
7832,T08,D1_S5,D1,S5,0,0.0,6.724,1.12,1.15,10.98,2,0,18.12
7833,T09,S3_CR1,S3,CR1,1,199.9,8.135,1.57,1.15,10.1,1,0,21.2
7834,T07,S5_D1,S5,D1,1,183.3,6.724,1.12,1.15,10.47,3,1,26.66
7835,T05,S2_CR1,S2,CR1,1,196.1,8.334,1.39,1.15,6.47,3,0,26.96
7836,T10,S5_D1,S5,D1,1,217.5,6.724,1.12,1.15,7.53,1,0,20.04
7837,T06,CR1_S5,CR1,S5,0,0.0,10.342,0.89,1.15,11.2,2,0,26.41
7838,T05,D1_S5,D1,S5,0,0.0,6.724,1.12,1.15,1.84,2,0,16.78
7839,T10,S1_D1,S1,D1,1,197.0,5.834,1.12,1.15,5.79,6,0,19.41
7840,T02,S1_CR1,S1,CR1,1,185.3,8.767,0.8,1.15,3.12,1,1,34.52
7841,T09,S2_CR1,S2,CR1,1,192.6,8.334,1.39,1.15,11.43,2,1,37.75
7842,T06,S6_CR2,S6,CR2,1,202.9,8.342,1.9,1.35,9.01,2,0,27.43
7843,T06,S1_D1,S1,D1,1,194.8,5.834,1.12,1.15,6.42,3,0,15.2
7844,T09,CR2_S6,CR2,S6,0,0.0,8.342,1.9,1.35,9.86,1,0,20.85
7845,T04,D2_S3,D2,S3,0,0.0,6.362,1.39,1.35,3.58,1,0,21.98
7846,T02,CR2_S6,CR2,S6,0,0.0,8.342,1.9,1.35,11.44,4,0,26.12
7847,T02,CR2_S6,CR2,S6,0,0.0,8.342,1.9,1.35,5.29,5,0,25.57
7848,T06,S3_D2,S3,D2,1,215.9,6.362,1.39,1.35,0.88,3,0,29.21
7849,T01,CR1_S5,CR1,S5,0,0.0,10.342,0.89,1.15,4.05,4,0,29.64
7850,T07,S4_CR2,S4,CR2,1,188.9,6.855,1.9,1.35,7.08,7,0,26.14
7851,T03,S2_CR1,S2,CR1,1,185.1,8.334,1.39,1.15,7.47,6,0,32.6
7852,T10,S1_D1,S1,D1,1,213.1,5.834,1.12,1.15,6.55,1,1,18.86
7853,T01,CR2_S6,CR2,S6,0,0.0,8.342,1.9,1.35,0.06,2,0,23.07
7854,T10,D2_S4,D2,S4,0,0.0,6.638,1.49,1.35,4.13,1,0,21.66
7855,T06,S1_CR1,S1,CR1,1,187.7,8.767,0.8,1.15,8.22,2,0,26.75
7856,T08,S5_D1,S5,D1,1,178.2,6.724,1.12,1.15,10.18,2,0,20.26
7857,T08,CR1_S1,CR1,S1,0,0.0,8.767,0.8,1.15,5.23,3,0,22.78
7858,T06,S1_D1,S1,D1,1,213.2,5.834,1.12,1.15,10.52,1,0,15.51
7859,T02,CR1_S1,CR1,S1,0,0.0,8.767,0.8,1.15,9.28,0,0,20.51
7860,T09,S3_D2,S3,D2,1,220.0,6.362,1.39,1.35,10.36,2,0,27.28
7861,T01,S4_CR2,S4,CR2,1,154.6,6.855,1.9,1.35,10.99,4,1,31.0
7862,T10,D2_S4,D2,S4,0,0.0,6.638,1.49,1.35,3.76,2,0,24.59
7863,T07,S2_CR1,S2,CR1,1,201.2,8.334,1.39,1.15,7.32,4,0,28.68
7864,T05,CR2_S6,CR2,S6,0,0.0,8.342,1.9,1.35,9.86,0,0,20.88
7865,T07,S6_CR2,S6,CR2,1,184.5,8.342,1.9,1.35,6.94,4,0,27.77
7866,T09,S6_CR2,S6,CR2,1,174.0,8.342,1.9,1.35,11.1,4,0,28.99
7867,T07,CR1_S3,CR1,S3,0,0.0,8.135,1.57,1.15,1.81,3,1,24.55
7868,T04,CR1_S2,CR1,S2,0,0.0,8.334,1.39,1.15,2.1,1,0,22.06
7869,T03,S3_D2,S3,D2,1,214.3,6.362,1.39,1.35,11.4,1,0,27.99
7870,T03,S2_CR1,S2,CR1,1,173.4,8.334,1.39,1.15,8.8,2,0,29.87
7871,T01,CR2_S3,CR2,S3,0,0.0,6.579,1.9,1.35,6.85,8,1,27.85
7872,T07,S4_CR2,S4,CR2,1,211.5,6.855,1.9,1.35,8.01,1,0,23.71
7873,T10,S6_CR2,S6,CR2,1,191.8,8.342,1.9,1.35,3.91,2,0,26.15
7874,T10,D2_S4,D2,S4,0,0.0,6.638,1.49,1.35,1.19,1,1,27.21
7875,T01,CR1_S1,CR1,S1,0,0.0,8.767,0.8,1.15,6.23,6,0,25.36
7876,T03,S4_CR2,S4,CR2,1,183.5,6.855,1.9,1.35,11.24,0,0,21.51
7877,T06,D2_S3,D2,S3,0,0.0,6.362,1.39,1.35,10.56,3,0,21.43
7878,T07,S4_D2,S4,D2,1,187.9,6.638,1.49,1.35,8.8,4,0,33.47
7879,T02,S6_CR2,S6,CR2,1,186.3,8.342,1.9,1.35,5.21,4,0,28.8
7880,T05,S3_CR2,S3,CR2,1,199.5,6.579,1.9,1.35,5.12,4,0,24.9
7881,T08,S3_CR2,S3,CR2,1,191.4,6.579,1.9,1.35,2.68,2,0,24.35
7882,T04,S4_D2,S4,D2,1,192.1,6.638,1.49,1.35,6.17,6,0,30.23
7883,T03,D1_S1,D1,S1,0,0.0,5.834,1.12,1.15,4.34,6,1,20.03
7884,T07,S1_CR1,S1,CR1,1,199.6,8.767,0.8,1.15,8.37,2,0,30.88
7885,T07,CR2_S6,CR2,S6,0,0.0,8.342,1.9,1.35,11.5,2,0,21.83
7886,T09,D2_S3,D2,S3,0,0.0,6.362,1.39,1.35,3.69,2,0,21.45
7887,T08,CR2_S6,CR2,S6,0,0.0,8.342,1.9,1.35,2.47,2,0,19.99
7888,T09,CR2_S3,CR2,S3,0,0.0,6.579,1.9,1.35,2.81,0,1,20.82
7889,T03,CR1_S5,CR1,S5,0,0.0,10.342,0.89,1.15,7.5,2,0,26.88
7890,T09,CR1_S5,CR1,S5,0,0.0,10.342,0.89,1.15,3.56,2,0,25.77
7891,T03,S4_CR2,S4,CR2,1,201.5,6.855,1.9,1.35,11.88,0,1,27.6
7892,T04,S4_D2,S4,D2,1,178.5,6.638,1.49,1.35,2.73,2,0,25.11
7893,T03,S2_CR1,S2,CR1,1,208.9,8.334,1.39,1.15,9.1,1,0,25.46
7894,T06,S4_CR2,S4,CR2,1,179.8,6.855,1.9,1.35,4.2,4,0,22.48
7895,T02,S3_D2,S3,D2,1,201.8,6.362,1.39,1.35,10.07,2,0,26.44
7896,T04,S3_CR1,S3,CR1,1,193.6,8.135,1.57,1.15,5.47,5,0,26.32
7897,T01,CR1_S2,CR1,S2,0,0.0,8.334,1.39,1.15,10.5,1,1,28.37
7898,T04,CR2_S3,CR2,S3,0,0.0,6.579,1.9,1.35,7.72,1,0,19.21
7899,T04,S4_CR2,S4,CR2,1,213.4,6.855,1.9,1.35,0.71,3,0,22.86
7900,T10,CR1_S1,CR1,S1,0,0.0,8.767,0.8,1.15,5.21,5,0,24.82
7901,T04,D2_S3,D2,S3,0,0.0,6.362,1.39,1.35,8.11,3,0,23.29
7902,T04,CR1_S5,CR1,S5,0,0.0,10.342,0.89,1.15,3.45,4,0,28.69
7903,T10,CR1_S3,CR1,S3,0,0.0,8.135,1.57,1.15,6.88,2,0,18.25
7904,T01,CR1_S5,CR1,S5,0,0.0,10.342,0.89,1.15,11.95,2,0,28.44
7905,T03,S1_CR1,S1,CR1,1,200.6,8.767,0.8,1.15,1.68,4,0,31.31
7906,T06,S3_CR2,S3,CR2,1,183.9,6.579,1.9,1.35,0.18,0,0,20.81
7907,T07,D1_S1,D1,S1,0,0.0,5.834,1.12,1.15,2.06,3,0,14.48
7908,T04,D1_S1,D1,S1,0,0.0,5.834,1.12,1.15,7.13,1,0,12.54
7909,T10,S3_CR1,S3,CR1,1,185.3,8.135,1.57,1.15,3.48,3,0,22.28
7910,T01,S2_CR1,S2,CR1,1,182.3,8.334,1.39,1.15,10.6,1,0,29.28
7911,T04,S1_D1,S1,D1,1,198.7,5.834,1.12,1.15,5.23,8,1,31.24
7912,T09,D2_S4,D2,S4,0,0.0,6.638,1.49,1.35,5.48,6,0,25.63
7913,T10,D2_S3,D2,S3,0,0.0,6.362,1.39,1.35,1.66,2,0,21.32
7914,T02,CR1_S1,CR1,S1,0,0.0,8.767,0.8,1.15,10.84,3,0,27.17
7915,T05,S3_CR1,S3,CR1,1,197.3,8.135,1.57,1.15,0.67,1,0,18.08
7916,T02,CR1_S3,CR1,S3,0,0.0,8.135,1.57,1.15,4.06,6,0,19.36
7917,T02,CR2_S3,CR2,S3,0,0.0,6.579,1.9,1.35,1.11,1,0,17.54
7918,T09,S3_D2,S3,D2,1,219.5,6.362,1.39,1.35,3.3,3,0,26.89
7919,T05,S6_CR2,S6,CR2,1,184.8,8.342,1.9,1.35,3.36,3,0,27.33
7920,T02,S5_CR1,S5,CR1,1,184.0,10.342,0.89,1.15,4.19,8,0,43.37
7921,T01,S1_D1,S1,D1,1,190.2,5.834,1.12,1.15,7.8,2,0,14.93
7922,T09,S3_D2,S3,D2,1,197.8,6.362,1.39,1.35,0.1,1,0,30.07
7923,T04,S2_CR1,S2,CR1,1,201.5,8.334,1.39,1.15,0.74,2,0,22.39
7924,T03,CR1_S5,CR1,S5,0,0.0,10.342,0.89,1.15,9.62,2,0,27.61
7925,T02,S3_D2,S3,D2,1,178.3,6.362,1.39,1.35,8.75,1,0,27.26
7926,T01,S5_D1,S5,D1,1,178.6,6.724,1.12,1.15,9.91,2,0,20.49
7927,T05,CR1_S1,CR1,S1,0,0.0,8.767,0.8,1.15,11.02,0,0,21.08
7928,T05,D1_S5,D1,S5,0,0.0,6.724,1.12,1.15,4.13,0,0,15.35
7929,T06,S5_D1,S5,D1,1,203.0,6.724,1.12,1.15,1.2,3,0,21.87
7930,T08,D2_S3,D2,S3,0,0.0,6.362,1.39,1.35,10.09,4,1,32.33
7931,T06,D1_S5,D1,S5,0,0.0,6.724,1.12,1.15,5.02,1,0,15.35
7932,T10,S6_CR2,S6,CR2,1,192.5,8.342,1.9,1.35,0.23,3,1,36.28
7933,T07,S5_CR1,S5,CR1,1,204.4,10.342,0.89,1.15,4.73,5,0,34.06
7934,T08,CR2_S4,CR2,S4,0,0.0,6.855,1.9,1.35,0.1,2,0,18.52
7935,T04,D2_S4,D2,S4,0,0.0,6.638,1.49,1.35,5.25,4,1,24.26
7936,T01,D1_S5,D1,S5,0,0.0,6.724,1.12,1.15,5.95,5,0,19.37
7937,T09,S3_CR2,S3,CR2,1,213.6,6.579,1.9,1.35,7.13,5,0,26.48
7938,T09,S4_D2,S4,D2,1,187.7,6.638,1.49,1.35,1.41,1,0,25.92
7939,T05,CR1_S5,CR1,S5,0,0.0,10.342,0.89,1.15,10.77,3,0,28.57
7940,T01,CR1_S1,CR1,S1,0,0.0,8.767,0.8,1.15,2.97,2,0,21.46
7941,T01,S5_CR1,S5,CR1,1,206.0,10.342,0.89,1.15,2.83,2,0,31.93
7942,T07,S5_CR1,S5,CR1,1,190.8,10.342,0.89,1.15,3.03,3,0,37.17
7943,T07,CR2_S3,CR2,S3,0,0.0,6.579,1.9,1.35,0.39,4,0,20.18
7944,T03,S3_CR2,S3,CR2,1,203.1,6.579,1.9,1.35,8.8,3,1,27.41
7945,T07,CR1_S2,CR1,S2,0,0.0,8.334,1.39,1.15,2.04,2,0,24.28
7946,T06,S2_CR1,S2,CR1,1,189.6,8.334,1.39,1.15,9.42,0,0,24.52
7947,T08,CR1_S3,CR1,S3,0,0.0,8.135,1.57,1.15,7.52,4,0,17.19
7948,T07,S6_CR2,S6,CR2,1,189.0,8.342,1.9,1.35,5.88,5,0,29.99
7949,T10,CR1_S5,CR1,S5,0,0.0,10.342,0.89,1.15,9.27,1,0,27.47
7950,T04,CR2_S4,CR2,S4,0,0.0,6.855,1.9,1.35,6.83,2,1,26.39
7951,T05,S4_CR2,S4,CR2,1,208.1,6.855,1.9,1.35,0.61,3,0,26.39
7952,T04,S5_D1,S5,D1,1,165.0,6.724,1.12,1.15,8.03,2,1,24.04
7953,T03,S1_CR1,S1,CR1,1,201.9,8.767,0.8,1.15,6.66,3,0,32.06
7954,T07,S1_CR1,S1,CR1,1,180.6,8.767,0.8,1.15,9.62,3,1,39.48
7955,T10,CR1_S2,CR1,S2,0,0.0,8.334,1.39,1.15,7.67,2,0,22.76
7956,T06,D2_S3,D2,S3,0,0.0,6.362,1.39,1.35,7.33,2,1,25.84
7957,T03,S5_CR1,S5,CR1,1,192.3,10.342,0.89,1.15,10.87,1,0,38.22
7958,T09,CR1_S2,CR1,S2,0,0.0,8.334,1.39,1.15,1.13,3,0,20.64
7959,T07,D1_S1,D1,S1,0,0.0,5.834,1.12,1.15,11.87,3,0,13.4
7960,T10,CR2_S4,CR2,S4,0,0.0,6.855,1.9,1.35,0.22,1,0,18.6
7961,T02,S3_CR2,S3,CR2,1,176.8,6.579,1.9,1.35,4.56,4,0,23.66
7962,T09,CR1_S5,CR1,S5,0,0.0,10.342,0.89,1.15,6.67,3,0,29.16
7963,T05,S2_CR1,S2,CR1,1,171.9,8.334,1.39,1.15,11.31,1,0,30.51
7964,T01,S1_CR1,S1,CR1,1,203.8,8.767,0.8,1.15,8.64,2,1,31.67
7965,T04,CR2_S6,CR2,S6,0,0.0,8.342,1.9,1.35,2.56,2,0,21.76
7966,T04,CR2_S6,CR2,S6,0,0.0,8.342,1.9,1.35,4.38,4,0,24.13
7967,T09,CR2_S4,CR2,S4,0,0.0,6.855,1.9,1.35,7.25,2,0,18.59
7968,T07,CR2_S4,CR2,S4,0,0.0,6.855,1.9,1.35,1.34,1,1,21.59
7969,T10,S3_CR2,S3,CR2,1,200.0,6.579,1.9,1.35,1.39,0,0,20.17
7970,T06,S4_D2,S4,D2,1,209.6,6.638,1.49,1.35,4.56,3,0,27.63
7971,T06,CR2_S6,CR2,S6,0,0.0,8.342,1.9,1.35,4.8,2,0,20.95
7972,T06,S3_D2,S3,D2,1,204.5,6.362,1.39,1.35,7.92,3,1,36.43
7973,T05,S3_D2,S3,D2,1,184.7,6.362,1.39,1.35,1.77,1,1,30.81
7974,T02,CR1_S5,CR1,S5,0,0.0,10.342,0.89,1.15,1.73,3,0,25.68
7975,T08,CR2_S4,CR2,S4,0,0.0,6.855,1.9,1.35,8.7,5,1,30.43
7976,T02,D2_S4,D2,S4,0,0.0,6.638,1.49,1.35,1.67,1,0,20.68
7977,T08,S3_CR2,S3,CR2,1,194.2,6.579,1.9,1.35,3.49,3,1,31.59
7978,T04,S5_CR1,S5,CR1,1,199.8,10.342,0.89,1.15,1.44,4,0,40.44
7979,T07,S4_D2,S4,D2,1,205.8,6.638,1.49,1.35,2.82,2,1,35.54
7980,T01,S5_D1,S5,D1,1,202.1,6.724,1.12,1.15,6.35,6,1,31.93
7981,T03,S3_CR1,S3,CR1,1,217.9,8.135,1.57,1.15,3.41,4,1,27.6
7982,T01,D2_S4,D2,S4,0,0.0,6.638,1.49,1.35,6.77,2,0,21.6
7983,T05,D1_S5,D1,S5,0,0.0,6.724,1.12,1.15,10.55,3,0,17.87
7984,T01,S1_D1,S1,D1,1,179.1,5.834,1.12,1.15,11.27,1,0,14.21
7985,T09,CR1_S5,CR1,S5,0,0.0,10.342,0.89,1.15,4.38,2,1,36.35
7986,T06,S1_D1,S1,D1,1,195.6,5.834,1.12,1.15,2.18,2,0,16.48
7987,T03,S4_CR2,S4,CR2,1,185.9,6.855,1.9,1.35,4.65,3,0,24.92
7988,T05,S1_CR1,S1,CR1,1,166.0,8.767,0.8,1.15,11.15,0,0,25.42
7989,T01,CR1_S1,CR1,S1,0,0.0,8.767,0.8,1.15,2.54,0,0,20.2
7990,T04,S4_CR2,S4,CR2,1,191.6,6.855,1.9,1.35,7.74,1,0,21.97
7991,T05,D2_S4,D2,S4,0,0.0,6.638,1.49,1.35,4.59,6,0,24.5
7992,T01,CR1_S3,CR1,S3,0,0.0,8.135,1.57,1.15,11.46,2,1,21.56
7993,T08,S5_CR1,S5,CR1,1,220.0,10.342,0.89,1.15,1.61,0,0,29.44
7994,T07,S1_CR1,S1,CR1,1,183.9,8.767,0.8,1.15,10.46,4,0,30.33
7995,T10,S1_CR1,S1,CR1,1,196.6,8.767,0.8,1.15,2.22,0,0,27.97
7996,T02,CR1_S1,CR1,S1,0,0.0,8.767,0.8,1.15,0.35,2,0,22.26
7997,T10,CR1_S2,CR1,S2,0,0.0,8.334,1.39,1.15,6.0,3,1,27.26
7998,T09,D1_S5,D1,S5,0,0.0,6.724,1.12,1.15,8.7,3,0,18.28
7999,T01,CR2_S4,CR2,S4,0,0.0,6.855,1.9,1.35,7.08,3,0,21.41
8000,T01,CR1_S5,CR1,S5,0,0.0,10.342,0.89,1.15,5.6,3,0,26.24
8001,T07,S1_CR1,S1,CR1,1,212.1,8.767,0.8,1.15,10.34,0,0,26.8
8002,T03,S3_CR2,S3,CR2,1,179.0,6.579,1.9,1.35,1.48,1,1,32.13
8003,T10,S5_CR1,S5,CR1,1,219.9,10.342,0.89,1.15,0.27,3,0,36.93
8004,T04,CR1_S2,CR1,S2,0,0.0,8.334,1.39,1.15,7.93,1,1,29.88
8005,T09,CR1_S2,CR1,S2,0,0.0,8.334,1.39,1.15,10.99,4,0,24.59
8006,T08,D1_S1,D1,S1,0,0.0,5.834,1.12,1.15,2.09,4,0,14.12
8007,T09,D1_S1,D1,S1,0,0.0,5.834,1.12,1.15,0.06,3,0,14.39
8008,T10,S4_D2,S4,D2,1,181.7,6.638,1.49,1.35,3.01,2,0,26.38
8009,T08,D2_S3,D2,S3,0,0.0,6.362,1.39,1.35,1.56,1,1,31.31
8010,T04,CR1_S1,CR1,S1,0,0.0,8.767,0.8,1.15,6.23,4,0,26.38
8011,T05,CR2_S4,CR2,S4,0,0.0,6.855,1.9,1.35,11.86,2,0,18.55
8012,T03,CR1_S1,CR1,S1,0,0.0,8.767,0.8,1.15,10.8,2,0,21.82
8013,T10,CR2_S3,CR2,S3,0,0.0,6.579,1.9,1.35,9.26,4,0,21.41
8014,T06,CR1_S3,CR1,S3,0,0.0,8.135,1.57,1.15,3.21,3,0,17.9
8015,T06,D2_S3,D2,S3,0,0.0,6.362,1.39,1.35,9.45,1,1,30.86
8016,T02,S5_D1,S5,D1,1,184.9,6.724,1.12,1.15,5.53,4,0,24.05
8017,T09,CR2_S4,CR2,S4,0,0.0,6.855,1.9,1.35,1.23,3,0,18.84
8018,T07,D2_S3,D2,S3,0,0.0,6.362,1.39,1.35,2.3,0,1,25.75
8019,T09,S5_D1,S5,D1,1,204.6,6.724,1.12,1.15,11.01,3,0,22.07
8020,T09,S4_D2,S4,D2,1,218.4,6.638,1.49,1.35,2.89,1,0,26.3
8021,T01,CR1_S5,CR1,S5,0,0.0,10.342,0.89,1.15,1.49,3,1,35.83
8022,T01,CR2_S6,CR2,S6,0,0.0,8.342,1.9,1.35,4.89,0,0,20.92
8023,T08,CR2_S3,CR2,S3,0,0.0,6.579,1.9,1.35,9.55,2,0,19.71
8024,T10,S3_CR2,S3,CR2,1,191.0,6.579,1.9,1.35,10.86,0,0,23.27
8025,T09,CR2_S3,CR2,S3,0,0.0,6.579,1.9,1.35,7.76,3,0,19.36
8026,T06,S5_D1,S5,D1,1,181.6,6.724,1.12,1.15,4.97,3,0,23.68
8027,T10,S4_D2,S4,D2,1,202.3,6.638,1.49,1.35,1.32,1,1,35.73
8028,T03,S2_CR1,S2,CR1,1,175.8,8.334,1.39,1.15,10.41,3,0,28.88
8029,T08,CR1_S3,CR1,S3,0,0.0,8.135,1.57,1.15,11.63,3,0,18.24
8030,T05,S4_D2,S4,D2,1,183.1,6.638,1.49,1.35,9.17,3,0,27.67
8031,T01,S3_CR1,S3,CR1,1,219.3,8.135,1.57,1.15,11.33,2,0,20.71
8032,T02,CR1_S2,CR1,S2,0,0.0,8.334,1.39,1.15,2.76,0,0,22.07
8033,T06,D1_S1,D1,S1,0,0.0,5.834,1.12,1.15,4.08,4,1,18.02
8034,T06,CR1_S5,CR1,S5,0,0.0,10.342,0.89,1.15,8.62,3,0,31.1
8035,T03,CR1_S2,CR1,S2,0,0.0,8.334,1.39,1.15,4.02,2,0,23.64
8036,T02,S4_CR2,S4,CR2,1,179.9,6.855,1.9,1.35,5.38,5,0,26.42
8037,T08,S4_CR2,S4,CR2,1,171.3,6.855,1.9,1.35,8.5,2,0,23.78
8038,T01,CR1_S3,CR1,S3,0,0.0,8.135,1.57,1.15,9.49,4,0,18.88
8039,T01,CR2_S6,CR2,S6,0,0.0,8.342,1.9,1.35,10.27,3,0,21.26
8040,T09,S4_D2,S4,D2,1,201.7,6.638,1.49,1.35,4.54,0,1,35.29
8041,T09,S3_CR1,S3,CR1,1,194.7,8.135,1.57,1.15,8.15,5,0,25.56
8042,T04,CR1_S2,CR1,S2,0,0.0,8.334,1.39,1.15,6.89,2,0,20.88
8043,T06,S1_D1,S1,D1,1,185.7,5.834,1.12,1.15,2.6,3,0,17.55
8044,T04,CR2_S6,CR2,S6,0,0.0,8.342,1.9,1.35,11.08,5,0,24.51
8045,T03,S3_D2,S3,D2,1,207.8,6.362,1.39,1.35,4.8,3,1,32.11
8046,T01,D1_S1,D1,S1,0,0.0,5.834,1.12,1.15,11.91,1,0,12.17
8047,T06,S2_CR1,S2,CR1,1,207.4,8.334,1.39,1.15,11.22,1,1,34.09
8048,T10,S5_D1,S5,D1,1,180.8,6.724,1.12,1.15,11.09,1,0,19.78
8049,T03,CR1_S1,CR1,S1,0,0.0,8.767,0.8,1.15,9.46,1,1,29.54
8050,T01,D2_S4,D2,S4,0,0.0,6.638,1.49,1.35,11.52,1,0,21.38
8051,T10,S5_D1,S5,D1,1,209.7,6.724,1.12,1.15,10.64,0,0,20.11
8052,T03,S1_D1,S1,D1,1,193.5,5.834,1.12,1.15,7.87,1,1,21.15
8053,T06,CR2_S6,CR2,S6,0,0.0,8.342,1.9,1.35,7.7,1,0,21.84
8054,T01,S3_D2,S3,D2,1,207.6,6.362,1.39,1.35,7.55,4,1,35.53
8055,T02,CR1_S5,CR1,S5,0,0.0,10.342,0.89,1.15,4.94,3,0,27.34
8056,T04,S5_CR1,S5,CR1,1,204.9,10.342,0.89,1.15,3.09,0,0,28.9
8057,T08,CR1_S5,CR1,S5,0,0.0,10.342,0.89,1.15,5.62,2,0,28.75
8058,T02,S3_CR1,S3,CR1,1,173.6,8.135,1.57,1.15,7.67,0,1,25.43
8059,T09,D1_S5,D1,S5,0,0.0,6.724,1.12,1.15,3.18,3,0,16.73
8060,T03,D1_S1,D1,S1,0,0.0,5.834,1.12,1.15,9.29,1,1,16.44
8061,T08,S1_D1,S1,D1,1,220.0,5.834,1.12,1.15,8.82,4,0,18.75
8062,T06,S3_CR1,S3,CR1,1,174.0,8.135,1.57,1.15,4.92,2,0,21.55
8063,T07,S5_D1,S5,D1,1,199.4,6.724,1.12,1.15,2.77,1,0,21.2
8064,T02,D1_S5,D1,S5,0,0.0,6.724,1.12,1.15,5.64,4,1,22.56
8065,T07,S4_CR2,S4,CR2,1,220.0,6.855,1.9,1.35,11.77,3,0,24.38
8066,T10,S5_CR1,S5,CR1,1,191.2,10.342,0.89,1.15,6.88,3,1,43.18
8067,T09,CR2_S3,CR2,S3,0,0.0,6.579,1.9,1.35,6.1,4,0,20.26
8068,T09,S5_CR1,S5,CR1,1,200.6,10.342,0.89,1.15,2.68,0,0,30.95
8069,T04,S3_CR2,S3,CR2,1,180.5,6.579,1.9,1.35,6.27,5,0,23.95
8070,T08,S3_D2,S3,D2,1,214.7,6.362,1.39,1.35,9.98,3,0,28.02
8071,T09,CR1_S3,CR1,S3,0,0.0,8.135,1.57,1.15,6.25,5,0,19.71
8072,T03,D1_S5,D1,S5,0,0.0,6.724,1.12,1.15,2.03,3,1,24.6
8073,T09,S3_D2,S3,D2,1,179.5,6.362,1.39,1.35,0.53,1,1,34.6
8074,T04,S4_D2,S4,D2,1,194.7,6.638,1.49,1.35,7.58,2,0,26.95
8075,T04,D2_S3,D2,S3,0,0.0,6.362,1.39,1.35,10.39,1,0,22.83
8076,T02,CR2_S6,CR2,S6,0,0.0,8.342,1.9,1.35,11.32,3,0,24.34
8077,T02,S1_CR1,S1,CR1,1,177.1,8.767,0.8,1.15,3.82,2,0,28.97
8078,T04,CR1_S2,CR1,S2,0,0.0,8.334,1.39,1.15,10.5,2,0,20.11
8079,T01,CR2_S4,CR2,S4,0,0.0,6.855,1.9,1.35,7.5,3,0,22.16
8080,T01,S3_D2,S3,D2,1,206.1,6.362,1.39,1.35,9.94,3,0,25.62
8081,T10,S2_CR1,S2,CR1,1,207.3,8.334,1.39,1.15,3.14,1,1,34.58
8082,T07,D2_S3,D2,S3,0,0.0,6.362,1.39,1.35,1.63,4,0,25.43
8083,T07,S1_D1,S1,D1,1,198.1,5.834,1.12,1.15,4.78,4,0,17.52
8084,T04,S4_D2,S4,D2,1,193.5,6.638,1.49,1.35,6.35,3,1,29.84
8085,T04,CR1_S1,CR1,S1,0,0.0,8.767,0.8,1.15,1.98,0,0,21.88
8086,T01,D1_S1,D1,S1,0,0.0,5.834,1.12,1.15,10.75,0,1,11.71
8087,T10,CR1_S5,CR1,S5,0,0.0,10.342,0.89,1.15,1.41,1,0,26.35
8088,T07,CR1_S3,CR1,S3,0,0.0,8.135,1.57,1.15,8.37,2,1,22.8
8089,T05,S3_CR2,S3,CR2,1,184.8,6.579,1.9,1.35,11.01,3,0,22.77
8090,T05,D1_S5,D1,S5,0,0.0,6.724,1.12,1.15,4.85,6,0,22.46
8091,T09,S3_D2,S3,D2,1,185.3,6.362,1.39,1.35,11.37,1,0,25.14
8092,T08,CR2_S3,CR2,S3,0,0.0,6.579,1.9,1.35,10.78,1,0,19.47
8093,T07,S3_D2,S3,D2,1,186.0,6.362,1.39,1.35,3.97,1,1,35.36
8094,T08,S4_D2,S4,D2,1,199.0,6.638,1.49,1.35,9.69,1,0,27.9
8095,T10,S3_CR1,S3,CR1,1,187.2,8.135,1.57,1.15,2.22,2,0,21.94
8096,T09,S4_D2,S4,D2,1,167.3,6.638,1.49,1.35,0.75,2,0,27.36
8097,T03,S1_CR1,S1,CR1,1,186.6,8.767,0.8,1.15,10.81,3,0,26.95
8098,T06,CR2_S4,CR2,S4,0,0.0,6.855,1.9,1.35,4.88,2,0,17.24
8099,T03,CR1_S3,CR1,S3,0,0.0,8.135,1.57,1.15,7.57,7,1,30.42
8100,T05,D1_S5,D1,S5,0,0.0,6.724,1.12,1.15,4.68,4,0,18.54
8101,T09,S1_D1,S1,D1,1,180.8,5.834,1.12,1.15,3.4,1,0,17.07
8102,T09,S3_CR2,S3,CR2,1,182.8,6.579,1.9,1.35,0.28,3,1,36.78
8103,T01,S3_CR1,S3,CR1,1,220.0,8.135,1.57,1.15,2.83,2,0,20.21
8104,T07,CR2_S3,CR2,S3,0,0.0,6.579,1.9,1.35,4.85,3,0,21.07
8105,T08,CR1_S5,CR1,S5,0,0.0,10.342,0.89,1.15,9.86,2,0,27.75
8106,T02,S2_CR1,S2,CR1,1,205.0,8.334,1.39,1.15,8.19,7,0,30.28
8107,T02,S1_CR1,S1,CR1,1,207.1,8.767,0.8,1.15,5.43,1,0,26.83
8108,T02,S1_D1,S1,D1,1,154.9,5.834,1.12,1.15,0.89,1,1,19.09
8109,T01,CR1_S5,CR1,S5,0,0.0,10.342,0.89,1.15,9.34,3,0,29.09
8110,T08,S6_CR2,S6,CR2,1,199.8,8.342,1.9,1.35,9.49,3,0,28.79
8111,T10,S1_D1,S1,D1,1,216.7,5.834,1.12,1.15,11.23,3,0,15.09
8112,T02,CR1_S1,CR1,S1,0,0.0,8.767,0.8,1.15,11.15,0,0,22.15
8113,T02,CR1_S5,CR1,S5,0,0.0,10.342,0.89,1.15,11.53,4,0,29.42
8114,T05,CR1_S1,CR1,S1,0,0.0,8.767,0.8,1.15,0.82,2,0,20.23
8115,T01,S1_D1,S1,D1,1,174.8,5.834,1.12,1.15,10.15,2,0,15.47
8116,T05,CR1_S2,CR1,S2,0,0.0,8.334,1.39,1.15,5.8,2,0,23.36
8117,T02,CR1_S1,CR1,S1,0,0.0,8.767,0.8,1.15,0.97,1,0,21.8
8118,T10,D2_S3,D2,S3,0,0.0,6.362,1.39,1.35,4.59,1,0,19.88
8119,T03,D1_S5,D1,S5,0,0.0,6.724,1.12,1.15,7.72,4,0,17.79
8120,T03,S4_CR2,S4,CR2,1,199.7,6.855,1.9,1.35,3.01,3,0,22.96
8121,T08,S3_CR2,S3,CR2,1,210.4,6.579,1.9,1.35,8.07,4,0,24.88
8122,T04,S3_CR1,S3,CR1,1,177.3,8.135,1.57,1.15,2.67,1,0,20.61
8123,T05,S5_D1,S5,D1,1,196.9,6.724,1.12,1.15,0.41,3,1,28.65
8124,T10,CR1_S3,CR1,S3,0,0.0,8.135,1.57,1.15,11.5,1,0,16.38
8125,T04,D1_S5,D1,S5,0,0.0,6.724,1.12,1.15,1.74,2,0,16.08
8126,T09,CR1_S2,CR1,S2,0,0.0,8.334,1.39,1.15,11.72,2,0,21.29
8127,T08,CR1_S2,CR1,S2,0,0.0,8.334,1.39,1.15,7.6,2,1,26.29
8128,T08,S2_CR1,S2,CR1,1,188.1,8.334,1.39,1.15,8.01,6,0,34.4
8129,T08,S6_CR2,S6,CR2,1,182.2,8.342,1.9,1.35,6.87,5,0,30.17
8130,T02,D2_S4,D2,S4,0,0.0,6.638,1.49,1.35,10.05,1,1,25.43
8131,T10,D1_S5,D1,S5,0,0.0,6.724,1.12,1.15,7.71,2,1,19.71
8132,T01,S3_D2,S3,D2,1,200.3,6.362,1.39,1.35,9.07,2,1,36.37
8133,T03,D1_S5,D1,S5,0,0.0,6.724,1.12,1.15,4.97,4,0,16.04
8134,T06,D2_S4,D2,S4,0,0.0,6.638,1.49,1.35,10.33,0,0,20.3
8135,T04,CR1_S2,CR1,S2,0,0.0,8.334,1.39,1.15,8.08,2,1,26.53
8136,T04,S6_CR2,S6,CR2,1,188.9,8.342,1.9,1.35,7.27,4,1,36.97
8137,T01,D1_S5,D1,S5,0,0.0,6.724,1.12,1.15,5.58,5,0,18.55
8138,T04,CR1_S2,CR1,S2,0,0.0,8.334,1.39,1.15,2.2,1,0,22.16
8139,T04,CR2_S6,CR2,S6,0,0.0,8.342,1.9,1.35,4.2,2,0,21.52
8140,T08,S4_D2,S4,D2,1,196.7,6.638,1.49,1.35,9.8,1,0,26.64
8141,T08,CR1_S5,CR1,S5,0,0.0,10.342,0.89,1.15,6.46,3,0,30.15
8142,T10,S4_CR2,S4,CR2,1,180.5,6.855,1.9,1.35,3.8,1,0,19.89
8143,T10,S3_CR1,S3,CR1,1,169.2,8.135,1.57,1.15,4.03,3,1,34.31
8144,T05,S3_D2,S3,D2,1,204.5,6.362,1.39,1.35,2.03,0,0,25.71
8145,T05,D2_S4,D2,S4,0,0.0,6.638,1.49,1.35,0.31,0,0,20.65
8146,T08,D1_S1,D1,S1,0,0.0,5.834,1.12,1.15,4.8,1,0,12.86
8147,T07,CR2_S6,CR2,S6,0,0.0,8.342,1.9,1.35,9.3,6,1,28.7
8148,T05,S3_CR2,S3,CR2,1,207.0,6.579,1.9,1.35,3.0,3,0,24.1
8149,T02,CR1_S2,CR1,S2,0,0.0,8.334,1.39,1.15,5.47,3,0,22.95
8150,T02,S5_CR1,S5,CR1,1,186.2,10.342,0.89,1.15,1.12,0,0,31.18
8151,T06,S4_CR2,S4,CR2,1,166.7,6.855,1.9,1.35,5.16,6,0,26.67
8152,T05,D2_S3,D2,S3,0,0.0,6.362,1.39,1.35,10.47,1,0,21.92
8153,T05,D1_S5,D1,S5,0,0.0,6.724,1.12,1.15,9.53,2,0,16.8
8154,T05,CR1_S1,CR1,S1,0,0.0,8.767,0.8,1.15,8.63,1,0,23.11
8155,T06,CR2_S6,CR2,S6,0,0.0,8.342,1.9,1.35,7.64,1,0,22.16
8156,T09,S4_D2,S4,D2,1,191.8,6.638,1.49,1.35,11.18,4,0,29.05
8157,T05,S3_CR1,S3,CR1,1,197.3,8.135,1.57,1.15,9.66,1,0,22.13
8158,T07,S5_D1,S5,D1,1,200.0,6.724,1.12,1.15,8.67,5,0,21.8
8159,T09,S1_D1,S1,D1,1,185.5,5.834,1.12,1.15,9.35,1,0,16.09
8160,T05,CR1_S5,CR1,S5,0,0.0,10.342,0.89,1.15,2.93,2,0,28.13
8161,T01,D1_S1,D1,S1,0,0.0,5.834,1.12,1.15,4.4,3,0,14.44
8162,T02,D2_S4,D2,S4,0,0.0,6.638,1.49,1.35,7.25,2,0,21.33
8163,T10,S3_D2,S3,D2,1,212.1,6.362,1.39,1.35,11.92,1,0,26.7
8164,T01,CR1_S1,CR1,S1,0,0.0,8.767,0.8,1.15,6.77,3,0,22.77
8165,T01,S4_CR2,S4,CR2,1,202.6,6.855,1.9,1.35,1.97,2,0,23.59
8166,T05,D1_S5,D1,S5,0,0.0,6.724,1.12,1.15,2.24,0,0,14.77
8167,T04,S6_CR2,S6,CR2,1,188.5,8.342,1.9,1.35,8.17,5,0,30.49
8168,T03,S1_CR1,S1,CR1,1,186.0,8.767,0.8,1.15,11.27,1,0,26.63
8169,T09,CR2_S3,CR2,S3,0,0.0,6.579,1.9,1.35,7.3,3,1,23.52
8170,T09,D1_S1,D1,S1,0,0.0,5.834,1.12,1.15,1.76,0,0,11.02
8171,T06,S4_CR2,S4,CR2,1,191.9,6.855,1.9,1.35,10.38,0,1,28.78
8172,T10,S3_CR1,S3,CR1,1,203.3,8.135,1.57,1.15,5.18,4,1,30.01
8173,T01,S3_CR2,S3,CR2,1,195.1,6.579,1.9,1.35,11.28,3,0,22.39
8174,T01,S4_D2,S4,D2,1,196.1,6.638,1.49,1.35,1.94,2,0,29.06
8175,T03,S6_CR2,S6,CR2,1,186.6,8.342,1.9,1.35,11.31,5,1,35.97
8176,T06,D1_S5,D1,S5,0,0.0,6.724,1.12,1.15,9.56,1,0,17.13
8177,T06,CR1_S1,CR1,S1,0,0.0,8.767,0.8,1.15,6.6,2,0,21.25
8178,T09,S2_CR1,S2,CR1,1,199.0,8.334,1.39,1.15,2.74,2,1,41.75
8179,T07,S3_CR1,S3,CR1,1,162.6,8.135,1.57,1.15,12.0,0,0,19.83
8180,T05,S2_CR1,S2,CR1,1,215.8,8.334,1.39,1.15,0.54,2,1,35.83
8181,T08,S6_CR2,S6,CR2,1,187.1,8.342,1.9,1.35,4.18,3,0,29.69
8182,T03,CR1_S1,CR1,S1,0,0.0,8.767,0.8,1.15,1.46,3,1,35.29
8183,T04,CR1_S1,CR1,S1,0,0.0,8.767,0.8,1.15,2.98,3,0,23.35
8184,T03,S4_D2,S4,D2,1,184.1,6.638,1.49,1.35,8.33,3,0,27.9
8185,T08,CR1_S1,CR1,S1,0,0.0,8.767,0.8,1.15,11.79,2,0,22.38
8186,T05,S4_D2,S4,D2,1,199.1,6.638,1.49,1.35,7.77,5,1,43.19
8187,T01,S3_CR1,S3,CR1,1,188.6,8.135,1.57,1.15,10.95,2,0,20.98
8188,T06,CR1_S1,CR1,S1,0,0.0,8.767,0.8,1.15,10.01,4,0,27.05
8189,T05,D1_S5,D1,S5,0,0.0,6.724,1.12,1.15,6.73,0,0,15.14
8190,T01,S4_CR2,S4,CR2,1,185.4,6.855,1.9,1.35,7.95,1,1,29.21
8191,T10,CR1_S3,CR1,S3,0,0.0,8.135,1.57,1.15,1.67,4,1,27.99
8192,T05,CR1_S1,CR1,S1,0,0.0,8.767,0.8,1.15,9.12,2,0,21.52
8193,T07,CR1_S2,CR1,S2,0,0.0,8.334,1.39,1.15,9.13,1,0,23.47
8194,T08,CR2_S4,CR2,S4,0,0.0,6.855,1.9,1.35,3.39,4,0,20.9
8195,T09,D2_S3,D2,S3,0,0.0,6.362,1.39,1.35,10.2,3,0,23.37
8196,T01,S6_CR2,S6,CR2,1,210.3,8.342,1.9,1.35,8.06,4,0,27.06
8197,T06,S3_CR1,S3,CR1,1,192.5,8.135,1.57,1.15,5.83,2,0,20.08
8198,T07,S4_D2,S4,D2,1,192.2,6.638,1.49,1.35,2.8,2,0,25.99
8199,T01,S5_CR1,S5,CR1,1,220.0,10.342,0.89,1.15,8.05,4,0,36.81
8200,T01,CR2_S4,CR2,S4,0,0.0,6.855,1.9,1.35,8.65,2,0,21.27
8201,T04,S3_CR2,S3,CR2,1,192.9,6.579,1.9,1.35,0.64,3,0,24.32
8202,T06,CR2_S6,CR2,S6,0,0.0,8.342,1.9,1.35,4.08,3,0,21.83
8203,T08,S1_CR1,S1,CR1,1,220.0,8.767,0.8,1.15,4.79,5,0,31.63
8204,T03,S1_CR1,S1,CR1,1,192.1,8.767,0.8,1.15,9.98,1,0,27.42
8205,T08,CR1_S2,CR1,S2,0,0.0,8.334,1.39,1.15,10.1,2,0,22.69
8206,T06,S3_CR1,S3,CR1,1,204.3,8.135,1.57,1.15,4.64,3,0,22.02
8207,T02,S1_D1,S1,D1,1,187.0,5.834,1.12,1.15,11.69,2,1,21.84
8208,T04,CR2_S6,CR2,S6,0,0.0,8.342,1.9,1.35,10.67,0,0,21.77
8209,T05,CR1_S1,CR1,S1,0,0.0,8.767,0.8,1.15,11.37,1,0,21.99
8210,T09,S3_CR1,S3,CR1,1,184.9,8.135,1.57,1.15,5.53,1,1,27.64
8211,T03,D1_S5,D1,S5,0,0.0,6.724,1.12,1.15,3.18,0,0,16.43
8212,T03,CR2_S6,CR2,S6,0,0.0,8.342,1.9,1.35,2.14,0,0,19.86
8213,T10,S6_CR2,S6,CR2,1,210.2,8.342,1.9,1.35,11.59,2,0,26.39
8214,T04,S3_CR1,S3,CR1,1,189.2,8.135,1.57,1.15,2.32,2,1,25.96
8215,T04,S3_D2,S3,D2,1,199.1,6.362,1.39,1.35,4.44,4,0,29.7
8216,T01,S3_CR2,S3,CR2,1,171.6,6.579,1.9,1.35,3.55,3,0,26.57
8217,T08,CR1_S2,CR1,S2,0,0.0,8.334,1.39,1.15,4.07,3,0,20.18
8218,T02,S5_D1,S5,D1,1,215.1,6.724,1.12,1.15,2.7,3,0,22.23
8219,T07,D2_S3,D2,S3,0,0.0,6.362,1.39,1.35,9.11,5,0,24.94
8220,T06,CR1_S2,CR1,S2,0,0.0,8.334,1.39,1.15,0.11,4,0,24.71
8221,T06,S3_D2,S3,D2,1,215.6,6.362,1.39,1.35,11.1,2,0,28.92
8222,T08,S5_CR1,S5,CR1,1,216.3,10.342,0.89,1.15,5.58,1,0,34.76
8223,T02,S5_CR1,S5,CR1,1,218.7,10.342,0.89,1.15,9.44,3,0,35.84
8224,T10,D1_S5,D1,S5,0,0.0,6.724,1.12,1.15,10.87,2,0,15.8
8225,T06,CR1_S5,CR1,S5,0,0.0,10.342,0.89,1.15,8.32,3,0,22.97
8226,T10,CR2_S4,CR2,S4,0,0.0,6.855,1.9,1.35,7.73,3,1,22.55
8227,T04,S6_CR2,S6,CR2,1,202.7,8.342,1.9,1.35,4.23,3,1,36.24
8228,T03,CR2_S3,CR2,S3,0,0.0,6.579,1.9,1.35,9.91,0,0,16.78
8229,T08,D1_S5,D1,S5,0,0.0,6.724,1.12,1.15,6.35,1,0,14.82
8230,T06,S3_D2,S3,D2,1,189.9,6.362,1.39,1.35,5.49,5,0,29.73
8231,T02,S6_CR2,S6,CR2,1,191.8,8.342,1.9,1.35,10.88,2,0,27.86
8232,T05,D2_S4,D2,S4,0,0.0,6.638,1.49,1.35,8.19,2,1,24.63
8233,T08,CR1_S1,CR1,S1,0,0.0,8.767,0.8,1.15,2.54,1,0,21.5
8234,T01,S5_CR1,S5,CR1,1,190.6,10.342,0.89,1.15,1.0,0,0,34.96
8235,T02,S1_CR1,S1,CR1,1,205.9,8.767,0.8,1.15,10.11,2,0,29.33
8236,T03,S4_D2,S4,D2,1,207.2,6.638,1.49,1.35,3.57,2,0,30.07
8237,T10,CR1_S5,CR1,S5,0,0.0,10.342,0.89,1.15,0.15,1,0,29.08
8238,T01,S4_D2,S4,D2,1,210.4,6.638,1.49,1.35,0.98,0,1,39.14
8239,T09,S4_CR2,S4,CR2,1,191.1,6.855,1.9,1.35,0.37,1,0,22.87
8240,T04,S5_D1,S5,D1,1,206.9,6.724,1.12,1.15,0.56,1,0,20.85
8241,T10,S3_CR1,S3,CR1,1,175.3,8.135,1.57,1.15,7.0,4,1,32.11
8242,T03,CR2_S6,CR2,S6,0,0.0,8.342,1.9,1.35,2.35,0,0,19.66
8243,T04,S5_D1,S5,D1,1,214.7,6.724,1.12,1.15,6.47,3,0,21.8
8244,T05,CR2_S3,CR2,S3,0,0.0,6.579,1.9,1.35,2.85,3,0,21.0
8245,T03,CR1_S1,CR1,S1,0,0.0,8.767,0.8,1.15,4.27,3,0,25.27
8246,T01,CR1_S1,CR1,S1,0,0.0,8.767,0.8,1.15,11.21,0,0,20.74
8247,T06,S4_CR2,S4,CR2,1,208.5,6.855,1.9,1.35,1.55,0,0,20.1
8248,T10,CR1_S1,CR1,S1,0,0.0,8.767,0.8,1.15,10.83,3,0,22.7
8249,T01,D2_S4,D2,S4,0,0.0,6.638,1.49,1.35,7.56,3,0,24.61
8250,T05,CR2_S4,CR2,S4,0,0.0,6.855,1.9,1.35,11.79,0,0,17.65
8251,T02,D2_S3,D2,S3,0,0.0,6.362,1.39,1.35,9.22,0,1,29.97
8252,T08,S5_CR1,S5,CR1,1,214.0,10.342,0.89,1.15,0.22,1,0,34.29
8253,T07,CR1_S5,CR1,S5,0,0.0,10.342,0.89,1.15,5.42,4,0,29.93
8254,T05,D2_S4,D2,S4,0,0.0,6.638,1.49,1.35,6.68,5,0,28.37
8255,T01,D1_S5,D1,S5,0,0.0,6.724,1.12,1.15,4.37,4,0,18.57
8256,T07,CR2_S3,CR2,S3,0,0.0,6.579,1.9,1.35,3.83,1,0,17.68
8257,T06,S3_CR1,S3,CR1,1,197.6,8.135,1.57,1.15,11.01,1,0,20.74
8258,T04,CR1_S5,CR1,S5,0,0.0,10.342,0.89,1.15,8.71,1,0,27.91
8259,T07,S2_CR1,S2,CR1,1,193.1,8.334,1.39,1.15,10.34,2,0,28.79
8260,T09,S4_CR2,S4,CR2,1,201.5,6.855,1.9,1.35,2.67,2,0,22.19
8261,T01,S5_D1,S5,D1,1,216.1,6.724,1.12,1.15,8.98,2,0,20.74
8262,T10,D2_S3,D2,S3,0,0.0,6.362,1.39,1.35,1.32,1,0,22.94
8263,T03,CR2_S3,CR2,S3,0,0.0,6.579,1.9,1.35,7.5,2,1,24.96
8264,T04,CR1_S5,CR1,S5,0,0.0,10.342,0.89,1.15,2.11,3,0,25.03
8265,T07,CR2_S3,CR2,S3,0,0.0,6.579,1.9,1.35,10.92,0,0,19.23
8266,T03,CR2_S6,CR2,S6,0,0.0,8.342,1.9,1.35,1.35,1,0,22.43
8267,T02,CR2_S4,CR2,S4,0,0.0,6.855,1.9,1.35,6.34,3,0,18.96
8268,T04,CR2_S4,CR2,S4,0,0.0,6.855,1.9,1.35,10.82,1,0,17.85
8269,T09,CR1_S5,CR1,S5,0,0.0,10.342,0.89,1.15,9.95,2,0,26.55
8270,T05,CR2_S4,CR2,S4,0,0.0,6.855,1.9,1.35,11.81,1,0,17.79
8271,T07,S6_CR2,S6,CR2,1,184.0,8.342,1.9,1.35,1.59,1,0,27.99
8272,T10,S1_CR1,S1,CR1,1,211.0,8.767,0.8,1.15,6.56,3,0,28.6
8273,T09,S3_D2,S3,D2,1,193.3,6.362,1.39,1.35,10.27,1,0,24.07
8274,T03,S3_CR2,S3,CR2,1,171.1,6.579,1.9,1.35,0.81,0,1,28.98
8275,T10,CR1_S3,CR1,S3,0,0.0,8.135,1.57,1.15,3.54,2,0,16.97
8276,T03,S5_CR1,S5,CR1,1,197.3,10.342,0.89,1.15,11.85,2,0,34.88
8277,T02,S3_CR2,S3,CR2,1,199.6,6.579,1.9,1.35,0.47,3,0,28.8
8278,T08,D2_S3,D2,S3,0,0.0,6.362,1.39,1.35,2.77,0,1,27.48
8279,T02,CR1_S1,CR1,S1,0,0.0,8.767,0.8,1.15,0.11,1,1,27.37
8280,T10,S2_CR1,S2,CR1,1,204.2,8.334,1.39,1.15,3.44,3,0,29.9
8281,T03,S4_D2,S4,D2,1,186.5,6.638,1.49,1.35,11.96,4,0,29.05
8282,T10,CR1_S5,CR1,S5,0,0.0,10.342,0.89,1.15,11.92,4,0,26.7
8283,T01,CR1_S2,CR1,S2,0,0.0,8.334,1.39,1.15,4.45,5,0,26.07
8284,T07,D2_S4,D2,S4,0,0.0,6.638,1.49,1.35,2.97,3,0,23.99
8285,T01,CR2_S3,CR2,S3,0,0.0,6.579,1.9,1.35,3.71,2,0,17.95
8286,T03,D1_S5,D1,S5,0,0.0,6.724,1.12,1.15,1.76,2,0,16.93
8287,T06,CR1_S2,CR1,S2,0,0.0,8.334,1.39,1.15,3.84,5,1,29.08
8288,T02,CR1_S3,CR1,S3,0,0.0,8.135,1.57,1.15,1.75,0,0,16.31
8289,T10,CR1_S1,CR1,S1,0,0.0,8.767,0.8,1.15,11.9,4,0,23.17
8290,T09,S3_D2,S3,D2,1,179.1,6.362,1.39,1.35,6.37,3,1,36.67
8291,T04,CR2_S4,CR2,S4,0,0.0,6.855,1.9,1.35,7.43,0,0,17.32
8292,T10,S3_D2,S3,D2,1,217.6,6.362,1.39,1.35,10.26,1,0,26.59
8293,T09,CR1_S3,CR1,S3,0,0.0,8.135,1.57,1.15,6.1,7,0,19.47
8294,T01,S2_CR1,S2,CR1,1,209.2,8.334,1.39,1.15,10.76,3,1,38.09
8295,T10,CR1_S3,CR1,S3,0,0.0,8.135,1.57,1.15,10.05,3,0,19.19
8296,T07,D1_S1,D1,S1,0,0.0,5.834,1.12,1.15,9.78,1,0,12.59
8297,T07,S1_D1,S1,D1,1,185.4,5.834,1.12,1.15,3.46,1,0,16.25
8298,T02,S4_CR2,S4,CR2,1,201.5,6.855,1.9,1.35,7.84,1,0,25.15
8299,T03,S4_CR2,S4,CR2,1,204.2,6.855,1.9,1.35,8.13,2,0,23.21
8300,T04,CR1_S5,CR1,S5,0,0.0,10.342,0.89,1.15,8.93,1,1,35.92
8301,T07,S2_CR1,S2,CR1,1,190.6,8.334,1.39,1.15,7.87,0,0,24.15
8302,T06,S5_D1,S5,D1,1,205.0,6.724,1.12,1.15,5.52,2,0,21.53
8303,T09,S5_D1,S5,D1,1,183.4,6.724,1.12,1.15,7.6,4,0,23.71
8304,T10,CR2_S6,CR2,S6,0,0.0,8.342,1.9,1.35,3.75,1,0,20.77
8305,T01,CR1_S1,CR1,S1,0,0.0,8.767,0.8,1.15,1.8,2,0,21.02
8306,T02,D2_S4,D2,S4,0,0.0,6.638,1.49,1.35,3.05,4,0,23.06
8307,T07,CR1_S2,CR1,S2,0,0.0,8.334,1.39,1.15,6.79,5,0,23.85
8308,T01,S3_CR2,S3,CR2,1,215.7,6.579,1.9,1.35,0.69,2,1,27.39
8309,T10,S4_CR2,S4,CR2,1,192.0,6.855,1.9,1.35,8.19,2,0,22.21
8310,T02,CR1_S2,CR1,S2,0,0.0,8.334,1.39,1.15,10.53,1,0,21.65
8311,T05,S2_CR1,S2,CR1,1,187.4,8.334,1.39,1.15,11.9,3,1,38.65
8312,T03,D1_S1,D1,S1,0,0.0,5.834,1.12,1.15,4.87,2,0,14.74
8313,T07,S6_CR2,S6,CR2,1,211.0,8.342,1.9,1.35,3.69,2,1,38.38
8314,T03,S6_CR2,S6,CR2,1,195.8,8.342,1.9,1.35,9.68,1,0,24.97
8315,T03,S3_D2,S3,D2,1,199.4,6.362,1.39,1.35,6.36,4,0,28.32
8316,T03,CR2_S3,CR2,S3,0,0.0,6.579,1.9,1.35,6.4,4,0,20.92
8317,T10,CR1_S3,CR1,S3,0,0.0,8.135,1.57,1.15,6.94,8,0,24.3
8318,T02,S3_CR2,S3,CR2,1,178.3,6.579,1.9,1.35,9.73,3,1,30.46
8319,T07,S5_CR1,S5,CR1,1,187.9,10.342,0.89,1.15,2.23,2,0,32.49
8320,T05,S4_D2,S4,D2,1,201.1,6.638,1.49,1.35,7.98,5,0,27.37
8321,T02,CR2_S6,CR2,S6,0,0.0,8.342,1.9,1.35,4.29,1,0,22.27
8322,T05,S4_D2,S4,D2,1,196.8,6.638,1.49,1.35,11.66,1,0,26.6
8323,T07,S4_D2,S4,D2,1,180.1,6.638,1.49,1.35,5.95,2,0,27.38
8324,T07,S4_CR2,S4,CR2,1,191.7,6.855,1.9,1.35,9.13,1,1,27.12
8325,T01,S5_CR1,S5,CR1,1,191.8,10.342,0.89,1.15,11.97,1,1,42.73
8326,T07,S1_CR1,S1,CR1,1,220.0,8.767,0.8,1.15,11.74,1,0,25.83
8327,T02,S5_D1,S5,D1,1,199.2,6.724,1.12,1.15,0.24,1,0,19.66
8328,T05,S3_CR2,S3,CR2,1,195.1,6.579,1.9,1.35,10.26,2,0,23.13
8329,T02,CR1_S1,CR1,S1,0,0.0,8.767,0.8,1.15,4.71,4,0,25.48
8330,T02,CR1_S1,CR1,S1,0,0.0,8.767,0.8,1.15,0.31,0,0,21.65
8331,T10,S5_D1,S5,D1,1,197.5,6.724,1.12,1.15,8.6,3,0,21.98
8332,T01,S4_D2,S4,D2,1,164.0,6.638,1.49,1.35,4.41,1,0,27.07
8333,T05,S6_CR2,S6,CR2,1,192.8,8.342,1.9,1.35,9.9,1,0,24.63
8334,T08,S4_D2,S4,D2,1,212.1,6.638,1.49,1.35,7.93,5,0,28.37
8335,T07,CR1_S2,CR1,S2,0,0.0,8.334,1.39,1.15,5.85,2,0,24.82
8336,T01,CR1_S1,CR1,S1,0,0.0,8.767,0.8,1.15,6.11,6,0,24.71
8337,T09,CR1_S3,CR1,S3,0,0.0,8.135,1.57,1.15,5.74,2,1,19.68
8338,T10,CR1_S5,CR1,S5,0,0.0,10.342,0.89,1.15,1.82,2,1,37.56
8339,T05,CR1_S2,CR1,S2,0,0.0,8.334,1.39,1.15,4.52,5,1,32.43
8340,T09,D2_S3,D2,S3,0,0.0,6.362,1.39,1.35,3.22,1,0,21.51
8341,T07,S2_CR1,S2,CR1,1,186.4,8.334,1.39,1.15,9.37,3,1,36.89
8342,T09,D1_S5,D1,S5,0,0.0,6.724,1.12,1.15,6.1,4,0,17.61
8343,T08,CR1_S2,CR1,S2,0,0.0,8.334,1.39,1.15,9.21,1,0,20.9
8344,T05,S2_CR1,S2,CR1,1,188.1,8.334,1.39,1.15,10.58,2,0,29.54
8345,T03,S5_D1,S5,D1,1,197.1,6.724,1.12,1.15,4.02,4,1,25.4
8346,T05,S3_CR2,S3,CR2,1,185.2,6.579,1.9,1.35,8.53,5,0,26.07
8347,T05,S6_CR2,S6,CR2,1,182.2,8.342,1.9,1.35,3.36,1,0,29.12
8348,T02,CR1_S2,CR1,S2,0,0.0,8.334,1.39,1.15,3.58,2,0,22.61
8349,T09,D2_S3,D2,S3,0,0.0,6.362,1.39,1.35,9.55,2,1,22.95
8350,T02,S5_CR1,S5,CR1,1,211.9,10.342,0.89,1.15,1.38,3,0,35.41
8351,T01,S1_CR1,S1,CR1,1,211.9,8.767,0.8,1.15,3.7,1,0,30.63
8352,T09,S3_CR2,S3,CR2,1,192.6,6.579,1.9,1.35,11.8,1,0,24.12
8353,T02,CR1_S5,CR1,S5,0,0.0,10.342,0.89,1.15,4.26,2,0,25.14
8354,T06,S5_D1,S5,D1,1,192.7,6.724,1.12,1.15,3.12,2,0,21.48
8355,T05,S1_CR1,S1,CR1,1,211.0,8.767,0.8,1.15,9.91,0,0,29.39
8356,T05,CR1_S1,CR1,S1,0,0.0,8.767,0.8,1.15,6.17,4,0,27.61
8357,T03,CR2_S6,CR2,S6,0,0.0,8.342,1.9,1.35,9.79,2,1,28.45
8358,T08,CR1_S3,CR1,S3,0,0.0,8.135,1.57,1.15,5.47,2,0,17.38
8359,T05,D2_S3,D2,S3,0,0.0,6.362,1.39,1.35,6.98,5,0,25.93
8360,T10,CR2_S4,CR2,S4,0,0.0,6.855,1.9,1.35,3.75,4,1,23.32
8361,T07,S5_D1,S5,D1,1,207.5,6.724,1.12,1.15,9.91,2,0,22.04
8362,T10,S3_D2,S3,D2,1,217.9,6.362,1.39,1.35,10.67,5,1,40.76
8363,T01,S1_D1,S1,D1,1,191.9,5.834,1.12,1.15,5.98,2,1,19.03
8364,T06,CR2_S6,CR2,S6,0,0.0,8.342,1.9,1.35,0.34,6,0,24.11
8365,T10,S6_CR2,S6,CR2,1,177.1,8.342,1.9,1.35,10.36,3,0,29.36
8366,T02,S6_CR2,S6,CR2,1,181.3,8.342,1.9,1.35,1.51,2,0,28.58
8367,T08,S3_CR2,S3,CR2,1,201.2,6.579,1.9,1.35,8.92,4,0,25.99
8368,T04,CR1_S3,CR1,S3,0,0.0,8.135,1.57,1.15,11.89,1,0,16.65
8369,T04,D1_S1,D1,S1,0,0.0,5.834,1.12,1.15,10.92,2,0,13.24
8370,T02,CR2_S6,CR2,S6,0,0.0,8.342,1.9,1.35,10.94,4,0,24.64
8371,T04,CR1_S2,CR1,S2,0,0.0,8.334,1.39,1.15,11.42,1,0,23.22
8372,T02,CR1_S3,CR1,S3,0,0.0,8.135,1.57,1.15,11.12,2,0,17.85
8373,T07,S3_CR1,S3,CR1,1,190.9,8.135,1.57,1.15,0.03,3,0,20.1
8374,T01,S4_D2,S4,D2,1,193.7,6.638,1.49,1.35,5.68,4,0,30.12
8375,T08,D2_S3,D2,S3,0,0.0,6.362,1.39,1.35,7.7,4,0,24.17
8376,T05,S4_D2,S4,D2,1,183.4,6.638,1.49,1.35,10.41,1,0,27.86
8377,T02,S1_CR1,S1,CR1,1,203.4,8.767,0.8,1.15,11.56,3,1,40.96
8378,T07,S3_CR2,S3,CR2,1,185.3,6.579,1.9,1.35,10.11,0,0,23.11
8379,T07,CR1_S2,CR1,S2,0,0.0,8.334,1.39,1.15,7.51,1,0,21.81
8380,T09,S5_CR1,S5,CR1,1,195.0,10.342,0.89,1.15,11.95,4,0,33.1
8381,T06,S2_CR1,S2,CR1,1,204.9,8.334,1.39,1.15,11.81,3,1,39.6
8382,T07,CR1_S5,CR1,S5,0,0.0,10.342,0.89,1.15,7.98,1,0,27.63
8383,T07,S5_CR1,S5,CR1,1,177.6,10.342,0.89,1.15,9.94,2,0,33.29
8384,T05,D2_S4,D2,S4,0,0.0,6.638,1.49,1.35,1.26,3,0,22.39
8385,T07,S3_CR2,S3,CR2,1,220.0,6.579,1.9,1.35,10.38,1,0,22.69
8386,T07,S4_D2,S4,D2,1,219.2,6.638,1.49,1.35,11.81,4,0,29.11
8387,T05,S5_D1,S5,D1,1,197.3,6.724,1.12,1.15,8.35,0,0,17.39
8388,T03,D2_S4,D2,S4,0,0.0,6.638,1.49,1.35,2.9,2,0,20.2
8389,T05,CR1_S2,CR1,S2,0,0.0,8.334,1.39,1.15,7.31,4,0,23.05
8390,T02,S4_D2,S4,D2,1,190.2,6.638,1.49,1.35,10.6,1,0,27.96
8391,T04,S1_D1,S1,D1,1,194.1,5.834,1.12,1.15,1.75,3,0,15.65
8392,T01,S5_D1,S5,D1,1,198.7,6.724,1.12,1.15,1.65,0,0,18.61
8393,T01,CR1_S5,CR1,S5,0,0.0,10.342,0.89,1.15,6.38,4,1,36.69
8394,T02,S4_CR2,S4,CR2,1,190.6,6.855,1.9,1.35,8.08,3,0,25.26
8395,T07,CR1_S5,CR1,S5,0,0.0,10.342,0.89,1.15,5.74,2,1,35.87
8396,T01,CR1_S3,CR1,S3,0,0.0,8.135,1.57,1.15,7.04,4,0,18.02
8397,T03,S1_CR1,S1,CR1,1,188.1,8.767,0.8,1.15,4.5,3,0,29.28
8398,T09,S5_CR1,S5,CR1,1,217.9,10.342,0.89,1.15,4.54,8,0,42.24
8399,T07,CR1_S5,CR1,S5,0,0.0,10.342,0.89,1.15,1.62,3,0,28.93
8400,T08,D1_S1,D1,S1,0,0.0,5.834,1.12,1.15,11.34,3,1,18.49
8401,T02,CR2_S6,CR2,S6,0,0.0,8.342,1.9,1.35,10.64,5,0,23.35
8402,T03,S3_CR2,S3,CR2,1,212.4,6.579,1.9,1.35,6.32,4,0,24.2
8403,T09,CR1_S5,CR1,S5,0,0.0,10.342,0.89,1.15,0.41,1,0,29.19
8404,T03,S5_D1,S5,D1,1,192.3,6.724,1.12,1.15,0.31,2,0,21.98
8405,T06,CR1_S3,CR1,S3,0,0.0,8.135,1.57,1.15,2.72,3,0,17.0
8406,T04,CR1_S1,CR1,S1,0,0.0,8.767,0.8,1.15,8.44,1,0,21.19
8407,T08,S1_CR1,S1,CR1,1,195.4,8.767,0.8,1.15,0.93,3,1,41.47
8408,T02,CR2_S4,CR2,S4,0,0.0,6.855,1.9,1.35,5.32,3,1,24.75
8409,T04,S5_CR1,S5,CR1,1,207.9,10.342,0.89,1.15,10.89,3,0,36.17
8410,T06,D1_S1,D1,S1,0,0.0,5.834,1.12,1.15,8.41,6,0,18.92
8411,T04,D1_S1,D1,S1,0,0.0,5.834,1.12,1.15,6.35,5,1,20.38
8412,T05,S6_CR2,S6,CR2,1,201.4,8.342,1.9,1.35,11.85,1,0,25.65
8413,T01,CR2_S4,CR2,S4,0,0.0,6.855,1.9,1.35,3.48,2,0,17.48
8414,T04,S1_CR1,S1,CR1,1,201.0,8.767,0.8,1.15,9.36,4,0,28.91
8415,T03,D1_S1,D1,S1,0,0.0,5.834,1.12,1.15,6.49,5,0,13.74
8416,T08,S5_D1,S5,D1,1,163.1,6.724,1.12,1.15,6.45,1,0,19.03
8417,T04,S3_CR1,S3,CR1,1,186.9,8.135,1.57,1.15,6.56,3,0,25.0
8418,T03,S5_CR1,S5,CR1,1,185.4,10.342,0.89,1.15,0.94,1,0,30.98
8419,T04,CR2_S3,CR2,S3,0,0.0,6.579,1.9,1.35,5.42,3,0,17.12
8420,T01,S3_CR1,S3,CR1,1,209.4,8.135,1.57,1.15,0.7,1,0,19.88
8421,T10,S1_CR1,S1,CR1,1,206.4,8.767,0.8,1.15,7.33,8,0,32.98
8422,T01,CR2_S3,CR2,S3,0,0.0,6.579,1.9,1.35,9.3,2,0,19.54
8423,T09,D2_S3,D2,S3,0,0.0,6.362,1.39,1.35,8.62,3,1,33.05
8424,T07,S3_CR2,S3,CR2,1,209.5,6.579,1.9,1.35,0.82,2,1,26.8
8425,T08,S3_CR2,S3,CR2,1,200.5,6.579,1.9,1.35,11.65,2,0,22.62
8426,T02,S1_CR1,S1,CR1,1,191.0,8.767,0.8,1.15,3.84,1,0,25.94
8427,T08,D2_S3,D2,S3,0,0.0,6.362,1.39,1.35,5.33,3,0,22.71
8428,T10,D1_S5,D1,S5,0,0.0,6.724,1.12,1.15,9.76,2,0,18.31
8429,T10,S4_CR2,S4,CR2,1,220.0,6.855,1.9,1.35,7.76,3,0,25.24
8430,T01,D1_S1,D1,S1,0,0.0,5.834,1.12,1.15,11.17,3,0,13.48
8431,T04,CR2_S4,CR2,S4,0,0.0,6.855,1.9,1.35,3.73,3,0,20.5
8432,T06,CR1_S1,CR1,S1,0,0.0,8.767,0.8,1.15,7.51,4,0,23.65
8433,T05,S3_CR2,S3,CR2,1,185.9,6.579,1.9,1.35,0.98,2,0,21.88
8434,T08,S1_CR1,S1,CR1,1,220.0,8.767,0.8,1.15,6.55,4,0,28.34
8435,T06,S5_CR1,S5,CR1,1,214.1,10.342,0.89,1.15,10.09,3,1,42.04
8436,T06,S4_D2,S4,D2,1,207.4,6.638,1.49,1.35,9.58,2,1,35.96
8437,T07,S5_D1,S5,D1,1,206.9,6.724,1.12,1.15,8.5,2,0,19.96
8438,T05,S2_CR1,S2,CR1,1,202.7,8.334,1.39,1.15,1.97,1,0,28.12
8439,T05,D2_S4,D2,S4,0,0.0,6.638,1.49,1.35,9.33,3,1,28.13
8440,T02,D2_S3,D2,S3,0,0.0,6.362,1.39,1.35,0.13,1,0,20.79
8441,T09,D1_S1,D1,S1,0,0.0,5.834,1.12,1.15,9.71,3,1,20.46
8442,T10,CR2_S6,CR2,S6,0,0.0,8.342,1.9,1.35,2.71,2,1,26.09
8443,T02,D2_S3,D2,S3,0,0.0,6.362,1.39,1.35,4.19,1,0,21.58
8444,T04,S3_CR2,S3,CR2,1,201.1,6.579,1.9,1.35,3.68,1,0,22.8
8445,T08,S3_CR2,S3,CR2,1,199.4,6.579,1.9,1.35,8.24,2,0,23.01
8446,T08,S4_D2,S4,D2,1,211.6,6.638,1.49,1.35,9.5,0,0,26.69
8447,T04,S6_CR2,S6,CR2,1,198.7,8.342,1.9,1.35,5.81,2,1,39.12
8448,T05,S2_CR1,S2,CR1,1,185.1,8.334,1.39,1.15,8.67,2,0,28.26
8449,T07,CR2_S3,CR2,S3,0,0.0,6.579,1.9,1.35,0.73,3,0,19.26
8450,T02,CR2_S6,CR2,S6,0,0.0,8.342,1.9,1.35,8.2,2,1,25.97
8451,T03,S5_D1,S5,D1,1,182.4,6.724,1.12,1.15,1.32,2,0,21.83
8452,T10,S1_D1,S1,D1,1,205.2,5.834,1.12,1.15,4.6,1,0,16.45
8453,T05,S4_D2,S4,D2,1,215.8,6.638,1.49,1.35,4.95,5,0,31.17
8454,T01,S1_D1,S1,D1,1,180.2,5.834,1.12,1.15,2.38,1,0,17.86
8455,T01,D2_S3,D2,S3,0,0.0,6.362,1.39,1.35,2.55,1,0,21.95
8456,T09,CR1_S3,CR1,S3,0,0.0,8.135,1.57,1.15,9.56,1,0,15.9
8457,T02,CR2_S3,CR2,S3,0,0.0,6.579,1.9,1.35,9.09,0,0,16.17
8458,T04,S3_D2,S3,D2,1,202.3,6.362,1.39,1.35,8.54,1,1,32.87
8459,T07,S1_D1,S1,D1,1,187.1,5.834,1.12,1.15,7.87,4,0,19.58
8460,T10,CR2_S3,CR2,S3,0,0.0,6.579,1.9,1.35,9.5,3,0,18.65
8461,T07,CR2_S4,CR2,S4,0,0.0,6.855,1.9,1.35,11.68,5,0,22.39
8462,T07,CR1_S2,CR1,S2,0,0.0,8.334,1.39,1.15,10.85,1,0,24.55
8463,T08,S1_D1,S1,D1,1,204.1,5.834,1.12,1.15,3.43,0,1,19.85
8464,T05,S3_CR2,S3,CR2,1,200.0,6.579,1.9,1.35,5.85,6,0,24.32
8465,T10,D1_S1,D1,S1,0,0.0,5.834,1.12,1.15,1.84,2,0,12.88
8466,T07,S3_D2,S3,D2,1,214.3,6.362,1.39,1.35,8.83,2,0,28.21
8467,T06,CR1_S3,CR1,S3,0,0.0,8.135,1.57,1.15,0.13,3,0,20.09
8468,T09,S5_CR1,S5,CR1,1,196.8,10.342,0.89,1.15,4.4,3,1,45.67
8469,T06,D1_S5,D1,S5,0,0.0,6.724,1.12,1.15,0.24,2,0,18.6
8470,T10,S3_D2,S3,D2,1,163.2,6.362,1.39,1.35,5.46,2,1,35.54
8471,T01,CR2_S6,CR2,S6,0,0.0,8.342,1.9,1.35,5.94,4,0,25.12
8472,T08,S1_D1,S1,D1,1,184.2,5.834,1.12,1.15,7.73,1,1,20.65
8473,T08,S5_CR1,S5,CR1,1,159.3,10.342,0.89,1.15,2.15,2,1,42.32
8474,T02,S5_CR1,S5,CR1,1,196.6,10.342,0.89,1.15,0.79,1,1,38.32
8475,T07,D1_S5,D1,S5,0,0.0,6.724,1.12,1.15,10.52,2,0,15.49
8476,T09,CR2_S4,CR2,S4,0,0.0,6.855,1.9,1.35,7.11,2,0,18.04
8477,T07,CR2_S6,CR2,S6,0,0.0,8.342,1.9,1.35,4.89,2,0,26.07
8478,T04,CR2_S3,CR2,S3,0,0.0,6.579,1.9,1.35,5.53,1,0,18.21
8479,T04,D2_S4,D2,S4,0,0.0,6.638,1.49,1.35,0.81,3,1,31.65
8480,T10,S5_CR1,S5,CR1,1,199.0,10.342,0.89,1.15,10.26,5,0,40.86
8481,T03,S4_CR2,S4,CR2,1,199.1,6.855,1.9,1.35,9.79,4,0,25.91
8482,T05,D1_S5,D1,S5,0,0.0,6.724,1.12,1.15,1.37,3,0,17.86
8483,T04,S1_CR1,S1,CR1,1,196.4,8.767,0.8,1.15,7.66,2,0,29.17
8484,T03,S6_CR2,S6,CR2,1,198.7,8.342,1.9,1.35,0.06,2,0,27.21
8485,T06,S5_D1,S5,D1,1,209.9,6.724,1.12,1.15,7.9,0,0,19.67
8486,T01,S3_CR1,S3,CR1,1,216.2,8.135,1.57,1.15,9.64,2,0,23.26
8487,T06,S1_CR1,S1,CR1,1,193.2,8.767,0.8,1.15,8.1,4,0,27.62
8488,T09,D2_S3,D2,S3,0,0.0,6.362,1.39,1.35,4.41,3,0,23.43
8489,T05,CR2_S3,CR2,S3,0,0.0,6.579,1.9,1.35,1.91,4,0,20.31
8490,T07,CR1_S2,CR1,S2,0,0.0,8.334,1.39,1.15,5.6,3,0,24.34
8491,T09,CR2_S6,CR2,S6,0,0.0,8.342,1.9,1.35,0.71,2,0,22.1
8492,T05,CR2_S6,CR2,S6,0,0.0,8.342,1.9,1.35,4.37,0,0,20.32
8493,T02,S3_CR2,S3,CR2,1,187.1,6.579,1.9,1.35,7.75,1,0,21.14
8494,T08,D2_S3,D2,S3,0,0.0,6.362,1.39,1.35,2.68,0,1,24.87
8495,T06,CR2_S6,CR2,S6,0,0.0,8.342,1.9,1.35,2.5,3,0,25.42
8496,T06,S4_D2,S4,D2,1,181.7,6.638,1.49,1.35,4.72,2,0,26.07
8497,T05,S1_CR1,S1,CR1,1,192.9,8.767,0.8,1.15,7.19,2,0,30.91
8498,T09,S3_CR1,S3,CR1,1,180.8,8.135,1.57,1.15,3.44,1,0,19.56
8499,T08,D2_S3,D2,S3,0,0.0,6.362,1.39,1.35,10.43,3,0,23.47
8500,T06,S5_D1,S5,D1,1,197.5,6.724,1.12,1.15,0.75,2,0,20.18
8501,T06,S3_CR2,S3,CR2,1,220.0,6.579,1.9,1.35,11.03,1,0,23.62
8502,T06,CR1_S1,CR1,S1,0,0.0,8.767,0.8,1.15,7.7,3,0,26.42
8503,T02,CR2_S3,CR2,S3,0,0.0,6.579,1.9,1.35,1.41,3,1,24.25
8504,T06,S5_CR1,S5,CR1,1,201.1,10.342,0.89,1.15,7.74,2,0,32.21
8505,T09,CR2_S3,CR2,S3,0,0.0,6.579,1.9,1.35,10.76,3,0,23.42
8506,T09,S1_CR1,S1,CR1,1,189.9,8.767,0.8,1.15,4.31,4,0,27.06
8507,T06,S3_D2,S3,D2,1,208.7,6.362,1.39,1.35,6.46,8,0,33.45
8508,T10,S1_CR1,S1,CR1,1,193.1,8.767,0.8,1.15,5.65,0,0,26.4
8509,T06,S4_D2,S4,D2,1,170.4,6.638,1.49,1.35,1.77,3,0,28.18
8510,T07,S2_CR1,S2,CR1,1,193.3,8.334,1.39,1.15,1.69,3,0,29.52
8511,T09,CR2_S3,CR2,S3,0,0.0,6.579,1.9,1.35,9.81,1,0,19.35
8512,T04,CR2_S6,CR2,S6,0,0.0,8.342,1.9,1.35,2.03,3,0,24.02
8513,T07,S3_CR2,S3,CR2,1,186.4,6.579,1.9,1.35,8.11,2,0,22.55
8514,T01,CR2_S3,CR2,S3,0,0.0,6.579,1.9,1.35,6.45,8,0,25.38
8515,T09,CR2_S3,CR2,S3,0,0.0,6.579,1.9,1.35,11.18,3,0,20.6
8516,T10,S5_D1,S5,D1,1,206.7,6.724,1.12,1.15,2.3,2,1,25.87
8517,T03,S3_CR1,S3,CR1,1,175.5,8.135,1.57,1.15,7.3,4,0,23.2
8518,T05,S2_CR1,S2,CR1,1,220.0,8.334,1.39,1.15,3.35,3,0,29.14
8519,T02,S4_CR2,S4,CR2,1,199.0,6.855,1.9,1.35,7.59,2,0,26.0
8520,T10,S3_CR2,S3,CR2,1,176.0,6.579,1.9,1.35,9.65,4,0,24.47
8521,T10,CR2_S6,CR2,S6,0,0.0,8.342,1.9,1.35,4.88,1,0,21.77
8522,T01,D1_S5,D1,S5,0,0.0,6.724,1.12,1.15,6.43,4,0,16.62
8523,T05,CR2_S6,CR2,S6,0,0.0,8.342,1.9,1.35,0.82,3,0,22.33
8524,T07,S4_D2,S4,D2,1,187.6,6.638,1.49,1.35,2.04,0,0,23.15
8525,T08,CR1_S3,CR1,S3,0,0.0,8.135,1.57,1.15,6.76,5,0,18.85
8526,T05,S1_D1,S1,D1,1,214.6,5.834,1.12,1.15,5.82,4,0,18.76
8527,T02,D1_S1,D1,S1,0,0.0,5.834,1.12,1.15,4.55,4,0,13.16
8528,T07,S6_CR2,S6,CR2,1,196.2,8.342,1.9,1.35,3.72,3,1,32.62
8529,T07,S2_CR1,S2,CR1,1,201.6,8.334,1.39,1.15,9.4,4,0,28.92
8530,T05,CR2_S6,CR2,S6,0,0.0,8.342,1.9,1.35,1.04,0,0,19.49
8531,T01,D1_S5,D1,S5,0,0.0,6.724,1.12,1.15,1.87,4,1,22.25
8532,T02,S5_D1,S5,D1,1,173.3,6.724,1.12,1.15,0.84,5,0,23.65
8533,T02,D1_S5,D1,S5,0,0.0,6.724,1.12,1.15,5.16,7,0,20.75
8534,T05,S1_D1,S1,D1,1,177.8,5.834,1.12,1.15,9.8,2,0,15.64
8535,T09,CR1_S5,CR1,S5,0,0.0,10.342,0.89,1.15,7.3,2,0,25.54
8536,T05,CR1_S5,CR1,S5,0,0.0,10.342,0.89,1.15,6.27,5,1,35.5
8537,T08,S4_CR2,S4,CR2,1,209.3,6.855,1.9,1.35,9.88,3,0,21.22
8538,T08,CR1_S3,CR1,S3,0,0.0,8.135,1.57,1.15,1.23,1,0,17.49
8539,T06,S1_CR1,S1,CR1,1,184.4,8.767,0.8,1.15,8.51,3,0,25.95
8540,T06,S2_CR1,S2,CR1,1,185.4,8.334,1.39,1.15,2.85,2,1,36.32
8541,T01,S3_CR1,S3,CR1,1,189.2,8.135,1.57,1.15,5.01,3,0,23.88
8542,T04,S5_CR1,S5,CR1,1,179.9,10.342,0.89,1.15,10.73,5,0,36.55
8543,T06,S3_CR2,S3,CR2,1,194.4,6.579,1.9,1.35,0.98,3,1,31.92
8544,T04,CR1_S5,CR1,S5,0,0.0,10.342,0.89,1.15,3.01,1,0,24.33
8545,T10,D2_S4,D2,S4,0,0.0,6.638,1.49,1.35,3.14,1,0,21.37
8546,T08,S5_CR1,S5,CR1,1,187.3,10.342,0.89,1.15,2.57,2,0,37.58
8547,T05,D1_S5,D1,S5,0,0.0,6.724,1.12,1.15,4.17,5,0,18.97
8548,T08,S3_CR1,S3,CR1,1,170.6,8.135,1.57,1.15,6.74,5,0,21.32
8549,T03,CR1_S1,CR1,S1,0,0.0,8.767,0.8,1.15,9.54,4,0,24.31
8550,T08,S2_CR1,S2,CR1,1,197.6,8.334,1.39,1.15,5.28,4,0,28.58
8551,T06,S1_CR1,S1,CR1,1,180.8,8.767,0.8,1.15,0.38,4,0,28.55
8552,T09,S3_CR1,S3,CR1,1,172.6,8.135,1.57,1.15,0.96,1,1,23.42
8553,T02,S1_CR1,S1,CR1,1,215.1,8.767,0.8,1.15,1.66,1,1,38.07
8554,T06,S3_D2,S3,D2,1,166.7,6.362,1.39,1.35,5.83,2,0,30.0
8555,T06,S6_CR2,S6,CR2,1,193.4,8.342,1.9,1.35,6.4,6,1,39.4
8556,T08,S6_CR2,S6,CR2,1,193.3,8.342,1.9,1.35,2.42,6,0,27.35
8557,T04,S3_CR2,S3,CR2,1,175.3,6.579,1.9,1.35,8.85,6,0,25.38
8558,T05,S3_D2,S3,D2,1,201.9,6.362,1.39,1.35,1.38,2,0,27.38
8559,T10,CR2_S6,CR2,S6,0,0.0,8.342,1.9,1.35,8.97,1,0,22.48
8560,T03,CR1_S2,CR1,S2,0,0.0,8.334,1.39,1.15,6.01,4,1,30.94
8561,T04,S4_CR2,S4,CR2,1,220.0,6.855,1.9,1.35,4.38,5,0,25.01
8562,T01,CR2_S3,CR2,S3,0,0.0,6.579,1.9,1.35,10.47,2,0,18.8
8563,T10,CR2_S4,CR2,S4,0,0.0,6.855,1.9,1.35,2.51,2,0,17.54
8564,T05,D1_S1,D1,S1,0,0.0,5.834,1.12,1.15,11.03,2,0,13.29
8565,T01,S1_D1,S1,D1,1,200.6,5.834,1.12,1.15,0.04,1,0,16.85
8566,T06,CR1_S2,CR1,S2,0,0.0,8.334,1.39,1.15,5.88,8,1,34.28
8567,T03,S1_D1,S1,D1,1,199.6,5.834,1.12,1.15,8.04,2,0,16.19
8568,T04,S3_CR1,S3,CR1,1,189.0,8.135,1.57,1.15,5.0,3,0,25.59
8569,T07,CR2_S3,CR2,S3,0,0.0,6.579,1.9,1.35,3.15,2,0,20.2
8570,T03,CR2_S6,CR2,S6,0,0.0,8.342,1.9,1.35,10.86,1,0,23.53
8571,T07,S2_CR1,S2,CR1,1,202.5,8.334,1.39,1.15,5.52,3,0,32.4
8572,T07,S3_D2,S3,D2,1,180.2,6.362,1.39,1.35,8.95,2,1,33.62
8573,T04,D2_S4,D2,S4,0,0.0,6.638,1.49,1.35,8.53,3,0,22.49
8574,T10,CR2_S4,CR2,S4,0,0.0,6.855,1.9,1.35,2.95,6,0,19.69
8575,T05,S4_CR2,S4,CR2,1,190.5,6.855,1.9,1.35,5.23,2,0,22.9
8576,T02,S1_D1,S1,D1,1,192.4,5.834,1.12,1.15,2.94,4,1,22.62
8577,T10,S1_CR1,S1,CR1,1,189.3,8.767,0.8,1.15,9.34,5,0,31.79
8578,T03,S4_D2,S4,D2,1,168.7,6.638,1.49,1.35,9.04,1,0,24.74
8579,T07,CR1_S5,CR1,S5,0,0.0,10.342,0.89,1.15,8.48,2,0,30.21
8580,T10,D2_S3,D2,S3,0,0.0,6.362,1.39,1.35,8.3,1,0,22.93
8581,T07,D2_S3,D2,S3,0,0.0,6.362,1.39,1.35,11.08,3,0,23.18
8582,T05,CR1_S1,CR1,S1,0,0.0,8.767,0.8,1.15,9.14,4,0,28.01
8583,T01,S5_CR1,S5,CR1,1,179.8,10.342,0.89,1.15,3.37,3,1,43.83
8584,T07,S3_D2,S3,D2,1,159.4,6.362,1.39,1.35,9.68,3,0,26.14
8585,T01,CR2_S4,CR2,S4,0,0.0,6.855,1.9,1.35,1.47,2,0,20.66
8586,T02,D1_S1,D1,S1,0,0.0,5.834,1.12,1.15,2.81,0,1,14.37
8587,T09,S1_CR1,S1,CR1,1,195.8,8.767,0.8,1.15,6.13,4,0,29.82
8588,T01,S1_CR1,S1,CR1,1,220.0,8.767,0.8,1.15,4.76,2,1,37.57
8589,T09,D1_S1,D1,S1,0,0.0,5.834,1.12,1.15,2.55,2,1,15.63
8590,T03,S3_CR2,S3,CR2,1,194.6,6.579,1.9,1.35,1.94,2,0,20.72
8591,T03,S3_CR1,S3,CR1,1,192.2,8.135,1.57,1.15,11.65,2,0,21.56
8592,T03,S2_CR1,S2,CR1,1,188.8,8.334,1.39,1.15,5.25,5,0,28.41
8593,T08,S2_CR1,S2,CR1,1,176.9,8.334,1.39,1.15,9.6,5,0,28.65
8594,T05,CR1_S2,CR1,S2,0,0.0,8.334,1.39,1.15,7.09,6,0,27.32
8595,T08,D2_S3,D2,S3,0,0.0,6.362,1.39,1.35,5.68,4,0,21.08
8596,T01,D1_S5,D1,S5,0,0.0,6.724,1.12,1.15,11.79,1,0,17.35
8597,T10,S3_CR2,S3,CR2,1,203.2,6.579,1.9,1.35,7.95,2,0,23.99
8598,T05,CR1_S2,CR1,S2,0,0.0,8.334,1.39,1.15,5.84,8,0,27.66
8599,T01,CR1_S3,CR1,S3,0,0.0,8.135,1.57,1.15,11.35,0,0,15.92
8600,T10,CR2_S6,CR2,S6,0,0.0,8.342,1.9,1.35,11.87,1,0,20.65
8601,T09,S1_CR1,S1,CR1,1,200.3,8.767,0.8,1.15,4.92,7,0,32.52
8602,T10,CR2_S3,CR2,S3,0,0.0,6.579,1.9,1.35,6.26,3,0,20.61
8603,T05,D1_S1,D1,S1,0,0.0,5.834,1.12,1.15,6.19,2,0,12.81
8604,T09,CR1_S2,CR1,S2,0,0.0,8.334,1.39,1.15,8.45,2,0,22.21
8605,T08,S1_CR1,S1,CR1,1,213.7,8.767,0.8,1.15,4.68,6,1,36.47
8606,T07,S1_CR1,S1,CR1,1,207.4,8.767,0.8,1.15,1.5,1,0,27.1
8607,T07,CR1_S5,CR1,S5,0,0.0,10.342,0.89,1.15,6.18,6,0,27.7
8608,T03,S1_D1,S1,D1,1,195.1,5.834,1.12,1.15,6.74,5,0,18.66
8609,T05,D1_S5,D1,S5,0,0.0,6.724,1.12,1.15,1.83,0,0,15.23
8610,T10,CR1_S3,CR1,S3,0,0.0,8.135,1.57,1.15,7.48,4,1,23.12
8611,T08,D1_S5,D1,S5,0,0.0,6.724,1.12,1.15,0.06,4,0,19.11
8612,T04,S3_CR2,S3,CR2,1,214.4,6.579,1.9,1.35,10.18,0,0,21.86
8613,T05,D2_S3,D2,S3,0,0.0,6.362,1.39,1.35,2.63,4,0,23.89
8614,T04,CR2_S3,CR2,S3,0,0.0,6.579,1.9,1.35,1.99,3,1,26.41
8615,T07,S3_CR1,S3,CR1,1,190.0,8.135,1.57,1.15,5.14,2,0,20.76
8616,T04,S4_CR2,S4,CR2,1,173.2,6.855,1.9,1.35,9.63,2,0,23.02
8617,T09,D2_S3,D2,S3,0,0.0,6.362,1.39,1.35,11.9,3,1,30.93
8618,T07,S5_D1,S5,D1,1,204.7,6.724,1.12,1.15,7.53,0,0,19.83
8619,T01,CR2_S3,CR2,S3,0,0.0,6.579,1.9,1.35,11.7,0,0,16.5
8620,T08,S6_CR2,S6,CR2,1,210.2,8.342,1.9,1.35,6.74,4,0,27.88
8621,T02,S1_CR1,S1,CR1,1,215.6,8.767,0.8,1.15,5.26,4,1,36.57
8622,T09,S1_CR1,S1,CR1,1,195.7,8.767,0.8,1.15,2.1,4,0,29.26
8623,T09,CR2_S4,CR2,S4,0,0.0,6.855,1.9,1.35,11.39,2,0,18.3
8624,T06,CR2_S4,CR2,S4,0,0.0,6.855,1.9,1.35,2.33,0,1,22.6
8625,T04,S2_CR1,S2,CR1,1,220.0,8.334,1.39,1.15,6.7,1,0,28.89
8626,T08,CR1_S5,CR1,S5,0,0.0,10.342,0.89,1.15,8.15,1,0,27.84
8627,T10,S3_CR2,S3,CR2,1,176.9,6.579,1.9,1.35,8.31,3,0,24.83
8628,T08,CR1_S1,CR1,S1,0,0.0,8.767,0.8,1.15,5.98,4,0,25.85
8629,T01,CR1_S2,CR1,S2,0,0.0,8.334,1.39,1.15,1.93,0,0,21.28
8630,T06,S4_CR2,S4,CR2,1,186.7,6.855,1.9,1.35,11.86,2,0,22.6
8631,T09,D1_S5,D1,S5,0,0.0,6.724,1.12,1.15,3.03,1,1,18.31
8632,T09,S5_CR1,S5,CR1,1,189.1,10.342,0.89,1.15,3.29,1,1,46.25
8633,T09,CR2_S4,CR2,S4,0,0.0,6.855,1.9,1.35,8.93,5,0,19.95
8634,T03,S2_CR1,S2,CR1,1,174.2,8.334,1.39,1.15,0.09,1,0,29.67
8635,T10,D1_S1,D1,S1,0,0.0,5.834,1.12,1.15,11.33,3,0,15.54
8636,T08,CR1_S3,CR1,S3,0,0.0,8.135,1.57,1.15,1.73,1,0,17.19
8637,T02,S1_CR1,S1,CR1,1,185.5,8.767,0.8,1.15,6.94,3,0,28.19
8638,T05,S6_CR2,S6,CR2,1,176.3,8.342,1.9,1.35,1.72,1,0,26.18
8639,T04,D2_S4,D2,S4,0,0.0,6.638,1.49,1.35,0.85,2,0,21.74
8640,T07,S1_CR1,S1,CR1,1,201.3,8.767,0.8,1.15,1.11,5,0,28.49
8641,T07,S3_D2,S3,D2,1,209.6,6.362,1.39,1.35,10.37,0,0,25.42
8642,T07,D2_S3,D2,S3,0,0.0,6.362,1.39,1.35,5.07,5,0,24.2
8643,T03,S3_CR2,S3,CR2,1,199.5,6.579,1.9,1.35,7.44,3,0,26.24
8644,T07,S1_CR1,S1,CR1,1,206.9,8.767,0.8,1.15,4.43,3,0,25.41
8645,T03,CR1_S5,CR1,S5,0,0.0,10.342,0.89,1.15,11.74,3,0,25.18
8646,T10,CR1_S3,CR1,S3,0,0.0,8.135,1.57,1.15,7.25,5,0,19.84
8647,T10,CR1_S3,CR1,S3,0,0.0,8.135,1.57,1.15,8.76,1,0,19.05
8648,T07,CR1_S3,CR1,S3,0,0.0,8.135,1.57,1.15,4.53,3,0,18.07
8649,T03,S3_CR2,S3,CR2,1,183.6,6.579,1.9,1.35,7.66,5,1,37.12
8650,T05,CR1_S3,CR1,S3,0,0.0,8.135,1.57,1.15,3.02,4,0,17.02
8651,T06,CR1_S2,CR1,S2,0,0.0,8.334,1.39,1.15,11.46,3,0,23.07
8652,T01,S4_D2,S4,D2,1,191.6,6.638,1.49,1.35,3.66,5,0,26.77
8653,T01,CR2_S4,CR2,S4,0,0.0,6.855,1.9,1.35,9.2,3,0,18.48
8654,T04,D2_S4,D2,S4,0,0.0,6.638,1.49,1.35,2.67,4,0,22.68
8655,T08,CR1_S2,CR1,S2,0,0.0,8.334,1.39,1.15,3.95,2,0,19.93
8656,T04,S6_CR2,S6,CR2,1,195.4,8.342,1.9,1.35,10.44,2,0,28.42
8657,T09,D2_S3,D2,S3,0,0.0,6.362,1.39,1.35,10.36,1,0,21.73
8658,T07,D2_S4,D2,S4,0,0.0,6.638,1.49,1.35,7.98,4,0,21.54
8659,T04,D1_S1,D1,S1,0,0.0,5.834,1.12,1.15,2.68,3,0,13.28
8660,T03,S4_D2,S4,D2,1,191.2,6.638,1.49,1.35,2.43,2,0,27.14
8661,T01,D2_S3,D2,S3,0,0.0,6.362,1.39,1.35,11.32,0,0,21.38
8662,T10,S1_CR1,S1,CR1,1,193.7,8.767,0.8,1.15,3.98,4,0,28.63
8663,T06,CR2_S3,CR2,S3,0,0.0,6.579,1.9,1.35,0.74,5,0,20.59
8664,T04,CR2_S6,CR2,S6,0,0.0,8.342,1.9,1.35,7.92,3,0,23.42
8665,T02,CR1_S3,CR1,S3,0,0.0,8.135,1.57,1.15,8.09,1,0,16.88
8666,T06,S6_CR2,S6,CR2,1,203.7,8.342,1.9,1.35,2.53,2,0,26.48
8667,T02,S1_CR1,S1,CR1,1,194.9,8.767,0.8,1.15,1.16,0,0,29.39
8668,T02,S2_CR1,S2,CR1,1,171.1,8.334,1.39,1.15,3.47,4,0,29.34
8669,T06,S3_CR2,S3,CR2,1,200.5,6.579,1.9,1.35,7.56,1,0,22.55
8670,T05,S6_CR2,S6,CR2,1,180.0,8.342,1.9,1.35,0.22,1,0,27.89
8671,T10,S4_CR2,S4,CR2,1,203.7,6.855,1.9,1.35,7.21,4,0,23.57
8672,T04,S4_D2,S4,D2,1,193.8,6.638,1.49,1.35,11.22,3,0,28.67
8673,T08,S5_D1,S5,D1,1,220.0,6.724,1.12,1.15,5.63,4,0,21.67
8674,T02,D2_S3,D2,S3,0,0.0,6.362,1.39,1.35,7.54,3,0,23.54
8675,T05,S3_CR1,S3,CR1,1,186.3,8.135,1.57,1.15,5.21,2,0,20.09
8676,T05,S1_D1,S1,D1,1,216.5,5.834,1.12,1.15,1.3,2,1,22.14
8677,T05,CR1_S1,CR1,S1,0,0.0,8.767,0.8,1.15,0.7,2,0,23.38
8678,T02,CR2_S4,CR2,S4,0,0.0,6.855,1.9,1.35,11.45,2,0,18.88
8679,T10,S5_CR1,S5,CR1,1,188.6,10.342,0.89,1.15,0.64,3,1,41.54
8680,T02,D2_S4,D2,S4,0,0.0,6.638,1.49,1.35,5.04,4,0,24.67
8681,T07,S3_CR1,S3,CR1,1,211.4,8.135,1.57,1.15,1.81,4,0,24.19
8682,T07,CR2_S3,CR2,S3,0,0.0,6.579,1.9,1.35,3.69,3,0,20.06
8683,T08,CR2_S3,CR2,S3,0,0.0,6.579,1.9,1.35,3.55,4,0,18.77
8684,T07,S3_CR2,S3,CR2,1,214.8,6.579,1.9,1.35,2.46,3,0,24.18
8685,T03,S4_CR2,S4,CR2,1,212.7,6.855,1.9,1.35,3.92,1,0,23.49
8686,T06,CR2_S3,CR2,S3,0,0.0,6.579,1.9,1.35,4.26,4,0,20.11
8687,T08,S3_D2,S3,D2,1,215.2,6.362,1.39,1.35,10.98,2,0,28.2
8688,T10,S3_CR1,S3,CR1,1,220.0,8.135,1.57,1.15,8.13,1,0,19.15
8689,T10,CR1_S5,CR1,S5,0,0.0,10.342,0.89,1.15,0.49,5,0,26.99
8690,T03,CR2_S3,CR2,S3,0,0.0,6.579,1.9,1.35,5.46,3,0,20.95
8691,T04,S3_D2,S3,D2,1,187.8,6.362,1.39,1.35,6.05,5,0,27.55
8692,T09,CR1_S2,CR1,S2,0,0.0,8.334,1.39,1.15,7.24,3,0,24.29
8693,T01,S3_CR2,S3,CR2,1,206.9,6.579,1.9,1.35,2.72,2,0,24.05
8694,T04,S3_CR2,S3,CR2,1,176.2,6.579,1.9,1.35,5.72,3,0,24.29
8695,T09,S3_CR2,S3,CR2,1,190.0,6.579,1.9,1.35,9.37,2,0,26.86
8696,T05,D1_S1,D1,S1,0,0.0,5.834,1.12,1.15,9.03,0,0,11.62
8697,T02,CR1_S2,CR1,S2,0,0.0,8.334,1.39,1.15,10.2,3,0,22.32
8698,T08,D1_S1,D1,S1,0,0.0,5.834,1.12,1.15,5.98,4,0,14.43
8699,T04,S2_CR1,S2,CR1,1,195.9,8.334,1.39,1.15,10.03,1,1,36.17
8700,T08,S6_CR2,S6,CR2,1,220.0,8.342,1.9,1.35,9.49,4,1,34.36
8701,T08,S4_D2,S4,D2,1,184.0,6.638,1.49,1.35,4.27,5,0,29.04
8702,T06,S4_CR2,S4,CR2,1,201.9,6.855,1.9,1.35,9.38,3,0,22.38
8703,T04,CR1_S2,CR1,S2,0,0.0,8.334,1.39,1.15,5.94,3,0,23.31
8704,T03,CR1_S3,CR1,S3,0,0.0,8.135,1.57,1.15,5.15,1,0,18.11
8705,T04,CR1_S3,CR1,S3,0,0.0,8.135,1.57,1.15,1.52,2,0,16.95
8706,T09,S4_CR2,S4,CR2,1,187.0,6.855,1.9,1.35,2.6,2,0,24.73
8707,T03,D2_S3,D2,S3,0,0.0,6.362,1.39,1.35,6.64,3,0,23.76
8708,T05,S1_CR1,S1,CR1,1,192.8,8.767,0.8,1.15,8.17,3,0,30.48
8709,T06,D2_S4,D2,S4,0,0.0,6.638,1.49,1.35,2.59,0,0,21.21
8710,T09,S4_D2,S4,D2,1,186.9,6.638,1.49,1.35,8.46,2,1,34.25
8711,T10,S4_CR2,S4,CR2,1,213.8,6.855,1.9,1.35,10.68,3,1,29.56
8712,T04,D1_S5,D1,S5,0,0.0,6.724,1.12,1.15,4.91,5,0,19.49
8713,T04,CR2_S6,CR2,S6,0,0.0,8.342,1.9,1.35,2.35,4,0,22.7
8714,T09,CR2_S3,CR2,S3,0,0.0,6.579,1.9,1.35,11.86,3,1,25.09
8715,T01,CR1_S2,CR1,S2,0,0.0,8.334,1.39,1.15,10.52,4,1,29.79
8716,T09,S4_CR2,S4,CR2,1,189.8,6.855,1.9,1.35,7.27,5,0,26.43
8717,T02,CR2_S4,CR2,S4,0,0.0,6.855,1.9,1.35,0.14,1,0,19.32
8718,T06,S1_CR1,S1,CR1,1,215.8,8.767,0.8,1.15,10.74,3,1,38.05
8719,T01,S3_CR1,S3,CR1,1,206.1,8.135,1.57,1.15,7.57,1,1,26.29
8720,T07,CR2_S3,CR2,S3,0,0.0,6.579,1.9,1.35,9.75,1,0,16.75
8721,T10,CR1_S2,CR1,S2,0,0.0,8.334,1.39,1.15,10.02,2,1,24.7
8722,T02,CR1_S5,CR1,S5,0,0.0,10.342,0.89,1.15,4.14,5,0,31.17
8723,T06,S5_D1,S5,D1,1,187.6,6.724,1.12,1.15,11.2,3,0,21.26
8724,T05,S1_D1,S1,D1,1,201.4,5.834,1.12,1.15,7.13,1,0,15.81
8725,T08,CR1_S3,CR1,S3,0,0.0,8.135,1.57,1.15,0.69,2,0,18.62
8726,T02,S4_D2,S4,D2,1,220.0,6.638,1.49,1.35,5.78,2,0,31.4
8727,T04,S3_CR1,S3,CR1,1,215.7,8.135,1.57,1.15,2.97,1,0,18.85
8728,T08,S5_CR1,S5,CR1,1,210.1,10.342,0.89,1.15,6.2,7,0,39.81
8729,T08,S3_CR2,S3,CR2,1,218.6,6.579,1.9,1.35,4.7,2,0,21.93
8730,T01,D2_S3,D2,S3,0,0.0,6.362,1.39,1.35,10.07,1,0,21.88
8731,T09,S5_D1,S5,D1,1,190.6,6.724,1.12,1.15,0.34,1,0,21.68
8732,T09,CR2_S6,CR2,S6,0,0.0,8.342,1.9,1.35,10.52,1,1,25.76
8733,T07,S5_D1,S5,D1,1,212.7,6.724,1.12,1.15,3.81,1,0,19.29
8734,T08,D1_S5,D1,S5,0,0.0,6.724,1.12,1.15,6.98,3,0,19.12
8735,T10,S3_CR1,S3,CR1,1,211.6,8.135,1.57,1.15,4.94,6,0,25.75
8736,T03,S4_D2,S4,D2,1,211.1,6.638,1.49,1.35,11.85,3,0,26.99
8737,T07,CR1_S2,CR1,S2,0,0.0,8.334,1.39,1.15,11.07,1,0,24.32
8738,T05,S2_CR1,S2,CR1,1,215.0,8.334,1.39,1.15,5.92,7,0,29.96
8739,T02,CR1_S1,CR1,S1,0,0.0,8.767,0.8,1.15,11.34,1,0,20.77
8740,T04,D1_S5,D1,S5,0,0.0,6.724,1.12,1.15,5.89,8,0,22.12
8741,T01,S3_D2,S3,D2,1,208.2,6.362,1.39,1.35,8.19,1,0,25.76
8742,T02,CR2_S3,CR2,S3,0,0.0,6.579,1.9,1.35,0.34,0,0,15.75
8743,T02,D1_S1,D1,S1,0,0.0,5.834,1.12,1.15,9.9,1,0,12.07
8744,T05,S6_CR2,S6,CR2,1,217.8,8.342,1.9,1.35,9.8,1,0,27.83
8745,T02,S6_CR2,S6,CR2,1,201.0,8.342,1.9,1.35,11.84,5,0,28.76
8746,T10,CR2_S6,CR2,S6,0,0.0,8.342,1.9,1.35,6.48,2,0,20.71
8747,T01,S3_D2,S3,D2,1,182.1,6.362,1.39,1.35,3.88,1,1,33.81
8748,T10,S3_D2,S3,D2,1,174.3,6.362,1.39,1.35,0.03,3,0,27.53
8749,T03,S6_CR2,S6,CR2,1,170.1,8.342,1.9,1.35,5.85,4,0,30.39
8750,T09,S5_D1,S5,D1,1,196.2,6.724,1.12,1.15,2.09,1,0,22.03
8751,T09,D1_S5,D1,S5,0,0.0,6.724,1.12,1.15,5.77,5,0,20.26
8752,T07,CR2_S3,CR2,S3,0,0.0,6.579,1.9,1.35,2.19,2,0,17.57
8753,T08,CR1_S2,CR1,S2,0,0.0,8.334,1.39,1.15,8.1,4,0,25.52
8754,T04,S3_CR2,S3,CR2,1,215.0,6.579,1.9,1.35,3.41,4,0,24.31
8755,T04,S5_D1,S5,D1,1,209.1,6.724,1.12,1.15,6.74,4,0,23.36
8756,T05,CR2_S3,CR2,S3,0,0.0,6.579,1.9,1.35,0.66,2,0,20.21
8757,T04,S6_CR2,S6,CR2,1,212.4,8.342,1.9,1.35,5.1,4,0,28.29
8758,T07,D1_S1,D1,S1,0,0.0,5.834,1.12,1.15,0.21,2,0,14.15
8759,T10,S1_CR1,S1,CR1,1,206.6,8.767,0.8,1.15,1.75,0,1,31.17
8760,T02,S3_CR1,S3,CR1,1,212.0,8.135,1.57,1.15,3.78,0,0,18.95
8761,T07,S1_CR1,S1,CR1,1,204.1,8.767,0.8,1.15,2.51,5,0,30.46
8762,T07,CR1_S1,CR1,S1,0,0.0,8.767,0.8,1.15,6.37,2,0,21.82
8763,T02,D1_S5,D1,S5,0,0.0,6.724,1.12,1.15,4.43,3,0,19.17
8764,T02,S5_CR1,S5,CR1,1,199.6,10.342,0.89,1.15,5.72,4,0,36.67
8765,T08,S5_CR1,S5,CR1,1,220.0,10.342,0.89,1.15,6.84,3,0,37.91
8766,T03,D1_S5,D1,S5,0,0.0,6.724,1.12,1.15,2.47,2,0,18.73
8767,T10,S1_D1,S1,D1,1,181.1,5.834,1.12,1.15,3.7,4,0,15.33
8768,T05,D2_S3,D2,S3,0,0.0,6.362,1.39,1.35,8.14,2,0,19.67
8769,T01,CR1_S2,CR1,S2,0,0.0,8.334,1.39,1.15,10.78,3,0,24.85
8770,T10,S1_CR1,S1,CR1,1,178.6,8.767,0.8,1.15,7.81,2,0,26.15
8771,T09,S4_D2,S4,D2,1,220.0,6.638,1.49,1.35,6.85,4,0,27.27
8772,T07,S6_CR2,S6,CR2,1,209.5,8.342,1.9,1.35,7.87,1,0,27.69
8773,T10,CR2_S3,CR2,S3,0,0.0,6.579,1.9,1.35,1.02,2,1,23.17
8774,T06,S1_CR1,S1,CR1,1,184.4,8.767,0.8,1.15,2.25,1,0,30.1
8775,T07,S4_CR2,S4,CR2,1,187.4,6.855,1.9,1.35,3.29,2,0,23.5
8776,T04,S5_D1,S5,D1,1,177.4,6.724,1.12,1.15,10.35,2,0,21.32
8777,T02,S6_CR2,S6,CR2,1,175.7,8.342,1.9,1.35,9.76,2,0,25.32
8778,T02,CR1_S5,CR1,S5,0,0.0,10.342,0.89,1.15,1.45,0,0,27.78
8779,T10,S2_CR1,S2,CR1,1,200.2,8.334,1.39,1.15,6.57,3,0,32.43
8780,T09,S6_CR2,S6,CR2,1,214.5,8.342,1.9,1.35,8.38,1,1,31.01
8781,T01,CR1_S2,CR1,S2,0,0.0,8.334,1.39,1.15,1.28,1,0,21.8
8782,T02,D2_S3,D2,S3,0,0.0,6.362,1.39,1.35,6.69,3,1,32.18
8783,T08,CR1_S5,CR1,S5,0,0.0,10.342,0.89,1.15,11.78,3,0,26.87
8784,T05,CR1_S3,CR1,S3,0,0.0,8.135,1.57,1.15,8.68,2,0,17.45
8785,T05,S4_CR2,S4,CR2,1,193.5,6.855,1.9,1.35,2.58,1,0,24.78
8786,T09,CR2_S3,CR2,S3,0,0.0,6.579,1.9,1.35,11.68,4,0,18.7
8787,T05,S2_CR1,S2,CR1,1,192.8,8.334,1.39,1.15,10.08,2,0,30.12
8788,T05,S4_D2,S4,D2,1,185.3,6.638,1.49,1.35,7.76,5,0,28.14
8789,T03,S1_D1,S1,D1,1,193.6,5.834,1.12,1.15,1.5,5,1,26.09
8790,T06,D2_S4,D2,S4,0,0.0,6.638,1.49,1.35,8.1,5,0,25.36
8791,T09,S1_D1,S1,D1,1,190.7,5.834,1.12,1.15,5.9,3,1,17.6
8792,T06,D2_S3,D2,S3,0,0.0,6.362,1.39,1.35,7.57,4,0,24.89
8793,T07,CR2_S4,CR2,S4,0,0.0,6.855,1.9,1.35,10.55,2,0,18.57
8794,T06,CR2_S3,CR2,S3,0,0.0,6.579,1.9,1.35,4.4,4,0,18.74
8795,T09,S3_D2,S3,D2,1,191.0,6.362,1.39,1.35,3.06,4,0,30.32
8796,T06,S5_D1,S5,D1,1,190.3,6.724,1.12,1.15,9.25,4,0,23.36
8797,T07,S3_CR2,S3,CR2,1,172.7,6.579,1.9,1.35,7.77,1,0,22.21
8798,T04,CR1_S2,CR1,S2,0,0.0,8.334,1.39,1.15,9.77,2,0,22.43
8799,T09,S3_CR1,S3,CR1,1,177.4,8.135,1.57,1.15,4.94,5,0,24.36
8800,T04,S1_D1,S1,D1,1,194.1,5.834,1.12,1.15,11.16,6,0,19.67
8801,T06,S5_CR1,S5,CR1,1,216.6,10.342,0.89,1.15,9.07,1,0,29.56
8802,T02,CR1_S1,CR1,S1,0,0.0,8.767,0.8,1.15,5.86,5,1,38.53
8803,T03,CR2_S3,CR2,S3,0,0.0,6.579,1.9,1.35,7.01,4,0,20.3
8804,T06,S4_CR2,S4,CR2,1,194.7,6.855,1.9,1.35,4.47,7,1,30.84
8805,T10,S4_CR2,S4,CR2,1,199.7,6.855,1.9,1.35,9.77,2,0,22.34
8806,T10,S6_CR2,S6,CR2,1,209.6,8.342,1.9,1.35,4.91,0,0,24.62
8807,T02,CR1_S3,CR1,S3,0,0.0,8.135,1.57,1.15,11.86,2,0,17.66
8808,T06,CR1_S3,CR1,S3,0,0.0,8.135,1.57,1.15,2.73,2,0,15.72
8809,T06,D1_S5,D1,S5,0,0.0,6.724,1.12,1.15,6.09,3,0,15.41
8810,T02,CR1_S5,CR1,S5,0,0.0,10.342,0.89,1.15,0.21,2,0,23.85
8811,T10,D2_S4,D2,S4,0,0.0,6.638,1.49,1.35,0.2,4,0,21.82
8812,T04,CR1_S1,CR1,S1,0,0.0,8.767,0.8,1.15,0.01,3,1,26.72
8813,T08,D1_S1,D1,S1,0,0.0,5.834,1.12,1.15,4.43,1,0,12.83
8814,T08,S3_CR2,S3,CR2,1,216.6,6.579,1.9,1.35,0.8,2,0,25.14
8815,T03,S3_CR2,S3,CR2,1,193.7,6.579,1.9,1.35,6.82,0,0,21.46
8816,T10,S3_CR1,S3,CR1,1,186.5,8.135,1.57,1.15,0.32,4,0,22.73
8817,T09,S1_CR1,S1,CR1,1,204.8,8.767,0.8,1.15,3.12,1,0,30.39
8818,T10,S3_D2,S3,D2,1,197.3,6.362,1.39,1.35,6.38,3,0,28.5
8819,T03,S3_CR2,S3,CR2,1,204.9,6.579,1.9,1.35,1.54,5,0,27.06
8820,T04,S6_CR2,S6,CR2,1,180.8,8.342,1.9,1.35,11.77,1,0,25.85
8821,T10,CR1_S2,CR1,S2,0,0.0,8.334,1.39,1.15,4.78,4,1,27.28
8822,T07,S5_D1,S5,D1,1,207.0,6.724,1.12,1.15,0.84,2,1,28.63
8823,T04,D2_S4,D2,S4,0,0.0,6.638,1.49,1.35,5.61,5,0,24.49
8824,T01,CR2_S3,CR2,S3,0,0.0,6.579,1.9,1.35,10.41,3,0,22.09
8825,T02,CR1_S5,CR1,S5,0,0.0,10.342,0.89,1.15,3.61,3,1,33.23
8826,T04,D2_S3,D2,S3,0,0.0,6.362,1.39,1.35,2.75,3,0,21.49
8827,T05,S5_D1,S5,D1,1,207.9,6.724,1.12,1.15,5.98,5,0,23.53
8828,T10,S4_D2,S4,D2,1,196.9,6.638,1.49,1.35,9.44,2,0,27.4
8829,T09,S1_CR1,S1,CR1,1,182.6,8.767,0.8,1.15,7.3,3,0,28.56
8830,T08,S6_CR2,S6,CR2,1,206.1,8.342,1.9,1.35,6.09,5,0,33.2
8831,T07,CR1_S1,CR1,S1,0,0.0,8.767,0.8,1.15,7.18,6,0,26.49
8832,T06,S6_CR2,S6,CR2,1,187.2,8.342,1.9,1.35,11.14,1,0,26.3
8833,T07,D1_S1,D1,S1,0,0.0,5.834,1.12,1.15,11.97,1,1,15.85
8834,T10,CR1_S1,CR1,S1,0,0.0,8.767,0.8,1.15,7.84,1,0,20.77
8835,T04,CR2_S3,CR2,S3,0,0.0,6.579,1.9,1.35,11.93,2,0,19.05
8836,T10,S3_CR1,S3,CR1,1,214.4,8.135,1.57,1.15,8.87,3,0,23.85
8837,T08,S2_CR1,S2,CR1,1,220.0,8.334,1.39,1.15,5.39,4,0,30.76
8838,T06,S3_CR1,S3,CR1,1,214.0,8.135,1.57,1.15,0.19,1,0,21.18
8839,T09,D1_S1,D1,S1,0,0.0,5.834,1.12,1.15,2.84,1,0,12.37
8840,T08,CR2_S4,CR2,S4,0,0.0,6.855,1.9,1.35,2.12,0,0,19.96
8841,T07,D2_S4,D2,S4,0,0.0,6.638,1.49,1.35,8.4,5,0,26.4
8842,T02,S3_D2,S3,D2,1,209.7,6.362,1.39,1.35,7.05,4,1,35.4
8843,T08,S1_D1,S1,D1,1,199.4,5.834,1.12,1.15,1.7,4,0,15.28
8844,T07,S1_CR1,S1,CR1,1,195.0,8.767,0.8,1.15,11.52,3,0,30.43
8845,T06,S3_CR1,S3,CR1,1,187.2,8.135,1.57,1.15,9.04,1,0,22.25
8846,T07,D2_S3,D2,S3,0,0.0,6.362,1.39,1.35,3.91,2,1,29.77
8847,T06,S1_CR1,S1,CR1,1,191.0,8.767,0.8,1.15,1.85,1,1,34.24
8848,T07,D2_S4,D2,S4,0,0.0,6.638,1.49,1.35,0.85,3,0,23.92
8849,T02,D1_S5,D1,S5,0,0.0,6.724,1.12,1.15,1.42,2,0,18.69
8850,T01,S5_D1,S5,D1,1,185.8,6.724,1.12,1.15,9.2,1,1,26.97
8851,T07,S4_CR2,S4,CR2,1,184.7,6.855,1.9,1.35,1.15,2,1,29.13
8852,T01,CR2_S6,CR2,S6,0,0.0,8.342,1.9,1.35,4.55,3,1,29.76
8853,T10,S2_CR1,S2,CR1,1,176.6,8.334,1.39,1.15,3.99,1,0,28.38
8854,T09,D2_S4,D2,S4,0,0.0,6.638,1.49,1.35,10.78,0,0,20.31
8855,T01,S5_D1,S5,D1,1,194.3,6.724,1.12,1.15,2.72,5,0,23.2
8856,T01,S3_CR1,S3,CR1,1,188.2,8.135,1.57,1.15,0.16,5,0,22.95
8857,T03,CR2_S6,CR2,S6,0,0.0,8.342,1.9,1.35,5.4,3,0,23.11
8858,T08,CR1_S3,CR1,S3,0,0.0,8.135,1.57,1.15,11.55,3,0,20.52
8859,T04,CR2_S4,CR2,S4,0,0.0,6.855,1.9,1.35,2.71,2,0,20.76
8860,T02,D1_S5,D1,S5,0,0.0,6.724,1.12,1.15,2.12,2,0,17.9
8861,T03,D2_S3,D2,S3,0,0.0,6.362,1.39,1.35,2.97,3,0,23.58
8862,T03,CR1_S1,CR1,S1,0,0.0,8.767,0.8,1.15,2.83,3,0,22.53
8863,T10,S1_D1,S1,D1,1,209.0,5.834,1.12,1.15,11.61,3,1,23.21
8864,T01,S3_CR1,S3,CR1,1,206.9,8.135,1.57,1.15,2.45,1,0,22.5
8865,T07,D2_S3,D2,S3,0,0.0,6.362,1.39,1.35,4.39,1,0,21.57
8866,T05,D2_S3,D2,S3,0,0.0,6.362,1.39,1.35,11.41,2,0,20.81
8867,T10,CR1_S2,CR1,S2,0,0.0,8.334,1.39,1.15,10.07,0,0,20.89
8868,T06,D1_S1,D1,S1,0,0.0,5.834,1.12,1.15,6.2,3,0,14.75
8869,T09,CR2_S3,CR2,S3,0,0.0,6.579,1.9,1.35,5.34,4,0,19.25
8870,T06,S1_CR1,S1,CR1,1,210.0,8.767,0.8,1.15,3.31,2,0,27.86
8871,T02,D2_S4,D2,S4,0,0.0,6.638,1.49,1.35,8.23,1,0,21.19
8872,T04,CR1_S1,CR1,S1,0,0.0,8.767,0.8,1.15,6.8,3,0,21.31
8873,T03,D1_S5,D1,S5,0,0.0,6.724,1.12,1.15,1.59,2,0,15.23
8874,T02,CR2_S3,CR2,S3,0,0.0,6.579,1.9,1.35,10.78,2,0,17.01
8875,T02,S6_CR2,S6,CR2,1,184.2,8.342,1.9,1.35,11.1,1,0,27.48
8876,T08,D2_S4,D2,S4,0,0.0,6.638,1.49,1.35,3.33,4,0,23.42
8877,T07,S5_D1,S5,D1,1,184.7,6.724,1.12,1.15,11.67,5,0,22.56
8878,T09,S3_D2,S3,D2,1,183.6,6.362,1.39,1.35,9.49,0,0,23.17
8879,T04,S6_CR2,S6,CR2,1,195.5,8.342,1.9,1.35,9.01,2,0,26.78
8880,T08,S5_D1,S5,D1,1,176.4,6.724,1.12,1.15,0.85,0,0,19.22
8881,T09,CR2_S3,CR2,S3,0,0.0,6.579,1.9,1.35,8.55,3,0,18.47
8882,T10,CR2_S4,CR2,S4,0,0.0,6.855,1.9,1.35,2.55,3,0,18.94
8883,T01,S6_CR2,S6,CR2,1,220.0,8.342,1.9,1.35,2.45,1,0,26.18
8884,T02,D1_S5,D1,S5,0,0.0,6.724,1.12,1.15,6.95,4,0,19.36
8885,T06,CR2_S3,CR2,S3,0,0.0,6.579,1.9,1.35,3.63,2,0,18.8
8886,T05,S2_CR1,S2,CR1,1,182.5,8.334,1.39,1.15,6.43,7,0,29.3
8887,T06,S3_CR2,S3,CR2,1,190.3,6.579,1.9,1.35,7.39,0,0,21.85
8888,T04,D1_S1,D1,S1,0,0.0,5.834,1.12,1.15,10.03,2,0,14.16
8889,T01,CR2_S4,CR2,S4,0,0.0,6.855,1.9,1.35,3.87,7,0,24.41
8890,T08,CR1_S5,CR1,S5,0,0.0,10.342,0.89,1.15,4.43,3,0,28.22
8891,T06,CR1_S5,CR1,S5,0,0.0,10.342,0.89,1.15,5.74,6,0,27.89
8892,T01,CR1_S2,CR1,S2,0,0.0,8.334,1.39,1.15,10.91,1,0,22.6
8893,T03,CR2_S4,CR2,S4,0,0.0,6.855,1.9,1.35,11.82,2,0,18.41
8894,T09,S4_CR2,S4,CR2,1,195.2,6.855,1.9,1.35,8.1,2,1,26.68
8895,T01,D1_S1,D1,S1,0,0.0,5.834,1.12,1.15,11.44,4,0,14.29
8896,T01,CR1_S5,CR1,S5,0,0.0,10.342,0.89,1.15,0.32,1,0,30.13
8897,T05,D1_S1,D1,S1,0,0.0,5.834,1.12,1.15,0.23,1,0,10.99
8898,T03,CR2_S6,CR2,S6,0,0.0,8.342,1.9,1.35,9.94,4,0,25.29
8899,T06,S3_CR2,S3,CR2,1,186.9,6.579,1.9,1.35,0.89,4,0,26.3
8900,T08,S5_CR1,S5,CR1,1,166.6,10.342,0.89,1.15,3.37,3,0,35.79
8901,T10,CR2_S3,CR2,S3,0,0.0,6.579,1.9,1.35,4.56,3,0,20.26
8902,T04,CR1_S3,CR1,S3,0,0.0,8.135,1.57,1.15,5.21,1,0,15.77
8903,T06,CR2_S6,CR2,S6,0,0.0,8.342,1.9,1.35,2.52,2,0,22.01
8904,T03,S2_CR1,S2,CR1,1,220.0,8.334,1.39,1.15,6.09,4,1,31.83
8905,T05,S2_CR1,S2,CR1,1,189.7,8.334,1.39,1.15,7.85,3,1,37.05
8906,T01,S6_CR2,S6,CR2,1,204.5,8.342,1.9,1.35,1.37,0,0,25.35
8907,T09,S5_CR1,S5,CR1,1,185.9,10.342,0.89,1.15,1.37,1,0,33.31
8908,T09,CR2_S4,CR2,S4,0,0.0,6.855,1.9,1.35,11.45,3,0,20.38
8909,T07,D1_S5,D1,S5,0,0.0,6.724,1.12,1.15,3.49,2,0,19.05
8910,T04,CR1_S5,CR1,S5,0,0.0,10.342,0.89,1.15,10.84,5,0,28.93
8911,T04,CR1_S3,CR1,S3,0,0.0,8.135,1.57,1.15,6.55,2,0,17.42
8912,T08,CR1_S1,CR1,S1,0,0.0,8.767,0.8,1.15,0.67,1,0,19.9
8913,T10,D1_S1,D1,S1,0,0.0,5.834,1.12,1.15,8.22,2,0,13.69
8914,T09,CR1_S3,CR1,S3,0,0.0,8.135,1.57,1.15,11.93,1,0,16.97
8915,T04,CR2_S4,CR2,S4,0,0.0,6.855,1.9,1.35,5.34,3,0,19.8
8916,T07,CR1_S5,CR1,S5,0,0.0,10.342,0.89,1.15,5.64,7,0,33.67
8917,T09,CR2_S4,CR2,S4,0,0.0,6.855,1.9,1.35,6.35,7,1,26.2
8918,T10,CR2_S4,CR2,S4,0,0.0,6.855,1.9,1.35,6.53,2,0,18.93
8919,T01,CR1_S2,CR1,S2,0,0.0,8.334,1.39,1.15,2.16,3,0,21.85
8920,T04,S3_CR2,S3,CR2,1,180.9,6.579,1.9,1.35,6.76,6,0,25.18
8921,T03,S5_D1,S5,D1,1,188.7,6.724,1.12,1.15,11.05,3,1,24.83
8922,T08,S3_CR2,S3,CR2,1,193.4,6.579,1.9,1.35,10.33,1,0,22.47
8923,T05,S1_D1,S1,D1,1,185.2,5.834,1.12,1.15,6.67,3,1,22.67
8924,T06,CR2_S6,CR2,S6,0,0.0,8.342,1.9,1.35,6.34,4,0,25.22
8925,T07,S3_CR1,S3,CR1,1,168.5,8.135,1.57,1.15,2.52,1,0,20.55
8926,T03,S6_CR2,S6,CR2,1,196.9,8.342,1.9,1.35,5.42,4,0,29.68
8927,T03,D2_S3,D2,S3,0,0.0,6.362,1.39,1.35,1.8,1,1,28.52
8928,T07,S5_D1,S5,D1,1,199.1,6.724,1.12,1.15,4.79,5,0,24.94
8929,T05,S3_D2,S3,D2,1,209.9,6.362,1.39,1.35,5.45,4,0,33.38
8930,T09,CR1_S3,CR1,S3,0,0.0,8.135,1.57,1.15,3.32,3,0,19.05
8931,T03,CR2_S6,CR2,S6,0,0.0,8.342,1.9,1.35,9.53,3,0,25.58
8932,T04,D1_S5,D1,S5,0,0.0,6.724,1.12,1.15,0.52,2,0,16.63
8933,T06,D2_S4,D2,S4,0,0.0,6.638,1.49,1.35,0.03,2,0,20.34
8934,T10,D2_S3,D2,S3,0,0.0,6.362,1.39,1.35,3.06,2,0,21.59
8935,T03,CR2_S6,CR2,S6,0,0.0,8.342,1.9,1.35,10.66,2,0,22.71
8936,T08,S5_D1,S5,D1,1,197.5,6.724,1.12,1.15,5.59,2,0,21.6
8937,T06,S1_D1,S1,D1,1,194.5,5.834,1.12,1.15,2.58,4,0,18.74
8938,T01,CR2_S3,CR2,S3,0,0.0,6.579,1.9,1.35,1.8,2,0,19.23
8939,T06,S3_D2,S3,D2,1,200.3,6.362,1.39,1.35,8.73,3,1,33.87
8940,T05,CR1_S1,CR1,S1,0,0.0,8.767,0.8,1.15,4.51,1,0,21.61
8941,T06,CR2_S6,CR2,S6,0,0.0,8.342,1.9,1.35,3.15,1,0,21.97
8942,T09,CR2_S6,CR2,S6,0,0.0,8.342,1.9,1.35,1.17,2,1,30.22
8943,T08,S2_CR1,S2,CR1,1,176.7,8.334,1.39,1.15,9.21,1,0,26.54
8944,T01,S3_D2,S3,D2,1,184.0,6.362,1.39,1.35,7.49,5,0,29.27
8945,T07,D2_S3,D2,S3,0,0.0,6.362,1.39,1.35,6.69,2,0,23.6
8946,T04,CR2_S4,CR2,S4,0,0.0,6.855,1.9,1.35,3.59,1,0,16.84
8947,T01,S5_D1,S5,D1,1,187.5,6.724,1.12,1.15,11.5,2,0,20.84
8948,T03,D1_S5,D1,S5,0,0.0,6.724,1.12,1.15,2.95,3,1,21.91
8949,T01,D2_S4,D2,S4,0,0.0,6.638,1.49,1.35,2.53,1,0,20.6
8950,T01,CR1_S3,CR1,S3,0,0.0,8.135,1.57,1.15,11.66,2,0,19.49
8951,T02,CR1_S1,CR1,S1,0,0.0,8.767,0.8,1.15,8.27,4,0,27.28
8952,T02,S3_CR1,S3,CR1,1,220.0,8.135,1.57,1.15,1.28,1,0,23.19
8953,T04,D1_S5,D1,S5,0,0.0,6.724,1.12,1.15,4.21,2,1,21.8
8954,T09,CR1_S1,CR1,S1,0,0.0,8.767,0.8,1.15,0.39,0,1,26.08
8955,T01,S5_CR1,S5,CR1,1,189.6,10.342,0.89,1.15,8.44,4,0,34.14
8956,T03,S1_CR1,S1,CR1,1,180.6,8.767,0.8,1.15,1.09,2,0,30.01
8957,T08,D1_S5,D1,S5,0,0.0,6.724,1.12,1.15,4.76,3,0,18.59
8958,T06,S4_D2,S4,D2,1,215.3,6.638,1.49,1.35,9.83,2,0,27.21
8959,T05,CR1_S5,CR1,S5,0,0.0,10.342,0.89,1.15,7.19,2,0,27.82
8960,T07,S3_D2,S3,D2,1,204.4,6.362,1.39,1.35,3.95,7,0,32.88
8961,T05,CR1_S5,CR1,S5,0,0.0,10.342,0.89,1.15,0.35,1,0,25.74
8962,T08,S3_CR2,S3,CR2,1,201.1,6.579,1.9,1.35,3.57,3,0,25.18
8963,T08,S5_CR1,S5,CR1,1,197.4,10.342,0.89,1.15,4.09,3,0,33.12
8964,T05,CR2_S6,CR2,S6,0,0.0,8.342,1.9,1.35,0.66,1,0,22.6
8965,T02,CR2_S3,CR2,S3,0,0.0,6.579,1.9,1.35,9.15,3,0,20.62
8966,T06,S1_D1,S1,D1,1,211.0,5.834,1.12,1.15,2.3,2,0,16.91
8967,T03,CR2_S3,CR2,S3,0,0.0,6.579,1.9,1.35,7.62,2,0,17.78
8968,T05,CR1_S1,CR1,S1,0,0.0,8.767,0.8,1.15,4.63,1,0,23.14
8969,T01,S1_D1,S1,D1,1,182.5,5.834,1.12,1.15,3.64,3,0,15.6
8970,T04,S3_CR2,S3,CR2,1,177.2,6.579,1.9,1.35,2.46,3,0,24.89
8971,T05,CR1_S3,CR1,S3,0,0.0,8.135,1.57,1.15,0.47,2,0,16.81
8972,T01,S4_CR2,S4,CR2,1,194.3,6.855,1.9,1.35,9.97,4,0,20.74
8973,T09,S1_D1,S1,D1,1,198.4,5.834,1.12,1.15,11.83,1,0,16.56
8974,T04,CR2_S6,CR2,S6,0,0.0,8.342,1.9,1.35,9.9,0,0,20.44
8975,T10,D1_S5,D1,S5,0,0.0,6.724,1.12,1.15,1.31,3,0,15.16
8976,T02,S5_D1,S5,D1,1,215.8,6.724,1.12,1.15,8.8,4,0,22.57
8977,T05,D2_S4,D2,S4,0,0.0,6.638,1.49,1.35,4.66,2,1,32.27
8978,T01,CR1_S3,CR1,S3,0,0.0,8.135,1.57,1.15,7.24,3,0,18.28
8979,T04,S6_CR2,S6,CR2,1,200.9,8.342,1.9,1.35,1.2,4,0,25.11
8980,T02,S1_D1,S1,D1,1,199.1,5.834,1.12,1.15,9.62,1,0,16.36
8981,T01,S1_D1,S1,D1,1,205.8,5.834,1.12,1.15,8.9,2,0,16.89
8982,T08,S3_D2,S3,D2,1,208.9,6.362,1.39,1.35,4.73,2,1,29.98
8983,T05,CR2_S4,CR2,S4,0,0.0,6.855,1.9,1.35,8.07,3,0,20.82
8984,T09,S5_D1,S5,D1,1,166.3,6.724,1.12,1.15,7.09,2,0,22.26
8985,T09,S6_CR2,S6,CR2,1,209.2,8.342,1.9,1.35,5.82,3,0,28.61
8986,T06,S6_CR2,S6,CR2,1,219.4,8.342,1.9,1.35,0.69,1,0,27.83
8987,T10,CR2_S3,CR2,S3,0,0.0,6.579,1.9,1.35,8.96,2,0,17.7
8988,T01,CR2_S3,CR2,S3,0,0.0,6.579,1.9,1.35,4.19,2,0,18.96
8989,T02,CR2_S6,CR2,S6,0,0.0,8.342,1.9,1.35,1.87,0,1,26.89
8990,T08,D1_S5,D1,S5,0,0.0,6.724,1.12,1.15,8.82,1,1,21.05
8991,T03,CR1_S2,CR1,S2,0,0.0,8.334,1.39,1.15,2.21,6,0,24.39
8992,T01,D2_S4,D2,S4,0,0.0,6.638,1.49,1.35,5.15,5,1,32.83
8993,T02,CR2_S6,CR2,S6,0,0.0,8.342,1.9,1.35,9.45,2,0,22.92
8994,T08,S6_CR2,S6,CR2,1,218.0,8.342,1.9,1.35,6.79,4,0,28.14
8995,T01,CR2_S4,CR2,S4,0,0.0,6.855,1.9,1.35,3.73,2,0,20.19
8996,T06,S2_CR1,S2,CR1,1,200.6,8.334,1.39,1.15,1.22,2,0,27.54
8997,T03,CR2_S6,CR2,S6,0,0.0,8.342,1.9,1.35,10.42,4,0,20.32
8998,T07,S3_CR1,S3,CR1,1,182.6,8.135,1.57,1.15,4.04,4,0,23.01
8999,T08,S4_CR2,S4,CR2,1,187.7,6.855,1.9,1.35,5.19,1,1,27.08
9000,T08,S3_CR2,S3,CR2,1,202.0,6.579,1.9,1.35,6.24,1,0,24.31
9001,T01,CR1_S2,CR1,S2,0,0.0,8.334,1.39,1.15,7.25,2,0,22.92
9002,T09,CR2_S3,CR2,S3,0,0.0,6.579,1.9,1.35,9.95,2,0,20.14
9003,T10,D2_S4,D2,S4,0,0.0,6.638,1.49,1.35,0.81,1,0,21.04
9004,T05,S1_D1,S1,D1,1,170.4,5.834,1.12,1.15,5.18,4,0,18.78
9005,T07,S1_CR1,S1,CR1,1,195.0,8.767,0.8,1.15,6.96,5,0,32.3
9006,T03,D2_S4,D2,S4,0,0.0,6.638,1.49,1.35,4.0,6,0,25.21
9007,T10,S6_CR2,S6,CR2,1,199.3,8.342,1.9,1.35,6.18,5,1,32.08
9008,T08,S6_CR2,S6,CR2,1,178.5,8.342,1.9,1.35,7.38,0,0,25.48
9009,T07,CR2_S4,CR2,S4,0,0.0,6.855,1.9,1.35,0.97,1,0,17.27
9010,T05,S6_CR2,S6,CR2,1,203.9,8.342,1.9,1.35,11.19,3,0,29.18
9011,T09,CR2_S3,CR2,S3,0,0.0,6.579,1.9,1.35,1.9,2,0,20.58
9012,T01,S2_CR1,S2,CR1,1,185.5,8.334,1.39,1.15,4.13,4,0,30.2
9013,T08,S2_CR1,S2,CR1,1,202.7,8.334,1.39,1.15,1.92,3,0,26.98
9014,T04,CR1_S5,CR1,S5,0,0.0,10.342,0.89,1.15,5.63,3,1,37.61
9015,T09,S4_D2,S4,D2,1,175.4,6.638,1.49,1.35,2.21,2,0,26.86
9016,T05,S5_D1,S5,D1,1,172.0,6.724,1.12,1.15,0.95,1,1,26.38
9017,T06,CR2_S4,CR2,S4,0,0.0,6.855,1.9,1.35,8.13,4,0,19.06
9018,T09,CR1_S5,CR1,S5,0,0.0,10.342,0.89,1.15,10.17,1,0,24.59
9019,T01,D2_S4,D2,S4,0,0.0,6.638,1.49,1.35,7.13,4,0,26.13
9020,T06,D2_S3,D2,S3,0,0.0,6.362,1.39,1.35,0.09,0,0,20.7
9021,T08,S3_CR1,S3,CR1,1,190.8,8.135,1.57,1.15,2.25,2,1,29.32
9022,T03,S3_CR1,S3,CR1,1,170.5,8.135,1.57,1.15,10.09,1,0,23.2
9023,T07,CR1_S1,CR1,S1,0,0.0,8.767,0.8,1.15,0.04,2,0,23.01
9024,T09,CR2_S4,CR2,S4,0,0.0,6.855,1.9,1.35,10.98,4,1,24.92
9025,T06,CR2_S6,CR2,S6,0,0.0,8.342,1.9,1.35,8.57,3,0,23.03
9026,T02,D1_S1,D1,S1,0,0.0,5.834,1.12,1.15,11.99,5,1,20.45
9027,T04,S3_D2,S3,D2,1,181.5,6.362,1.39,1.35,3.33,3,0,29.22
9028,T09,D2_S3,D2,S3,0,0.0,6.362,1.39,1.35,8.94,1,0,22.7
9029,T05,S3_D2,S3,D2,1,198.2,6.362,1.39,1.35,1.03,1,1,30.87
9030,T02,D2_S4,D2,S4,0,0.0,6.638,1.49,1.35,6.33,3,0,21.53
9031,T07,S5_CR1,S5,CR1,1,194.4,10.342,0.89,1.15,0.08,6,0,36.47
9032,T03,CR2_S3,CR2,S3,0,0.0,6.579,1.9,1.35,11.14,1,1,23.81
9033,T06,S1_CR1,S1,CR1,1,193.6,8.767,0.8,1.15,5.68,4,0,34.4
9034,T03,D1_S5,D1,S5,0,0.0,6.724,1.12,1.15,11.09,2,0,16.81
9035,T06,CR2_S4,CR2,S4,0,0.0,6.855,1.9,1.35,4.89,4,0,21.33
9036,T10,CR1_S3,CR1,S3,0,0.0,8.135,1.57,1.15,0.63,3,0,17.62
9037,T05,CR2_S3,CR2,S3,0,0.0,6.579,1.9,1.35,11.53,1,0,17.0
9038,T08,CR1_S5,CR1,S5,0,0.0,10.342,0.89,1.15,1.16,0,0,25.16
9039,T03,CR2_S6,CR2,S6,0,0.0,8.342,1.9,1.35,11.8,0,0,21.18
9040,T06,S6_CR2,S6,CR2,1,187.2,8.342,1.9,1.35,3.07,0,1,32.14
9041,T04,S3_CR1,S3,CR1,1,214.0,8.135,1.57,1.15,9.44,3,0,21.31
9042,T10,CR1_S1,CR1,S1,0,0.0,8.767,0.8,1.15,7.75,4,1,34.09
9043,T08,S1_CR1,S1,CR1,1,194.7,8.767,0.8,1.15,5.75,2,1,36.48
9044,T01,D1_S1,D1,S1,0,0.0,5.834,1.12,1.15,6.11,1,0,12.48
9045,T07,S4_CR2,S4,CR2,1,192.3,6.855,1.9,1.35,10.44,1,0,20.78
9046,T05,S1_CR1,S1,CR1,1,217.2,8.767,0.8,1.15,5.44,2,1,39.64
9047,T03,S5_D1,S5,D1,1,176.4,6.724,1.12,1.15,10.61,2,0,21.0
9048,T02,CR2_S4,CR2,S4,0,0.0,6.855,1.9,1.35,4.47,1,0,19.11
9049,T05,S3_D2,S3,D2,1,188.0,6.362,1.39,1.35,11.03,2,1,31.67
9050,T10,S4_D2,S4,D2,1,187.5,6.638,1.49,1.35,3.38,1,0,24.81
9051,T04,CR1_S1,CR1,S1,0,0.0,8.767,0.8,1.15,10.41,2,0,23.7
9052,T05,CR1_S5,CR1,S5,0,0.0,10.342,0.89,1.15,7.11,6,0,30.21
9053,T10,D2_S3,D2,S3,0,0.0,6.362,1.39,1.35,10.73,1,0,20.43
9054,T07,S3_CR2,S3,CR2,1,184.0,6.579,1.9,1.35,4.0,5,0,25.7
9055,T08,S3_CR1,S3,CR1,1,192.7,8.135,1.57,1.15,0.35,2,0,21.35
9056,T03,S5_CR1,S5,CR1,1,218.8,10.342,0.89,1.15,6.04,4,0,36.25
9057,T08,S1_D1,S1,D1,1,220.0,5.834,1.12,1.15,10.47,2,0,16.76
9058,T06,S2_CR1,S2,CR1,1,179.1,8.334,1.39,1.15,6.59,7,0,32.36
9059,T08,D2_S4,D2,S4,0,0.0,6.638,1.49,1.35,0.13,1,0,20.49
9060,T03,S3_D2,S3,D2,1,184.5,6.362,1.39,1.35,1.91,3,0,28.36
9061,T05,D2_S4,D2,S4,0,0.0,6.638,1.49,1.35,9.7,2,0,23.52
9062,T03,S6_CR2,S6,CR2,1,199.0,8.342,1.9,1.35,1.42,4,0,29.57
9063,T04,CR2_S4,CR2,S4,0,0.0,6.855,1.9,1.35,5.04,4,0,20.13
9064,T02,CR2_S4,CR2,S4,0,0.0,6.855,1.9,1.35,1.21,1,0,16.89
9065,T09,D2_S3,D2,S3,0,0.0,6.362,1.39,1.35,4.31,2,0,22.05
9066,T03,S1_CR1,S1,CR1,1,177.4,8.767,0.8,1.15,2.36,5,0,33.54
9067,T02,S1_D1,S1,D1,1,179.7,5.834,1.12,1.15,10.83,2,0,16.9
9068,T10,D2_S3,D2,S3,0,0.0,6.362,1.39,1.35,5.09,2,0,21.33
9069,T05,CR2_S6,CR2,S6,0,0.0,8.342,1.9,1.35,11.37,0,0,21.09
9070,T05,S3_CR1,S3,CR1,1,169.9,8.135,1.57,1.15,1.01,4,0,23.14
9071,T05,S4_D2,S4,D2,1,169.1,6.638,1.49,1.35,11.69,1,0,27.78
9072,T06,S3_D2,S3,D2,1,218.8,6.362,1.39,1.35,8.09,2,0,27.14
9073,T03,D1_S5,D1,S5,0,0.0,6.724,1.12,1.15,5.73,3,0,18.6
9074,T06,S1_D1,S1,D1,1,213.4,5.834,1.12,1.15,10.27,2,1,24.49
9075,T10,S1_CR1,S1,CR1,1,190.0,8.767,0.8,1.15,10.38,1,0,30.04
9076,T02,D1_S5,D1,S5,0,0.0,6.724,1.12,1.15,11.08,4,0,17.18
9077,T08,S4_CR2,S4,CR2,1,178.6,6.855,1.9,1.35,10.16,4,0,26.21
9078,T10,S3_CR1,S3,CR1,1,193.4,8.135,1.57,1.15,2.83,2,0,22.06
9079,T10,CR1_S3,CR1,S3,0,0.0,8.135,1.57,1.15,8.23,4,0,19.55
9080,T09,S4_D2,S4,D2,1,201.9,6.638,1.49,1.35,0.74,2,0,27.27
9081,T08,S1_D1,S1,D1,1,215.5,5.834,1.12,1.15,4.29,0,0,16.16
9082,T07,CR2_S4,CR2,S4,0,0.0,6.855,1.9,1.35,9.24,1,0,17.47
9083,T03,CR1_S2,CR1,S2,0,0.0,8.334,1.39,1.15,4.46,1,0,20.69
9084,T04,S1_CR1,S1,CR1,1,185.4,8.767,0.8,1.15,9.49,5,1,42.97
9085,T09,S3_D2,S3,D2,1,181.8,6.362,1.39,1.35,2.71,0,1,34.84
9086,T07,S6_CR2,S6,CR2,1,179.8,8.342,1.9,1.35,8.22,5,0,26.11
9087,T06,S1_CR1,S1,CR1,1,220.0,8.767,0.8,1.15,11.84,1,0,30.13
9088,T07,S4_CR2,S4,CR2,1,185.8,6.855,1.9,1.35,11.95,1,1,29.5
9089,T03,S1_CR1,S1,CR1,1,183.6,8.767,0.8,1.15,7.21,7,0,30.81
9090,T06,CR2_S4,CR2,S4,0,0.0,6.855,1.9,1.35,9.51,2,1,22.29
9091,T02,CR1_S2,CR1,S2,0,0.0,8.334,1.39,1.15,11.97,4,1,34.43
9092,T03,CR2_S4,CR2,S4,0,0.0,6.855,1.9,1.35,2.23,3,0,18.76
9093,T09,S5_CR1,S5,CR1,1,166.7,10.342,0.89,1.15,3.45,4,0,38.19
9094,T08,S2_CR1,S2,CR1,1,184.7,8.334,1.39,1.15,11.5,0,0,25.4
9095,T09,CR1_S1,CR1,S1,0,0.0,8.767,0.8,1.15,5.93,4,0,25.91
9096,T01,S5_D1,S5,D1,1,198.6,6.724,1.12,1.15,0.9,4,0,20.58
9097,T02,CR1_S1,CR1,S1,0,0.0,8.767,0.8,1.15,9.47,1,0,20.96
9098,T07,CR1_S1,CR1,S1,0,0.0,8.767,0.8,1.15,10.11,1,1,29.01
9099,T07,CR1_S3,CR1,S3,0,0.0,8.135,1.57,1.15,4.81,2,0,15.88
9100,T04,CR1_S1,CR1,S1,0,0.0,8.767,0.8,1.15,5.1,4,0,25.41
9101,T03,S4_CR2,S4,CR2,1,220.0,6.855,1.9,1.35,8.41,1,0,22.77
9102,T02,D1_S1,D1,S1,0,0.0,5.834,1.12,1.15,0.65,5,0,15.25
9103,T05,CR1_S1,CR1,S1,0,0.0,8.767,0.8,1.15,3.68,2,0,23.48
9104,T08,S6_CR2,S6,CR2,1,198.2,8.342,1.9,1.35,10.59,1,0,24.49
9105,T03,D2_S4,D2,S4,0,0.0,6.638,1.49,1.35,1.51,2,0,23.65
9106,T07,S5_D1,S5,D1,1,199.6,6.724,1.12,1.15,10.16,3,1,28.97
9107,T07,CR2_S6,CR2,S6,0,0.0,8.342,1.9,1.35,0.18,3,0,23.57
9108,T01,S6_CR2,S6,CR2,1,200.8,8.342,1.9,1.35,7.62,4,1,34.11
9109,T03,CR2_S4,CR2,S4,0,0.0,6.855,1.9,1.35,10.27,1,0,18.24
9110,T08,S6_CR2,S6,CR2,1,193.8,8.342,1.9,1.35,1.58,5,0,25.98
9111,T05,S3_CR1,S3,CR1,1,213.8,8.135,1.57,1.15,11.74,0,0,19.69
9112,T04,CR1_S3,CR1,S3,0,0.0,8.135,1.57,1.15,7.09,3,0,18.9
9113,T08,CR1_S3,CR1,S3,0,0.0,8.135,1.57,1.15,11.84,2,0,19.27
9114,T03,S1_CR1,S1,CR1,1,202.7,8.767,0.8,1.15,9.91,1,1,35.02
9115,T03,S1_CR1,S1,CR1,1,195.2,8.767,0.8,1.15,6.22,3,0,28.54
9116,T04,S2_CR1,S2,CR1,1,188.3,8.334,1.39,1.15,3.07,1,0,27.07
9117,T08,CR2_S4,CR2,S4,0,0.0,6.855,1.9,1.35,10.99,1,0,18.1
9118,T08,S4_CR2,S4,CR2,1,168.6,6.855,1.9,1.35,1.51,0,0,21.21
9119,T04,S3_D2,S3,D2,1,170.4,6.362,1.39,1.35,9.87,3,1,33.78
9120,T10,D1_S1,D1,S1,0,0.0,5.834,1.12,1.15,2.81,3,1,19.67
9121,T04,CR1_S3,CR1,S3,0,0.0,8.135,1.57,1.15,9.82,5,0,19.46
9122,T04,D2_S3,D2,S3,0,0.0,6.362,1.39,1.35,1.68,1,1,28.62
9123,T03,CR2_S6,CR2,S6,0,0.0,8.342,1.9,1.35,9.27,3,0,22.69
9124,T09,CR2_S6,CR2,S6,0,0.0,8.342,1.9,1.35,2.58,3,0,20.66
9125,T01,S3_CR1,S3,CR1,1,210.9,8.135,1.57,1.15,9.39,4,0,24.77
9126,T05,CR2_S4,CR2,S4,0,0.0,6.855,1.9,1.35,1.06,4,0,23.33
9127,T05,D2_S4,D2,S4,0,0.0,6.638,1.49,1.35,4.01,2,0,20.02
9128,T04,CR1_S2,CR1,S2,0,0.0,8.334,1.39,1.15,1.7,2,0,22.99
9129,T09,CR1_S1,CR1,S1,0,0.0,8.767,0.8,1.15,9.46,4,0,25.48
9130,T07,S1_D1,S1,D1,1,198.7,5.834,1.12,1.15,10.08,1,0,12.91
9131,T05,CR2_S6,CR2,S6,0,0.0,8.342,1.9,1.35,6.65,6,0,24.77
9132,T05,S6_CR2,S6,CR2,1,209.8,8.342,1.9,1.35,4.06,6,1,38.7
9133,T01,S3_D2,S3,D2,1,178.1,6.362,1.39,1.35,11.71,2,0,23.03
9134,T10,CR1_S1,CR1,S1,0,0.0,8.767,0.8,1.15,3.53,1,0,23.25
9135,T05,CR1_S1,CR1,S1,0,0.0,8.767,0.8,1.15,2.2,2,1,29.47
9136,T07,S4_CR2,S4,CR2,1,189.3,6.855,1.9,1.35,0.36,2,0,22.71
9137,T09,D2_S4,D2,S4,0,0.0,6.638,1.49,1.35,11.57,1,1,26.82
9138,T10,CR2_S4,CR2,S4,0,0.0,6.855,1.9,1.35,4.76,8,0,22.99
9139,T07,CR2_S3,CR2,S3,0,0.0,6.579,1.9,1.35,6.12,3,0,19.83
9140,T01,S1_D1,S1,D1,1,193.4,5.834,1.12,1.15,4.18,6,0,18.45
9141,T03,CR2_S3,CR2,S3,0,0.0,6.579,1.9,1.35,4.96,5,1,27.74
9142,T01,CR1_S3,CR1,S3,0,0.0,8.135,1.57,1.15,10.29,2,1,22.55
9143,T04,S4_CR2,S4,CR2,1,183.8,6.855,1.9,1.35,8.1,3,0,24.24
9144,T10,CR1_S5,CR1,S5,0,0.0,10.342,0.89,1.15,0.26,2,0,27.26
9145,T03,CR2_S3,CR2,S3,0,0.0,6.579,1.9,1.35,7.77,2,0,17.95
9146,T05,CR1_S1,CR1,S1,0,0.0,8.767,0.8,1.15,2.25,0,0,21.32
9147,T03,CR2_S6,CR2,S6,0,0.0,8.342,1.9,1.35,10.0,4,1,32.28
9148,T09,D1_S5,D1,S5,0,0.0,6.724,1.12,1.15,7.84,4,0,19.34
9149,T03,CR2_S6,CR2,S6,0,0.0,8.342,1.9,1.35,4.39,2,0,22.63
9150,T08,S1_CR1,S1,CR1,1,212.1,8.767,0.8,1.15,7.23,3,0,30.18
9151,T10,S4_CR2,S4,CR2,1,204.4,6.855,1.9,1.35,10.02,0,0,21.03
9152,T10,S4_D2,S4,D2,1,201.5,6.638,1.49,1.35,9.15,2,0,26.93
9153,T03,D1_S1,D1,S1,0,0.0,5.834,1.12,1.15,4.73,5,0,15.08
9154,T08,D1_S1,D1,S1,0,0.0,5.834,1.12,1.15,2.95,5,0,16.63
9155,T05,S1_CR1,S1,CR1,1,198.3,8.767,0.8,1.15,11.82,1,0,26.3
9156,T01,D1_S5,D1,S5,0,0.0,6.724,1.12,1.15,1.25,7,1,27.82
9157,T10,CR1_S2,CR1,S2,0,0.0,8.334,1.39,1.15,8.6,3,0,18.2
9158,T02,CR1_S2,CR1,S2,0,0.0,8.334,1.39,1.15,7.55,6,0,27.85
9159,T02,D2_S3,D2,S3,0,0.0,6.362,1.39,1.35,11.16,4,0,22.7
9160,T01,CR2_S4,CR2,S4,0,0.0,6.855,1.9,1.35,0.64,3,0,19.8
9161,T04,S3_CR2,S3,CR2,1,214.5,6.579,1.9,1.35,8.56,2,0,24.17
9162,T02,CR2_S6,CR2,S6,0,0.0,8.342,1.9,1.35,10.31,2,0,21.76
9163,T06,S1_D1,S1,D1,1,202.2,5.834,1.12,1.15,3.74,3,1,23.39
9164,T10,S3_CR2,S3,CR2,1,199.2,6.579,1.9,1.35,10.41,3,0,24.63
9165,T09,S5_CR1,S5,CR1,1,184.0,10.342,0.89,1.15,1.17,0,0,29.35
9166,T04,S5_D1,S5,D1,1,173.8,6.724,1.12,1.15,1.78,0,1,24.9
9167,T07,S3_CR2,S3,CR2,1,218.2,6.579,1.9,1.35,0.19,1,0,22.21
9168,T08,S3_CR1,S3,CR1,1,214.1,8.135,1.57,1.15,8.89,2,0,21.97
9169,T05,D1_S5,D1,S5,0,0.0,6.724,1.12,1.15,7.28,6,0,20.32
9170,T03,S3_CR2,S3,CR2,1,196.1,6.579,1.9,1.35,10.33,3,0,25.37
9171,T01,CR1_S2,CR1,S2,0,0.0,8.334,1.39,1.15,7.17,3,0,23.77
9172,T07,S3_D2,S3,D2,1,185.0,6.362,1.39,1.35,1.2,4,0,25.51
9173,T01,S5_CR1,S5,CR1,1,208.1,10.342,0.89,1.15,10.79,3,0,31.39
9174,T03,CR2_S6,CR2,S6,0,0.0,8.342,1.9,1.35,3.43,1,1,24.09
9175,T05,CR1_S2,CR1,S2,0,0.0,8.334,1.39,1.15,11.6,1,0,20.8
9176,T02,CR1_S3,CR1,S3,0,0.0,8.135,1.57,1.15,6.39,3,0,18.26
9177,T03,CR2_S3,CR2,S3,0,0.0,6.579,1.9,1.35,2.67,1,0,20.25
9178,T07,S1_D1,S1,D1,1,199.8,5.834,1.12,1.15,6.91,7,0,22.52
9179,T09,S4_CR2,S4,CR2,1,197.3,6.855,1.9,1.35,9.11,2,1,32.29
9180,T08,S3_CR1,S3,CR1,1,202.8,8.135,1.57,1.15,11.14,5,0,24.53
9181,T03,D2_S3,D2,S3,0,0.0,6.362,1.39,1.35,10.4,3,0,21.56
9182,T02,S3_CR1,S3,CR1,1,198.8,8.135,1.57,1.15,2.77,3,0,23.49
9183,T09,S1_D1,S1,D1,1,188.8,5.834,1.12,1.15,10.81,1,0,16.61
9184,T04,S3_CR1,S3,CR1,1,173.9,8.135,1.57,1.15,7.26,3,0,21.4
9185,T06,S4_D2,S4,D2,1,210.9,6.638,1.49,1.35,6.21,3,0,30.92
9186,T06,D2_S4,D2,S4,0,0.0,6.638,1.49,1.35,2.38,1,0,22.03
9187,T03,CR2_S4,CR2,S4,0,0.0,6.855,1.9,1.35,4.11,3,0,18.73
9188,T08,D2_S4,D2,S4,0,0.0,6.638,1.49,1.35,4.63,2,1,29.86
9189,T03,S5_D1,S5,D1,1,172.3,6.724,1.12,1.15,1.68,1,0,20.45
9190,T08,D2_S4,D2,S4,0,0.0,6.638,1.49,1.35,11.59,2,0,24.16
9191,T08,S1_D1,S1,D1,1,186.2,5.834,1.12,1.15,3.39,2,0,14.75
9192,T04,S2_CR1,S2,CR1,1,205.3,8.334,1.39,1.15,10.64,1,0,27.84
9193,T07,CR1_S3,CR1,S3,0,0.0,8.135,1.57,1.15,11.04,0,0,16.78
9194,T05,S5_D1,S5,D1,1,189.8,6.724,1.12,1.15,10.57,0,0,17.16
9195,T09,S4_CR2,S4,CR2,1,196.6,6.855,1.9,1.35,7.68,1,0,21.57
9196,T06,CR1_S2,CR1,S2,0,0.0,8.334,1.39,1.15,6.29,1,0,21.97
9197,T03,D1_S1,D1,S1,0,0.0,5.834,1.12,1.15,0.3,2,0,13.85
9198,T08,S3_D2,S3,D2,1,163.3,6.362,1.39,1.35,3.9,2,0,27.21
9199,T03,D2_S3,D2,S3,0,0.0,6.362,1.39,1.35,8.97,4,0,25.44
9200,T08,S6_CR2,S6,CR2,1,205.0,8.342,1.9,1.35,2.96,3,0,27.31
9201,T09,D1_S1,D1,S1,0,0.0,5.834,1.12,1.15,9.39,1,1,16.38
9202,T04,S3_D2,S3,D2,1,180.9,6.362,1.39,1.35,6.12,2,0,25.55
9203,T10,S3_CR2,S3,CR2,1,190.6,6.579,1.9,1.35,3.97,0,0,23.67
9204,T06,S3_D2,S3,D2,1,192.5,6.362,1.39,1.35,7.13,3,0,27.41
9205,T06,D2_S4,D2,S4,0,0.0,6.638,1.49,1.35,0.05,1,0,17.89
9206,T07,S1_CR1,S1,CR1,1,184.4,8.767,0.8,1.15,1.32,0,0,28.14
9207,T01,S4_CR2,S4,CR2,1,192.9,6.855,1.9,1.35,0.75,5,0,23.23
9208,T03,S1_D1,S1,D1,1,195.0,5.834,1.12,1.15,1.85,4,0,18.56
9209,T02,S2_CR1,S2,CR1,1,190.7,8.334,1.39,1.15,11.04,1,0,27.67
9210,T07,D1_S5,D1,S5,0,0.0,6.724,1.12,1.15,1.01,4,0,18.03
9211,T04,S5_D1,S5,D1,1,196.5,6.724,1.12,1.15,10.25,3,0,19.41
9212,T07,CR1_S1,CR1,S1,0,0.0,8.767,0.8,1.15,11.33,0,0,19.89
9213,T08,S5_D1,S5,D1,1,219.6,6.724,1.12,1.15,1.7,2,0,21.73
9214,T01,S5_D1,S5,D1,1,171.5,6.724,1.12,1.15,3.81,4,0,22.78
9215,T06,S3_CR1,S3,CR1,1,206.0,8.135,1.57,1.15,3.14,5,1,30.65
9216,T04,S2_CR1,S2,CR1,1,218.8,8.334,1.39,1.15,0.4,4,0,30.3
9217,T08,S4_CR2,S4,CR2,1,194.3,6.855,1.9,1.35,2.67,4,0,23.48
9218,T01,S3_CR1,S3,CR1,1,192.0,8.135,1.57,1.15,9.87,3,0,21.7
9219,T03,S5_CR1,S5,CR1,1,189.2,10.342,0.89,1.15,5.44,3,0,33.7
9220,T08,CR2_S3,CR2,S3,0,0.0,6.579,1.9,1.35,2.88,2,0,17.2
9221,T09,S1_CR1,S1,CR1,1,195.9,8.767,0.8,1.15,10.82,0,1,32.51
9222,T07,CR1_S3,CR1,S3,0,0.0,8.135,1.57,1.15,7.91,1,0,18.05
9223,T09,CR2_S6,CR2,S6,0,0.0,8.342,1.9,1.35,2.16,3,0,20.18
9224,T06,CR1_S1,CR1,S1,0,0.0,8.767,0.8,1.15,10.42,3,0,21.66
9225,T01,CR1_S3,CR1,S3,0,0.0,8.135,1.57,1.15,9.52,5,0,19.15
9226,T08,CR2_S3,CR2,S3,0,0.0,6.579,1.9,1.35,8.58,1,0,18.58
9227,T04,S5_CR1,S5,CR1,1,192.7,10.342,0.89,1.15,0.82,2,0,35.56
9228,T03,S3_CR2,S3,CR2,1,220.0,6.579,1.9,1.35,6.91,3,1,30.69
9229,T02,CR1_S2,CR1,S2,0,0.0,8.334,1.39,1.15,5.77,4,0,23.22
9230,T01,S3_CR2,S3,CR2,1,196.0,6.579,1.9,1.35,2.24,3,0,23.9
9231,T02,D2_S4,D2,S4,0,0.0,6.638,1.49,1.35,6.94,3,0,22.4
9232,T07,CR1_S5,CR1,S5,0,0.0,10.342,0.89,1.15,1.7,1,0,28.84
9233,T05,CR2_S4,CR2,S4,0,0.0,6.855,1.9,1.35,9.73,1,1,24.89
9234,T06,D2_S4,D2,S4,0,0.0,6.638,1.49,1.35,6.25,5,0,22.28
9235,T10,D2_S4,D2,S4,0,0.0,6.638,1.49,1.35,3.24,4,0,23.9
9236,T06,D1_S1,D1,S1,0,0.0,5.834,1.12,1.15,0.87,3,0,14.22
9237,T03,S3_CR2,S3,CR2,1,183.1,6.579,1.9,1.35,8.21,3,1,28.72
9238,T08,S3_CR2,S3,CR2,1,199.4,6.579,1.9,1.35,2.93,1,1,26.01
9239,T01,CR1_S5,CR1,S5,0,0.0,10.342,0.89,1.15,5.12,6,0,32.34
9240,T10,S2_CR1,S2,CR1,1,193.8,8.334,1.39,1.15,10.14,3,0,30.09
9241,T05,CR2_S6,CR2,S6,0,0.0,8.342,1.9,1.35,2.71,2,0,23.21
9242,T10,S2_CR1,S2,CR1,1,185.9,8.334,1.39,1.15,5.67,6,0,27.79
9243,T08,D1_S1,D1,S1,0,0.0,5.834,1.12,1.15,0.33,1,1,14.21
9244,T04,D2_S3,D2,S3,0,0.0,6.362,1.39,1.35,5.84,3,0,20.83
9245,T02,S5_CR1,S5,CR1,1,194.9,10.342,0.89,1.15,8.3,2,0,34.31
9246,T09,CR2_S6,CR2,S6,0,0.0,8.342,1.9,1.35,1.46,3,1,33.89
9247,T05,CR1_S3,CR1,S3,0,0.0,8.135,1.57,1.15,8.81,2,0,16.73
9248,T08,S2_CR1,S2,CR1,1,175.2,8.334,1.39,1.15,2.87,1,0,30.03
9249,T03,S1_CR1,S1,CR1,1,193.2,8.767,0.8,1.15,1.45,4,1,43.97
9250,T02,S3_CR1,S3,CR1,1,210.2,8.135,1.57,1.15,8.83,3,1,29.18
9251,T02,D2_S4,D2,S4,0,0.0,6.638,1.49,1.35,2.72,2,0,21.98
9252,T02,S1_CR1,S1,CR1,1,182.4,8.767,0.8,1.15,3.13,2,0,30.04
9253,T08,S5_CR1,S5,CR1,1,191.8,10.342,0.89,1.15,5.36,2,0,34.6
9254,T03,CR2_S4,CR2,S4,0,0.0,6.855,1.9,1.35,8.36,3,0,18.34
9255,T10,CR1_S3,CR1,S3,0,0.0,8.135,1.57,1.15,6.13,6,1,22.64
9256,T05,S3_CR1,S3,CR1,1,187.9,8.135,1.57,1.15,2.48,4,0,22.28
9257,T07,S1_D1,S1,D1,1,211.7,5.834,1.12,1.15,4.1,2,0,16.25
9258,T08,CR1_S3,CR1,S3,0,0.0,8.135,1.57,1.15,3.08,3,0,18.25
9259,T04,D2_S4,D2,S4,0,0.0,6.638,1.49,1.35,5.93,3,0,23.01
9260,T01,S3_D2,S3,D2,1,198.1,6.362,1.39,1.35,1.27,3,0,29.87
9261,T07,S4_D2,S4,D2,1,212.4,6.638,1.49,1.35,0.68,1,0,26.7
9262,T10,S3_CR2,S3,CR2,1,220.0,6.579,1.9,1.35,10.9,1,1,33.47
9263,T08,CR2_S6,CR2,S6,0,0.0,8.342,1.9,1.35,2.25,3,0,22.36
9264,T02,CR2_S4,CR2,S4,0,0.0,6.855,1.9,1.35,6.51,5,0,22.07
9265,T03,CR1_S5,CR1,S5,0,0.0,10.342,0.89,1.15,0.38,1,0,27.51
9266,T02,S1_D1,S1,D1,1,186.1,5.834,1.12,1.15,9.09,0,0,13.97
9267,T02,S1_D1,S1,D1,1,202.5,5.834,1.12,1.15,11.44,1,0,15.78
9268,T02,S3_CR1,S3,CR1,1,205.4,8.135,1.57,1.15,11.98,1,0,20.3
9269,T08,CR1_S5,CR1,S5,0,0.0,10.342,0.89,1.15,2.23,1,0,26.61
9270,T06,D1_S1,D1,S1,0,0.0,5.834,1.12,1.15,8.21,4,0,16.01
9271,T01,S4_D2,S4,D2,1,195.4,6.638,1.49,1.35,10.34,0,0,27.36
9272,T08,CR1_S3,CR1,S3,0,0.0,8.135,1.57,1.15,8.5,4,0,18.91
9273,T01,D1_S5,D1,S5,0,0.0,6.724,1.12,1.15,8.77,1,0,14.82
9274,T02,S3_D2,S3,D2,1,199.6,6.362,1.39,1.35,6.64,3,1,37.31
9275,T08,CR2_S3,CR2,S3,0,0.0,6.579,1.9,1.35,1.56,2,0,18.6
9276,T07,S2_CR1,S2,CR1,1,194.8,8.334,1.39,1.15,7.77,3,0,28.38
9277,T10,CR1_S5,CR1,S5,0,0.0,10.342,0.89,1.15,10.56,0,1,28.32
9278,T02,D1_S5,D1,S5,0,0.0,6.724,1.12,1.15,1.39,0,1,19.5
9279,T10,S3_CR2,S3,CR2,1,215.3,6.579,1.9,1.35,1.51,3,1,30.26
9280,T02,S1_CR1,S1,CR1,1,193.1,8.767,0.8,1.15,11.32,2,1,33.81
9281,T06,D1_S5,D1,S5,0,0.0,6.724,1.12,1.15,4.55,3,0,16.26
9282,T03,D1_S1,D1,S1,0,0.0,5.834,1.12,1.15,6.43,6,0,14.98
9283,T01,S4_D2,S4,D2,1,217.5,6.638,1.49,1.35,0.86,1,0,28.76
9284,T09,CR2_S3,CR2,S3,0,0.0,6.579,1.9,1.35,0.74,2,0,19.87
9285,T10,S5_D1,S5,D1,1,168.6,6.724,1.12,1.15,4.2,1,0,20.36
9286,T10,S1_CR1,S1,CR1,1,216.1,8.767,0.8,1.15,2.28,1,0,27.7
9287,T07,CR1_S2,CR1,S2,0,0.0,8.334,1.39,1.15,5.21,0,0,22.86
9288,T04,S4_CR2,S4,CR2,1,195.1,6.855,1.9,1.35,11.93,2,0,24.13
9289,T01,CR1_S1,CR1,S1,0,0.0,8.767,0.8,1.15,8.52,1,0,21.16
9290,T03,CR2_S6,CR2,S6,0,0.0,8.342,1.9,1.35,6.56,6,0,24.87
9291,T08,S3_D2,S3,D2,1,194.0,6.362,1.39,1.35,11.15,4,0,28.99
9292,T05,S6_CR2,S6,CR2,1,214.8,8.342,1.9,1.35,2.74,2,0,28.7
9293,T07,CR1_S1,CR1,S1,0,0.0,8.767,0.8,1.15,8.81,1,0,22.55
9294,T09,S1_CR1,S1,CR1,1,187.4,8.767,0.8,1.15,1.83,2,1,38.31
9295,T05,S4_CR2,S4,CR2,1,202.5,6.855,1.9,1.35,10.34,2,0,24.65
9296,T05,CR2_S4,CR2,S4,0,0.0,6.855,1.9,1.35,11.39,3,0,19.64
9297,T10,CR1_S2,CR1,S2,0,0.0,8.334,1.39,1.15,10.08,0,0,21.11
9298,T04,D1_S1,D1,S1,0,0.0,5.834,1.12,1.15,10.61,1,0,12.46
9299,T05,S4_D2,S4,D2,1,184.2,6.638,1.49,1.35,1.99,3,0,27.19
9300,T08,S5_CR1,S5,CR1,1,192.6,10.342,0.89,1.15,2.11,1,0,31.86
9301,T05,S5_CR1,S5,CR1,1,209.9,10.342,0.89,1.15,8.95,0,0,35.69
9302,T01,CR2_S6,CR2,S6,0,0.0,8.342,1.9,1.35,6.02,7,0,27.66
9303,T10,D2_S3,D2,S3,0,0.0,6.362,1.39,1.35,7.22,2,0,23.9
9304,T01,CR2_S6,CR2,S6,0,0.0,8.342,1.9,1.35,9.98,4,0,19.29
9305,T08,CR1_S1,CR1,S1,0,0.0,8.767,0.8,1.15,5.42,4,0,24.53
9306,T04,S1_D1,S1,D1,1,202.7,5.834,1.12,1.15,6.59,2,0,15.63
9307,T10,CR1_S2,CR1,S2,0,0.0,8.334,1.39,1.15,10.75,0,1,29.2
9308,T09,S4_D2,S4,D2,1,205.8,6.638,1.49,1.35,10.71,0,0,24.57
9309,T02,S3_CR1,S3,CR1,1,201.2,8.135,1.57,1.15,11.96,1,0,21.83
9310,T06,CR1_S2,CR1,S2,0,0.0,8.334,1.39,1.15,2.29,1,0,23.9
9311,T06,S2_CR1,S2,CR1,1,188.7,8.334,1.39,1.15,0.73,1,0,24.67
9312,T05,S5_D1,S5,D1,1,195.2,6.724,1.12,1.15,5.87,4,0,22.53
9313,T03,S1_D1,S1,D1,1,212.9,5.834,1.12,1.15,8.66,5,0,15.88
9314,T01,S5_CR1,S5,CR1,1,208.8,10.342,0.89,1.15,5.61,5,0,35.63
9315,T10,D1_S1,D1,S1,0,0.0,5.834,1.12,1.15,10.17,3,0,13.19
9316,T09,S4_CR2,S4,CR2,1,216.0,6.855,1.9,1.35,8.11,3,0,24.94
9317,T06,D2_S3,D2,S3,0,0.0,6.362,1.39,1.35,7.29,3,0,25.16
9318,T02,CR2_S6,CR2,S6,0,0.0,8.342,1.9,1.35,11.23,1,0,20.95
9319,T03,CR1_S3,CR1,S3,0,0.0,8.135,1.57,1.15,5.78,2,1,22.43
9320,T04,S3_CR2,S3,CR2,1,203.3,6.579,1.9,1.35,4.49,4,0,21.76
9321,T03,D1_S5,D1,S5,0,0.0,6.724,1.12,1.15,2.05,0,0,15.22
9322,T07,CR2_S6,CR2,S6,0,0.0,8.342,1.9,1.35,0.16,3,0,23.35
9323,T07,S1_CR1,S1,CR1,1,200.6,8.767,0.8,1.15,0.09,1,0,28.3
9324,T06,CR2_S6,CR2,S6,0,0.0,8.342,1.9,1.35,7.51,4,0,25.65
9325,T02,S5_CR1,S5,CR1,1,213.1,10.342,0.89,1.15,2.6,4,0,34.44
9326,T01,S3_CR1,S3,CR1,1,206.4,8.135,1.57,1.15,4.14,4,0,23.24
9327,T04,S6_CR2,S6,CR2,1,216.2,8.342,1.9,1.35,9.6,2,0,22.67
9328,T10,D1_S5,D1,S5,0,0.0,6.724,1.12,1.15,5.92,5,0,21.1
9329,T01,S3_CR1,S3,CR1,1,198.3,8.135,1.57,1.15,8.9,4,0,24.04
9330,T10,D2_S3,D2,S3,0,0.0,6.362,1.39,1.35,11.6,2,0,21.59
9331,T08,D2_S4,D2,S4,0,0.0,6.638,1.49,1.35,0.49,2,1,29.8
9332,T05,S3_CR1,S3,CR1,1,211.3,8.135,1.57,1.15,1.83,1,0,21.04
9333,T03,D1_S5,D1,S5,0,0.0,6.724,1.12,1.15,5.59,4,0,20.01
9334,T10,S2_CR1,S2,CR1,1,206.9,8.334,1.39,1.15,8.69,2,0,24.2
9335,T03,S5_D1,S5,D1,1,179.2,6.724,1.12,1.15,3.73,3,1,28.79
9336,T08,CR2_S3,CR2,S3,0,0.0,6.579,1.9,1.35,7.59,3,0,20.08
9337,T08,S4_D2,S4,D2,1,185.1,6.638,1.49,1.35,7.15,3,0,28.19
9338,T03,S6_CR2,S6,CR2,1,175.8,8.342,1.9,1.35,9.9,1,1,33.15
9339,T04,S4_CR2,S4,CR2,1,203.9,6.855,1.9,1.35,3.74,3,0,23.49
9340,T10,S2_CR1,S2,CR1,1,199.9,8.334,1.39,1.15,10.57,5,0,32.18
9341,T02,CR1_S3,CR1,S3,0,0.0,8.135,1.57,1.15,0.73,0,1,20.02
9342,T09,S3_CR2,S3,CR2,1,202.8,6.579,1.9,1.35,9.59,2,0,21.98
9343,T08,CR2_S3,CR2,S3,0,0.0,6.579,1.9,1.35,9.18,1,1,23.86
9344,T09,S3_D2,S3,D2,1,190.4,6.362,1.39,1.35,9.04,2,0,27.34
9345,T07,CR2_S4,CR2,S4,0,0.0,6.855,1.9,1.35,7.58,2,1,26.71
9346,T06,S3_CR2,S3,CR2,1,203.3,6.579,1.9,1.35,8.04,1,0,23.19
9347,T06,CR1_S2,CR1,S2,0,0.0,8.334,1.39,1.15,6.33,6,0,22.19
9348,T10,S3_D2,S3,D2,1,198.9,6.362,1.39,1.35,3.16,2,0,27.2
9349,T09,D1_S1,D1,S1,0,0.0,5.834,1.12,1.15,10.38,1,0,11.46
9350,T07,S5_D1,S5,D1,1,209.9,6.724,1.12,1.15,9.14,1,0,19.17
9351,T01,S3_CR2,S3,CR2,1,202.0,6.579,1.9,1.35,6.02,2,0,23.83
9352,T06,CR2_S3,CR2,S3,0,0.0,6.579,1.9,1.35,7.77,2,1,24.9
9353,T01,S1_CR1,S1,CR1,1,212.4,8.767,0.8,1.15,2.28,0,0,26.16
9354,T04,CR1_S1,CR1,S1,0,0.0,8.767,0.8,1.15,1.41,3,1,28.63
9355,T03,S5_CR1,S5,CR1,1,217.8,10.342,0.89,1.15,9.32,2,0,30.53
9356,T06,D1_S5,D1,S5,0,0.0,6.724,1.12,1.15,8.56,7,0,20.06
9357,T03,D1_S1,D1,S1,0,0.0,5.834,1.12,1.15,11.14,3,0,13.82
9358,T09,S5_D1,S5,D1,1,186.1,6.724,1.12,1.15,1.38,1,0,19.71
9359,T03,CR2_S3,CR2,S3,0,0.0,6.579,1.9,1.35,3.3,3,0,22.09
9360,T08,S6_CR2,S6,CR2,1,190.0,8.342,1.9,1.35,3.05,3,0,29.96
9361,T02,S3_D2,S3,D2,1,218.7,6.362,1.39,1.35,11.66,0,0,26.1
9362,T08,S5_D1,S5,D1,1,219.7,6.724,1.12,1.15,10.63,3,1,26.19
9363,T10,S2_CR1,S2,CR1,1,207.3,8.334,1.39,1.15,10.31,3,1,39.35
9364,T01,D2_S3,D2,S3,0,0.0,6.362,1.39,1.35,5.48,7,0,26.89
9365,T05,S1_D1,S1,D1,1,177.6,5.834,1.12,1.15,9.16,1,0,16.32
9366,T03,CR1_S1,CR1,S1,0,0.0,8.767,0.8,1.15,6.87,7,0,28.31
9367,T08,D2_S3,D2,S3,0,0.0,6.362,1.39,1.35,10.82,2,1,26.89
9368,T09,S3_CR2,S3,CR2,1,205.2,6.579,1.9,1.35,4.49,4,0,22.51
9369,T10,S2_CR1,S2,CR1,1,213.1,8.334,1.39,1.15,7.96,2,0,27.93
9370,T03,S5_CR1,S5,CR1,1,197.9,10.342,0.89,1.15,9.55,3,0,34.5
9371,T02,CR1_S1,CR1,S1,0,0.0,8.767,0.8,1.15,0.71,2,0,21.86
9372,T07,CR1_S2,CR1,S2,0,0.0,8.334,1.39,1.15,6.86,3,0,22.59
9373,T01,S2_CR1,S2,CR1,1,194.3,8.334,1.39,1.15,6.1,6,1,42.43
9374,T09,CR2_S4,CR2,S4,0,0.0,6.855,1.9,1.35,3.26,0,0,16.37
9375,T01,CR1_S3,CR1,S3,0,0.0,8.135,1.57,1.15,2.02,2,0,17.94
9376,T02,CR1_S5,CR1,S5,0,0.0,10.342,0.89,1.15,9.97,2,1,35.2
9377,T08,S3_CR2,S3,CR2,1,194.0,6.579,1.9,1.35,8.77,3,0,27.35
9378,T02,CR1_S5,CR1,S5,0,0.0,10.342,0.89,1.15,9.17,2,0,27.6
9379,T05,CR1_S2,CR1,S2,0,0.0,8.334,1.39,1.15,7.47,4,0,25.11
9380,T07,S1_D1,S1,D1,1,217.5,5.834,1.12,1.15,7.42,3,0,17.79
9381,T03,S5_CR1,S5,CR1,1,205.8,10.342,0.89,1.15,9.72,2,0,32.81
9382,T02,S3_D2,S3,D2,1,212.8,6.362,1.39,1.35,2.48,2,0,26.34
9383,T08,CR2_S3,CR2,S3,0,0.0,6.579,1.9,1.35,5.95,4,0,22.32
9384,T08,S3_CR1,S3,CR1,1,188.0,8.135,1.57,1.15,7.57,6,0,24.0
9385,T07,D2_S4,D2,S4,0,0.0,6.638,1.49,1.35,9.55,2,0,23.72
9386,T06,S3_CR2,S3,CR2,1,208.0,6.579,1.9,1.35,0.13,1,0,23.97
9387,T06,CR1_S1,CR1,S1,0,0.0,8.767,0.8,1.15,4.07,3,0,25.44
9388,T02,CR2_S4,CR2,S4,0,0.0,6.855,1.9,1.35,6.44,3,0,19.68
9389,T05,S5_CR1,S5,CR1,1,212.0,10.342,0.89,1.15,2.98,4,1,41.04
9390,T07,CR1_S5,CR1,S5,0,0.0,10.342,0.89,1.15,6.26,3,0,29.68
9391,T02,S3_D2,S3,D2,1,184.0,6.362,1.39,1.35,7.09,7,0,31.32
9392,T09,S3_D2,S3,D2,1,173.3,6.362,1.39,1.35,4.85,1,0,27.41
9393,T07,S4_CR2,S4,CR2,1,184.0,6.855,1.9,1.35,10.34,2,0,23.54
9394,T04,S6_CR2,S6,CR2,1,194.6,8.342,1.9,1.35,5.26,3,0,29.4
9395,T01,CR1_S3,CR1,S3,0,0.0,8.135,1.57,1.15,6.38,4,0,20.06
9396,T10,CR2_S4,CR2,S4,0,0.0,6.855,1.9,1.35,9.09,1,0,17.74
9397,T10,CR2_S3,CR2,S3,0,0.0,6.579,1.9,1.35,7.92,2,0,18.54
9398,T09,S6_CR2,S6,CR2,1,212.5,8.342,1.9,1.35,1.32,1,0,28.66
9399,T02,S3_CR2,S3,CR2,1,194.0,6.579,1.9,1.35,3.58,1,0,24.6
9400,T03,S1_D1,S1,D1,1,178.2,5.834,1.12,1.15,9.27,4,0,17.76
9401,T04,CR2_S3,CR2,S3,0,0.0,6.579,1.9,1.35,8.21,1,0,19.68
9402,T03,S3_CR1,S3,CR1,1,194.5,8.135,1.57,1.15,11.83,1,0,19.7
9403,T10,CR2_S6,CR2,S6,0,0.0,8.342,1.9,1.35,1.17,0,0,22.08
9404,T08,S1_D1,S1,D1,1,192.0,5.834,1.12,1.15,2.87,6,0,18.55
9405,T10,S4_D2,S4,D2,1,205.2,6.638,1.49,1.35,9.28,0,0,24.18
9406,T10,CR1_S2,CR1,S2,0,0.0,8.334,1.39,1.15,1.86,3,0,21.51
9407,T06,D1_S1,D1,S1,0,0.0,5.834,1.12,1.15,4.5,3,0,14.78
9408,T06,S1_D1,S1,D1,1,191.5,5.834,1.12,1.15,10.56,1,0,15.12
9409,T04,S2_CR1,S2,CR1,1,206.4,8.334,1.39,1.15,11.62,3,0,28.98
9410,T09,D2_S4,D2,S4,0,0.0,6.638,1.49,1.35,4.87,2,1,27.64
9411,T04,D1_S1,D1,S1,0,0.0,5.834,1.12,1.15,7.65,2,0,13.63
9412,T09,CR2_S3,CR2,S3,0,0.0,6.579,1.9,1.35,6.27,8,0,23.84
9413,T07,S2_CR1,S2,CR1,1,195.7,8.334,1.39,1.15,0.47,1,1,40.98
9414,T03,D1_S5,D1,S5,0,0.0,6.724,1.12,1.15,8.42,3,0,18.2
9415,T05,CR2_S6,CR2,S6,0,0.0,8.342,1.9,1.35,10.42,1,1,25.71
9416,T06,CR1_S2,CR1,S2,0,0.0,8.334,1.39,1.15,3.08,0,0,22.41
9417,T05,CR1_S2,CR1,S2,0,0.0,8.334,1.39,1.15,0.03,3,0,23.11
9418,T04,CR2_S3,CR2,S3,0,0.0,6.579,1.9,1.35,7.66,2,1,24.66
9419,T02,S3_CR1,S3,CR1,1,201.8,8.135,1.57,1.15,3.34,0,0,18.86
9420,T07,CR1_S5,CR1,S5,0,0.0,10.342,0.89,1.15,3.26,1,1,34.47
9421,T07,S6_CR2,S6,CR2,1,198.5,8.342,1.9,1.35,6.18,5,0,30.98
9422,T08,S3_CR1,S3,CR1,1,186.5,8.135,1.57,1.15,3.32,4,0,20.78
9423,T02,CR1_S1,CR1,S1,0,0.0,8.767,0.8,1.15,2.11,2,0,21.32
9424,T04,S4_CR2,S4,CR2,1,175.8,6.855,1.9,1.35,6.3,4,0,23.73
9425,T04,S3_CR1,S3,CR1,1,189.0,8.135,1.57,1.15,9.87,3,0,24.36
9426,T06,S2_CR1,S2,CR1,1,184.9,8.334,1.39,1.15,9.05,2,0,28.7
9427,T05,S3_CR2,S3,CR2,1,201.4,6.579,1.9,1.35,7.22,1,0,23.04
9428,T02,S1_D1,S1,D1,1,191.9,5.834,1.12,1.15,3.64,2,0,16.47
9429,T03,S5_CR1,S5,CR1,1,199.2,10.342,0.89,1.15,2.75,4,0,34.63
9430,T01,CR1_S5,CR1,S5,0,0.0,10.342,0.89,1.15,0.4,3,0,29.32
9431,T10,S4_CR2,S4,CR2,1,194.1,6.855,1.9,1.35,11.23,2,0,21.18
9432,T08,CR2_S6,CR2,S6,0,0.0,8.342,1.9,1.35,8.32,2,0,24.3
9433,T04,S5_CR1,S5,CR1,1,182.5,10.342,0.89,1.15,11.56,1,0,31.25
9434,T06,S5_CR1,S5,CR1,1,187.6,10.342,0.89,1.15,2.28,5,0,36.94
9435,T01,S6_CR2,S6,CR2,1,183.4,8.342,1.9,1.35,4.2,3,0,30.35
9436,T03,D1_S5,D1,S5,0,0.0,6.724,1.12,1.15,5.91,8,1,30.52
9437,T08,S4_CR2,S4,CR2,1,191.3,6.855,1.9,1.35,5.44,2,0,23.56
9438,T07,D1_S1,D1,S1,0,0.0,5.834,1.12,1.15,3.45,2,0,13.99
9439,T05,CR2_S4,CR2,S4,0,0.0,6.855,1.9,1.35,8.76,1,0,18.25
9440,T02,S4_CR2,S4,CR2,1,201.2,6.855,1.9,1.35,0.13,2,0,24.2
9441,T02,D1_S1,D1,S1,0,0.0,5.834,1.12,1.15,8.36,0,0,11.39
9442,T10,CR1_S3,CR1,S3,0,0.0,8.135,1.57,1.15,2.92,2,0,16.92
9443,T01,S5_CR1,S5,CR1,1,194.6,10.342,0.89,1.15,1.12,2,1,41.43
9444,T02,CR1_S5,CR1,S5,0,0.0,10.342,0.89,1.15,0.55,2,0,27.5
9445,T08,D1_S1,D1,S1,0,0.0,5.834,1.12,1.15,0.79,3,1,17.81
9446,T06,CR2_S4,CR2,S4,0,0.0,6.855,1.9,1.35,9.2,2,0,18.27
9447,T07,CR1_S3,CR1,S3,0,0.0,8.135,1.57,1.15,9.63,2,0,17.33
9448,T08,D1_S5,D1,S5,0,0.0,6.724,1.12,1.15,1.86,2,0,15.83
9449,T02,S4_D2,S4,D2,1,203.1,6.638,1.49,1.35,9.98,2,0,29.18
9450,T09,S5_CR1,S5,CR1,1,173.5,10.342,0.89,1.15,7.73,1,0,31.67
9451,T06,S3_CR1,S3,CR1,1,195.8,8.135,1.57,1.15,11.59,0,0,21.77
9452,T01,CR1_S3,CR1,S3,0,0.0,8.135,1.57,1.15,11.68,1,0,17.29
9453,T08,CR1_S2,CR1,S2,0,0.0,8.334,1.39,1.15,10.63,1,0,21.18
9454,T06,CR2_S4,CR2,S4,0,0.0,6.855,1.9,1.35,0.52,0,1,21.27
9455,T06,D1_S1,D1,S1,0,0.0,5.834,1.12,1.15,9.01,1,0,11.73
9456,T02,CR2_S3,CR2,S3,0,0.0,6.579,1.9,1.35,6.89,1,0,16.86
9457,T08,S3_CR2,S3,CR2,1,206.5,6.579,1.9,1.35,3.51,3,1,28.4
9458,T04,CR2_S4,CR2,S4,0,0.0,6.855,1.9,1.35,11.04,0,0,17.71
9459,T09,CR1_S3,CR1,S3,0,0.0,8.135,1.57,1.15,2.35,3,0,20.78
9460,T02,D1_S1,D1,S1,0,0.0,5.834,1.12,1.15,6.79,7,1,24.09
9461,T04,D2_S3,D2,S3,0,0.0,6.362,1.39,1.35,9.44,3,0,24.41
9462,T03,D1_S5,D1,S5,0,0.0,6.724,1.12,1.15,1.84,1,1,19.51
9463,T09,S3_CR1,S3,CR1,1,220.0,8.135,1.57,1.15,4.54,2,0,19.2
9464,T10,CR2_S3,CR2,S3,0,0.0,6.579,1.9,1.35,8.17,2,0,18.03
9465,T05,CR1_S1,CR1,S1,0,0.0,8.767,0.8,1.15,0.41,2,0,21.3
9466,T08,CR1_S5,CR1,S5,0,0.0,10.342,0.89,1.15,11.62,3,0,30.35
9467,T08,S6_CR2,S6,CR2,1,177.5,8.342,1.9,1.35,1.17,1,0,26.0
9468,T07,S3_CR2,S3,CR2,1,176.9,6.579,1.9,1.35,11.16,4,0,23.0
9469,T07,S4_CR2,S4,CR2,1,180.4,6.855,1.9,1.35,5.07,4,1,28.4
9470,T08,S6_CR2,S6,CR2,1,169.3,8.342,1.9,1.35,5.97,5,0,30.83
9471,T05,S5_D1,S5,D1,1,220.0,6.724,1.12,1.15,2.38,4,0,20.52
9472,T07,S4_D2,S4,D2,1,199.9,6.638,1.49,1.35,5.28,6,0,29.72
9473,T07,D1_S1,D1,S1,0,0.0,5.834,1.12,1.15,5.55,6,0,16.39
9474,T02,CR1_S1,CR1,S1,0,0.0,8.767,0.8,1.15,1.77,4,1,28.73
9475,T03,D1_S1,D1,S1,0,0.0,5.834,1.12,1.15,4.56,0,0,12.76
9476,T07,D2_S3,D2,S3,0,0.0,6.362,1.39,1.35,1.67,0,1,23.14
9477,T04,CR1_S2,CR1,S2,0,0.0,8.334,1.39,1.15,7.59,4,1,28.8
9478,T02,S1_CR1,S1,CR1,1,171.8,8.767,0.8,1.15,3.76,3,0,31.66
9479,T09,CR2_S4,CR2,S4,0,0.0,6.855,1.9,1.35,8.6,2,1,26.23
9480,T04,S1_CR1,S1,CR1,1,178.9,8.767,0.8,1.15,9.74,0,1,35.9
9481,T10,S2_CR1,S2,CR1,1,177.2,8.334,1.39,1.15,5.12,4,0,29.46
9482,T04,S2_CR1,S2,CR1,1,175.7,8.334,1.39,1.15,9.17,2,0,28.19
9483,T10,D2_S4,D2,S4,0,0.0,6.638,1.49,1.35,10.6,5,1,30.43
9484,T06,CR1_S1,CR1,S1,0,0.0,8.767,0.8,1.15,4.92,3,0,24.71
9485,T02,S2_CR1,S2,CR1,1,155.1,8.334,1.39,1.15,8.84,2,0,28.55
9486,T07,S1_CR1,S1,CR1,1,193.4,8.767,0.8,1.15,0.17,3,0,28.8
9487,T01,CR2_S6,CR2,S6,0,0.0,8.342,1.9,1.35,2.35,2,0,22.8
9488,T09,CR1_S2,CR1,S2,0,0.0,8.334,1.39,1.15,9.99,4,0,23.68
9489,T09,S5_CR1,S5,CR1,1,188.4,10.342,0.89,1.15,0.31,2,0,37.02
9490,T04,S5_CR1,S5,CR1,1,199.1,10.342,0.89,1.15,3.7,1,0,34.57
9491,T10,S3_D2,S3,D2,1,207.1,6.362,1.39,1.35,2.58,4,1,31.76
9492,T07,S3_CR1,S3,CR1,1,201.6,8.135,1.57,1.15,9.84,1,0,24.15
9493,T02,CR1_S1,CR1,S1,0,0.0,8.767,0.8,1.15,0.2,1,0,23.39
9494,T07,CR1_S3,CR1,S3,0,0.0,8.135,1.57,1.15,3.65,4,0,18.24
9495,T03,S3_D2,S3,D2,1,207.3,6.362,1.39,1.35,6.63,6,1,44.82
9496,T05,S1_CR1,S1,CR1,1,197.3,8.767,0.8,1.15,7.25,3,0,29.42
9497,T04,S2_CR1,S2,CR1,1,193.8,8.334,1.39,1.15,6.6,5,0,31.95
9498,T01,D2_S3,D2,S3,0,0.0,6.362,1.39,1.35,7.3,4,0,23.22
9499,T01,CR1_S3,CR1,S3,0,0.0,8.135,1.57,1.15,2.3,3,1,23.88
9500,T04,CR1_S3,CR1,S3,0,0.0,8.135,1.57,1.15,2.33,0,0,14.89
9501,T09,CR2_S6,CR2,S6,0,0.0,8.342,1.9,1.35,7.26,2,0,22.65
9502,T03,S4_D2,S4,D2,1,208.2,6.638,1.49,1.35,4.19,2,0,25.18
9503,T03,CR2_S6,CR2,S6,0,0.0,8.342,1.9,1.35,6.38,4,0,24.14
9504,T02,S3_D2,S3,D2,1,194.6,6.362,1.39,1.35,5.79,4,0,29.76
9505,T07,S1_D1,S1,D1,1,202.0,5.834,1.12,1.15,9.6,1,0,15.31
9506,T04,S6_CR2,S6,CR2,1,184.5,8.342,1.9,1.35,11.84,1,0,28.53
9507,T10,D1_S5,D1,S5,0,0.0,6.724,1.12,1.15,11.47,1,0,16.93
9508,T02,D2_S3,D2,S3,0,0.0,6.362,1.39,1.35,10.33,1,0,21.82
9509,T03,CR2_S3,CR2,S3,0,0.0,6.579,1.9,1.35,1.46,1,1,24.53
9510,T06,D1_S5,D1,S5,0,0.0,6.724,1.12,1.15,7.69,1,0,16.19
9511,T05,S1_CR1,S1,CR1,1,187.7,8.767,0.8,1.15,2.07,4,0,31.15
9512,T05,S5_D1,S5,D1,1,192.9,6.724,1.12,1.15,4.95,6,1,33.93
9513,T06,D2_S3,D2,S3,0,0.0,6.362,1.39,1.35,4.75,3,0,20.67
9514,T02,S5_D1,S5,D1,1,198.4,6.724,1.12,1.15,3.57,0,0,20.52
9515,T02,D2_S4,D2,S4,0,0.0,6.638,1.49,1.35,3.78,4,1,28.29
9516,T06,CR1_S5,CR1,S5,0,0.0,10.342,0.89,1.15,1.94,1,0,27.39
9517,T09,S6_CR2,S6,CR2,1,210.8,8.342,1.9,1.35,2.91,1,0,28.11
9518,T01,S6_CR2,S6,CR2,1,191.3,8.342,1.9,1.35,11.3,2,0,26.36
9519,T08,CR1_S2,CR1,S2,0,0.0,8.334,1.39,1.15,2.08,3,0,24.94
9520,T07,CR1_S1,CR1,S1,0,0.0,8.767,0.8,1.15,4.48,3,0,23.5
9521,T01,D2_S4,D2,S4,0,0.0,6.638,1.49,1.35,2.25,3,1,30.66
9522,T04,S5_D1,S5,D1,1,196.9,6.724,1.12,1.15,9.84,3,1,32.57
9523,T02,S1_D1,S1,D1,1,191.4,5.834,1.12,1.15,0.2,1,1,19.87
9524,T05,CR1_S1,CR1,S1,0,0.0,8.767,0.8,1.15,4.04,0,0,21.73
9525,T02,S1_CR1,S1,CR1,1,191.6,8.767,0.8,1.15,7.62,2,1,38.07
9526,T08,D2_S3,D2,S3,0,0.0,6.362,1.39,1.35,5.9,3,0,21.66
9527,T09,D2_S3,D2,S3,0,0.0,6.362,1.39,1.35,8.56,1,0,21.88
9528,T06,D1_S5,D1,S5,0,0.0,6.724,1.12,1.15,9.6,2,0,18.19
9529,T02,S3_D2,S3,D2,1,184.7,6.362,1.39,1.35,2.01,1,1,33.63
9530,T10,S3_D2,S3,D2,1,179.3,6.362,1.39,1.35,2.0,7,0,32.8
9531,T05,D2_S4,D2,S4,0,0.0,6.638,1.49,1.35,7.97,3,1,35.35
9532,T09,CR1_S2,CR1,S2,0,0.0,8.334,1.39,1.15,6.48,8,0,27.83
9533,T01,CR1_S5,CR1,S5,0,0.0,10.342,0.89,1.15,8.65,3,0,27.22
9534,T01,CR2_S4,CR2,S4,0,0.0,6.855,1.9,1.35,7.01,5,1,26.49
9535,T08,D1_S5,D1,S5,0,0.0,6.724,1.12,1.15,8.13,2,1,24.2
9536,T01,D2_S4,D2,S4,0,0.0,6.638,1.49,1.35,8.28,2,0,22.96
9537,T09,S4_D2,S4,D2,1,166.8,6.638,1.49,1.35,7.64,5,1,36.42
9538,T10,D2_S4,D2,S4,0,0.0,6.638,1.49,1.35,0.57,1,0,24.08
9539,T01,S5_D1,S5,D1,1,187.2,6.724,1.12,1.15,4.79,2,0,19.85
9540,T01,S4_D2,S4,D2,1,194.1,6.638,1.49,1.35,8.47,4,1,42.89
9541,T10,CR2_S3,CR2,S3,0,0.0,6.579,1.9,1.35,7.12,2,0,18.03
9542,T06,S2_CR1,S2,CR1,1,204.0,8.334,1.39,1.15,6.76,3,0,29.72
9543,T10,S1_CR1,S1,CR1,1,185.3,8.767,0.8,1.15,7.13,2,1,35.9
9544,T02,S3_CR2,S3,CR2,1,186.2,6.579,1.9,1.35,6.34,4,0,24.94
9545,T09,S2_CR1,S2,CR1,1,162.6,8.334,1.39,1.15,3.34,2,1,37.24
9546,T03,S4_CR2,S4,CR2,1,179.2,6.855,1.9,1.35,10.59,2,0,24.27
9547,T08,CR1_S2,CR1,S2,0,0.0,8.334,1.39,1.15,1.45,2,0,21.26
9548,T04,S1_D1,S1,D1,1,209.9,5.834,1.12,1.15,1.81,2,1,24.62
9549,T01,D2_S4,D2,S4,0,0.0,6.638,1.49,1.35,2.38,1,0,20.36
9550,T03,CR2_S3,CR2,S3,0,0.0,6.579,1.9,1.35,9.76,2,0,19.02
9551,T01,S2_CR1,S2,CR1,1,194.4,8.334,1.39,1.15,5.27,7,1,39.79
9552,T09,CR1_S2,CR1,S2,0,0.0,8.334,1.39,1.15,11.6,3,0,23.69
9553,T06,CR1_S2,CR1,S2,0,0.0,8.334,1.39,1.15,3.26,0,0,20.02
9554,T07,CR2_S6,CR2,S6,0,0.0,8.342,1.9,1.35,3.41,3,1,34.82
9555,T02,CR1_S1,CR1,S1,0,0.0,8.767,0.8,1.15,2.58,0,0,21.92
9556,T08,CR1_S2,CR1,S2,0,0.0,8.334,1.39,1.15,6.23,6,0,28.27
9557,T08,S1_CR1,S1,CR1,1,176.0,8.767,0.8,1.15,11.37,4,0,30.73
9558,T07,D1_S1,D1,S1,0,0.0,5.834,1.12,1.15,4.19,1,1,14.92
9559,T05,S5_CR1,S5,CR1,1,208.5,10.342,0.89,1.15,9.33,4,0,35.51
9560,T03,S3_D2,S3,D2,1,177.7,6.362,1.39,1.35,6.41,3,0,29.72
9561,T05,S3_D2,S3,D2,1,219.3,6.362,1.39,1.35,6.46,2,0,28.39
9562,T05,D2_S4,D2,S4,0,0.0,6.638,1.49,1.35,6.18,5,0,22.71
9563,T05,S4_D2,S4,D2,1,169.0,6.638,1.49,1.35,1.88,1,1,37.32
9564,T10,D2_S3,D2,S3,0,0.0,6.362,1.39,1.35,9.03,1,0,23.67
9565,T04,S4_D2,S4,D2,1,176.9,6.638,1.49,1.35,3.17,0,0,25.46
9566,T07,CR2_S3,CR2,S3,0,0.0,6.579,1.9,1.35,0.02,4,1,25.15
9567,T02,D1_S5,D1,S5,0,0.0,6.724,1.12,1.15,10.01,1,0,14.91
9568,T06,CR2_S6,CR2,S6,0,0.0,8.342,1.9,1.35,8.22,1,0,20.23
9569,T02,S2_CR1,S2,CR1,1,200.1,8.334,1.39,1.15,2.13,1,0,28.37
9570,T09,D2_S3,D2,S3,0,0.0,6.362,1.39,1.35,8.77,0,0,20.69
9571,T06,CR1_S2,CR1,S2,0,0.0,8.334,1.39,1.15,4.83,4,0,25.64
9572,T02,CR2_S6,CR2,S6,0,0.0,8.342,1.9,1.35,8.58,1,0,22.27
9573,T06,S3_D2,S3,D2,1,208.2,6.362,1.39,1.35,7.83,3,1,29.29
9574,T09,S4_CR2,S4,CR2,1,187.5,6.855,1.9,1.35,5.12,4,0,23.47
9575,T08,CR2_S6,CR2,S6,0,0.0,8.342,1.9,1.35,7.34,2,0,20.38
9576,T04,D2_S4,D2,S4,0,0.0,6.638,1.49,1.35,6.81,2,0,22.99
9577,T06,CR1_S2,CR1,S2,0,0.0,8.334,1.39,1.15,4.59,2,0,20.6
9578,T06,D1_S5,D1,S5,0,0.0,6.724,1.12,1.15,2.34,2,0,18.11
9579,T05,S2_CR1,S2,CR1,1,191.3,8.334,1.39,1.15,9.82,2,1,34.96
9580,T02,S5_CR1,S5,CR1,1,192.5,10.342,0.89,1.15,9.74,2,0,34.02
9581,T01,S5_D1,S5,D1,1,211.1,6.724,1.12,1.15,6.54,4,0,22.85
9582,T09,S3_D2,S3,D2,1,217.0,6.362,1.39,1.35,0.7,3,1,40.72
9583,T09,CR2_S4,CR2,S4,0,0.0,6.855,1.9,1.35,0.83,4,0,20.73
9584,T07,D1_S5,D1,S5,0,0.0,6.724,1.12,1.15,0.7,3,0,16.48
9585,T05,S1_CR1,S1,CR1,1,196.1,8.767,0.8,1.15,1.74,1,0,27.65
9586,T07,D2_S3,D2,S3,0,0.0,6.362,1.39,1.35,9.34,2,1,23.99
9587,T05,CR1_S1,CR1,S1,0,0.0,8.767,0.8,1.15,4.16,4,0,24.79
9588,T08,S3_CR1,S3,CR1,1,182.4,8.135,1.57,1.15,5.78,3,0,23.96
9589,T02,CR2_S6,CR2,S6,0,0.0,8.342,1.9,1.35,0.57,3,0,22.34
9590,T01,CR1_S3,CR1,S3,0,0.0,8.135,1.57,1.15,2.36,4,1,25.11
9591,T05,S1_CR1,S1,CR1,1,192.3,8.767,0.8,1.15,0.78,3,0,28.78
9592,T10,S5_D1,S5,D1,1,220.0,6.724,1.12,1.15,4.0,4,0,23.9
9593,T07,S3_D2,S3,D2,1,200.3,6.362,1.39,1.35,5.53,4,0,29.12
9594,T06,D1_S5,D1,S5,0,0.0,6.724,1.12,1.15,3.94,2,0,18.38
9595,T08,S1_D1,S1,D1,1,194.5,5.834,1.12,1.15,11.32,3,0,17.58
9596,T06,S6_CR2,S6,CR2,1,200.7,8.342,1.9,1.35,9.39,1,0,25.86
9597,T10,CR1_S1,CR1,S1,0,0.0,8.767,0.8,1.15,5.71,2,0,24.19
9598,T06,S5_CR1,S5,CR1,1,202.3,10.342,0.89,1.15,1.78,2,0,30.33
9599,T06,S3_CR2,S3,CR2,1,161.1,6.579,1.9,1.35,8.42,3,0,24.09
9600,T10,S2_CR1,S2,CR1,1,220.0,8.334,1.39,1.15,9.17,1,0,26.15
9601,T04,D2_S4,D2,S4,0,0.0,6.638,1.49,1.35,9.5,2,0,22.98
9602,T09,S4_CR2,S4,CR2,1,215.8,6.855,1.9,1.35,6.76,3,0,24.72
9603,T10,S5_CR1,S5,CR1,1,180.0,10.342,0.89,1.15,4.45,3,0,37.24
9604,T02,CR2_S4,CR2,S4,0,0.0,6.855,1.9,1.35,11.2,0,0,18.8
9605,T02,CR2_S6,CR2,S6,0,0.0,8.342,1.9,1.35,5.07,3,0,24.24
9606,T04,S1_CR1,S1,CR1,1,197.6,8.767,0.8,1.15,6.04,3,0,27.01
9607,T06,D1_S1,D1,S1,0,0.0,5.834,1.12,1.15,2.06,3,1,16.79
9608,T07,S5_CR1,S5,CR1,1,204.1,10.342,0.89,1.15,10.41,1,0,33.79
9609,T05,S3_CR1,S3,CR1,1,175.3,8.135,1.57,1.15,11.21,2,0,21.78
9610,T09,S2_CR1,S2,CR1,1,196.6,8.334,1.39,1.15,9.82,1,0,25.2
9611,T04,S3_CR2,S3,CR2,1,200.2,6.579,1.9,1.35,9.73,2,0,25.0
9612,T01,S1_D1,S1,D1,1,208.8,5.834,1.12,1.15,8.5,1,0,14.79
9613,T01,S2_CR1,S2,CR1,1,182.6,8.334,1.39,1.15,6.67,8,0,35.74
9614,T01,S1_CR1,S1,CR1,1,199.6,8.767,0.8,1.15,4.26,6,0,29.66
9615,T05,S3_D2,S3,D2,1,189.1,6.362,1.39,1.35,10.5,0,0,26.66
9616,T01,D1_S5,D1,S5,0,0.0,6.724,1.12,1.15,4.06,0,1,20.84
9617,T07,S2_CR1,S2,CR1,1,169.7,8.334,1.39,1.15,0.26,4,0,30.95
9618,T05,CR1_S5,CR1,S5,0,0.0,10.342,0.89,1.15,11.21,2,0,26.98
9619,T10,CR1_S1,CR1,S1,0,0.0,8.767,0.8,1.15,10.05,2,0,23.01
9620,T03,S3_D2,S3,D2,1,201.2,6.362,1.39,1.35,6.97,4,1,39.74
9621,T01,S5_CR1,S5,CR1,1,192.4,10.342,0.89,1.15,10.01,1,0,31.7
9622,T05,S3_D2,S3,D2,1,181.5,6.362,1.39,1.35,11.15,3,0,28.44
9623,T07,CR2_S3,CR2,S3,0,0.0,6.579,1.9,1.35,1.01,1,1,24.94
9624,T05,S3_CR2,S3,CR2,1,202.4,6.579,1.9,1.35,9.12,0,0,22.3
9625,T01,S3_CR1,S3,CR1,1,192.1,8.135,1.57,1.15,11.8,3,0,23.1
9626,T07,D1_S5,D1,S5,0,0.0,6.724,1.12,1.15,9.72,2,0,15.35
9627,T04,S5_D1,S5,D1,1,202.2,6.724,1.12,1.15,6.14,5,1,27.06
9628,T08,S3_CR1,S3,CR1,1,192.4,8.135,1.57,1.15,8.54,3,0,25.13
9629,T07,CR2_S3,CR2,S3,0,0.0,6.579,1.9,1.35,2.37,1,0,17.81
9630,T09,D2_S3,D2,S3,0,0.0,6.362,1.39,1.35,5.2,6,0,24.31
9631,T06,CR1_S3,CR1,S3,0,0.0,8.135,1.57,1.15,6.19,1,0,17.09
9632,T07,S4_CR2,S4,CR2,1,162.7,6.855,1.9,1.35,4.3,5,0,28.92
9633,T09,S3_CR1,S3,CR1,1,196.6,8.135,1.57,1.15,10.15,2,0,23.64
9634,T05,S4_D2,S4,D2,1,204.4,6.638,1.49,1.35,3.67,3,0,29.77
9635,T10,CR1_S5,CR1,S5,0,0.0,10.342,0.89,1.15,0.63,4,0,27.66
9636,T09,CR1_S5,CR1,S5,0,0.0,10.342,0.89,1.15,3.08,3,0,29.61
9637,T06,S4_D2,S4,D2,1,197.8,6.638,1.49,1.35,7.5,4,0,28.63
9638,T10,CR1_S3,CR1,S3,0,0.0,8.135,1.57,1.15,3.2,0,0,15.11
9639,T05,CR2_S4,CR2,S4,0,0.0,6.855,1.9,1.35,1.86,4,0,21.41
9640,T08,S3_CR2,S3,CR2,1,216.8,6.579,1.9,1.35,6.14,2,0,23.65
9641,T02,S5_D1,S5,D1,1,193.1,6.724,1.12,1.15,2.53,1,0,19.91
9642,T08,S2_CR1,S2,CR1,1,220.0,8.334,1.39,1.15,4.12,5,0,33.19
9643,T01,CR1_S2,CR1,S2,0,0.0,8.334,1.39,1.15,5.01,2,0,24.03
9644,T09,D2_S3,D2,S3,0,0.0,6.362,1.39,1.35,3.9,2,0,24.52
9645,T08,S5_CR1,S5,CR1,1,183.8,10.342,0.89,1.15,9.7,1,0,30.97
9646,T02,S5_D1,S5,D1,1,200.3,6.724,1.12,1.15,8.39,2,1,25.98
9647,T04,CR1_S3,CR1,S3,0,0.0,8.135,1.57,1.15,0.87,1,0,15.48
9648,T07,S4_D2,S4,D2,1,220.0,6.638,1.49,1.35,11.68,2,0,23.92
9649,T06,CR1_S3,CR1,S3,0,0.0,8.135,1.57,1.15,2.74,2,0,17.68
9650,T01,S3_CR1,S3,CR1,1,215.1,8.135,1.57,1.15,2.57,2,0,21.62
9651,T07,S1_CR1,S1,CR1,1,189.6,8.767,0.8,1.15,9.33,1,0,28.52
9652,T08,D2_S4,D2,S4,0,0.0,6.638,1.49,1.35,5.08,7,0,24.47
9653,T02,CR2_S4,CR2,S4,0,0.0,6.855,1.9,1.35,10.47,1,1,22.5
9654,T01,S2_CR1,S2,CR1,1,178.3,8.334,1.39,1.15,3.85,2,0,23.66
9655,T04,CR1_S1,CR1,S1,0,0.0,8.767,0.8,1.15,8.46,1,0,22.42
9656,T04,S4_CR2,S4,CR2,1,184.9,6.855,1.9,1.35,8.9,1,1,29.19
9657,T02,CR1_S3,CR1,S3,0,0.0,8.135,1.57,1.15,5.09,3,0,17.65
9658,T08,S3_D2,S3,D2,1,177.1,6.362,1.39,1.35,5.93,2,1,33.54
9659,T04,S1_CR1,S1,CR1,1,220.0,8.767,0.8,1.15,6.11,2,0,27.03
9660,T09,CR2_S4,CR2,S4,0,0.0,6.855,1.9,1.35,10.42,2,0,21.73
9661,T04,S3_CR2,S3,CR2,1,200.8,6.579,1.9,1.35,8.21,0,0,20.39
9662,T09,S1_CR1,S1,CR1,1,184.8,8.767,0.8,1.15,4.35,4,1,36.92
9663,T04,D1_S1,D1,S1,0,0.0,5.834,1.12,1.15,1.67,0,0,12.04
9664,T10,S4_D2,S4,D2,1,169.1,6.638,1.49,1.35,4.19,3,0,27.72
9665,T07,D1_S1,D1,S1,0,0.0,5.834,1.12,1.15,3.96,1,0,12.08
9666,T07,CR1_S5,CR1,S5,0,0.0,10.342,0.89,1.15,0.54,4,0,28.59
9667,T08,D2_S3,D2,S3,0,0.0,6.362,1.39,1.35,1.1,1,1,26.11
9668,T09,S1_CR1,S1,CR1,1,177.4,8.767,0.8,1.15,7.72,1,1,31.18
9669,T08,S1_CR1,S1,CR1,1,196.3,8.767,0.8,1.15,8.41,2,0,29.77
9670,T05,S4_CR2,S4,CR2,1,197.8,6.855,1.9,1.35,10.22,2,0,24.49
9671,T03,S3_CR2,S3,CR2,1,187.4,6.579,1.9,1.35,4.87,2,0,22.3
9672,T03,CR1_S3,CR1,S3,0,0.0,8.135,1.57,1.15,1.03,0,0,15.42
9673,T10,S1_D1,S1,D1,1,166.6,5.834,1.12,1.15,6.88,3,1,20.9
9674,T09,CR1_S1,CR1,S1,0,0.0,8.767,0.8,1.15,8.68,3,0,21.92
9675,T02,S5_D1,S5,D1,1,199.8,6.724,1.12,1.15,8.73,4,0,21.9
9676,T07,D1_S5,D1,S5,0,0.0,6.724,1.12,1.15,3.27,3,0,17.17
9677,T07,D2_S3,D2,S3,0,0.0,6.362,1.39,1.35,10.48,3,1,31.31
9678,T10,S6_CR2,S6,CR2,1,214.4,8.342,1.9,1.35,0.64,1,1,34.49
9679,T04,S4_CR2,S4,CR2,1,196.9,6.855,1.9,1.35,3.41,2,0,24.4
9680,T08,CR1_S2,CR1,S2,0,0.0,8.334,1.39,1.15,7.92,1,0,23.19
9681,T08,D1_S5,D1,S5,0,0.0,6.724,1.12,1.15,4.45,2,0,17.52
9682,T09,CR2_S4,CR2,S4,0,0.0,6.855,1.9,1.35,9.93,0,1,21.99
9683,T04,S1_D1,S1,D1,1,220.0,5.834,1.12,1.15,6.98,7,0,18.68
9684,T02,CR2_S3,CR2,S3,0,0.0,6.579,1.9,1.35,8.13,2,0,19.05
9685,T05,D1_S1,D1,S1,0,0.0,5.834,1.12,1.15,1.3,2,0,14.07
9686,T10,S3_D2,S3,D2,1,177.4,6.362,1.39,1.35,9.92,3,0,26.94
9687,T05,S3_CR1,S3,CR1,1,220.0,8.135,1.57,1.15,9.69,0,0,20.4
9688,T02,CR2_S6,CR2,S6,0,0.0,8.342,1.9,1.35,7.89,3,1,28.33
9689,T03,D1_S5,D1,S5,0,0.0,6.724,1.12,1.15,10.9,1,1,19.53
9690,T07,D2_S4,D2,S4,0,0.0,6.638,1.49,1.35,5.55,3,0,22.78
9691,T09,S4_D2,S4,D2,1,213.2,6.638,1.49,1.35,9.39,2,0,27.79
9692,T04,S3_CR2,S3,CR2,1,188.3,6.579,1.9,1.35,11.19,2,1,24.71
9693,T05,S1_D1,S1,D1,1,197.5,5.834,1.12,1.15,0.46,3,1,24.56
9694,T07,CR1_S1,CR1,S1,0,0.0,8.767,0.8,1.15,1.4,2,0,23.89
9695,T08,S6_CR2,S6,CR2,1,213.9,8.342,1.9,1.35,1.08,6,1,38.0
9696,T07,S3_D2,S3,D2,1,199.6,6.362,1.39,1.35,4.31,3,1,36.39
9697,T06,D2_S3,D2,S3,0,0.0,6.362,1.39,1.35,0.24,0,0,21.89
9698,T05,S3_CR2,S3,CR2,1,203.8,6.579,1.9,1.35,2.56,2,0,21.97
9699,T07,D2_S3,D2,S3,0,0.0,6.362,1.39,1.35,1.29,0,0,20.14
9700,T01,S1_D1,S1,D1,1,187.6,5.834,1.12,1.15,4.17,6,0,21.31
9701,T06,D1_S5,D1,S5,0,0.0,6.724,1.12,1.15,3.04,1,0,15.3
9702,T10,S4_CR2,S4,CR2,1,180.3,6.855,1.9,1.35,2.27,2,1,34.71
9703,T01,CR2_S6,CR2,S6,0,0.0,8.342,1.9,1.35,1.05,1,0,23.63
9704,T04,D2_S3,D2,S3,0,0.0,6.362,1.39,1.35,10.3,1,0,22.14
9705,T01,S5_CR1,S5,CR1,1,183.1,10.342,0.89,1.15,5.59,3,0,31.15
9706,T04,S5_D1,S5,D1,1,191.5,6.724,1.12,1.15,0.9,3,1,27.65
9707,T06,CR1_S5,CR1,S5,0,0.0,10.342,0.89,1.15,6.64,1,0,26.18
9708,T01,S1_D1,S1,D1,1,171.3,5.834,1.12,1.15,8.05,4,0,16.87
9709,T08,S2_CR1,S2,CR1,1,195.8,8.334,1.39,1.15,10.99,2,0,28.9
9710,T06,S1_CR1,S1,CR1,1,203.0,8.767,0.8,1.15,4.76,2,0,27.36
9711,T10,S5_CR1,S5,CR1,1,213.5,10.342,0.89,1.15,9.14,2,0,36.23
9712,T07,CR2_S3,CR2,S3,0,0.0,6.579,1.9,1.35,2.51,1,0,18.04
9713,T04,S2_CR1,S2,CR1,1,203.2,8.334,1.39,1.15,1.51,3,0,28.42
9714,T10,CR1_S5,CR1,S5,0,0.0,10.342,0.89,1.15,0.18,5,0,28.16
9715,T04,S4_CR2,S4,CR2,1,208.5,6.855,1.9,1.35,8.68,1,0,22.37
9716,T05,S3_CR1,S3,CR1,1,175.6,8.135,1.57,1.15,6.74,6,0,23.81
9717,T05,CR2_S3,CR2,S3,0,0.0,6.579,1.9,1.35,8.74,1,0,18.93
9718,T03,CR2_S6,CR2,S6,0,0.0,8.342,1.9,1.35,10.52,2,0,22.65
9719,T01,S2_CR1,S2,CR1,1,185.7,8.334,1.39,1.15,0.08,2,1,36.35
9720,T06,CR1_S1,CR1,S1,0,0.0,8.767,0.8,1.15,8.05,5,0,27.08
9721,T04,S6_CR2,S6,CR2,1,195.3,8.342,1.9,1.35,4.53,1,0,30.81
9722,T03,CR2_S4,CR2,S4,0,0.0,6.855,1.9,1.35,3.15,0,0,15.46
9723,T03,CR1_S3,CR1,S3,0,0.0,8.135,1.57,1.15,5.36,7,0,22.27
9724,T02,S1_D1,S1,D1,1,193.2,5.834,1.12,1.15,3.73,2,0,16.5
9725,T07,S1_CR1,S1,CR1,1,207.9,8.767,0.8,1.15,10.63,3,0,29.43
9726,T02,CR1_S3,CR1,S3,0,0.0,8.135,1.57,1.15,8.56,2,0,16.22
9727,T03,D2_S3,D2,S3,0,0.0,6.362,1.39,1.35,6.91,4,0,24.8
9728,T01,S2_CR1,S2,CR1,1,177.8,8.334,1.39,1.15,3.98,1,0,27.07
9729,T03,S5_CR1,S5,CR1,1,201.0,10.342,0.89,1.15,0.37,3,0,33.13
9730,T10,D1_S5,D1,S5,0,0.0,6.724,1.12,1.15,7.9,0,0,14.3
9731,T08,CR1_S3,CR1,S3,0,0.0,8.135,1.57,1.15,2.5,4,0,18.72
9732,T06,S1_CR1,S1,CR1,1,209.5,8.767,0.8,1.15,11.87,2,1,41.74
9733,T08,S3_CR2,S3,CR2,1,176.3,6.579,1.9,1.35,10.76,1,1,30.74
9734,T09,S3_D2,S3,D2,1,198.9,6.362,1.39,1.35,0.69,0,0,25.87
9735,T03,CR1_S1,CR1,S1,0,0.0,8.767,0.8,1.15,2.75,2,0,25.03
9736,T02,S4_D2,S4,D2,1,175.7,6.638,1.49,1.35,4.46,5,0,31.26
9737,T01,CR2_S3,CR2,S3,0,0.0,6.579,1.9,1.35,8.44,4,0,20.25
9738,T01,S4_CR2,S4,CR2,1,171.9,6.855,1.9,1.35,0.16,2,0,23.93
9739,T01,S1_CR1,S1,CR1,1,173.6,8.767,0.8,1.15,2.43,0,0,27.59
9740,T09,D1_S5,D1,S5,0,0.0,6.724,1.12,1.15,1.22,5,0,20.5
9741,T02,D1_S1,D1,S1,0,0.0,5.834,1.12,1.15,5.02,3,0,14.65
9742,T05,S3_CR2,S3,CR2,1,182.1,6.579,1.9,1.35,10.22,2,0,23.3
9743,T08,CR1_S2,CR1,S2,0,0.0,8.334,1.39,1.15,8.14,1,0,19.99
9744,T03,S5_CR1,S5,CR1,1,207.1,10.342,0.89,1.15,5.05,4,0,35.34
9745,T10,D2_S4,D2,S4,0,0.0,6.638,1.49,1.35,3.46,4,0,24.74
9746,T07,CR2_S4,CR2,S4,0,0.0,6.855,1.9,1.35,0.14,3,0,20.89
9747,T03,CR2_S6,CR2,S6,0,0.0,8.342,1.9,1.35,4.28,2,0,21.03
9748,T07,S6_CR2,S6,CR2,1,214.1,8.342,1.9,1.35,0.11,3,0,27.85
9749,T09,S1_D1,S1,D1,1,220.0,5.834,1.12,1.15,7.72,5,1,26.46
9750,T06,S3_D2,S3,D2,1,194.5,6.362,1.39,1.35,9.89,0,1,33.57
9751,T08,S4_CR2,S4,CR2,1,203.7,6.855,1.9,1.35,0.77,2,0,21.75
9752,T03,S4_D2,S4,D2,1,187.0,6.638,1.49,1.35,9.8,1,0,27.48
9753,T04,S6_CR2,S6,CR2,1,212.9,8.342,1.9,1.35,10.36,2,0,28.23
9754,T06,S4_CR2,S4,CR2,1,203.8,6.855,1.9,1.35,9.38,1,0,21.45
9755,T10,S3_CR2,S3,CR2,1,186.5,6.579,1.9,1.35,3.99,3,0,27.59
9756,T01,S5_CR1,S5,CR1,1,188.6,10.342,0.89,1.15,2.43,0,0,31.37
9757,T06,D2_S3,D2,S3,0,0.0,6.362,1.39,1.35,3.02,3,0,21.76
9758,T05,CR1_S2,CR1,S2,0,0.0,8.334,1.39,1.15,9.74,2,0,20.7
9759,T07,S4_D2,S4,D2,1,178.3,6.638,1.49,1.35,1.86,3,0,26.77
9760,T06,S3_CR1,S3,CR1,1,194.0,8.135,1.57,1.15,5.66,2,0,21.57
9761,T04,S5_CR1,S5,CR1,1,196.7,10.342,0.89,1.15,1.78,5,1,56.62
9762,T10,S1_CR1,S1,CR1,1,178.0,8.767,0.8,1.15,11.89,2,0,27.19
9763,T10,S4_D2,S4,D2,1,191.2,6.638,1.49,1.35,11.6,1,1,31.2
9764,T03,CR2_S4,CR2,S4,0,0.0,6.855,1.9,1.35,6.41,6,0,20.45
9765,T01,D1_S5,D1,S5,0,0.0,6.724,1.12,1.15,7.75,2,0,15.85
9766,T08,D1_S1,D1,S1,0,0.0,5.834,1.12,1.15,3.4,2,0,11.08
9767,T02,S3_CR2,S3,CR2,1,177.4,6.579,1.9,1.35,1.49,2,1,29.59
9768,T09,S3_CR1,S3,CR1,1,195.9,8.135,1.57,1.15,3.68,5,1,32.36
9769,T04,S1_CR1,S1,CR1,1,220.0,8.767,0.8,1.15,4.0,1,1,40.76
9770,T02,CR2_S6,CR2,S6,0,0.0,8.342,1.9,1.35,2.13,2,0,25.09
9771,T10,S1_CR1,S1,CR1,1,205.8,8.767,0.8,1.15,8.67,1,0,26.88
9772,T03,D2_S4,D2,S4,0,0.0,6.638,1.49,1.35,7.99,3,0,24.09
9773,T06,CR2_S4,CR2,S4,0,0.0,6.855,1.9,1.35,8.05,1,0,18.45
9774,T06,S3_CR1,S3,CR1,1,184.8,8.135,1.57,1.15,6.14,5,0,23.24
9775,T03,S4_D2,S4,D2,1,188.5,6.638,1.49,1.35,8.6,1,0,24.83
9776,T02,CR1_S3,CR1,S3,0,0.0,8.135,1.57,1.15,1.06,2,0,17.41
9777,T10,D2_S3,D2,S3,0,0.0,6.362,1.39,1.35,6.55,3,0,21.55
9778,T07,CR2_S3,CR2,S3,0,0.0,6.579,1.9,1.35,8.79,2,1,25.01
9779,T01,D1_S5,D1,S5,0,0.0,6.724,1.12,1.15,10.58,1,1,21.68
9780,T05,S6_CR2,S6,CR2,1,200.9,8.342,1.9,1.35,7.77,3,1,31.83
9781,T09,CR2_S4,CR2,S4,0,0.0,6.855,1.9,1.35,0.33,1,0,17.75
9782,T10,CR1_S3,CR1,S3,0,0.0,8.135,1.57,1.15,5.11,4,1,24.8
9783,T03,S3_D2,S3,D2,1,200.3,6.362,1.39,1.35,1.8,1,0,25.02
9784,T06,S3_CR1,S3,CR1,1,185.8,8.135,1.57,1.15,9.58,2,0,23.22
9785,T02,CR1_S3,CR1,S3,0,0.0,8.135,1.57,1.15,2.67,3,0,19.75
9786,T07,CR1_S5,CR1,S5,0,0.0,10.342,0.89,1.15,5.45,7,0,33.14
9787,T04,CR1_S1,CR1,S1,0,0.0,8.767,0.8,1.15,8.02,3,0,23.8
9788,T04,CR1_S1,CR1,S1,0,0.0,8.767,0.8,1.15,3.61,3,0,25.01
9789,T06,S6_CR2,S6,CR2,1,189.7,8.342,1.9,1.35,6.25,4,0,29.83
9790,T02,CR2_S3,CR2,S3,0,0.0,6.579,1.9,1.35,2.07,2,1,27.3
9791,T04,S2_CR1,S2,CR1,1,175.0,8.334,1.39,1.15,1.31,2,0,27.15
9792,T03,D2_S4,D2,S4,0,0.0,6.638,1.49,1.35,8.4,2,1,27.72
9793,T02,D1_S5,D1,S5,0,0.0,6.724,1.12,1.15,1.57,1,0,15.9
9794,T07,S6_CR2,S6,CR2,1,192.1,8.342,1.9,1.35,5.24,3,0,25.6
9795,T09,D1_S5,D1,S5,0,0.0,6.724,1.12,1.15,0.49,2,0,15.09
9796,T10,D1_S1,D1,S1,0,0.0,5.834,1.12,1.15,7.8,4,0,14.08
9797,T07,S3_D2,S3,D2,1,217.9,6.362,1.39,1.35,8.53,2,0,27.36
9798,T06,S1_CR1,S1,CR1,1,179.0,8.767,0.8,1.15,8.87,0,0,27.59
9799,T04,S5_D1,S5,D1,1,185.2,6.724,1.12,1.15,8.99,0,0,17.1
9800,T04,CR2_S6,CR2,S6,0,0.0,8.342,1.9,1.35,8.96,0,1,26.52
9801,T01,S2_CR1,S2,CR1,1,177.0,8.334,1.39,1.15,3.22,1,0,27.76
9802,T01,CR1_S2,CR1,S2,0,0.0,8.334,1.39,1.15,1.04,1,1,28.46
9803,T08,S3_D2,S3,D2,1,213.5,6.362,1.39,1.35,3.24,2,1,33.18
9804,T04,S2_CR1,S2,CR1,1,220.0,8.334,1.39,1.15,10.52,4,0,29.63
9805,T06,D1_S1,D1,S1,0,0.0,5.834,1.12,1.15,5.45,5,1,19.71
9806,T02,CR2_S4,CR2,S4,0,0.0,6.855,1.9,1.35,0.6,0,0,17.12
9807,T09,S3_CR2,S3,CR2,1,160.0,6.579,1.9,1.35,11.29,1,0,21.89
9808,T03,D1_S1,D1,S1,0,0.0,5.834,1.12,1.15,4.76,2,0,12.51
9809,T10,CR1_S5,CR1,S5,0,0.0,10.342,0.89,1.15,5.46,2,0,27.47
9810,T05,S1_D1,S1,D1,1,190.6,5.834,1.12,1.15,10.1,0,1,21.42
9811,T09,S5_CR1,S5,CR1,1,176.3,10.342,0.89,1.15,1.32,2,0,34.62
9812,T02,CR2_S4,CR2,S4,0,0.0,6.855,1.9,1.35,6.06,3,1,25.5
9813,T09,CR2_S6,CR2,S6,0,0.0,8.342,1.9,1.35,11.06,2,1,30.8
9814,T08,D1_S5,D1,S5,0,0.0,6.724,1.12,1.15,10.15,2,0,18.19
9815,T10,CR1_S3,CR1,S3,0,0.0,8.135,1.57,1.15,7.03,3,0,19.13
9816,T02,D1_S5,D1,S5,0,0.0,6.724,1.12,1.15,8.34,3,0,17.11
9817,T03,S2_CR1,S2,CR1,1,215.5,8.334,1.39,1.15,3.79,3,0,26.78
9818,T01,CR2_S6,CR2,S6,0,0.0,8.342,1.9,1.35,8.03,5,0,24.35
9819,T08,S6_CR2,S6,CR2,1,187.3,8.342,1.9,1.35,6.52,2,1,33.52
9820,T07,CR1_S2,CR1,S2,0,0.0,8.334,1.39,1.15,9.41,0,0,16.93
9821,T09,CR1_S3,CR1,S3,0,0.0,8.135,1.57,1.15,3.16,2,1,24.15
9822,T01,S3_CR2,S3,CR2,1,220.0,6.579,1.9,1.35,10.41,4,0,28.14
9823,T03,CR1_S5,CR1,S5,0,0.0,10.342,0.89,1.15,9.58,2,0,24.85
9824,T04,S5_CR1,S5,CR1,1,207.9,10.342,0.89,1.15,9.2,2,0,35.27
9825,T08,S3_CR2,S3,CR2,1,195.1,6.579,1.9,1.35,9.43,2,1,33.97
9826,T07,CR2_S4,CR2,S4,0,0.0,6.855,1.9,1.35,2.51,2,0,16.77
9827,T07,S2_CR1,S2,CR1,1,199.0,8.334,1.39,1.15,6.5,2,0,25.95
9828,T06,S2_CR1,S2,CR1,1,205.0,8.334,1.39,1.15,8.54,3,0,30.31
9829,T02,CR2_S4,CR2,S4,0,0.0,6.855,1.9,1.35,4.58,1,1,27.96
9830,T08,CR2_S4,CR2,S4,0,0.0,6.855,1.9,1.35,7.94,6,0,20.38
9831,T05,S5_CR1,S5,CR1,1,212.9,10.342,0.89,1.15,1.66,2,0,33.39
9832,T03,S4_CR2,S4,CR2,1,188.0,6.855,1.9,1.35,0.44,1,0,21.38
9833,T06,S1_D1,S1,D1,1,220.0,5.834,1.12,1.15,5.45,7,0,21.23
9834,T04,CR2_S6,CR2,S6,0,0.0,8.342,1.9,1.35,8.73,2,0,21.45
9835,T01,S1_CR1,S1,CR1,1,185.2,8.767,0.8,1.15,7.43,4,0,25.17
9836,T01,CR2_S3,CR2,S3,0,0.0,6.579,1.9,1.35,3.96,2,1,22.88
9837,T05,S4_CR2,S4,CR2,1,193.6,6.855,1.9,1.35,6.08,4,0,22.93
9838,T01,S3_D2,S3,D2,1,204.5,6.362,1.39,1.35,3.52,3,0,28.04
9839,T09,S6_CR2,S6,CR2,1,163.1,8.342,1.9,1.35,5.31,4,0,31.56
9840,T09,S1_D1,S1,D1,1,192.8,5.834,1.12,1.15,8.28,4,1,22.83
9841,T07,S5_D1,S5,D1,1,192.3,6.724,1.12,1.15,9.17,0,0,17.39
9842,T02,D2_S3,D2,S3,0,0.0,6.362,1.39,1.35,1.96,1,1,27.73
9843,T08,D2_S3,D2,S3,0,0.0,6.362,1.39,1.35,2.98,3,0,23.19
9844,T03,D1_S1,D1,S1,0,0.0,5.834,1.12,1.15,7.54,7,1,20.85
9845,T05,D1_S5,D1,S5,0,0.0,6.724,1.12,1.15,4.81,3,0,17.49
9846,T03,S4_D2,S4,D2,1,190.2,6.638,1.49,1.35,4.49,1,0,25.36
9847,T02,D2_S4,D2,S4,0,0.0,6.638,1.49,1.35,7.4,3,0,22.16
9848,T09,D1_S5,D1,S5,0,0.0,6.724,1.12,1.15,10.33,0,0,15.72
9849,T01,S5_CR1,S5,CR1,1,207.1,10.342,0.89,1.15,11.41,1,0,32.71
9850,T10,CR1_S5,CR1,S5,0,0.0,10.342,0.89,1.15,11.18,3,0,32.31
9851,T04,S1_D1,S1,D1,1,179.5,5.834,1.12,1.15,1.13,2,0,16.45
9852,T10,CR1_S5,CR1,S5,0,0.0,10.342,0.89,1.15,3.19,1,0,27.91
9853,T04,D2_S3,D2,S3,0,0.0,6.362,1.39,1.35,8.84,1,0,19.96
9854,T04,S3_D2,S3,D2,1,193.3,6.362,1.39,1.35,1.0,2,0,31.13
9855,T07,D2_S4,D2,S4,0,0.0,6.638,1.49,1.35,9.05,3,0,24.43
9856,T05,CR1_S2,CR1,S2,0,0.0,8.334,1.39,1.15,2.7,0,1,30.67
9857,T07,S4_D2,S4,D2,1,179.9,6.638,1.49,1.35,1.33,3,0,27.05
9858,T02,S4_CR2,S4,CR2,1,179.0,6.855,1.9,1.35,6.71,1,0,22.25
9859,T04,CR2_S3,CR2,S3,0,0.0,6.579,1.9,1.35,7.46,5,0,21.59
9860,T03,S5_D1,S5,D1,1,167.2,6.724,1.12,1.15,7.56,2,0,18.4
9861,T09,CR1_S2,CR1,S2,0,0.0,8.334,1.39,1.15,10.29,2,0,20.65
9862,T02,D1_S1,D1,S1,0,0.0,5.834,1.12,1.15,8.72,2,0,13.8
9863,T01,CR2_S6,CR2,S6,0,0.0,8.342,1.9,1.35,11.68,2,0,25.94
9864,T02,D1_S5,D1,S5,0,0.0,6.724,1.12,1.15,1.12,1,0,17.01
9865,T06,CR2_S3,CR2,S3,0,0.0,6.579,1.9,1.35,3.96,1,0,17.19
9866,T09,S1_CR1,S1,CR1,1,189.5,8.767,0.8,1.15,6.75,1,0,26.99
9867,T09,S4_CR2,S4,CR2,1,199.8,6.855,1.9,1.35,5.65,3,0,23.33
9868,T04,D1_S1,D1,S1,0,0.0,5.834,1.12,1.15,6.73,3,0,14.39
9869,T06,CR1_S1,CR1,S1,0,0.0,8.767,0.8,1.15,3.23,3,1,26.49
9870,T04,S3_CR2,S3,CR2,1,184.2,6.579,1.9,1.35,3.58,3,0,22.5
9871,T05,S5_CR1,S5,CR1,1,205.0,10.342,0.89,1.15,10.66,1,1,41.76
9872,T06,S2_CR1,S2,CR1,1,215.4,8.334,1.39,1.15,1.15,2,0,29.51
9873,T05,CR1_S5,CR1,S5,0,0.0,10.342,0.89,1.15,7.7,1,0,26.64
9874,T04,D2_S3,D2,S3,0,0.0,6.362,1.39,1.35,10.84,6,1,31.49
9875,T06,CR1_S1,CR1,S1,0,0.0,8.767,0.8,1.15,3.01,2,1,33.3
9876,T09,CR1_S3,CR1,S3,0,0.0,8.135,1.57,1.15,2.8,3,0,16.92
9877,T04,S2_CR1,S2,CR1,1,210.2,8.334,1.39,1.15,4.39,0,1,33.26
9878,T01,CR2_S3,CR2,S3,0,0.0,6.579,1.9,1.35,2.22,4,0,21.71
9879,T05,S3_CR1,S3,CR1,1,195.0,8.135,1.57,1.15,5.06,2,0,20.12
9880,T10,S2_CR1,S2,CR1,1,182.3,8.334,1.39,1.15,11.05,0,0,27.59
9881,T04,CR2_S4,CR2,S4,0,0.0,6.855,1.9,1.35,10.46,4,0,17.09
9882,T03,D1_S1,D1,S1,0,0.0,5.834,1.12,1.15,5.31,3,0,13.68
9883,T09,D2_S4,D2,S4,0,0.0,6.638,1.49,1.35,10.28,1,0,20.28
9884,T02,CR2_S4,CR2,S4,0,0.0,6.855,1.9,1.35,6.05,5,0,21.05
9885,T01,CR1_S3,CR1,S3,0,0.0,8.135,1.57,1.15,2.49,3,0,17.08
9886,T10,CR1_S5,CR1,S5,0,0.0,10.342,0.89,1.15,5.21,7,0,31.05
9887,T10,S2_CR1,S2,CR1,1,183.1,8.334,1.39,1.15,1.88,0,0,24.82
9888,T05,CR2_S4,CR2,S4,0,0.0,6.855,1.9,1.35,5.34,2,0,19.66
9889,T07,S6_CR2,S6,CR2,1,209.2,8.342,1.9,1.35,6.21,6,0,33.04
9890,T10,S2_CR1,S2,CR1,1,201.7,8.334,1.39,1.15,7.94,8,1,53.09
9891,T08,S6_CR2,S6,CR2,1,185.8,8.342,1.9,1.35,2.95,3,1,30.95
9892,T05,D2_S4,D2,S4,0,0.0,6.638,1.49,1.35,5.15,1,1,27.05
9893,T06,S1_D1,S1,D1,1,177.6,5.834,1.12,1.15,10.73,1,0,15.32
9894,T10,S4_D2,S4,D2,1,191.1,6.638,1.49,1.35,1.34,1,0,26.33
9895,T04,CR2_S3,CR2,S3,0,0.0,6.579,1.9,1.35,7.03,4,1,29.49
9896,T03,S5_CR1,S5,CR1,1,209.9,10.342,0.89,1.15,1.86,3,0,35.94
9897,T04,S4_D2,S4,D2,1,210.7,6.638,1.49,1.35,10.07,2,0,26.41
9898,T09,CR1_S2,CR1,S2,0,0.0,8.334,1.39,1.15,2.35,4,0,26.07
9899,T02,D1_S5,D1,S5,0,0.0,6.724,1.12,1.15,4.69,2,1,22.45
9900,T07,S3_CR1,S3,CR1,1,220.0,8.135,1.57,1.15,4.46,2,0,22.36
9901,T02,CR2_S6,CR2,S6,0,0.0,8.342,1.9,1.35,10.92,1,0,20.95
9902,T10,S3_CR2,S3,CR2,1,207.8,6.579,1.9,1.35,4.02,2,1,31.12
9903,T07,S5_CR1,S5,CR1,1,163.9,10.342,0.89,1.15,6.81,3,0,36.9
9904,T05,S3_CR1,S3,CR1,1,208.3,8.135,1.57,1.15,10.91,4,0,22.15
9905,T05,CR1_S2,CR1,S2,0,0.0,8.334,1.39,1.15,11.51,4,0,23.7
9906,T08,CR1_S1,CR1,S1,0,0.0,8.767,0.8,1.15,4.53,4,0,22.95
9907,T05,S3_D2,S3,D2,1,203.3,6.362,1.39,1.35,2.71,3,0,28.93
9908,T03,D2_S4,D2,S4,0,0.0,6.638,1.49,1.35,4.62,1,0,22.61
9909,T03,S5_D1,S5,D1,1,213.6,6.724,1.12,1.15,3.84,5,0,23.76
9910,T02,S6_CR2,S6,CR2,1,217.4,8.342,1.9,1.35,5.97,4,0,29.7
9911,T05,CR1_S3,CR1,S3,0,0.0,8.135,1.57,1.15,10.41,2,1,19.65
9912,T10,S1_D1,S1,D1,1,199.6,5.834,1.12,1.15,2.98,1,0,14.66
9913,T04,S3_CR1,S3,CR1,1,177.3,8.135,1.57,1.15,9.47,3,0,23.23
9914,T09,CR1_S3,CR1,S3,0,0.0,8.135,1.57,1.15,2.48,1,0,13.83
9915,T10,S6_CR2,S6,CR2,1,186.4,8.342,1.9,1.35,9.79,2,0,28.17
9916,T02,CR1_S5,CR1,S5,0,0.0,10.342,0.89,1.15,7.21,5,0,30.65
9917,T09,S4_D2,S4,D2,1,215.8,6.638,1.49,1.35,1.17,0,0,25.7
9918,T05,CR2_S3,CR2,S3,0,0.0,6.579,1.9,1.35,4.95,8,0,24.43
9919,T09,S4_D2,S4,D2,1,192.3,6.638,1.49,1.35,11.19,1,0,23.72
9920,T09,D2_S4,D2,S4,0,0.0,6.638,1.49,1.35,10.56,2,0,23.16
9921,T10,CR1_S2,CR1,S2,0,0.0,8.334,1.39,1.15,8.24,0,0,21.62
9922,T08,S6_CR2,S6,CR2,1,210.3,8.342,1.9,1.35,7.56,4,0,29.06
9923,T01,D2_S4,D2,S4,0,0.0,6.638,1.49,1.35,5.08,1,0,18.45
9924,T09,S5_CR1,S5,CR1,1,190.0,10.342,0.89,1.15,1.44,3,0,32.49
9925,T06,D2_S3,D2,S3,0,0.0,6.362,1.39,1.35,3.74,4,1,29.88
9926,T07,S1_CR1,S1,CR1,1,179.5,8.767,0.8,1.15,8.59,5,0,30.16
9927,T01,D1_S5,D1,S5,0,0.0,6.724,1.12,1.15,0.93,2,0,17.87
9928,T06,S3_CR2,S3,CR2,1,183.0,6.579,1.9,1.35,0.36,1,0,21.23
9929,T01,S6_CR2,S6,CR2,1,220.0,8.342,1.9,1.35,3.94,7,0,29.0
9930,T03,CR1_S5,CR1,S5,0,0.0,10.342,0.89,1.15,11.66,0,0,26.74
9931,T02,D1_S1,D1,S1,0,0.0,5.834,1.12,1.15,4.26,3,0,14.31
9932,T07,D2_S4,D2,S4,0,0.0,6.638,1.49,1.35,0.78,0,0,19.82
9933,T06,CR1_S5,CR1,S5,0,0.0,10.342,0.89,1.15,9.26,2,0,25.69
9934,T03,CR2_S4,CR2,S4,0,0.0,6.855,1.9,1.35,7.06,2,0,19.02
9935,T02,CR2_S3,CR2,S3,0,0.0,6.579,1.9,1.35,3.58,0,0,19.28
9936,T02,CR1_S2,CR1,S2,0,0.0,8.334,1.39,1.15,1.86,3,1,28.44
9937,T02,S4_CR2,S4,CR2,1,203.9,6.855,1.9,1.35,9.08,1,0,24.1
9938,T09,CR1_S5,CR1,S5,0,0.0,10.342,0.89,1.15,0.99,2,1,34.42
9939,T05,D1_S1,D1,S1,0,0.0,5.834,1.12,1.15,6.03,3,0,14.28
9940,T03,S3_D2,S3,D2,1,181.1,6.362,1.39,1.35,3.01,3,0,30.02
9941,T06,CR1_S2,CR1,S2,0,0.0,8.334,1.39,1.15,0.14,1,0,21.34
9942,T09,CR2_S6,CR2,S6,0,0.0,8.342,1.9,1.35,9.96,0,1,27.8
9943,T01,D1_S5,D1,S5,0,0.0,6.724,1.12,1.15,7.13,3,0,14.75
9944,T04,CR1_S1,CR1,S1,0,0.0,8.767,0.8,1.15,2.23,3,1,33.87
9945,T07,CR2_S4,CR2,S4,0,0.0,6.855,1.9,1.35,4.99,8,1,32.59
9946,T08,D2_S3,D2,S3,0,0.0,6.362,1.39,1.35,11.29,2,1,23.94
9947,T01,S2_CR1,S2,CR1,1,193.4,8.334,1.39,1.15,11.75,0,0,23.53
9948,T03,S1_CR1,S1,CR1,1,177.2,8.767,0.8,1.15,7.35,1,0,30.36
9949,T02,CR1_S2,CR1,S2,0,0.0,8.334,1.39,1.15,9.65,4,0,25.38
9950,T09,D2_S4,D2,S4,0,0.0,6.638,1.49,1.35,1.59,3,0,23.84
9951,T03,S3_CR1,S3,CR1,1,220.0,8.135,1.57,1.15,5.43,5,0,23.37
9952,T03,CR1_S2,CR1,S2,0,0.0,8.334,1.39,1.15,7.47,1,1,26.96
9953,T06,S1_D1,S1,D1,1,198.4,5.834,1.12,1.15,1.24,2,0,16.78
9954,T01,CR1_S1,CR1,S1,0,0.0,8.767,0.8,1.15,1.69,2,0,25.16
9955,T06,D2_S3,D2,S3,0,0.0,6.362,1.39,1.35,0.89,1,0,22.4
9956,T09,D1_S5,D1,S5,0,0.0,6.724,1.12,1.15,3.01,2,0,15.69
9957,T09,S5_D1,S5,D1,1,191.2,6.724,1.12,1.15,3.55,6,0,22.71
9958,T01,S5_CR1,S5,CR1,1,214.2,10.342,0.89,1.15,2.85,3,0,38.16
9959,T01,S3_CR1,S3,CR1,1,195.6,8.135,1.57,1.15,11.93,0,0,21.34
9960,T08,S3_CR2,S3,CR2,1,160.3,6.579,1.9,1.35,2.26,1,0,24.54
9961,T02,S5_CR1,S5,CR1,1,207.1,10.342,0.89,1.15,2.26,2,0,36.96
9962,T06,S3_CR2,S3,CR2,1,198.0,6.579,1.9,1.35,4.23,1,0,23.96
9963,T09,CR1_S2,CR1,S2,0,0.0,8.334,1.39,1.15,11.91,2,0,21.42
9964,T05,CR2_S4,CR2,S4,0,0.0,6.855,1.9,1.35,6.57,2,0,18.14
9965,T02,S3_CR1,S3,CR1,1,202.1,8.135,1.57,1.15,10.7,1,0,19.31
9966,T09,D2_S3,D2,S3,0,0.0,6.362,1.39,1.35,10.97,1,0,21.5
9967,T02,CR2_S4,CR2,S4,0,0.0,6.855,1.9,1.35,6.91,4,1,27.94
9968,T08,CR1_S5,CR1,S5,0,0.0,10.342,0.89,1.15,1.45,1,1,33.81
9969,T05,D1_S1,D1,S1,0,0.0,5.834,1.12,1.15,9.05,2,0,13.44
9970,T02,CR1_S2,CR1,S2,0,0.0,8.334,1.39,1.15,10.91,2,0,24.04
9971,T10,S1_CR1,S1,CR1,1,212.4,8.767,0.8,1.15,11.67,2,0,25.92
9972,T06,S5_D1,S5,D1,1,200.1,6.724,1.12,1.15,0.27,0,0,20.66
9973,T06,S4_D2,S4,D2,1,181.7,6.638,1.49,1.35,2.96,3,0,24.23
9974,T04,CR2_S3,CR2,S3,0,0.0,6.579,1.9,1.35,11.18,3,0,18.0
9975,T07,S6_CR2,S6,CR2,1,207.6,8.342,1.9,1.35,9.49,2,0,28.54
9976,T01,S1_CR1,S1,CR1,1,216.1,8.767,0.8,1.15,0.37,5,0,31.23
9977,T08,CR1_S3,CR1,S3,0,0.0,8.135,1.57,1.15,6.03,4,0,19.03
9978,T06,D1_S1,D1,S1,0,0.0,5.834,1.12,1.15,2.54,1,1,15.46
9979,T05,S6_CR2,S6,CR2,1,188.6,8.342,1.9,1.35,0.53,2,1,36.34
9980,T05,S6_CR2,S6,CR2,1,198.3,8.342,1.9,1.35,2.88,0,0,26.23
9981,T09,S3_CR2,S3,CR2,1,194.5,6.579,1.9,1.35,6.38,6,0,29.84
9982,T02,D2_S4,D2,S4,0,0.0,6.638,1.49,1.35,1.23,1,0,16.7
9983,T06,S3_D2,S3,D2,1,174.7,6.362,1.39,1.35,8.54,5,0,28.87
9984,T02,CR1_S1,CR1,S1,0,0.0,8.767,0.8,1.15,6.27,5,0,25.02
9985,T02,CR1_S5,CR1,S5,0,0.0,10.342,0.89,1.15,11.42,1,0,29.23
9986,T06,D2_S3,D2,S3,0,0.0,6.362,1.39,1.35,2.94,3,0,24.23
9987,T05,S3_D2,S3,D2,1,207.8,6.362,1.39,1.35,8.69,6,1,32.43
9988,T06,S2_CR1,S2,CR1,1,211.7,8.334,1.39,1.15,3.63,2,0,29.21
9989,T09,S4_CR2,S4,CR2,1,172.1,6.855,1.9,1.35,1.74,4,0,24.56
9990,T06,S5_D1,S5,D1,1,198.8,6.724,1.12,1.15,7.01,6,0,25.4
9991,T09,D1_S1,D1,S1,0,0.0,5.834,1.12,1.15,10.88,1,0,12.12
9992,T01,D2_S4,D2,S4,0,0.0,6.638,1.49,1.35,8.34,4,0,24.53
9993,T09,CR1_S1,CR1,S1,0,0.0,8.767,0.8,1.15,6.79,6,0,26.92
9994,T10,D2_S4,D2,S4,0,0.0,6.638,1.49,1.35,10.43,1,0,21.11
9995,T08,D2_S4,D2,S4,0,0.0,6.638,1.49,1.35,4.95,1,0,20.75
9996,T02,S1_CR1,S1,CR1,1,208.6,8.767,0.8,1.15,10.08,1,0,27.83
9997,T03,D2_S4,D2,S4,0,0.0,6.638,1.49,1.35,3.9,1,0,22.45
9998,T08,CR2_S6,CR2,S6,0,0.0,8.342,1.9,1.35,6.64,2,0,23.16
9999,T10,S6_CR2,S6,CR2,1,207.4,8.342,1.9,1.35,7.5,2,0,30.09
10000,T09,CR1_S3,CR1,S3,0,0.0,8.135,1.57,1.15,1.44,2,0,18.45
